ID	C24-1	C24-2	C24-3	T24-1	T24-2	T24-3	C48-1	C48-2	C48-3	T48-1	T48-2	T48-3
AAEL020712	0	0	0	0	0	0	0	0	0	1	0	0
AAEL005567	1649	1216	1080	2238	2201	3022	2291	2045	4456	1558	2841	1711
AAEL023046	56	70	68	28	10	82	189	188	247	173	209	298
AAEL026048	0	0	0	0	0	0	0	0	0	0	0	0
AAEL022438	0	0	0	0	0	0	0	0	0	1	0	0
AAEL001114	509	390	364	383	349	488	274	643	612	352	419	479
AAEL001141	2225	1875	1497	1342	892	2155	1844	2313	2926	1461	2078	2385
AAEL001119	551	523	388	280	267	386	489	594	722	555	522	951
AAEL001142	1147	778	987	755	1243	733	782	841	1060	878	718	1349
AAEL001127	89	79	32	44	47	69	98	69	133	78	122	103
AAEL001118	13	11	0	7	4	4	6	7	12	4	7	35
AAEL001137	3	0	2	1	0	1	2	2	0	1	1	1
AAEL001105	320	244	270	296	432	290	258	177	218	306	258	305
AAEL018173	357	282	308	241	208	246	343	347	328	455	288	528
AAEL001143	113	99	59	116	90	29	44	46	87	24	69	69
AAEL001106	10	10	5	7	8	5	10	4	3	10	3	4
AAEL001144	521	327	361	485	514	592	264	430	441	354	548	664
AAEL001134	13709	13679	15155	7706	11263	5982	3040	1856	3877	2807	3012	3367
AAEL001109	642	465	558	501	773	493	352	351	483	454	374	446
AAEL001129	1644	1365	1073	898	798	1396	964	996	1514	728	1273	1545
AAEL001128	1010	343	555	1477	1142	1004	535	4353	1210	1222	1724	855
AAEL020525	4523	3208	2807	3175	2689	4324	3881	5076	5031	3329	4439	7194
AAEL001126	3318	2541	2553	1995	1859	2186	2173	2402	2898	2234	2272	3652
AAEL026348	0	0	0	1	0	0	10	0	6	3	0	1
AAEL023820	4	0	4	0	3	1	3	2	2	5	2	2
AAEL021460	1	0	0	0	1	3	0	0	1	0	0	3
AAEL001132	943	576	671	925	1120	848	460	483	649	728	866	952
AAEL001148	11	4	1	16	14	9	9	17	13	8	17	22
AAEL020624	0	0	0	0	0	0	0	0	0	0	0	1
AAEL014136	5	2	2	0	1	1	1	4	4	0	1	0
AAEL014135	11	11	7	13	27	30	12	20	15	30	22	15
AAEL025631	5	8	1	1	4	6	9	10	22	5	7	5
AAEL021494	1	0	0	0	0	0	0	0	0	0	0	0
AAEL006319	12	18	8	4	5	6	7	18	25	4	9	24
AAEL006317	959	702	817	648	1017	632	525	484	573	666	552	886
AAEL006323	566	2731	985	78831	74619	26237	434	2519	2826	1352	30957	25576
AAEL022587	0	0	0	0	0	0	1	0	1	0	1	0
AAEL006321	900	643	567	749	875	1707	789	1281	1319	853	1779	2099
AAEL026755	0	0	0	0	0	0	3	5	2	1	2	6
AAEL006315	2723	1980	2371	2905	2868	2732	1376	1928	2078	1540	2138	2977
AAEL006313	193	145	179	114	144	133	88	164	121	175	91	118
AAEL006309	808	636	432	360	455	706	421	628	663	401	569	734
AAEL006314	199	81	75	88	102	228	208	130	250	138	243	257
AAEL006320	1801	1399	1042	662	499	1490	1317	1728	1905	821	1528	2349
AAEL018792	0	0	0	0	0	0	0	0	0	0	0	0
AAEL011779	118	62	35	36	54	120	136	118	214	119	123	91
AAEL021848	105	94	86	69	55	50	45	39	81	31	52	66
AAEL011780	810	758	800	458	435	585	599	786	672	540	477	987
AAEL011784	77	54	55	17	37	56	68	91	92	49	78	120
AAEL025342	0	0	0	0	0	0	0	0	0	0	0	2
AAEL011776	1156	1043	858	718	1021	1709	869	1367	1489	968	1488	2279
AAEL028135	19	10	2	10	7	12	14	16	5	6	26	14
AAEL011781	596	438	504	503	545	552	361	546	510	428	491	672
AAEL011777	8	8	7	9	80	31	11	6	4	9	30	31
AAEL011782	267	263	175	185	159	184	186	122	188	200	145	209
AAEL025075	10	4	5	3	0	2	0	0	4	8	3	3
AAEL011778	2577	1555	1954	2244	1655	1797	1081	1373	1436	1808	1670	2744
AAEL026176	0	0	0	0	0	0	0	2	0	0	0	0
AAEL018221	18	5	14	8	10	9	39	43	32	31	29	42
AAEL011774	1	0	3	1	6	2	2	3	7	1	3	1
AAEL023906	5	0	4	0	9	3	9	2	2	5	2	6
AAEL024262	0	0	0	0	0	0	3	0	0	1	1	3
AAEL006845	223	172	138	151	236	225	126	124	193	124	142	180
AAEL006847	2077	1522	1251	1078	793	1377	1203	2051	2085	1033	1360	1826
AAEL006838	333	227	315	266	279	207	323	234	252	391	232	294
AAEL027698	55	54	63	33	53	98	78	38	70	182	87	120
AAEL006841	7	1	2	1	0	3	8	1	0	4	1	5
AAEL006843	1288	803	644	745	498	846	818	1085	1286	809	832	1117
AAEL028032	1	0	0	0	0	0	0	0	0	1	2	0
AAEL006848	156	151	154	143	188	177	105	169	187	203	136	241
AAEL006834	14041	9333	8234	14282	14703	15799	5174	33242	12857	12341	14408	20367
AAEL023801	0	0	0	1	2	0	4	1	4	4	1	2
AAEL027260	1	0	1	0	0	0	0	1	1	0	0	2
AAEL006844	23	4	0	4	4	12	39	34	30	18	17	27
AAEL024867	0	0	0	0	0	0	0	0	0	1	0	0
AAEL020099	0	6	3	0	1	0	1	0	1	0	2	1
AAEL006836	4644	3856	4692	4210	5058	3509	2395	3280	2355	2879	2318	4131
AAEL006833	7850	5050	5872	6348	8239	7181	4331	5106	5979	4295	5538	6227
AAEL023396	0	0	0	0	0	0	0	0	0	0	0	1
AAEL006835	585	398	381	449	605	408	298	341	453	398	566	815
AAEL018125	91	21	26	18	12	21	146	99	147	106	112	179
AAEL022956	0	0	0	0	0	0	0	0	1	0	0	0
AAEL008256	516	417	458	316	325	363	278	307	301	327	230	415
AAEL006839	557	391	426	336	401	361	298	338	347	427	290	585
AAEL024646	0	0	0	0	0	0	2	1	0	0	0	1
AAEL008258	339	295	299	253	264	272	264	332	303	287	281	371
AAEL021526	0	2	2	0	1	3	2	3	1	3	0	1
AAEL008243	307	211	240	272	353	296	219	215	264	181	202	231
AAEL027150	83	126	122	82	96	148	399	298	358	186	282	622
AAEL024548	0	3	1	0	3	0	2	0	1	0	0	4
AAEL008251	4	7	1	2	10	21	13	0	6	2	3	1
AAEL020598	2	0	0	0	2	0	2	0	0	1	0	0
AAEL008255	168	118	154	153	196	111	110	134	100	140	139	160
AAEL008242	935	793	538	348	314	1036	674	909	1089	544	913	1186
AAEL008248	3392	2465	1691	1895	1843	3208	3013	2709	4470	1942	3245	2818
AAEL008249	283	228	206	196	394	177	267	227	303	261	209	229
AAEL008250	139	101	158	76	117	125	137	165	166	161	140	187
AAEL008244	1586	1529	1418	997	611	1427	1264	2000	1911	1077	1378	1804
AAEL008253	147	96	120	116	135	140	148	153	109	129	128	153
AAEL027506	28	16	7	5	9	7	16	6	5	8	5	18
AAEL008247	1396	1472	1138	832	626	1242	1023	1723	1537	1012	1065	1909
AAEL021033	0	0	0	0	0	0	0	0	0	0	0	0
AAEL022633	0	0	0	1	0	0	0	0	0	0	1	0
AAEL023472	0	0	0	0	0	0	0	1	0	1	3	0
AAEL028000	0	0	0	0	0	0	0	0	0	0	0	0
AAEL024774	0	0	0	1	0	0	0	0	0	0	0	0
AAEL022030	0	0	1	0	1	0	2	0	1	0	0	0
AAEL027180	0	0	0	0	0	0	0	0	0	0	0	0
AAEL008257	4552	3994	2563	917	1234	3571	4263	4294	6247	2448	4122	5473
AAEL026615	0	0	0	0	0	2	0	0	0	0	0	0
AAEL008254	0	0	0	0	0	1	0	0	0	0	0	0
AAEL020105	4	7	12	6	0	13	2	10	3	7	6	12
AAEL020333	3	5	3	4	9	4	8	5	8	4	7	9
AAEL022337	77	85	146	103	89	76	140	153	85	134	30	242
AAEL008252	43	17	37	20	25	31	4	216	87	83	21	42
AAEL026838	3	2	0	2	5	4	1	1	2	4	1	1
AAEL009375	942	690	746	545	551	766	756	757	1035	803	863	1338
AAEL023177	21	16	7	6	1	3	10	7	9	2	7	7
AAEL009374	211	189	247	165	179	136	105	154	161	133	131	195
AAEL009380	954	696	415	265	217	611	1096	1038	1261	523	917	971
AAEL009384	5	7	2	71	32	33	13	5	4	27	47	192
AAEL009379	220	195	181	196	313	192	148	154	157	209	159	181
AAEL009382	1082	883	781	859	697	989	849	859	1002	650	817	834
AAEL009372	2838	1781	1712	1604	1244	2253	1687	1871	2477	1338	1951	2035
AAEL026816	0	0	0	0	0	0	0	0	0	0	0	1
AAEL009377	1712	1776	1135	579	748	2311	1198	1902	2333	1029	2208	3063
AAEL028973	0	0	0	0	0	0	0	0	0	0	0	0
AAEL021804	1	0	2	0	0	1	2	4	1	2	3	3
AAEL009381	5483	4190	3355	2180	1185	3680	4295	5055	5157	3169	3865	6197
AAEL026192	2	0	0	0	0	2	4	1	1	0	3	1
AAEL020790	1	1	0	1	3	7	1	1	2	0	0	1
AAEL009373	372	268	366	321	401	270	270	267	300	276	242	270
AAEL009383	327	257	224	243	259	282	168	270	290	192	220	256
AAEL009376	3	4	1	4	3	0	0	6	1	0	0	1
AAEL008163	442	382	442	249	337	239	176	163	321	236	152	185
AAEL008169	200	144	146	149	303	205	136	94	164	129	130	127
AAEL008162	0	14	4	6	5	2	4	6	18	11	6	6
AAEL022247	0	1	0	0	0	0	2	1	0	3	2	0
AAEL019829	6	3	4	14	12	5	5	4	6	11	9	12
AAEL019828	2522	1232	1370	1619	1831	3063	1183	1064	1636	1883	1754	3007
AAEL008184	603	427	416	462	408	546	451	510	525	439	400	696
AAEL008164	542	478	314	66	171	458	1095	1048	1483	601	920	1244
AAEL027968	676	422	587	2264	2418	1376	732	1005	343	2281	534	2557
AAEL008167	4393	3181	4126	3431	4278	3283	2090	2410	3100	2350	2400	2758
AAEL008174	229	148	137	139	161	159	157	153	248	136	150	199
AAEL008154	1509	1061	818	772	827	1355	1059	1567	1648	1042	1356	1938
AAEL025367	1024	587	252	598	1234	800	515	634	700	601	620	537
AAEL008170	134	129	136	74	191	158	78	146	116	122	106	136
AAEL008181	790	535	456	535	606	794	390	635	732	452	666	846
AAEL024456	1412	1474	1299	1310	1930	779	658	556	1360	1028	744	936
AAEL008172	8	5	4	11	14	10	2	5	14	5	1	3
AAEL008180	9	6	4	3	7	4	7	6	2	5	5	8
AAEL025760	8	6	0	8	11	7	4	4	3	7	2	5
AAEL008156	35	20	46	50	77	52	36	24	47	39	43	33
AAEL008153	408	443	266	686	829	704	334	234	331	354	518	588
AAEL008151	86	45	62	59	52	81	61	49	81	72	104	84
AAEL008165	55	45	43	38	96	81	38	59	49	40	55	72
AAEL008186	80	23	42	140	175	110	37	79	62	71	64	144
AAEL008157	106	36	39	325	407	282	63	57	84	76	162	169
AAEL008173	0	0	2	4	1	0	0	0	0	0	1	2
AAEL008175	117	59	92	60	158	117	52	82	75	67	95	56
AAEL008183	202	215	184	154	120	158	137	173	171	142	113	289
AAEL024090	191	153	146	139	125	108	108	148	198	183	116	225
AAEL008177	535	313	378	360	239	334	293	313	334	326	266	420
AAEL008185	806	503	497	547	663	1162	458	610	728	558	858	1448
AAEL026578	0	0	0	0	0	0	0	0	0	0	0	0
AAEL008160	2658	1420	1984	2510	2276	2472	2454	2822	4334	1822	3026	3012
AAEL008152	1052	819	929	609	752	653	501	879	804	613	431	957
AAEL008182	905	758	837	388	545	431	904	1828	1062	1546	442	1352
AAEL027985	267	286	194	97	126	199	233	234	259	186	136	260
AAEL008166	10022	6739	7379	6721	8069	6667	5256	7490	8348	6050	6155	6124
AAEL008179	1209	948	822	575	647	932	869	1182	1206	866	984	1516
AAEL008178	265	326	244	199	187	343	216	313	202	155	178	362
AAEL008161	261	224	173	180	154	145	188	185	168	213	185	279
AAEL023667	2	2	0	7	11	0	1	4	5	2	0	3
AAEL027438	898	738	718	409	360	649	626	609	644	513	579	852
AAEL008171	4263	3422	2692	1977	1938	3712	2951	3684	4411	2543	3362	4411
AAEL027986	8	5	5	0	0	1	28	14	26	12	7	15
AAEL013963	792	537	483	497	569	957	511	746	788	613	752	1133
AAEL013966	4670	3026	3258	3083	3049	3222	3648	4212	5501	3501	3757	4799
AAEL013965	747	557	600	444	443	537	486	575	657	522	496	699
AAEL013967	3255	2419	2917	1864	2242	2037	968	1179	1700	953	1323	1191
AAEL013964	405	390	424	378	509	396	272	314	336	361	303	310
AAEL013968	1852	1390	1121	1414	1344	2154	1140	1082	1976	985	1490	1123
AAEL013962	775	619	643	562	467	573	518	929	851	599	486	918
AAEL010063	4524	3339	3344	4747	4587	4989	2817	3015	4418	2574	3867	3506
AAEL016737	0	0	0	0	0	0	0	0	0	0	0	0
AAEL018946	0	0	0	0	0	0	0	0	0	0	0	0
AAEL017664	0	2	0	1	0	0	2	0	0	4	0	0
AAEL010065	5944	4158	5501	5029	6189	5273	1401	3225	3454	2345	2687	4179
AAEL010066	388	362	325	329	349	385	258	415	475	270	336	441
AAEL010054	322	213	244	238	197	270	209	297	298	224	222	248
AAEL021632	19	15	58	19	16	2	30	16	28	68	10	64
AAEL024985	3	2	15	3	2	4	1	3	7	20	2	8
AAEL010061	530	465	343	175	183	515	801	764	1038	480	1009	1443
AAEL010055	18	16	17	16	25	36	8	18	13	16	30	22
AAEL010058	5	4	6	5	3	1	6	2	4	1	3	2
AAEL010057	705	625	506	456	643	829	355	604	682	389	580	621
AAEL018947	0	0	0	0	0	0	0	0	0	0	0	0
AAEL020045	0	0	0	0	0	1	1	1	0	0	1	1
AAEL010060	1475	1011	1114	989	950	970	572	862	937	636	739	989
AAEL010059	6581	4457	4404	4977	5097	4951	5354	4521	7774	4363	5799	5135
AAEL010062	278	139	150	104	73	106	367	794	707	382	308	172
AAEL010064	70	13	32	37	15	19	46	40	101	52	57	57
AAEL000575	2788	1287	1353	1432	2200	1048	742	902	1115	592	860	832
AAEL021598	11	4	8	10	2	12	9	2	8	4	14	9
AAEL000582	18	15	5	15	18	25	18	9	26	16	20	11
AAEL000593	218	326	341	267	399	333	264	252	302	337	269	345
AAEL000564	2926	1930	1746	1879	1246	1944	2166	2658	2949	1989	2401	3167
AAEL018845	0	0	1	0	0	2	2	1	0	0	0	3
AAEL000581	943	519	822	547	386	522	585	1517	1575	857	757	1142
AAEL019671	3184	2061	1998	1352	1067	1940	2661	2817	2862	1877	2331	4189
AAEL027898	18	10	9	0	0	7	17	18	29	5	27	18
AAEL000590	864	918	844	480	568	866	824	961	1020	683	664	1201
AAEL000566	102	23	86	542	703	270	53	29	21	68	128	219
AAEL000583	446	262	359	345	382	276	306	331	341	336	277	467
AAEL000574	1602	1387	1118	924	1000	1662	720	990	1309	671	1206	1725
AAEL000572	1739	1500	1532	1087	943	1076	1208	1784	1443	1370	960	1770
AAEL000569	477	142	272	182	232	218	370	268	374	301	373	385
AAEL000585	22	65	29	64	25	25	14	19	8	44	136	46
AAEL000595	29	39	35	59	79	64	40	77	83	58	60	53
AAEL021137	4	0	2	0	0	1	5	1	0	4	0	10
AAEL010396	3	20	62	1384	1374	904	27	41	141	12	224	6745
AAEL010393	4	26	22	972	1149	776	11	25	159	15	187	7579
AAEL018951	0	0	0	0	0	0	0	0	0	0	0	0
AAEL024443	0	0	0	0	0	0	0	0	0	0	0	0
AAEL010397	19	7	19	14	18	25	21	37	35	18	20	11
AAEL010395	39	49	45	51	78	76	68	73	84	101	72	60
AAEL010398	60	85	124	116	113	122	27	21	48	29	105	136
AAEL008117	64	84	28	220	131	209	106	106	196	165	245	246
AAEL019814	1288	1113	1049	1186	942	1355	1051	1714	1742	1138	1315	2127
AAEL008104	0	0	1	5	4	1	4	1	6	0	1	6
AAEL019815	0	0	0	0	0	0	2	0	0	2	0	5
AAEL008115	71	94	52	43	57	89	90	76	116	87	88	116
AAEL020315	7	4	11	4	14	7	5	2	15	13	5	16
AAEL008103	63441	41794	46360	54270	80066	55420	43089	32431	56693	35441	42326	38938
AAEL008100	1280	1098	1084	938	1195	1363	647	1331	1177	699	857	1292
AAEL008102	909	628	606	451	326	552	594	518	654	492	563	926
AAEL008105	2750	2195	2717	2776	1620	2278	1685	1713	1619	1689	1463	3208
AAEL023164	14	31	60	21	43	15	15	6	25	15	28	26
AAEL020507	1	1	3	1	0	0	10	3	3	5	5	8
AAEL017345	1596	1506	1535	43495	41611	19478	535	1033	1554	2665	14570	14396
AAEL008106	1103	1144	975	43198	48985	16991	483	1349	1387	3446	18748	32939
AAEL017145	2	4	6	22	7	2	7	2	15	13	39	33
AAEL017381	46	34	39	31	24	17	16	32	61	24	82	47
AAEL017144	3659	5695	5282	86944	108262	43254	1238	2360	3417	14347	35801	60595
AAEL025531	13	5	6	1422	2550	412	4	17	11	356	594	2572
AAEL021929	131	137	144	12036	12900	2661	29	72	79	835	1303	1822
AAEL025126	56	161	49	16583	10275	2592	37	98	67	365	536	8442
AAEL017380	31	27	20	21513	9009	4268	7	21	28	458	1165	8932
AAEL026300	5	12	2	1971	1275	335	2	3	8	41	366	2944
AAEL008099	1927	1173	1261	2026	2149	2298	889	1009	1139	1182	2670	2791
AAEL008108	401	276	416	313	725	417	362	434	530	384	385	307
AAEL008111	139	68	101	41	120	92	94	100	203	165	152	93
AAEL008116	534	230	477	280	270	254	267	282	264	408	250	340
AAEL021351	3	3	0	0	1	0	2	2	2	0	0	0
AAEL000979	0	0	0	0	0	0	0	0	0	0	0	0
AAEL024773	0	0	0	0	0	0	0	0	0	0	0	0
AAEL008112	365	286	304	224	282	240	254	244	325	245	238	342
AAEL008107	6894	4581	4491	3673	3068	4597	6058	5440	5799	4381	6285	10706
AAEL024050	0	0	0	0	0	0	1	1	0	0	0	2
AAEL019807	260	181	268	164	251	192	209	188	256	273	266	247
AAEL006491	222	148	127	142	127	141	169	195	219	170	156	249
AAEL006482	71	57	54	71	28	92	58	91	93	52	143	172
AAEL006484	0	0	0	0	0	0	0	0	0	0	0	0
AAEL023127	0	0	0	0	0	0	0	0	0	0	0	0
AAEL006498	11	7	13	12	29	22	9	8	16	25	10	12
AAEL006501	146	113	153	154	140	122	128	120	140	135	105	150
AAEL018048	112	99	68	55	58	74	43	43	74	64	40	52
AAEL006502	393	367	328	342	427	385	295	264	397	322	244	275
AAEL018051	1422	1136	1138	729	717	1056	1055	1266	1343	957	1141	1722
AAEL017182	13	2	0	4	4	14	17	2	11	1	4	4
AAEL022605	2	2	0	2	6	6	1	2	2	1	2	0
AAEL006480	2162	1900	2269	3650	3915	3416	1455	1541	1705	3092	3202	4946
AAEL006494	1	13	4	1	4	1	2	0	5	2	1	5
AAEL027959	0	0	0	3	0	0	0	0	0	1	1	1
AAEL006490	33	22	16	24	60	24	23	19	56	25	27	33
AAEL021907	1	2	0	1	0	0	4	0	4	0	1	0
AAEL006492	97	71	74	82	69	59	71	55	115	61	84	27
AAEL026921	5	6	2	0	2	4	4	2	1	1	0	4
AAEL006496	36	81	40	178	58	50	23	26	92	32	40	35
AAEL006488	756	438	498	481	356	655	576	644	804	471	719	711
AAEL022417	1	1	0	4	1	0	2	1	2	7	5	3
AAEL006479	184	94	109	363	801	281	68	62	81	68	97	146
AAEL006486	336	256	389	269	454	263	155	231	224	214	222	349
AAEL022424	2	0	0	2	7	2	1	4	6	3	0	1
AAEL027141	1	0	1	0	0	0	3	5	3	1	0	0
AAEL006483	2834	1226	988	1637	901	2660	4074	2932	6355	3533	3196	1168
AAEL026555	113	53	23	144	2190	157	85	90	108	239	472	213
AAEL023575	5	6	0	0	0	0	3	3	1	0	0	1
AAEL006485	1705	1201	1234	867	1531	1731	1324	2090	1898	1555	1455	1289
AAEL024963	0	1	2	1	1	0	1	0	1	1	0	0
AAEL006503	14	10	7	7	4	7	9	11	5	6	9	13
AAEL006481	54	28	34	46	73	28	36	26	33	22	10	21
AAEL026221	0	0	0	0	0	0	0	0	0	0	0	0
AAEL022738	0	0	0	0	0	0	0	0	0	0	0	0
AAEL006487	235	155	196	111	141	104	178	674	445	493	228	149
AAEL020538	1	17	0	2	0	5	4	0	7	3	3	6
AAEL024457	0	0	1	1	0	0	2	4	1	4	0	4
AAEL019970	379	275	176	61	63	244	493	526	727	603	555	1538
AAEL020821	0	0	0	0	0	0	1	0	0	1	0	0
AAEL019969	2	0	0	0	0	0	0	0	0	0	1	0
AAEL023354	2	2	0	1	0	2	1	1	2	1	0	9
AAEL020025	2	0	0	1	0	1	3	2	0	0	0	1
AAEL007603	252	163	212	192	355	278	141	201	285	138	202	312
AAEL007604	11	8	13	8	15	5	16	3	19	7	8	8
AAEL007601	827	60	72	342	391	107	130	15	4	11	147	52
AAEL007602	5	2	0	0	2	0	0	0	0	1	0	1
AAEL007600	0	3	0	0	0	1	1	0	1	0	0	1
AAEL016564	0	0	0	0	0	0	0	0	0	0	0	0
AAEL009847	236	345	155	12	15	193	1293	1080	1662	365	922	1495
AAEL009848	15	28	12	5	12	13	15	217	26	29	24	25
AAEL023271	140	30	9	24	44	126	185	158	128	203	157	76
AAEL017022	11617	4991	3586	9278	12149	17932	11195	7307	11124	11093	12877	9857
AAEL009844	1283	760	214	434	464	1051	627	656	1426	590	745	251
AAEL009852	627	540	464	740	2236	1161	342	539	624	738	489	1120
AAEL009837	248	107	89	417	578	353	145	155	235	199	257	225
AAEL009836	62	46	30	97	132	89	31	42	97	70	49	88
AAEL009839	1252	1032	991	806	746	870	816	1023	972	784	683	1212
AAEL009849	5	4	0	2	3	0	32	13	10	20	6	13
AAEL009846	180	275	189	83	170	300	157	277	321	204	199	223
AAEL027902	0	0	0	0	0	0	1	0	0	0	0	0
AAEL009835	14	13	13	11	34	14	20	20	29	24	18	32
AAEL009842	817	615	420	575	718	878	823	725	1144	781	613	578
AAEL009850	81	24	38	383	580	230	40	29	26	113	227	436
AAEL009853	67	14	35	122	144	82	12	9	20	24	42	33
AAEL009851	999	873	754	553	433	691	746	1079	960	665	702	1193
AAEL009843	979	823	720	2361	3459	1637	263	228	261	258	218	157
AAEL009838	3851	2409	2735	1186	1219	1291	2581	5964	4045	2774	1975	3318
AAEL009841	1	2	0	2	4	2	17	11	18	4	15	13
AAEL020568	0	0	0	0	0	0	0	0	0	0	0	0
AAEL023303	1	0	2	0	0	1	4	0	0	4	1	0
AAEL028031	0	3	0	1	3	0	0	0	7	0	0	5
AAEL023838	0	0	0	0	0	0	0	0	0	0	0	0
AAEL005625	5	9	6	16	8	408	10	24	47	19	19	64
AAEL005621	16	3	14	30	11	330	12	104	38	28	18	75
AAEL024390	2	0	11	0	2	1	36	19	25	26	16	35
AAEL018906	0	0	0	0	0	0	0	0	0	0	0	0
AAEL005619	133	66	122	102	167	138	101	121	170	129	103	112
AAEL002897	36	13	6	13	19	7	14	3	15	8	14	26
AAEL026953	5	20	1	0	1	1	2	4	5	2	0	1
AAEL021646	0	0	0	0	0	0	0	0	0	0	0	0
AAEL005618	1226	825	724	2260	2502	3340	783	682	1465	1432	1854	2724
AAEL005622	0	1	0	6	0	3	3	2	3	6	4	3
AAEL005624	2	0	1	9	2	0	9	10	12	5	5	10
AAEL011653	859	665	820	530	602	449	521	841	541	689	364	1010
AAEL011651	359	361	287	285	378	472	213	281	452	160	324	275
AAEL011662	151	227	350	46	307	157	4	1	3	1	0	4
AAEL011658	1585	955	1203	1434	2263	1264	633	1202	1359	763	1428	1527
AAEL011654	109	64	47	25	13	47	104	93	125	70	111	147
AAEL011650	2626	1870	2192	2387	2258	2259	1890	2200	2606	2108	2415	3234
AAEL011665	960	647	698	937	1133	826	677	554	775	792	669	944
AAEL011664	741	619	599	440	297	554	634	851	757	645	491	846
AAEL011661	1	2	2	3	1	2	4	3	9	3	2	1
AAEL011656	54641	34810	43039	45946	69278	38557	33874	20803	39674	32036	30562	26934
AAEL011657	4481	3648	2636	1470	1590	4489	4137	4309	7279	2701	4891	5097
AAEL019284	0	0	0	0	5	1	1	1	0	0	2	2
AAEL019283	0	0	0	0	0	0	0	0	0	0	0	0
AAEL011655	327	202	304	185	222	258	160	154	192	201	152	193
AAEL011666	429	345	434	345	497	371	250	281	350	287	273	299
AAEL017332	327	230	204	285	278	250	152	260	218	222	176	294
AAEL011663	1597	1195	970	1133	1139	1355	1196	1723	1679	1074	1367	2058
AAEL011652	1115	788	718	686	601	1106	868	935	1112	750	1066	1701
AAEL011659	229	186	148	158	168	161	154	193	206	195	137	220
AAEL022655	0	0	0	0	0	1	0	0	0	0	0	0
AAEL024178	2	0	0	0	0	0	1	2	0	0	0	2
AAEL018182	1999	1526	1645	1345	1217	1316	1228	2098	1928	1504	1373	2445
AAEL017113	1153	927	793	847	1000	1186	576	596	1021	463	618	590
AAEL009671	370	314	333	331	453	294	259	233	243	268	207	225
AAEL009676	613	428	582	464	729	487	299	400	487	397	429	480
AAEL009675	44	42	50	46	76	53	46	31	40	49	45	53
AAEL009678	2878	1741	1716	1204	595	1268	2099	2401	2795	1727	2090	3166
AAEL009667	785	659	697	605	692	526	569	563	672	647	455	620
AAEL026072	0	0	0	0	0	0	0	0	0	0	0	0
AAEL019491	124	66	167	45	49	121	45	47	125	81	81	110
AAEL019490	2	3	3	12	7	1	0	4	0	0	0	5
AAEL025910	1	0	0	0	0	0	2	2	3	0	0	1
AAEL025852	1	0	0	0	0	0	2	0	0	0	0	0
AAEL009669	268	562	337	769	668	330	128	70	210	114	187	141
AAEL021266	0	0	2	1	0	1	3	3	0	1	2	0
AAEL009668	763	596	648	602	405	677	544	645	839	647	852	1095
AAEL017226	1315	699	748	2111	1496	1633	778	829	1350	1281	1387	1513
AAEL009666	3030	2216	1955	1291	805	2045	3038	2995	2981	2424	2271	4920
AAEL009442	159	126	117	93	47	126	272	293	233	184	248	475
AAEL026254	0	0	0	0	0	0	0	0	0	0	0	0
AAEL023055	4	0	0	5	1	1	1	4	3	1	14	4
AAEL009438	177	217	204	112	114	97	125	213	216	176	130	290
AAEL009448	53	57	80	50	46	25	28	54	125	47	74	51
AAEL003485	1	3	4	0	0	3	3	4	5	0	6	4
AAEL014072	724	465	490	555	405	568	387	474	637	403	438	554
AAEL013795	905	709	750	764	656	787	581	637	721	543	600	685
AAEL018266	184	84	107	71	38	127	195	265	258	174	166	148
AAEL013792	0	0	0	0	0	0	2	0	0	0	0	0
AAEL013793	5	6	2	4	6	5	2	12	3	4	2	0
AAEL024098	2260	823	2024	1768	2206	1258	1109	610	1228	676	1025	2103
AAEL012693	201	46	193	45	113	67	80	39	104	74	52	99
AAEL012681	7118	4166	6963	9094	15221	6500	6729	5110	9443	4627	5214	7179
AAEL012689	198	153	295	339	737	181	235	174	358	181	165	265
AAEL021713	18	31	9	17	45	26	22	16	29	18	16	40
AAEL012684	9515	7003	6529	3066	3856	4288	3490	4935	5387	3197	3710	4651
AAEL012686	48528	32192	43482	44751	74121	40744	32675	22865	38985	31969	31596	29080
AAEL012675	385	422	367	368	401	442	192	263	480	333	246	370
AAEL024945	0	0	0	0	0	0	0	0	0	0	0	0
AAEL012679	125	137	88	114	123	163	29	48	60	43	140	178
AAEL012688	12	17	47	55	28	56	8	6	21	17	10	27
AAEL012683	15	5	10	9	12	16	12	9	10	27	45	15
AAEL012685	227	144	195	259	378	176	153	243	209	219	185	245
AAEL012680	5	1	0	3	4	1	3	3	4	8	0	6
AAEL012694	379	105	270	321	465	230	307	454	499	255	538	400
AAEL012687	267	165	217	336	377	191	110	334	236	92	213	217
AAEL012691	200	127	133	230	321	188	100	114	177	181	130	175
AAEL012676	137	143	155	127	123	96	63	121	62	195	101	269
AAEL021716	1	3	1	1	3	0	1	2	1	0	2	4
AAEL012690	668	458	580	632	568	550	342	549	604	425	422	629
AAEL023841	11	1	2	2	4	3	6	3	5	3	5	5
AAEL027957	4	0	0	2	0	1	1	3	0	3	3	1
AAEL027266	0	0	0	0	0	1	2	0	0	0	0	6
AAEL017080	260	127	159	80	74	128	304	173	150	212	198	331
AAEL019875	5311	3522	2884	1595	1106	3761	3320	4057	4528	2369	3279	4256
AAEL006239	3847	4268	3434	1446	1434	2175	2620	6450	4368	3938	1776	8620
AAEL022853	5	0	0	1	3	0	0	0	1	1	2	6
AAEL006232	111	37	49	65	48	68	109	101	128	104	86	103
AAEL027159	0	0	0	0	0	1	1	0	0	0	0	1
AAEL018050	202	217	196	164	166	185	169	247	228	226	139	270
AAEL018047	21	2	5	10	8	1	15	19	0	2	18	15
AAEL006228	84	102	114	140	134	137	92	149	151	106	115	149
AAEL006236	1110	869	953	744	711	814	580	887	846	667	706	871
AAEL006234	245	130	151	113	123	108	168	214	142	208	136	223
AAEL006240	906	509	784	569	841	484	542	660	642	959	954	1869
AAEL027611	5287	3805	3205	4788	3191	5836	4941	7036	6786	4912	7358	13757
AAEL017301	6713	4115	3803	4337	5021	7000	6445	7275	9782	5377	7371	7499
AAEL024477	0	2	1	0	0	0	7	2	4	8	1	1
AAEL006231	694	724	404	391	445	1232	633	944	1007	515	995	1445
AAEL003944	633	448	563	642	754	667	372	324	512	468	392	335
AAEL021164	5	0	3	0	0	0	4	0	0	2	2	6
AAEL003929	320	254	321	350	366	296	166	230	262	240	186	342
AAEL026851	3	1	4	4	0	2	9	5	4	0	8	1
AAEL003927	135	60	76	23	18	12	7	770	165	217	21	57
AAEL003942	10972	8300	10038	10780	15704	9751	8617	5451	10026	6866	8292	7118
AAEL021217	10	8	7	6	2	19	21	41	28	23	4	16
AAEL027579	0	0	0	0	0	0	0	1	0	1	0	3
AAEL019562	1408	1115	842	695	442	892	1234	1473	1695	1030	1091	1786
AAEL027865	1	0	0	0	0	0	1	0	0	1	0	1
AAEL003945	566	465	381	248	309	504	301	476	563	231	289	422
AAEL024130	17	4	4	0	1	8	1	7	13	2	12	20
AAEL003946	282	228	251	214	337	318	227	195	232	275	218	218
AAEL021771	1573	1000	1019	1044	880	989	766	704	1074	717	956	1169
AAEL003938	1436	834	1021	1133	1296	1021	793	556	867	779	658	719
AAEL003924	3847	3159	2514	2145	1779	3734	2204	2632	3374	1870	2724	3382
AAEL027678	0	0	0	0	0	0	0	0	0	3	5	0
AAEL003936	1	0	2	1	0	0	5	3	2	2	0	3
AAEL017464	44	30	18	13	35	21	31	29	20	28	30	42
AAEL017748	0	0	0	0	0	0	0	0	0	0	0	0
AAEL017850	0	0	0	0	0	0	0	0	0	1	0	1
AAEL017740	0	1	1	2	3	1	0	2	0	1	0	0
AAEL017857	0	1	0	0	0	0	0	0	0	0	1	0
AAEL021407	1	0	1	0	0	2	2	1	1	1	1	0
AAEL010650	556	367	472	372	290	365	171	171	175	311	281	391
AAEL017194	2475	1754	1386	744	644	1835	1407	1721	2266	1080	1745	2006
AAEL021607	0	0	0	0	0	0	0	0	0	0	0	0
AAEL025274	0	0	0	0	0	0	0	0	0	0	0	0
AAEL027344	1	2	0	1	0	1	4	0	6	0	0	3
AAEL013750	22	20	9	17	14	13	20	13	13	8	9	28
AAEL013756	2039	1267	1818	2820	3458	1760	795	1023	1146	1049	1338	2345
AAEL018265	114	44	59	89	94	100	51	45	77	40	123	126
AAEL013752	1141	755	777	528	429	767	1437	814	979	812	834	1227
AAEL021385	0	0	0	0	0	0	1	0	0	0	0	0
AAEL022546	0	0	0	0	0	1	0	0	0	0	0	0
AAEL021502	2	5	14	5	5	6	25	10	19	18	14	24
AAEL013749	658	674	393	414	677	545	313	397	607	545	386	604
AAEL019589	3012	1819	2054	1769	1974	1886	1799	2082	2169	1758	2322	2657
AAEL027916	26	29	41	16	24	43	25	33	44	34	26	52
AAEL014144	57	34	38	22	10	106	39	69	59	59	26	138
AAEL014142	523	346	373	277	319	436	403	606	644	441	468	557
AAEL023928	0	1	0	0	0	0	0	0	0	0	1	0
AAEL018126	3837	2944	2030	1085	703	2976	3618	4480	4463	2038	3375	5376
AAEL025141	10	12	3	5	4	5	11	13	3	10	18	11
AAEL006946	5208	3370	3722	5237	5532	4918	3466	3248	5101	3319	4387	4595
AAEL006945	444	364	408	469	530	437	278	327	340	401	306	478
AAEL024362	5	0	5	8	3	2	2	2	0	1	2	2
AAEL027675	0	0	0	0	0	0	1	0	0	1	0	0
AAEL026080	0	0	0	1	0	0	0	1	0	0	0	0
AAEL020146	0	0	0	0	0	0	0	0	0	0	0	0
AAEL005374	33	26	63	31	51	28	30	48	47	65	23	30
AAEL025996	0	0	0	0	0	0	0	0	0	0	0	0
AAEL005375	27	20	13	18	20	24	26	21	34	30	38	68
AAEL027570	8	6	3	5	1	14	11	2	5	12	1	15
AAEL023066	0	0	0	0	0	0	0	0	0	0	0	1
AAEL005373	35	26	30	101	41	68	69	31	51	43	24	99
AAEL024056	1	7	4	1	11	18	4	2	10	5	8	1
AAEL023945	3	2	0	3	7	4	8	0	3	6	0	2
AAEL026826	16	6	15	17	38	22	23	34	27	8	12	20
AAEL008527	265	253	208	293	482	202	124	175	206	198	213	260
AAEL017567	1	2	4	0	1	0	3	2	4	2	15	12
AAEL027852	0	2	0	0	0	0	0	0	0	0	0	0
AAEL008543	1858	1558	919	485	797	2092	1336	1718	2375	1044	2185	2970
AAEL008553	340	274	261	315	476	304	317	231	386	370	253	255
AAEL020273	4	8	5	0	2	1	4	17	3	7	1	4
AAEL026611	19	17	18	7	8	2	14	10	12	14	7	10
AAEL008528	2984	2116	1852	2373	1824	2790	2216	2476	3261	1644	2415	3126
AAEL008532	386	300	236	694	619	1299	52	212	78	67	343	443
AAEL019441	1540	1034	848	877	1094	1366	1786	1708	2459	1227	1560	1250
AAEL014057	3005	2077	2025	2027	1795	2335	1732	2257	2623	1918	1937	2531
AAEL019824	3024	2305	2329	2199	2051	2527	2341	2801	3201	2155	2582	3435
AAEL025861	23	17	16	2	0	25	46	44	50	22	43	54
AAEL013182	824	508	624	1114	849	879	537	618	744	592	701	893
AAEL026901	12	7	53	14	22	17	6	3	1	2	3	38
AAEL028071	0	2	0	0	0	0	2	1	0	0	0	10
AAEL020035	4	9	0	2	5	2	0	5	0	0	2	158
AAEL025144	1	2	1	0	1	0	1	1	0	0	0	1
AAEL013184	810	443	538	582	593	727	724	753	1028	718	752	861
AAEL013179	3	0	4	0	15	0	4	2	3	2	8	3
AAEL019845	2351	1502	1803	2880	2678	2422	939	1094	1321	1305	1678	2672
AAEL025516	0	0	0	0	0	0	2	1	0	0	0	6
AAEL001007	1625	1470	1397	1057	1024	1321	1403	1665	2066	1299	1273	2092
AAEL026843	1237	676	529	968	1222	2762	3720	4682	7922	3384	4978	3772
AAEL025783	0	0	0	0	0	0	0	0	0	0	0	0
AAEL022905	0	0	0	0	1	0	1	0	3	1	0	1
AAEL018151	2594	2154	2077	1231	1245	1919	2292	2594	2594	2260	1964	3538
AAEL024464	0	0	0	0	1	0	5	0	0	0	0	2
AAEL001000	335	269	223	218	199	246	315	500	354	364	276	389
AAEL000986	4200	2720	3470	2964	4716	2633	2329	2426	2834	2516	2302	2338
AAEL000981	1044	824	768	679	559	910	617	857	1126	610	846	959
AAEL000996	1013	702	740	787	627	882	468	647	857	509	586	637
AAEL001001	119	110	93	44	103	86	64	121	101	79	77	127
AAEL000978	438	357	253	246	335	637	364	370	744	230	433	348
AAEL013921	273	246	183	161	203	238	140	162	217	176	166	206
AAEL028110	912	616	613	486	400	673	789	818	1011	663	665	936
AAEL013917	0	0	0	0	0	0	2	0	0	5	0	2
AAEL013918	1	4	2	0	0	0	2	0	0	0	1	1
AAEL008829	11707	8439	8768	6760	4826	7213	5499	3872	6690	4539	5559	7441
AAEL027587	0	1	0	0	0	0	1	0	0	1	3	2
AAEL023964	0	0	0	0	0	0	0	0	0	0	0	0
AAEL008831	29	24	18	17	11	30	15	57	56	48	18	62
AAEL017289	322	303	268	276	150	265	259	338	334	255	274	380
AAEL008828	341	129	141	273	225	357	199	200	387	286	302	326
AAEL008827	463	188	172	142	167	329	317	264	359	255	313	605
AAEL021201	0	2	1	0	0	1	3	1	3	1	0	1
AAEL024794	0	0	0	0	0	0	0	0	0	0	0	0
AAEL026208	69	4	16	36	48	19	26	27	10	27	16	16
AAEL008826	211	125	155	179	266	210	197	187	195	247	206	166
AAEL008832	3335	1549	1940	2356	1426	3218	3574	3931	4941	2517	2412	3549
AAEL022379	3	0	0	0	0	0	11	5	3	7	4	4
AAEL023567	0	0	0	0	0	0	1	0	1	1	0	0
AAEL006026	569	465	424	452	274	528	363	397	618	342	418	408
AAEL006020	1352	1101	1254	1024	872	1148	865	978	1140	1030	876	1712
AAEL021163	18	18	11	2	5	17	12	4	10	11	13	12
AAEL006033	467	395	465	374	447	442	287	377	355	319	347	357
AAEL006043	778	561	443	458	477	717	477	580	778	528	544	748
AAEL006028	908	338	391	507	820	603	407	430	519	358	747	878
AAEL006042	94	9	47	51	166	27	46	101	72	26	33	90
AAEL006038	4048	2966	2995	2563	1930	3016	3179	3089	3655	2483	2890	4632
AAEL025511	7	0	15	11	46	1	9	14	26	10	8	9
AAEL026821	0	0	0	0	0	1	1	0	0	1	1	0
AAEL025508	1	1	0	0	0	0	1	1	0	3	0	0
AAEL006039	481	312	375	326	410	384	199	297	366	221	243	361
AAEL024052	0	3	0	0	1	0	0	0	1	0	1	0
AAEL006022	1938	1530	1194	876	596	1233	1603	1753	1991	1323	1527	2672
AAEL013321	219	128	146	191	244	148	154	273	227	196	137	309
AAEL013316	404	209	294	239	234	205	176	218	232	234	232	330
AAEL019721	1098	866	709	625	628	991	1095	1190	1611	828	955	1322
AAEL013322	12	26	38	34	36	38	12	19	31	17	13	21
AAEL026070	18	4	3	2	5	6	6	6	7	7	4	9
AAEL013320	4864	3100	4714	2291	3343	2140	1155	1259	1496	1629	1144	1865
AAEL023105	0	0	1	0	0	0	0	0	0	0	0	0
AAEL025313	0	0	0	0	0	0	1	0	0	0	0	0
AAEL005342	770	673	682	495	525	457	449	489	499	440	408	827
AAEL027735	10	6	1	16	18	6	6	2	15	7	5	7
AAEL005356	2582	1609	1305	819	866	1872	1967	2346	2824	1573	2286	2892
AAEL023364	9	3	4	1	0	4	6	4	4	10	11	6
AAEL019882	1225	870	935	671	549	764	844	1072	989	787	748	1261
AAEL021248	0	0	0	0	0	0	0	0	0	0	0	0
AAEL005354	464	372	403	433	532	519	319	340	368	425	367	511
AAEL025671	0	0	0	0	0	0	0	0	0	0	1	2
AAEL005364	315	195	185	431	313	303	279	227	447	315	471	548
AAEL020947	0	0	0	0	0	0	0	0	0	0	0	0
AAEL005349	96	89	80	96	241	120	152	97	199	137	68	148
AAEL005353	755	190	423	1270	2184	818	346	372	640	558	736	664
AAEL005358	799	792	764	482	439	685	566	725	952	595	600	1145
AAEL019743	42	9	20	10	8	14	73	45	46	59	54	99
AAEL018927	0	0	0	0	0	0	0	0	0	0	0	0
AAEL009695	771	660	693	501	539	386	474	552	690	487	405	410
AAEL019798	2404	2043	2090	962	1076	724	1360	1616	1844	1263	1001	1027
AAEL019797	2350	957	992	680	534	243	1020	386	1154	311	573	196
AAEL011798	1267	1190	1398	247	340	179	594	994	798	593	262	358
AAEL027284	1	0	1	0	0	0	0	0	0	3	0	0
AAEL011797	1177	1015	1236	224	339	111	400	722	453	502	192	266
AAEL025813	0	0	0	2	5	7	1	6	9	0	4	8
AAEL011799	134	145	156	122	180	127	96	112	195	137	109	131
AAEL011803	926	414	558	1630	1242	1055	774	783	867	1157	1082	1504
AAEL027841	0	2	6	0	2	0	0	0	7	0	1	1
AAEL011801	2	3	3	4	7	8	3	9	12	6	10	17
AAEL019974	114	70	69	51	38	86	204	259	235	142	217	469
AAEL019973	0	0	0	0	0	0	0	0	0	0	0	0
AAEL009629	4090	2491	2719	11634	13292	7934	2626	4029	5293	3951	12674	10614
AAEL009632	2	6	13	0	3	5	5	4	9	4	3	8
AAEL009631	0	2	0	1	0	0	0	0	6	0	0	2
AAEL021699	0	0	0	1	0	0	0	0	0	0	0	0
AAEL009625	888	526	632	695	751	486	503	646	1027	316	570	336
AAEL009628	2	1	0	0	1	1	3	2	3	0	1	0
AAEL019999	27	19	11	18	16	80	51	60	45	32	138	403
AAEL020000	8	3	9	2	7	18	4	9	14	6	30	48
AAEL020156	130	55	69	45	30	63	165	221	161	97	151	168
AAEL027188	43	35	35	20	9	96	106	61	90	75	242	302
AAEL009630	570	174	194	120	123	235	1132	873	1213	723	818	1195
AAEL023634	561	598	180	1000	791	491	1060	1444	4643	598	861	984
AAEL009627	590	386	403	834	1225	587	303	448	742	403	645	678
AAEL028136	233	177	409	236	332	224	324	294	386	444	437	246
AAEL011124	875	577	828	575	469	516	530	687	738	602	476	916
AAEL011112	50	58	64	17	32	8	13	57	58	34	25	31
AAEL011130	854	842	1117	895	615	502	357	4224	2348	2062	1125	1623
AAEL011126	745	679	466	257	231	185	278	4343	1872	1783	622	1023
AAEL011129	4379	2378	2408	1088	1158	748	1979	4494	4389	1571	2549	975
AAEL011114	797	462	593	759	814	836	757	635	885	502	680	572
AAEL023425	6	4	8	11	18	2	12	6	6	8	5	7
AAEL022902	2	0	1	2	5	0	0	6	1	0	6	3
AAEL011117	548	423	483	420	359	410	413	525	534	404	320	661
AAEL011116	6077	5586	3779	1799	2024	5028	4877	6169	7671	2737	5790	7731
AAEL011132	0	2	2	0	3	2	1	1	0	3	0	3
AAEL011134	306	223	281	294	169	192	234	315	455	288	277	447
AAEL022422	0	0	0	0	0	0	0	0	0	0	0	0
AAEL011133	1891	1335	1466	1206	916	1469	1209	1830	2002	1226	1668	2427
AAEL011135	222	198	218	154	163	222	117	179	249	184	178	208
AAEL011113	1651	1162	1245	1556	1660	1341	1219	1164	1664	1251	1283	1311
AAEL011118	589	394	415	335	240	314	392	522	491	491	355	581
AAEL011123	96	44	72	60	79	57	37	55	74	48	49	38
AAEL011121	346	244	319	293	233	216	188	271	253	276	166	336
AAEL011111	862	724	728	472	324	486	561	838	728	642	511	1168
AAEL021714	0	0	0	1	2	6	0	0	0	12	3	0
AAEL002998	469	327	323	353	360	358	341	295	412	327	311	349
AAEL011125	28	13	13	6	18	7	24	22	34	14	20	14
AAEL022353	0	0	0	0	0	0	0	0	0	0	0	0
AAEL021497	0	0	0	0	0	0	0	0	0	0	0	0
AAEL023710	1	0	1	0	3	0	4	0	0	0	5	5
AAEL026222	1	0	0	0	0	0	0	0	2	0	0	0
AAEL003010	175	161	164	176	189	163	152	152	126	203	112	172
AAEL003001	705	490	512	488	493	464	351	503	455	517	411	630
AAEL002988	2076	1502	1572	1063	1455	1483	1188	1787	1740	1464	1538	2064
AAEL002995	307	233	235	112	128	149	225	350	337	230	191	346
AAEL003003	153	101	62	17	21	127	225	264	393	136	248	276
AAEL002997	3	1	0	1	2	1	3	0	3	0	2	2
AAEL003005	1325	1045	944	909	724	953	773	1558	1230	901	897	1367
AAEL019046	0	0	0	0	0	0	0	0	0	0	0	0
AAEL019047	1	1	1	0	1	3	7	0	3	6	2	8
AAEL003009	3417	2420	2170	1940	1855	2829	2155	3001	2950	2393	3187	4997
AAEL002994	6	16	13	11	22	27	12	9	22	19	15	6
AAEL025621	5	1	2	2	3	1	1	0	0	0	0	0
AAEL017596	0	0	0	0	0	0	0	0	0	0	0	0
AAEL003013	1721	1429	1348	1071	841	1394	1089	1552	1650	1140	1123	1720
AAEL002983	2181	1374	1482	1540	1184	1559	1314	2029	2163	1531	1635	2038
AAEL003011	1568	1084	1480	1330	1919	1255	1055	1000	1134	1251	1121	1036
AAEL002986	3254	2547	2169	1583	1455	2724	2397	3158	3382	1960	2586	4111
AAEL003006	1484	811	1061	1975	3480	1280	896	836	919	995	901	917
AAEL003014	1555	1434	729	120	154	592	1722	4140	3008	896	1311	2154
AAEL024957	0	0	0	0	0	0	1	0	0	0	0	0
AAEL008370	2108	1670	1110	1763	1789	2120	1360	2703	2631	2217	2106	2860
AAEL019683	744	402	266	295	239	451	497	595	539	417	561	1049
AAEL026790	5	3	13	13	13	7	8	1	6	4	2	11
AAEL017385	3542	2699	2339	1276	1682	2860	2679	2299	3573	2433	2617	3436
AAEL008371	525	318	371	219	203	339	763	578	842	523	715	828
AAEL026547	7	7	1	1	9	5	2	4	7	3	4	14
AAEL008364	3251	2357	2443	18175	16657	7096	1987	2897	3015	3505	9500	25327
AAEL008373	1721	1282	1165	1091	856	1215	1266	1552	1692	1136	1196	1762
AAEL008369	188	200	158	130	188	145	119	136	161	174	118	127
AAEL008366	1985	1428	1792	1717	2023	1618	688	925	966	777	988	1045
AAEL026345	0	0	2	0	0	0	2	0	0	1	0	1
AAEL008363	569	462	519	397	451	452	415	359	457	415	308	478
AAEL008367	932	836	1084	665	878	601	263	315	365	363	324	446
AAEL008374	2223	1515	1435	1332	876	1686	1432	1862	2281	1679	1710	2796
AAEL008365	538	565	589	3118	2119	2779	475	1933	2071	1476	2270	3394
AAEL008375	1146	1019	1094	813	768	731	738	1227	1064	849	752	1196
AAEL008368	0	0	0	0	0	0	1	0	0	0	0	0
AAEL012887	66	45	57	81	137	119	98	87	122	152	88	109
AAEL024489	0	0	0	0	0	0	0	0	0	0	0	1
AAEL020845	0	0	0	0	0	0	0	0	0	0	0	0
AAEL026463	0	0	0	0	0	0	0	0	0	0	0	0
AAEL012886	1075	467	699	343	579	360	465	1069	659	591	345	369
AAEL026946	1666	976	979	1732	1213	1617	1493	2043	2155	1530	1919	2942
AAEL022160	0	0	1	3	0	3	3	1	5	2	1	8
AAEL012724	34	27	13	14	49	25	15	38	43	36	47	34
AAEL012723	636	656	498	338	492	503	394	603	684	465	530	741
AAEL012726	166	249	152	363	407	516	126	172	257	210	288	336
AAEL027849	0	0	0	0	0	0	0	0	0	0	0	1
AAEL012722	1	1	1	8	4	1	0	1	5	3	0	1
AAEL012725	1159	940	518	212	365	1340	824	951	940	358	800	957
AAEL012720	39	52	64	41	263	98	57	117	105	38	51	60
AAEL022007	1	0	0	2	0	0	1	0	1	0	0	0
AAEL021465	0	0	0	0	0	0	0	0	0	0	0	0
AAEL020421	1	2	0	1	2	4	6	1	2	0	0	0
AAEL028116	0	0	0	0	0	0	0	2	0	0	0	0
AAEL013374	560	459	195	52	132	377	483	319	578	232	390	427
AAEL013375	0	0	5	0	2	0	7	0	1	3	6	3
AAEL016852	0	0	0	0	0	0	0	0	0	0	0	0
AAEL016853	0	0	0	0	0	0	0	0	0	0	0	0
AAEL016854	0	0	0	0	0	0	0	0	0	0	0	0
AAEL016855	0	0	0	0	0	0	0	0	0	0	0	0
AAEL016856	0	0	0	0	0	0	0	0	0	0	0	0
AAEL018964	0	0	0	0	0	0	0	0	0	0	0	0
AAEL020964	0	0	0	0	0	0	0	0	0	0	0	0
AAEL026086	0	0	0	0	0	0	0	0	0	0	0	0
AAEL014378	761	509	457	563	747	1002	778	894	1379	462	915	866
AAEL014375	995	724	737	637	660	845	646	730	933	812	822	1324
AAEL020521	1	0	0	1	0	0	0	0	0	0	0	4
AAEL026101	0	0	0	1	0	0	0	0	2	0	0	0
AAEL014380	260	222	232	221	134	163	182	172	195	168	122	255
AAEL014379	2389	1402	1883	2386	2896	2180	950	983	1455	1447	1279	1682
AAEL025812	28	0	6	30	8	5	7	4	25	1	2	15
AAEL027390	0	0	0	1	0	0	0	0	0	2	0	0
AAEL014377	103	90	91	75	110	94	62	99	89	65	78	91
AAEL014376	233	139	169	191	199	219	157	132	239	171	200	180
AAEL006577	4871	3967	5077	6452	8265	3901	1765	2219	2919	1969	2412	2858
AAEL027923	5	0	3	0	0	1	5	3	2	1	3	2
AAEL006587	315	199	233	290	295	317	326	212	348	358	252	245
AAEL006571	181	133	151	173	162	161	117	142	213	174	175	293
AAEL023914	0	1	0	0	0	0	3	0	0	0	0	2
AAEL006567	2507	1928	1917	1104	908	1547	2313	2840	3272	1667	2087	3479
AAEL011962	988	700	954	665	782	490	195	143	287	222	284	716
AAEL006581	429	293	360	94	68	117	125	137	100	536	235	961
AAEL011960	2320	1646	1655	1875	1522	2000	1528	2010	2759	1314	1615	1711
AAEL011958	295	284	238	202	321	357	173	274	390	140	225	262
AAEL019945	1000	824	762	876	709	895	501	615	840	535	761	819
AAEL027219	0	0	0	0	0	0	0	0	0	0	0	0
AAEL022910	0	0	0	0	0	0	0	0	0	0	0	0
AAEL011964	168	152	146	120	118	130	111	169	140	160	133	247
AAEL024371	4	0	0	2	0	3	3	5	0	1	0	10
AAEL019944	514	286	296	594	704	616	253	362	419	275	437	588
AAEL025116	2	1	0	0	0	3	2	1	0	1	1	3
AAEL028844	0	0	0	0	0	0	0	0	0	0	0	0
AAEL011967	908	529	859	847	1140	818	1134	927	845	636	1365	1153
AAEL011966	9	13	18	13	6	8	5	8	17	11	6	8
AAEL019823	3	0	2	2	9	0	4	0	1	4	1	2
AAEL019822	0	0	0	0	0	0	0	0	0	0	0	0
AAEL024039	4	1	3	2	0	2	17	13	13	14	8	12
AAEL011969	360	155	181	208	225	274	198	175	184	242	195	295
AAEL026553	0	0	0	0	0	0	0	0	0	0	0	0
AAEL011965	138	201	112	100	140	169	123	131	146	86	146	187
AAEL009043	922	502	561	343	342	555	691	649	614	456	818	1020
AAEL026298	3	0	1	1	0	0	1	4	1	0	0	2
AAEL009041	593	413	455	772	889	735	331	380	443	585	556	800
AAEL009042	664	538	606	725	1037	735	390	483	555	475	616	783
AAEL012384	152	101	98	140	229	188	158	191	267	191	199	221
AAEL012383	62	53	42	83	102	72	25	131	69	44	81	208
AAEL025412	0	2	1	0	2	4	7	0	2	0	3	3
AAEL001342	0	1	0	0	0	1	1	0	2	0	0	0
AAEL024094	1	0	0	0	0	0	0	0	0	0	0	0
AAEL022618	0	0	0	0	0	0	0	0	0	0	0	0
AAEL001339	1779	1315	1442	1524	1711	1458	887	1152	1425	1016	1041	1341
AAEL001350	646	503	511	398	454	539	380	555	541	339	476	587
AAEL001331	2290	1255	1963	1804	1778	1594	421	835	762	985	963	1381
AAEL024698	2	0	0	0	1	1	0	0	0	0	3	0
AAEL001345	4	0	3	3	6	6	5	2	4	3	12	5
AAEL001329	763	441	587	864	1119	565	478	466	556	544	404	684
AAEL001354	518	413	519	456	510	340	347	329	382	402	290	484
AAEL001334	329	222	294	415	476	427	202	304	231	305	324	480
AAEL022156	1	2	3	3	7	2	2	1	5	7	4	0
AAEL001352	2051	1647	1349	1414	1380	2131	1175	1521	1905	928	1339	1626
AAEL027118	1	0	0	0	0	0	10	10	15	5	8	6
AAEL017357	11324	7941	8238	6278	4884	6577	9936	10752	10823	8641	8612	15331
AAEL001349	66	43	25	51	44	63	49	66	70	47	76	63
AAEL001340	6	8	6	7	10	5	30	5	16	13	13	17
AAEL023402	29	23	16	13	17	41	42	33	41	20	45	29
AAEL001357	1519	1254	1090	860	497	1010	935	931	1262	895	832	1371
AAEL025328	0	0	0	0	1	0	0	1	0	0	2	2
AAEL001344	16	8	3	12	5	15	18	19	30	16	21	19
AAEL022077	0	0	0	0	0	0	0	0	0	0	0	0
AAEL021215	0	0	0	0	0	0	1	0	0	0	0	0
AAEL024795	0	0	0	0	0	0	0	0	0	0	0	0
AAEL024088	0	0	0	0	0	0	1	0	0	0	0	0
AAEL027670	0	0	0	0	0	0	0	0	0	0	0	0
AAEL001324	1168	1019	819	798	522	1140	532	1005	1033	585	789	836
AAEL018214	735	489	678	642	590	835	755	980	1221	822	1251	1488
AAEL001330	1	0	1	0	0	0	1	2	4	0	0	0
AAEL025502	118	76	61	12	23	127	361	392	424	193	283	554
AAEL001332	649	496	466	484	408	529	441	454	570	480	453	573
AAEL026475	13	12	18	27	6	10	10	7	19	28	12	11
AAEL001336	974	722	740	1634	2015	1870	474	729	875	856	1102	1585
AAEL019483	43	6	2	14	6	15	39	27	4	20	45	31
AAEL024214	0	0	0	0	0	0	0	0	0	0	0	0
AAEL022828	0	0	0	0	0	0	0	0	0	0	0	0
AAEL008931	164	75	102	175	216	275	216	154	330	178	289	301
AAEL008928	2322	1045	1470	1874	2316	2046	1472	1764	1626	1703	2077	2300
AAEL008932	949	792	783	536	598	611	624	689	725	725	608	954
AAEL019485	3074	2211	1852	1472	970	2035	2465	2857	3188	1579	2083	2866
AAEL021830	7	3	0	2	1	1	4	1	4	1	1	2
AAEL008924	2076	1803	1484	731	1166	1679	1407	1744	1598	1366	1419	1865
AAEL004310	6	3	3	12	13	11	4	7	5	4	8	19
AAEL004311	694	526	502	587	680	732	422	559	517	676	667	978
AAEL004320	3037	2340	2150	1490	1021	2123	2666	3218	3364	2129	2291	4545
AAEL004306	768	591	678	660	991	762	365	469	611	468	541	531
AAEL004326	57	71	63	75	72	110	44	26	50	32	31	54
AAEL004317	2108	1601	2027	3639	4449	3677	1182	852	1792	1482	2086	2250
AAEL004316	660	558	725	442	608	517	419	528	553	502	452	519
AAEL004318	761	570	539	539	449	477	417	449	561	421	409	668
AAEL027010	4	0	2	4	8	3	0	5	6	10	4	6
AAEL004309	333	275	230	258	221	217	183	222	216	166	168	245
AAEL023458	0	0	0	1	0	0	0	0	0	0	0	0
AAEL014699	2377	1805	2107	1618	1554	1494	1295	1947	1923	1582	2113	3509
AAEL027133	2	0	0	0	0	0	0	0	0	0	0	1
AAEL023671	2	0	0	4	7	2	2	4	1	2	1	3
AAEL022491	0	3	0	0	0	0	0	0	1	2	1	4
AAEL014698	809	591	483	452	495	725	492	679	784	485	551	639
AAEL027765	3	10	6	12	12	4	4	5	10	8	12	10
AAEL014697	210	144	172	160	224	202	165	127	192	135	178	203
AAEL011187	1361	828	876	796	958	852	921	1189	1332	917	1056	1494
AAEL011191	7469	5766	4418	1821	1845	3118	6181	8206	9271	3613	6151	6088
AAEL026185	3	4	2	1	0	1	5	2	3	0	2	6
AAEL011184	16208	9497	9383	11948	14739	7853	10180	12335	16232	10375	10420	9638
AAEL019717	20475	12330	14732	17427	22611	14782	13617	11428	18598	13746	13450	10452
AAEL024857	0	0	0	0	0	0	0	1	0	1	0	0
AAEL010822	900	660	653	518	465	523	474	701	665	603	620	885
AAEL010819	2258	1479	1678	2210	3084	2308	1486	1511	1767	1606	1875	2533
AAEL010808	227	207	215	135	166	134	186	218	186	239	169	328
AAEL010810	122	96	133	92	96	84	94	57	109	123	62	164
AAEL010816	194	143	189	101	141	115	115	155	146	126	115	160
AAEL010817	297	257	236	177	232	327	145	196	248	168	223	229
AAEL010823	12821	7794	11691	10334	16137	8143	5891	7980	8741	7397	6676	6409
AAEL010809	1360	1114	1016	991	810	1072	787	837	1130	892	951	1117
AAEL010826	9320	5672	6475	7535	7774	7084	4475	5922	8294	4636	6509	6822
AAEL018200	701	511	634	448	356	649	512	522	698	512	482	643
AAEL010827	1743	1214	1220	1089	920	1527	987	1044	1597	742	1149	1107
AAEL010829	851	723	584	460	379	712	539	643	852	519	582	693
AAEL023990	18	9	2	7	2	4	12	0	7	2	2	5
AAEL010812	1241	940	1032	762	801	873	651	910	984	607	631	925
AAEL018201	1515	1194	1337	711	769	802	673	1583	1019	723	666	1431
AAEL010821	50384	28539	36887	38427	46744	36082	36281	22275	43383	30064	33606	24116
AAEL023910	0	0	0	0	0	0	0	0	0	0	0	0
AAEL010815	1951	1513	1258	919	652	1386	1479	1690	2092	1322	1545	2196
AAEL010814	3753	2141	2141	2690	3198	2416	2372	2828	3822	2540	2517	2432
AAEL023522	1	0	1	0	0	0	13	13	9	7	2	15
AAEL027998	15	6	8	2	11	16	34	24	28	10	19	23
AAEL023439	4	4	0	0	0	0	13	4	2	5	0	4
AAEL019755	1977	1362	1069	1348	915	2259	1864	4097	3322	2778	4838	11957
AAEL009599	0	0	0	0	0	0	2	322	97	60	4	1
AAEL009597	0	0	0	1	1	0	0	2259	3162	3405	2	1
AAEL012255	1048	177	126	1187	1481	1251	611	589	1566	215	1022	484
AAEL022238	2	0	0	0	0	0	5	1	0	0	0	5
AAEL012252	0	2	1	2	3	2	2	0	0	3	0	2
AAEL012250	793	563	605	686	650	599	529	446	713	546	606	638
AAEL012249	166	105	116	108	119	169	198	183	297	154	190	258
AAEL012254	1	0	1	1	2	0	2	0	3	0	2	0
AAEL012248	60	45	48	53	89	68	89	86	114	111	67	91
AAEL022653	0	0	0	0	0	0	0	0	1	0	0	0
AAEL027958	0	0	2	0	0	0	1	5	0	0	0	2
AAEL008189	561	377	415	440	344	414	239	320	398	290	287	457
AAEL008192	48552	31049	38436	39154	65021	35976	30691	19401	38115	29520	28794	25147
AAEL008188	63797	42577	50668	57361	79492	53515	42730	30681	56215	37602	43591	36385
AAEL012743	399	262	330	272	296	319	302	288	401	364	317	486
AAEL025954	1	0	0	0	0	0	1	2	0	0	0	0
AAEL012744	1025	808	712	334	286	640	1134	1210	1425	955	1020	1870
AAEL012739	366	304	238	264	273	341	210	325	322	330	237	337
AAEL019928	108	43	53	40	16	38	130	117	113	99	98	188
AAEL001015	23	13	19	15	22	36	19	23	41	22	25	14
AAEL001050	31	24	28	19	39	28	46	460	45	34	55	33
AAEL001047	2502	1443	1879	1463	1465	1078	1795	1442	2025	1529	1474	1552
AAEL024627	18	15	6	2	3	8	15	13	15	19	10	22
AAEL025525	362	304	290	369	273	366	224	227	472	264	299	242
AAEL001037	865	774	577	646	716	1419	808	768	1451	579	915	702
AAEL028941	0	0	0	0	0	0	0	0	0	0	0	0
AAEL001020	3932	2642	2914	1237	2876	1113	1279	2049	1785	1623	1467	837
AAEL001022	2796	1787	1507	965	1886	1027	846	3112	2025	1353	1073	707
AAEL001044	2874	1973	2200	2806	2955	2381	1536	1638	2695	1415	1867	1695
AAEL001052	4172	3848	4564	4378	5076	3770	1760	2179	2601	1828	2045	2665
AAEL023988	61	35	39	185	158	142	1	19	39	35	12	149
AAEL001016	625	593	464	628	485	525	248	471	459	428	292	614
AAEL023815	1021	750	712	584	430	676	927	971	952	780	1194	1788
AAEL001048	633	466	505	757	1090	982	379	539	573	549	799	1132
AAEL001033	424	293	376	294	448	313	282	213	279	255	241	319
AAEL001039	403	307	419	446	411	306	215	239	289	290	236	235
AAEL001014	586	403	539	655	658	494	415	361	441	502	485	686
AAEL001029	1153	826	892	862	972	839	670	660	785	672	628	797
AAEL001036	463	428	372	370	351	429	359	386	512	296	360	478
AAEL001032	2434	1739	1782	1925	1282	1851	1585	1959	2621	1254	1697	1984
AAEL018863	0	0	0	0	0	1	1	0	0	0	0	0
AAEL023337	0	0	0	0	0	0	0	0	0	0	0	0
AAEL001046	1092	835	726	360	392	563	1159	1241	1196	779	1389	2416
AAEL001031	110	95	89	103	162	110	118	198	224	180	168	108
AAEL001024	730	528	483	504	423	648	502	631	761	451	551	717
AAEL001038	364	270	318	254	246	223	203	233	207	206	204	292
AAEL001030	741	526	564	811	881	580	390	451	447	435	474	591
AAEL020193	0	0	0	0	0	0	0	0	0	0	0	2
AAEL020741	673	487	489	396	261	589	527	499	808	299	503	561
AAEL026738	0	0	0	0	0	0	0	0	0	0	0	0
AAEL021123	0	0	0	0	0	0	0	0	0	0	0	0
AAEL020298	1	0	0	0	0	0	0	0	2	0	0	0
AAEL021289	0	0	0	0	0	2	2	0	1	0	0	0
AAEL019573	95	27	27	7	24	26	173	116	107	92	88	177
AAEL017334	37355	35219	43032	63630	87094	60081	6655	2280	4097	20248	53695	75778
AAEL021849	0	0	0	0	0	0	0	0	0	0	0	0
AAEL013960	2702	1824	2648	2158	3841	1788	1391	1363	1661	1868	1427	1650
AAEL013961	4	2	6	1	52	4	5	3	3	4	13	138
AAEL024075	0	0	0	0	0	1	1	1	0	2	1	0
AAEL026974	0	0	0	0	0	0	0	0	0	0	0	0
AAEL022121	0	0	0	0	0	1	0	1	0	0	0	0
AAEL005490	25	23	9	0	0	3	20	13	24	18	7	26
AAEL005496	365	285	260	463	1105	324	148	181	312	253	436	395
AAEL024956	0	0	0	1	0	0	0	0	0	0	4	0
AAEL005482	254	64	111	284	225	79	230	312	472	321	512	181
AAEL005491	524	344	361	566	608	415	362	874	479	407	526	778
AAEL017201	0	0	0	0	0	0	0	1	1	0	0	0
AAEL005489	0	0	1	0	1	0	0	2	2	0	0	1
AAEL023411	3	1	6	0	3	4	1	2	1	6	2	3
AAEL005487	3	2	0	1	7	1	5	8	4	6	5	3
AAEL019531	1135	644	663	504	332	677	1057	764	999	821	1016	1696
AAEL005493	1452	1195	1068	981	669	1442	972	1162	1452	947	1263	2106
AAEL005492	1440	1262	1055	669	603	1431	1133	1393	1717	1176	1518	2554
AAEL005484	1231	928	956	819	535	965	785	652	924	726	852	1161
AAEL005481	1221	906	868	717	693	1051	1345	1670	1917	1270	1364	1966
AAEL005485	163	128	113	134	195	118	109	137	121	95	171	338
AAEL005483	29	25	14	23	41	33	9	8	17	10	19	35
AAEL022797	24	13	6	14	6	12	8	15	11	10	15	57
AAEL007942	221	103	99	138	368	256	158	424	598	511	341	446
AAEL007940	15	11	12	7	10	17	20	22	24	33	18	20
AAEL007941	9	12	3	1	11	8	5	13	10	9	15	7
AAEL024307	7	0	6	2	24	0	7	4	0	5	1	6
AAEL017450	0	0	0	0	2	0	1	0	1	5	4	0
AAEL007935	44	25	23	22	21	20	24	20	21	32	19	24
AAEL007938	1	1	7	60	44	3	6	0	0	2	2	16
AAEL027940	51	50	55	33	18	23	54	64	73	61	28	87
AAEL024133	0	0	0	0	0	0	1	0	0	0	0	0
AAEL017488	3	0	6	1	0	1	2	1	0	0	0	0
AAEL028758	0	0	0	0	0	0	0	0	0	0	0	0
AAEL010276	3339	2733	3099	3444	4590	2793	445	167	520	391	1378	1391
AAEL019960	16	28	18	23	3	15	54	56	31	51	57	56
AAEL022682	0	0	0	0	0	0	0	1	0	0	0	1
AAEL006248	230	104	177	297	293	188	311	227	647	191	482	474
AAEL006257	0	0	0	0	6	2	2	3	0	5	3	2
AAEL018028	3	0	0	1	0	0	1	7	2	3	3	1
AAEL023949	0	0	0	0	0	2	1	1	0	0	1	2
AAEL016439	0	0	0	0	0	0	0	0	0	5	0	0
AAEL018875	0	0	0	0	0	0	0	0	0	0	0	0
AAEL016441	0	0	0	0	0	0	0	0	0	0	0	0
AAEL016442	0	0	0	0	0	0	0	0	0	0	0	0
AAEL006258	2	0	0	0	0	3	1	1	2	3	0	2
AAEL016443	0	0	0	0	0	0	0	0	0	0	0	0
AAEL016444	0	0	0	0	0	0	0	0	0	0	0	0
AAEL016445	0	0	0	0	0	0	1	0	0	1	0	0
AAEL016446	0	0	0	0	0	0	0	0	0	0	0	0
AAEL018874	0	0	0	0	0	0	0	0	0	0	0	0
AAEL025527	21	40	38	36	7	23	6	3	15	37	14	11
AAEL006249	5513	4637	2680	1102	778	3452	4458	6200	5704	2665	4399	6782
AAEL006251	632	567	797	423	688	408	353	376	383	495	292	455
AAEL019564	757	372	394	2522	2664	1844	346	311	533	424	1723	1445
AAEL024860	3	0	3	3	1	3	5	0	2	1	4	7
AAEL006253	449	296	291	320	296	372	436	637	562	247	495	867
AAEL006254	460	307	201	163	220	384	534	411	776	578	514	662
AAEL006247	1495	1053	1171	1128	991	1012	1199	1328	1314	1188	1204	2092
AAEL020954	293	271	210	90	91	192	347	412	408	233	347	660
AAEL006259	150689	124551	149370	206226	376714	197630	155556	145516	208577	228101	183765	184718
AAEL021493	0	0	0	0	0	0	0	1	0	0	0	3
AAEL020093	33	14	13	7	12	12	80	61	52	43	54	53
AAEL019484	79	241	137	237	58	199	166	184	512	301	505	767
AAEL014489	185	134	162	174	284	232	129	179	188	201	139	228
AAEL019716	1468	1313	955	682	703	1205	1224	1461	1883	1099	1460	1818
AAEL023025	0	0	0	0	0	1	0	2	0	5	0	2
AAEL014193	0	0	0	0	0	0	2	0	2	2	0	1
AAEL024683	61	59	56	7	6	35	71	60	70	47	75	128
AAEL003650	515	479	425	229	239	350	345	610	457	355	349	628
AAEL003653	17	9	3	6	2	3	31	17	3	19	81	37
AAEL003697	790	983	665	1784	2820	1133	855	1263	1965	706	1359	1771
AAEL021274	11	13	49	31	30	6	2	4	36	5	3	40
AAEL020823	3289	2520	2516	10258	9361	5510	1991	3002	4472	2491	7327	12517
AAEL003647	680	460	307	315	291	459	382	566	490	502	439	638
AAEL003661	2498	1724	1934	2214	2550	2443	2085	1496	3037	1854	2032	1702
AAEL018851	0	0	0	0	0	0	1	0	0	0	0	0
AAEL016301	0	0	0	0	0	2	0	0	0	1	0	1
AAEL016302	0	0	0	0	0	0	0	0	0	0	0	0
AAEL018852	0	0	0	0	0	0	0	0	0	0	0	0
AAEL003658	3465	2512	2168	2012	1664	3872	1904	2039	2679	1507	2808	4967
AAEL003698	705	396	408	647	708	743	642	674	677	621	859	1577
AAEL026696	0	0	0	1	0	0	3	1	0	0	0	0
AAEL019555	5949	4773	3214	2399	1712	4735	4244	4514	5511	2614	3989	6520
AAEL003646	2344	1900	1379	1425	1274	2175	2356	2227	3483	2180	2329	3128
AAEL003670	3718	2853	3247	3124	2461	3083	2520	2357	3091	2443	2852	3615
AAEL024643	7	10	5	5	0	4	5	3	4	4	5	5
AAEL003649	227	178	145	219	282	250	152	210	237	177	178	241
AAEL003705	277	184	299	196	245	183	177	210	178	268	175	347
AAEL003703	17	8	13	10	15	19	12	5	16	13	13	14
AAEL020547	835	806	625	656	955	787	687	922	884	739	820	1490
AAEL002643	0	0	0	0	0	1	1	0	0	2	0	0
AAEL022664	0	0	1	0	0	0	2	0	1	0	3	1
AAEL027405	0	0	0	0	0	0	3	0	2	2	2	2
AAEL017542	1	2	0	0	0	1	1	7	2	2	2	7
AAEL002644	573	369	431	855	1293	764	210	323	396	315	403	534
AAEL021451	6	8	4	1	7	0	0	0	0	6	2	1
AAEL023335	1655	1098	1148	699	549	915	1089	1024	1427	1012	1130	1837
AAEL011183	85	22	107	61	60	18	61	34	99	34	57	43
AAEL010433	407	380	323	89	117	348	451	522	623	256	388	574
AAEL010434	526036	437295	413897	31270	66186	38864	45251	3868	235	24557	121644	210571
AAEL010439	3	2	1	13	4	4	0	3	2	2	6	11
AAEL010437	1097	811	1000	829	838	778	773	1071	894	981	744	1228
AAEL010432	371	288	310	298	425	364	246	389	392	294	350	473
AAEL010440	217	176	166	95	194	239	107	175	228	98	148	211
AAEL010430	859	720	661	730	780	808	623	915	852	871	756	1365
AAEL019501	472	228	215	98	59	187	823	715	952	638	867	1365
AAEL023106	0	0	0	0	0	0	6	5	2	4	0	6
AAEL006156	986	877	1153	252	401	213	276	108	144	163	161	332
AAEL006126	334696	325498	360768	29721	53916	23620	66779	2260	529	22739	59410	210580
AAEL006138	919041	812648	971737	95854	145926	49553	179974	5872	475	60401	165294	696635
AAEL006139	2918	1642	2223	1278	1272	1126	2139	2113	2672	2006	1806	1753
AAEL006137	26	6	9	7	15	20	6	19	10	3	15	2
AAEL006146	126	80	105	82	110	71	91	81	91	118	72	87
AAEL006132	37	23	37	17	29	18	27	12	27	21	10	10
AAEL006145	1366	1021	910	1012	811	1358	772	1389	1638	913	1178	1825
AAEL022944	3	12	1	8	11	3	2	2	8	4	4	5
AAEL022018	0	0	0	0	1	0	0	0	1	0	1	0
AAEL017349	11	15	5	6	7	6	7	8	4	2	1	16
AAEL018061	0	0	0	0	0	0	0	0	0	0	0	0
AAEL027583	0	0	0	1	0	1	2	3	3	2	1	0
AAEL006155	233	140	136	192	152	162	147	180	205	120	137	199
AAEL006128	9	16	27	7	5	12	10	17	21	14	6	13
AAEL006135	236	214	226	202	231	222	116	198	185	203	160	263
AAEL006134	115	56	83	67	99	93	60	43	107	58	60	85
AAEL006129	1223	782	959	1559	2077	1487	718	730	1108	844	961	957
AAEL006150	665	585	506	492	590	549	366	616	643	475	483	644
AAEL020134	0	0	0	0	0	0	0	0	0	0	0	0
AAEL024759	0	0	0	0	0	0	4	0	1	0	0	1
AAEL025930	8	5	6	4	0	0	11	6	12	10	10	19
AAEL006133	650	619	465	688	1178	1157	422	475	536	475	673	930
AAEL025021	0	0	0	0	0	0	0	0	0	1	0	0
AAEL020344	459	393	245	71	73	360	570	533	731	237	474	610
AAEL027977	871	659	636	702	1244	765	588	506	751	658	642	697
AAEL006142	501	380	292	287	200	329	399	375	493	334	468	595
AAEL021326	141	234	229	97	145	147	85	153	101	218	81	134
AAEL023039	35	25	39	16	23	8	7	10	28	9	11	5
AAEL006140	791	776	927	368	315	423	480	569	485	535	399	1145
AAEL006122	9	4	7	7	5	8	8	20	10	12	9	5
AAEL028193	0	1	0	0	1	0	0	0	0	0	2	0
AAEL022759	4	4	4	1	1	1	1	2	8	2	2	6
AAEL006125	285	287	236	254	190	326	194	293	295	199	275	319
AAEL006124	1161	954	903	1137	1226	1161	818	786	1150	873	795	974
AAEL027681	3	2	0	0	0	1	3	1	2	2	2	1
AAEL006144	637	486	581	590	730	543	484	516	552	634	454	603
AAEL006154	34	24	26	21	51	27	20	34	38	26	19	33
AAEL006143	778	512	593	576	674	522	693	1565	943	807	798	888
AAEL006121	915	682	739	639	491	613	585	475	593	609	535	621
AAEL006151	256	114	135	172	178	276	148	131	193	122	222	287
AAEL006136	676	397	327	847	778	1220	518	1005	1528	656	1297	1436
AAEL006123	349	244	283	239	207	234	274	316	336	317	229	377
AAEL006131	134	88	119	513	526	160	91	127	176	125	343	416
AAEL025635	703	629	405	135	124	726	908	859	1045	469	863	1131
AAEL024253	0	0	0	0	0	0	0	0	0	0	0	0
AAEL027771	3042	1860	2139	2083	3427	2162	1740	1952	2254	1873	1688	1648
AAEL007135	4799	3223	3344	2738	3824	2862	3021	2718	4161	2586	2922	2397
AAEL021862	327	400	316	241	259	308	310	734	472	367	245	610
AAEL007125	88	105	77	80	129	74	78	87	86	97	67	111
AAEL007137	547	460	422	431	307	632	445	488	753	371	552	559
AAEL020221	893	825	624	951	1098	1010	911	1174	1374	886	676	839
AAEL023407	367	310	222	209	193	257	242	296	398	243	277	399
AAEL007132	6034	3506	3814	3023	2824	3495	4798	4825	5177	4477	5338	8824
AAEL027075	0	0	0	0	0	0	0	0	0	0	0	0
AAEL007130	386	235	224	366	323	343	244	297	398	210	325	257
AAEL007127	41	60	33	21	36	47	79	75	128	56	114	74
AAEL007134	268	166	157	223	253	274	142	201	273	238	277	413
AAEL023409	2	3	6	0	3	3	2	4	5	1	15	12
AAEL008046	420	252	367	198	315	250	133	123	195	201	160	185
AAEL022287	0	0	0	0	0	0	1	0	0	0	0	0
AAEL028897	0	0	0	0	0	0	0	0	0	0	0	0
AAEL028988	0	0	0	0	0	0	0	0	0	0	0	0
AAEL008039	730	475	442	2566	3064	2264	424	302	579	1216	1533	1932
AAEL008036	18	10	14	33	27	26	30	36	28	38	33	47
AAEL028754	0	0	0	0	0	0	0	0	0	0	0	0
AAEL017128	1	0	0	0	2	0	1	0	0	0	0	3
AAEL025765	0	0	0	0	0	0	0	0	0	0	0	0
AAEL023256	0	0	0	0	0	0	0	0	0	0	0	0
AAEL021280	0	0	0	0	0	0	0	0	0	0	0	0
AAEL011234	136	98	75	62	168	166	138	155	218	162	157	219
AAEL024513	0	0	0	0	0	0	0	0	0	0	1	0
AAEL009978	56	47	37	32	46	27	64	43	45	38	45	44
AAEL025648	0	0	0	0	0	0	0	0	0	0	0	0
AAEL025626	0	0	0	0	0	0	0	0	0	0	0	0
AAEL024920	0	0	0	0	0	0	0	0	0	0	0	0
AAEL018933	0	0	0	0	0	0	0	0	0	0	0	0
AAEL025352	0	0	0	0	0	0	0	0	0	0	0	0
AAEL021397	0	0	0	0	0	0	0	0	0	0	0	0
AAEL024899	0	0	0	0	0	0	0	0	0	0	0	0
AAEL025208	0	0	0	0	0	0	0	0	0	0	0	0
AAEL023410	0	0	0	0	0	0	0	0	0	0	0	0
AAEL020252	0	0	0	0	0	0	0	0	0	0	0	0
AAEL025443	8	0	1	0	0	1	11	4	1	2	4	8
AAEL006050	1197	895	989	574	455	570	822	833	825	956	688	1292
AAEL027717	1	0	2	5	7	10	6	0	2	5	7	10
AAEL006059	266	198	214	190	191	180	163	187	180	198	162	202
AAEL025705	3	0	1	0	4	0	3	6	7	3	0	3
AAEL006052	81	91	83	64	83	91	86	79	63	104	95	116
AAEL006055	9	9	3	2	5	5	27	32	34	23	24	33
AAEL006062	848	619	553	422	393	622	742	838	811	598	558	967
AAEL026382	528	406	448	596	1046	611	337	345	400	492	485	700
AAEL006048	1508	1123	1345	1208	1277	1214	946	789	1116	1084	943	1242
AAEL006051	50	44	67	39	81	71	44	57	65	60	68	71
AAEL006061	1277	1096	1398	1805	2438	1771	734	822	950	1011	1094	1429
AAEL019841	1086	979	825	329	289	804	1127	1245	1332	819	904	1498
AAEL006053	1997	2338	2205	2326	2651	2775	755	356	1068	1238	1447	2460
AAEL006058	3	2	1	2	7	6	0	3	6	3	2	7
AAEL026377	4	0	0	0	0	0	0	0	0	0	0	0
AAEL006044	169	144	144	107	96	159	125	159	130	110	116	145
AAEL006056	974	747	733	766	762	905	571	746	802	649	815	1198
AAEL006054	189	119	117	97	51	117	376	219	348	150	214	270
AAEL026675	0	0	0	0	0	0	0	0	0	0	0	0
AAEL026750	17	0	7	2	2	8	41	29	28	23	14	30
AAEL013325	17	52	33	27	60	22	23	16	21	38	44	40
AAEL013327	665	491	483	398	424	296	561	495	641	588	628	579
AAEL013323	31	3	15	9	10	4	13	9	8	8	5	14
AAEL026278	508	264	307	373	372	320	378	497	427	281	348	409
AAEL013324	110	31	111	47	28	41	47	42	79	74	46	91
AAEL028905	0	0	0	0	0	0	0	0	0	0	0	0
AAEL028903	0	0	0	0	0	0	0	0	0	0	0	0
AAEL014366	1173	583	774	225	290	417	715	7342	4146	3131	483	425
AAEL014365	3998	3126	2785	1772	1349	2024	2479	2386	2842	2201	2163	4191
AAEL014363	5	3	5	16	43	14	4	1	10	8	23	14
AAEL027694	935	427	364	407	321	607	652	2074	1331	836	959	1567
AAEL022462	6622	5339	4277	3135	2294	4447	3847	5947	5834	3705	4281	6653
AAEL018799	0	0	0	0	0	0	0	0	0	0	0	0
AAEL012816	245	199	282	411	478	351	135	103	155	241	236	274
AAEL012818	330	275	331	354	364	341	220	205	269	315	241	366
AAEL012819	1955	944	1261	1973	2241	1709	1159	1269	2189	1292	1484	1520
AAEL001227	19	2	8	0	2	5	69	48	44	55	31	110
AAEL021801	0	2	0	0	0	1	4	0	1	0	0	9
AAEL020055	1	0	2	0	0	1	0	2	2	1	1	3
AAEL013542	343	240	454	276	381	206	392	245	419	278	268	326
AAEL023345	1	6	7	1	1	1	9	11	17	22	6	5
AAEL024617	0	8	8	0	1	7	1	0	0	4	4	4
AAEL009955	110750	91146	104140	67213	91971	51607	18519	9005	26506	12550	68140	169796
AAEL009952	39	41	24	8	33	118	40	39	44	34	100	154
AAEL010076	94	87	43	170	315	430	76	96	128	132	202	369
AAEL017263	4227	3112	2712	2639	2328	3455	1715	2216	3202	1439	2467	3123
AAEL010068	330	329	179	60	136	609	318	492	518	285	768	1354
AAEL016622	3	0	0	1	0	0	0	0	2	0	0	0
AAEL016621	0	0	0	0	0	0	0	0	0	0	0	0
AAEL016620	0	0	0	0	0	0	0	0	0	0	0	0
AAEL016619	0	0	0	0	0	0	0	0	0	0	0	0
AAEL017537	0	0	0	0	1	0	0	0	1	0	1	0
AAEL028709	0	0	0	0	0	0	0	0	0	0	0	0
AAEL016616	0	0	0	0	0	0	0	0	0	0	0	0
AAEL016615	0	0	0	0	1	0	0	0	0	0	0	0
AAEL028667	0	0	0	0	0	0	0	0	0	0	0	0
AAEL016613	0	0	0	0	0	0	0	0	0	0	0	0
AAEL016612	0	0	0	0	0	0	0	0	0	0	0	0
AAEL016611	0	0	0	0	0	0	0	0	0	0	0	0
AAEL016610	0	0	0	0	0	1	0	0	0	0	0	0
AAEL016608	0	0	0	0	0	0	0	0	0	0	0	0
AAEL016607	0	0	0	0	0	0	0	0	0	0	0	0
AAEL016605	0	0	0	0	0	0	0	0	0	0	0	0
AAEL016604	0	0	0	0	0	0	1	0	0	0	0	0
AAEL016603	0	0	0	0	0	0	0	0	0	0	0	0
AAEL016602	0	1	0	0	0	0	0	0	0	1	0	0
AAEL016601	0	0	0	0	0	0	0	0	0	0	0	0
AAEL018892	0	0	0	0	0	0	0	0	0	0	0	0
AAEL016599	0	0	0	0	0	0	0	0	0	1	0	0
AAEL008148	144	178	193	140	143	150	166	161	191	181	86	257
AAEL008141	726	533	495	473	585	681	801	675	849	547	964	672
AAEL008137	831	1096	1384	478	380	434	860	1711	768	901	479	1775
AAEL008138	721	498	470	385	323	452	471	697	687	600	685	1101
AAEL003389	7	6	32	4	51	66	2	58	238	14	4	12
AAEL022103	0	0	0	0	0	1	0	0	0	0	0	0
AAEL003366	734	493	543	685	653	691	398	528	637	514	536	741
AAEL003380	74	33	43	161	262	90	134	74	151	45	84	135
AAEL025541	0	0	4	15	12	4	0	2	5	1	1	2
AAEL024361	0	0	0	0	0	1	1	0	0	1	0	0
AAEL003399	1	11	1	1	5	7	2	9	5	2	1	5
AAEL003378	121	61	90	91	62	111	144	141	174	145	115	112
AAEL003397	53	23	32	57	34	59	14	46	33	27	29	46
AAEL003373	2073	1666	1431	1141	903	1940	1787	4491	3330	2090	2074	2813
AAEL027229	38	60	109	55	59	29	14	15	22	14	17	60
AAEL003390	117	90	114	78	72	79	73	130	108	112	81	153
AAEL021333	2330	1820	1355	1003	736	1804	2069	1727	2489	1286	1985	2123
AAEL003382	1857	1865	1766	1128	704	1143	1397	2420	1625	1275	1162	2304
AAEL003387	453	307	257	165	82	364	472	701	844	529	651	736
AAEL003367	1102	811	832	492	423	759	782	877	977	741	739	1112
AAEL003360	233	169	159	180	284	174	120	158	187	121	106	186
AAEL029117	1489	820	800	629	379	921	1057	1599	1648	1118	1839	2782
AAEL003363	514	327	444	1092	1242	834	311	230	511	318	637	501
AAEL027450	0	1	0	1	1	1	3	2	2	0	2	3
AAEL003365	1065	986	1273	989	1578	801	194	141	343	271	380	645
AAEL003384	236	189	257	329	571	229	125	126	160	194	171	244
AAEL003377	1554	1162	1356	990	1220	999	756	955	950	793	761	1109
AAEL003371	3765	2889	2864	2462	1921	2859	2328	3474	3556	2432	2677	4249
AAEL018301	772	357	648	1114	1377	959	461	533	627	538	776	1152
AAEL018850	0	0	0	0	0	0	0	0	0	0	0	1
AAEL023214	1	2	4	0	0	2	4	4	1	1	4	7
AAEL003391	930	614	878	464	227	398	850	1061	1157	726	802	1219
AAEL021808	0	0	0	0	0	0	0	0	0	0	0	0
AAEL018300	26	24	9	21	22	11	18	17	41	23	12	19
AAEL003374	212	128	159	145	147	145	126	169	150	152	133	190
AAEL021606	0	0	3	0	0	0	0	0	0	0	0	0
AAEL003393	14813	8455	10260	11144	14930	11293	8130	9866	13617	7070	9332	7539
AAEL003361	1039	931	983	590	426	766	812	1036	808	591	581	981
AAEL003385	831	592	593	1063	1201	1169	464	585	817	526	789	715
AAEL003396	31019	21744	25650	29318	48182	29135	19802	13995	25097	21986	20701	19889
AAEL003388	1346	894	841	568	409	867	1051	1455	1646	1063	1117	1456
AAEL003398	15	7	10	9	18	20	20	13	11	13	13	11
AAEL020435	0	0	0	0	0	0	3	3	5	3	0	0
AAEL003395	9	2	2	1	3	5	1	2	3	3	1	2
AAEL003383	1590	1095	1139	1075	1059	1472	761	1224	1279	1165	1257	2145
AAEL003401	205	178	210	161	194	173	136	150	161	176	119	260
AAEL020724	0	2	1	0	1	0	0	6	1	2	4	6
AAEL018039	2010	1883	1466	838	771	1461	1683	2636	2317	1487	1775	3293
AAEL003379	463	285	370	264	254	265	277	424	379	374	243	589
AAEL003394	130	132	135	142	135	123	116	107	131	122	92	167
AAEL025255	0	0	0	0	0	1	0	0	0	2	0	0
AAEL019467	174	78	103	61	74	61	141	157	200	165	133	365
AAEL005092	1632	1227	1390	1477	1400	1453	982	1108	1363	1185	1230	1576
AAEL005097	46406	31117	35800	42214	62696	40470	30692	22452	42348	29873	33214	28500
AAEL005093	130	132	113	1138	1630	808	74	224	293	425	1156	1241
AAEL027400	230	62	104	31	12	70	258	201	209	213	395	996
AAEL020893	100	20	30	26	35	41	65	65	63	42	33	123
AAEL013194	3	1	0	4	3	5	5	8	4	3	2	0
AAEL020463	0	0	1	1	0	0	0	0	0	0	0	0
AAEL013199	1617	917	1027	1308	1063	1256	860	1258	1544	937	1201	1223
AAEL022248	6	2	1	2	6	1	4	4	5	5	4	6
AAEL026420	0	0	0	0	0	0	2	0	0	1	2	1
AAEL013198	3	3	1	2	1	7	9	3	2	4	2	0
AAEL013201	29	16	18	14	41	21	22	11	16	19	29	25
AAEL013191	28	19	32	14	27	29	21	21	26	14	6	32
AAEL013188	391	239	304	426	617	366	196	261	276	275	294	349
AAEL013197	763	531	587	1364	2046	1489	261	461	187	1035	662	1440
AAEL019648	1706	1152	1166	1274	1284	1496	1303	1573	1546	1300	1324	2326
AAEL013200	2	0	0	1	3	0	0	2	2	4	3	0
AAEL013190	3	2	0	4	2	5	2	2	0	7	0	1
AAEL027709	5	3	5	0	1	0	14	6	7	7	5	14
AAEL013193	1	1	1	2	1	7	9	1	4	4	2	3
AAEL019647	8	0	4	0	0	2	18	2	6	9	1	12
AAEL003869	27	16	19	17	33	21	25	8	44	58	73	49
AAEL003886	95	48	101	106	130	60	27	17	27	27	64	85
AAEL019628	44	25	26	39	44	46	48	56	58	73	47	52
AAEL024135	0	2	0	0	0	1	2	0	0	0	0	0
AAEL021925	478	209	254	206	184	168	376	309	480	259	346	158
AAEL003871	1517	1138	1424	1763	2167	1830	833	808	959	1063	1027	1395
AAEL003885	368	340	336	340	293	346	330	442	495	324	292	390
AAEL003881	242	93	164	64	48	21	124	815	215	512	147	59
AAEL003888	6027	4708	5037	8883	11956	7545	3311	6204	6141	4682	7516	7364
AAEL003879	193	125	118	124	141	155	100	121	156	120	105	119
AAEL003897	140	92	72	78	78	89	116	100	114	78	97	87
AAEL003893	1307	959	713	576	358	856	754	1649	960	519	606	1621
AAEL019783	7972	6693	4532	3811	2526	7457	5901	6736	8459	4071	6666	8095
AAEL003868	448	397	276	284	302	553	334	404	641	312	420	391
AAEL017418	34	27	22	29	45	33	42	29	82	36	62	51
AAEL003896	1973	1376	1226	1039	542	1380	1676	2304	2265	1377	1805	2229
AAEL003867	3	0	0	1	3	6	3	4	9	4	1	3
AAEL003891	20	15	21	17	23	28	19	22	35	17	16	18
AAEL003901	1560	1000	930	396	368	948	1291	1344	1546	883	1316	2264
AAEL003887	693	503	537	629	512	615	396	571	608	462	638	798
AAEL003874	463	314	362	215	152	210	237	282	318	316	271	488
AAEL003872	36295	21453	23621	24267	30489	26467	26993	18643	34388	21013	26956	23838
AAEL003873	6386	3273	2982	3947	4384	3107	5466	6123	8393	4293	5279	3514
AAEL003875	1449	1160	932	895	676	1057	1134	1262	1647	992	1205	1459
AAEL025841	195	150	156	113	202	113	103	132	106	127	103	166
AAEL003899	1347	682	918	767	575	842	966	457	855	1136	1292	1326
AAEL003894	78	72	80	91	86	75	69	109	137	125	72	55
AAEL003889	779	485	516	1303	2730	505	495	397	576	475	1803	2364
AAEL003890	980	426	582	210	310	230	240	176	276	138	236	196
AAEL019766	13	7	7	2	4	15	54	30	48	27	25	56
AAEL014372	285	203	313	148	237	152	274	175	321	161	207	235
AAEL021562	4	4	3	4	1	2	3	3	12	11	2	5
AAEL029059	2	0	1	0	0	0	5	1	5	0	0	2
AAEL003576	0	0	1	1	6	2	1	0	0	7	2	0
AAEL020269	19	5	46	41	58	24	16	25	36	30	7	34
AAEL020450	168	111	130	195	274	179	116	84	111	143	126	162
AAEL008228	146	130	158	125	153	161	92	107	115	99	94	143
AAEL008227	831	590	673	285	361	336	519	759	678	719	382	881
AAEL022132	19	81	16	233	539	189	12	90	68	85	294	132
AAEL008234	649	355	441	276	282	423	576	848	716	399	497	1019
AAEL019784	1497	1361	883	564	480	1355	1446	1222	1641	891	1465	2516
AAEL022326	7	5	0	2	0	3	2	24	3	1	0	4
AAEL021587	4	0	2	1	6	2	7	1	2	2	4	12
AAEL026132	16	12	4	0	0	3	13	12	19	5	1	9
AAEL005238	2128	1555	1109	604	590	1625	1881	2346	3161	1108	2025	3091
AAEL005221	6178	2789	4076	3935	4473	4285	4750	10011	7989	7044	3827	6952
AAEL024650	18	5	13	2	15	12	26	37	23	35	14	30
AAEL024634	48	4	35	42	31	17	17	25	17	13	26	9
AAEL022625	8	11	8	1	1	9	12	13	24	9	25	2
AAEL005214	1592	1260	1236	1263	1144	1210	1078	1324	1440	1092	939	1541
AAEL005225	108	107	110	98	183	137	83	64	109	129	117	154
AAEL005224	472	483	319	143	208	410	567	398	540	425	439	667
AAEL017116	22075	16334	14475	11219	10385	16445	15356	17400	22014	13546	17160	20264
AAEL005232	98	74	87	43	69	47	76	62	79	125	58	140
AAEL027378	0	0	0	0	0	0	0	0	0	0	0	0
AAEL021143	0	0	0	0	0	0	0	0	0	0	0	0
AAEL025908	5	5	0	1	6	0	16	17	15	6	5	23
AAEL005239	414	235	204	275	319	385	266	297	418	335	351	505
AAEL005234	332	315	227	113	86	258	280	457	393	202	288	530
AAEL005215	3133	2590	1913	1602	1296	2457	2140	3272	3169	1874	2194	3178
AAEL023418	0	0	1	0	1	0	3	0	4	3	2	2
AAEL005235	76	91	80	23	36	86	74	110	97	57	81	65
AAEL005217	185	161	216	191	330	149	89	136	176	153	87	135
AAEL023226	0	0	0	0	0	0	0	0	0	0	1	0
AAEL005227	0	0	0	0	2	4	6	2	3	1	4	1
AAEL005216	2164	1401	1660	1507	1958	1166	1123	1301	1225	1421	1123	1578
AAEL005230	8	5	1	9	7	2	4	11	5	5	9	8
AAEL024466	6	8	7	2	5	8	38	39	48	30	22	34
AAEL023104	34	18	18	4	4	11	98	90	78	53	62	176
AAEL026469	0	0	1	0	0	0	2	0	1	2	0	0
AAEL017514	1467	260	544	2116	1289	781	1785	1148	1368	2296	2092	1374
AAEL005222	0	0	0	0	0	0	0	3	0	0	0	0
AAEL028822	0	0	0	0	0	0	0	0	0	0	0	0
AAEL022747	1	0	0	0	0	0	2	0	0	0	0	0
AAEL029065	0	2	0	3	1	1	1	0	3	0	0	54
AAEL026400	1	0	4	1	1	1	5	4	2	2	3	1
AAEL005228	306	277	320	229	226	263	275	263	296	469	369	524
AAEL005218	871	630	502	391	727	572	601	604	790	659	665	764
AAEL005237	220	194	203	203	346	235	162	222	217	294	202	441
AAEL005229	161	114	123	190	229	151	65	91	128	135	135	197
AAEL027594	1150	753	1022	686	797	608	642	631	655	692	465	791
AAEL005220	23016	17916	20533	21285	36972	20578	16861	10231	18808	16468	16763	14313
AAEL028225	2	2	7	1	5	2	3	1	4	5	0	0
AAEL005544	1817	1716	1161	519	444	1702	1515	2105	2521	1103	1755	2648
AAEL022387	725	263	296	3353	1874	2502	538	410	744	976	1454	1657
AAEL026842	0	0	0	0	0	0	0	0	3	0	0	0
AAEL015481	0	0	0	0	0	0	0	0	2	0	0	0
AAEL025345	0	1	0	0	2	1	0	3	2	3	2	0
AAEL021036	0	0	0	0	0	0	0	0	0	0	0	0
AAEL022356	0	0	0	0	0	0	0	0	0	0	0	0
AAEL025782	5	2	4	0	0	4	41	32	29	25	16	25
AAEL004357	14	11	4	1	1	7	43	43	43	25	42	50
AAEL019500	5782	4254	3970	2678	1900	3553	4446	4228	5377	3059	4308	6899
AAEL022608	1643	1430	1333	1222	1246	1317	1296	1531	1733	1488	1338	2047
AAEL004356	1573	1441	1203	817	640	1172	1285	1612	1775	1359	1421	1935
AAEL004378	4933	3567	3572	3659	4347	4532	3108	3548	5653	3204	4435	4485
AAEL004366	39	33	15	42	43	53	39	48	54	44	33	32
AAEL004379	663	438	405	409	302	488	477	663	784	586	637	763
AAEL028911	0	0	0	2	0	0	0	0	0	0	0	0
AAEL021178	0	0	0	0	0	0	0	0	0	0	0	0
AAEL025143	104	48	70	113	168	157	69	51	90	83	73	67
AAEL004383	44	53	73	49	88	59	51	68	98	88	65	80
AAEL024230	0	0	0	0	4	0	4	3	2	1	1	3
AAEL020061	7	4	6	1	2	1	21	18	14	10	3	18
AAEL004385	422	116	264	265	203	236	192	213	261	194	142	242
AAEL004350	290	206	365	357	481	241	208	167	245	263	216	265
AAEL027819	10	13	12	2	14	8	6	4	5	5	2	29
AAEL004376	346	243	279	268	407	283	230	167	253	233	178	161
AAEL019403	126851	80913	80549	93233	141369	111854	97883	94479	140821	71293	96077	93095
AAEL021501	952	705	726	540	464	613	592	657	617	686	597	1075
AAEL004359	53	33	71	76	102	56	47	50	69	78	44	51
AAEL004364	746	548	597	613	627	647	499	583	872	483	559	515
AAEL004355	625	440	528	438	475	481	232	344	437	274	294	382
AAEL004371	880	626	837	570	669	551	461	435	597	553	477	725
AAEL018322	580	442	341	308	207	443	395	422	557	308	412	604
AAEL004368	1075	812	796	680	514	845	686	751	1020	603	785	836
AAEL025847	0	0	0	0	0	0	0	0	0	0	1	0
AAEL004361	296	137	95	148	194	272	242	343	576	240	317	399
AAEL026727	6	1	3	2	4	11	1	3	6	3	3	6
AAEL024894	17	11	5	8	0	9	17	4	1	7	5	6
AAEL020392	23	25	20	27	23	22	14	14	24	18	23	26
AAEL004384	262	240	297	232	352	256	160	143	192	228	182	370
AAEL020371	390	214	202	352	262	289	299	677	447	419	222	239
AAEL004369	91	71	40	50	12	59	14	9	98	19	133	35
AAEL004367	6	0	3	0	1	7	1	1	0	1	0	3
AAEL004352	188	162	157	124	77	101	89	186	142	131	84	220
AAEL004351	2362	1658	1577	1198	1139	1885	1860	2138	2644	1532	2141	2715
AAEL004382	1574	980	1087	964	2148	966	1366	1153	1661	1399	1262	859
AAEL004353	102	92	64	61	70	68	50	32	70	55	56	25
AAEL018853	0	0	0	0	0	0	1	0	0	2	0	3
AAEL025145	0	0	0	0	0	0	1	0	0	3	0	2
AAEL027642	0	0	0	0	0	0	0	1	0	0	0	0
AAEL022046	3415	2311	2002	1234	888	2366	2241	2909	2838	1741	2625	4327
AAEL022909	0	0	0	0	0	0	0	0	0	0	0	1
AAEL022358	0	0	0	0	0	1	0	0	0	0	0	0
AAEL011584	6616	5330	4946	5224	5371	5848	2892	3285	4713	2354	2925	3212
AAEL026676	67	69	53	75	92	62	35	43	49	48	29	42
AAEL027887	3	0	0	2	0	0	1	4	1	1	3	3
AAEL011582	243	261	256	131	216	199	159	283	163	229	137	372
AAEL011579	2	1	3	0	3	0	1	7	7	5	2	1
AAEL011585	1	0	0	3	1	4	2	2	3	2	2	3
AAEL023917	0	0	1	1	2	2	2	3	1	0	1	0
AAEL023063	52	26	77	66	79	54	19	15	39	61	19	48
AAEL008713	0	0	0	0	0	0	1	0	0	0	0	0
AAEL008711	36	9	35	8	17	24	5	3	3	9	6	8
AAEL020655	1171	905	780	433	363	697	879	927	909	795	707	1785
AAEL024165	0	5	0	0	0	0	0	0	0	0	0	4
AAEL008700	528	442	471	441	523	465	295	449	406	412	388	504
AAEL008715	1	0	1	2	0	0	2	1	6	1	1	0
AAEL008699	3	2	1	6	0	4	4	2	31	3	1	0
AAEL024148	0	0	0	0	0	0	0	0	1	0	0	0
AAEL027603	0	0	0	0	0	0	0	0	0	0	0	0
AAEL008708	3	3	9	0	0	1	1	0	0	0	0	3
AAEL008698	0	0	2	1	0	2	3	0	0	0	0	0
AAEL008702	1	0	0	0	0	1	1	2	3	0	0	0
AAEL008705	2000	1294	1263	984	636	1388	2279	2779	2998	1882	2040	2796
AAEL008714	1557	1287	1072	1022	1002	1393	1109	1289	1584	866	1274	1768
AAEL008707	970	912	686	583	663	1053	695	813	1202	672	838	1011
AAEL008701	2050	1446	1514	242	499	643	1127	2647	1612	1025	1555	666
AAEL008706	666	666	418	378	478	908	489	493	832	286	565	476
AAEL020513	199	107	125	1334	1755	1002	111	101	193	329	686	716
AAEL016997	22	1	16	4	5	11	14	14	42	32	5	25
AAEL012381	0	0	0	1	1	0	0	3	0	0	2	2
AAEL028678	0	0	0	0	0	0	0	0	0	0	0	0
AAEL012382	2087	1573	1741	1169	1374	1238	993	895	1427	1187	1053	961
AAEL018207	35	22	22	11	4	19	19	20	40	15	20	50
AAEL022896	0	0	1	0	0	0	0	0	1	1	0	1
AAEL010991	6982	5009	4769	5596	5309	7834	3928	5148	5368	3791	6238	8240
AAEL010993	799	691	682	648	619	666	461	393	578	500	427	540
AAEL025979	579	497	530	526	655	644	355	511	523	441	331	593
AAEL025896	0	0	1	2	2	3	0	0	0	0	1	1
AAEL020361	0	0	1	0	0	0	1	0	0	0	0	1
AAEL021284	761	638	540	424	427	904	661	521	789	570	856	904
AAEL000395	1579	1228	1193	1048	1065	1412	1172	1778	1633	1577	1209	1783
AAEL027053	1	0	0	0	0	0	1	0	1	2	0	0
AAEL000401	74	52	63	38	64	42	42	38	57	69	32	82
AAEL000383	408	243	262	217	210	262	225	274	259	262	239	380
AAEL025524	271	158	177	174	159	157	149	202	198	134	184	170
AAEL000399	96	43	39	72	50	78	37	63	39	55	83	133
AAEL000403	294	230	247	198	188	210	274	251	330	210	201	257
AAEL000388	8545	4739	6278	8582	8966	5704	4211	4514	6672	3524	4705	5652
AAEL009524	9992	6265	7101	6381	9540	8968	7649	9443	12479	10369	9498	9483
AAEL022485	117	49	49	38	47	108	145	136	234	98	144	182
AAEL021042	45	2	2	2	6	3	2	4	7	2	0	19
AAEL021705	0	0	0	0	0	0	0	0	0	0	0	0
AAEL023404	0	0	0	0	0	0	0	0	0	0	0	0
AAEL026824	2	1	1	0	0	0	9	1	1	1	1	0
AAEL026116	0	0	0	0	0	0	1	0	0	0	0	0
AAEL018259	689	556	406	471	333	726	376	604	619	349	564	634
AAEL013309	2421	2112	1837	1368	1565	1737	1323	2217	2048	1505	1561	2271
AAEL019434	631	558	393	413	248	421	493	784	520	414	386	637
AAEL013314	450	293	379	474	663	505	288	343	336	352	348	424
AAEL013310	214	187	221	152	268	167	140	153	168	220	127	237
AAEL023533	0	0	0	0	0	0	0	0	0	0	0	0
AAEL007539	2681	1927	1804	1171	965	1655	1863	2570	2296	1573	1541	3024
AAEL007543	49	32	43	15	45	46	35	33	34	35	29	36
AAEL016505	0	0	0	0	0	0	0	0	0	0	0	0
AAEL007534	175	153	119	184	321	226	115	184	160	166	317	321
AAEL026124	0	0	0	0	0	0	0	2	1	6	0	0
AAEL015631	3203	2094	3507	1883	2760	707	851	384	489	349	664	509
AAEL007535	305	212	145	131	145	220	377	342	587	253	377	268
AAEL018995	0	0	0	0	0	0	0	0	0	0	0	0
AAEL028693	0	0	0	0	0	0	1	0	0	0	0	0
AAEL028989	0	0	0	0	0	0	0	0	0	2	0	0
AAEL028918	0	0	0	0	0	0	0	0	0	0	0	0
AAEL016515	0	0	0	0	0	0	0	0	0	0	0	0
AAEL016516	0	0	0	0	0	0	0	0	0	3	0	0
AAEL016517	0	0	0	1	0	0	0	0	0	0	0	0
AAEL028825	0	0	0	0	0	0	0	0	0	0	0	0
AAEL016519	0	0	0	0	0	0	0	0	0	0	0	0
AAEL016520	0	0	0	0	0	0	0	0	0	0	0	0
AAEL028841	0	0	0	0	0	0	0	0	0	0	0	0
AAEL028883	0	0	0	0	0	0	0	0	0	0	0	0
AAEL028747	0	0	0	0	0	0	0	0	0	0	0	0
AAEL028773	0	0	0	0	0	0	0	0	0	0	0	0
AAEL016525	0	0	0	0	0	0	0	0	0	0	0	0
AAEL016526	0	0	0	0	0	0	0	0	0	0	0	0
AAEL016527	0	0	0	0	0	0	0	0	0	0	0	0
AAEL016528	0	0	0	0	0	0	0	0	0	0	0	0
AAEL016529	0	0	0	0	0	0	0	0	0	1	0	0
AAEL026433	0	0	0	0	0	0	4	0	0	0	0	0
AAEL016530	0	0	0	0	0	0	0	0	0	0	0	0
AAEL016531	0	0	0	0	0	0	0	0	0	0	0	0
AAEL016956	0	0	0	0	0	0	0	0	0	0	0	0
AAEL028995	0	0	0	0	0	0	0	0	0	0	0	0
AAEL016536	0	0	0	0	0	0	0	0	0	0	0	0
AAEL028670	0	0	0	0	0	0	0	0	0	0	0	0
AAEL016537	0	0	0	0	0	0	0	0	0	0	0	0
AAEL016538	0	0	0	0	0	0	0	0	0	0	0	0
AAEL016539	0	0	0	0	0	0	0	0	0	0	0	0
AAEL016540	0	0	0	0	0	0	0	0	0	0	0	0
AAEL016541	0	0	0	0	0	0	0	0	1	0	0	0
AAEL016542	0	0	0	0	0	0	0	0	0	0	0	0
AAEL023954	7	1	0	7	2	4	2	4	4	0	0	0
AAEL016543	0	0	0	0	0	0	0	1	0	0	0	0
AAEL016544	0	0	0	0	0	0	0	0	0	0	0	0
AAEL016545	1	0	0	0	0	0	1	0	0	0	0	0
AAEL016547	0	0	0	0	0	0	0	0	0	1	0	0
AAEL016549	0	0	0	0	0	0	0	0	0	0	0	0
AAEL028142	1	0	0	0	3	5	4	2	0	1	2	1
AAEL027321	0	0	0	0	0	0	1	0	0	1	1	1
AAEL016550	0	0	0	0	0	0	0	0	0	0	0	0
AAEL016551	0	0	0	0	0	0	0	1	0	0	0	0
AAEL016552	0	0	0	0	0	0	0	0	0	1	0	0
AAEL028642	0	0	0	0	0	0	0	0	0	0	0	0
AAEL028974	0	0	0	0	0	0	0	0	0	0	0	0
AAEL016556	0	0	0	0	0	0	0	0	0	0	0	0
AAEL018941	0	0	0	0	0	0	0	0	0	0	0	0
AAEL016559	0	0	0	0	0	3	0	0	0	0	0	0
AAEL016561	0	0	0	0	0	0	0	0	0	0	0	0
AAEL020632	3	0	2	0	0	0	1	30	1	8	1	4
AAEL018811	0	0	0	0	0	0	0	0	0	0	0	0
AAEL016013	0	0	0	0	0	0	0	0	0	0	0	1
AAEL016012	0	0	0	0	0	0	0	0	0	0	0	0
AAEL016011	0	0	0	0	0	0	0	0	0	0	0	0
AAEL016010	0	0	0	0	0	0	0	0	0	0	0	0
AAEL016009	0	0	0	0	0	0	0	0	0	0	0	0
AAEL016008	0	0	0	0	0	0	0	0	0	0	0	0
AAEL016005	0	0	0	0	0	0	0	0	0	0	0	0
AAEL016004	0	0	0	0	0	0	0	0	0	0	0	0
AAEL019625	388	227	222	107	40	215	561	515	463	325	414	857
AAEL025364	0	0	0	0	0	0	1	0	1	0	0	2
AAEL019624	825	705	585	426	361	808	778	1010	1010	642	764	1241
AAEL000022	453	288	359	463	670	407	275	232	294	325	287	365
AAEL000042	158	131	121	103	105	158	116	137	166	130	121	171
AAEL000088	658	495	464	462	432	519	322	552	560	410	423	688
AAEL022764	2	1	1	0	12	0	0	3	1	0	0	3
AAEL000008	992	504	614	740	856	688	500	781	693	698	584	1012
AAEL016003	1	0	0	0	0	0	0	0	0	0	0	0
AAEL016002	0	0	0	1	0	0	0	0	0	0	0	0
AAEL018812	0	0	0	0	0	0	0	0	0	0	0	0
AAEL016000	0	0	0	0	0	0	0	0	0	0	0	1
AAEL000044	903	424	795	1861	3247	2120	344	1552	715	948	849	1324
AAEL019508	57	23	27	16	21	38	156	143	164	114	58	166
AAEL020916	0	0	0	0	0	0	0	0	0	1	1	0
AAEL025787	0	0	0	0	1	1	3	0	4	0	0	1
AAEL000080	15675	11500	18775	10633	25622	6327	1332	1162	880	2834	2471	5467
AAEL000025	40	181	173	94	140	24	4	38	11	15	14	37
AAEL020202	10	1	2	0	5	2	2	0	0	1	1	0
AAEL000006	11159	9458	13327	7524	20221	4985	1926	4077	2614	3533	2342	8313
AAEL025728	1	4	2	2	8	2	2	5	2	2	1	0
AAEL000001	806	698	692	761	921	815	613	558	904	533	697	608
AAEL000090	2195	1593	1411	1605	1493	2507	1398	1710	2027	1543	2305	3334
AAEL000032	60136	37731	41738	50786	70184	52537	28749	29338	54889	24511	38094	30486
AAEL000010	30240	23370	27092	25494	38445	25395	24441	17230	25419	21145	21035	19687
AAEL023451	0	0	0	0	0	0	0	3	1	1	0	2
AAEL022780	0	0	0	0	0	0	0	0	0	1	0	1
AAEL025566	1	0	0	0	0	4	1	0	1	1	0	0
AAEL000005	703	527	545	528	605	597	370	444	576	371	536	580
AAEL000065	293	194	210	184	126	180	152	239	265	166	168	304
AAEL000055	1024	812	940	938	1252	900	628	875	701	922	982	2077
AAEL000073	50	17	48	28	53	22	29	35	29	43	13	15
AAEL028646	0	0	0	0	0	0	0	0	0	0	1	0
AAEL000051	48	23	24	28	45	24	52	65	42	52	41	55
AAEL025397	0	0	0	0	0	0	0	0	0	3	0	0
AAEL018060	0	2	0	0	0	0	2	0	2	0	0	1
AAEL000071	14	10	10	15	61	5	10	13	12	10	10	8
AAEL000018	2	0	2	0	0	0	0	0	0	0	10	0
AAEL000066	1	2	0	4	3	8	2	4	2	0	0	0
AAEL000039	0	0	0	0	0	2	0	1	0	0	0	0
AAEL000089	0	0	1	1	0	0	1	0	1	0	0	1
AAEL000041	13	1	2	10	7	4	2	12	9	12	7	16
AAEL000047	0	0	0	0	0	0	0	0	0	0	0	1
AAEL027498	0	0	0	1	0	0	2	0	2	0	0	0
AAEL026528	0	0	0	0	0	0	0	0	0	0	0	0
AAEL026162	0	0	0	0	0	0	1	0	0	0	0	0
AAEL000011	2	0	1	0	0	5	0	1	1	0	0	1
AAEL000095	28	7	12	0	1	7	6	3	16	3	5	11
AAEL000027	0	0	0	2	0	0	2	1	2	0	0	3
AAEL000063	3	0	0	2	0	2	3	0	1	0	1	0
AAEL000035	37	21	25	28	22	21	24	46	34	24	27	17
AAEL021256	716	556	539	961	1187	784	479	603	724	633	544	824
AAEL000057	22	14	20	62	30	30	8	10	14	18	23	53
AAEL000021	41	14	26	0	3	2	9	8	20	13	14	19
AAEL000036	1	0	5	0	4	0	3	1	0	1	2	0
AAEL000098	6	12	0	4	2	3	11	26	20	19	19	6
AAEL024935	0	0	0	0	0	1	0	0	0	1	1	0
AAEL027811	0	0	0	0	1	0	0	0	0	0	0	0
AAEL025422	0	0	0	2	0	0	0	0	0	0	0	0
AAEL025951	1	0	0	0	0	0	1	0	0	0	0	0
AAEL026709	0	0	0	0	0	0	0	0	0	0	0	0
AAEL024333	2	0	2	0	0	0	4	0	2	5	1	9
AAEL000058	0	1	6	2	0	0	0	1681	165	144	1	2
AAEL000094	62	165	139	38	99	28	55	141	64	36	39	359
AAEL026496	1	0	1	0	0	0	6	0	1	0	1	1
AAEL015526	8	5	3	1	12	9	4	1	2	9	3	3
AAEL000085	2	0	0	1	0	0	0	0	1	0	1	0
AAEL000050	355	282	270	430	605	433	179	197	231	283	271	430
AAEL021963	959	815	522	297	198	903	1650	1269	1612	763	1345	1623
AAEL022085	0	0	0	0	0	0	0	2	3	2	1	0
AAEL023601	562	432	392	345	321	542	280	384	395	273	459	417
AAEL024273	1	0	0	0	0	0	0	0	0	0	0	0
AAEL021273	0	0	1	2	0	0	1	1	2	1	0	0
AAEL000076	330	246	250	251	224	261	192	209	299	218	223	272
AAEL000020	833	562	605	610	662	737	413	738	678	555	574	784
AAEL000046	478	359	324	342	453	584	176	225	426	246	311	259
AAEL021083	48647	35742	43277	42230	65741	38813	35517	24514	42157	29573	30064	26896
AAEL020723	0	0	0	0	0	0	0	0	0	0	0	0
AAEL000077	1330	796	1022	890	869	826	774	758	992	1094	962	1214
AAEL000097	3	3	1	3	2	4	3	3	3	4	1	7
AAEL000026	246	182	224	166	183	168	164	158	157	201	118	187
AAEL000091	859	725	941	690	703	692	463	719	589	624	469	945
AAEL000004	1614	980	1248	838	782	714	753	510	703	768	590	1058
AAEL000033	437	291	357	288	235	292	308	286	371	276	284	424
AAEL000012	23	12	25	18	14	6	20	25	53	11	4	28
AAEL024813	1	0	1	7	0	1	1	5	3	0	3	3
AAEL026216	0	0	0	0	0	0	0	0	0	0	0	0
AAEL022932	166	80	56	47	31	49	141	173	267	81	153	244
AAEL000069	4	6	6	2	11	1	3	2	2	1	1	8
AAEL000092	268	203	204	509	474	354	145	140	198	190	162	122
AAEL000075	1	0	0	1	0	1	4	1	0	0	1	1
AAEL020708	0	0	1	0	0	0	0	0	1	1	0	0
AAEL000043	2	1	3	1	2	0	2	1	2	7	0	1
AAEL000048	1	6	4	4	7	7	2	2	1	4	11	4
AAEL024669	752	254	351	17724	11403	11535	527	716	1637	3007	9495	8167
AAEL000038	584	372	578	732	929	542	355	266	363	564	739	1076
AAEL000074	1960	927	1369	8352	8488	3722	928	1148	2026	1342	4174	2640
AAEL026937	2	1	3	8	4	7	1	7	2	3	5	7
AAEL000037	649	405	202	6635	6449	3311	212	758	693	1000	3045	3147
AAEL018109	480	379	370	1520	1114	492	248	329	495	204	683	749
AAEL015430	161	49	39	2334	1566	1001	90	135	192	213	804	1221
AAEL000028	4595	2334	2856	14611	17921	6943	1875	2261	4354	3059	6990	11282
AAEL025334	53	39	27	74	122	70	26	27	70	38	126	115
AAEL000099	861	686	752	1841	1907	1623	261	341	538	387	1327	1425
AAEL000087	975	734	575	1260	2587	1069	308	450	964	443	1632	3491
AAEL017335	139	66	100	52	36	44	94	88	112	67	74	172
AAEL000013	434	293	321	289	348	326	269	240	343	311	283	341
AAEL000053	600	518	566	361	306	461	508	550	483	593	373	835
AAEL026166	0	2	3	0	0	0	19	7	3	10	4	10
AAEL027228	402	404	390	265	163	211	179	471	483	486	260	586
AAEL025818	1428	922	1038	1091	694	1377	1115	1467	1392	1202	1297	1980
AAEL022948	132	137	107	86	110	140	176	135	296	133	168	169
AAEL026510	0	0	0	0	0	0	0	0	0	0	0	0
AAEL021563	6	10	1	13	0	7	3	1	10	7	4	2
AAEL011564	4418	2555	2782	3666	3834	4533	2292	3063	3522	3250	4780	6261
AAEL011575	1666	1140	1469	571	655	632	1464	3032	1721	1391	1039	1810
AAEL011568	1588	1402	1620	1427	1571	1169	964	1247	1389	1250	1075	1841
AAEL011567	964	743	703	1199	1248	1155	585	655	804	666	977	1467
AAEL011566	1056	326	369	383	495	422	709	1416	1045	634	1269	1212
AAEL011570	205	135	157	183	227	178	162	170	186	186	126	184
AAEL011563	441	235	194	241	313	360	568	664	795	418	515	653
AAEL024124	3	0	1	0	1	1	3	1	2	1	2	1
AAEL026551	124	92	44	3	11	89	319	338	384	142	203	418
AAEL019496	223	246	129	22	57	328	507	646	859	262	572	563
AAEL011571	10	6	13	1	3	8	16	9	17	14	12	11
AAEL019769	500	320	418	387	333	359	181	399	345	250	220	282
AAEL008128	619	460	571	822	1021	650	276	260	422	343	330	347
AAEL027174	157	83	100	100	114	89	100	112	109	139	82	149
AAEL008130	1	1	1	0	1	2	1	3	0	1	0	1
AAEL025399	35	4	16	13	6	15	6	9	6	10	10	36
AAEL008134	2872	1651	2368	2903	2824	2135	1696	1869	2356	1701	1840	2287
AAEL008132	1	1	0	3	5	4	2	259	28	85	1	8
AAEL026609	20	4	22	11	38	5	27	21	42	22	10	15
AAEL008125	206	120	113	75	90	61	142	136	244	104	115	189
AAEL008136	125	100	126	150	167	191	112	179	193	161	161	258
AAEL008120	436	323	349	349	514	341	256	316	372	262	252	411
AAEL008126	1127	955	698	559	343	635	685	737	722	653	491	1380
AAEL008135	595	443	452	531	546	499	343	453	494	444	380	585
AAEL008133	384	321	295	447	487	439	276	353	425	283	312	342
AAEL008127	0	0	0	0	0	0	0	0	0	0	0	0
AAEL022216	0	0	1	0	3	0	2	0	0	0	2	0
AAEL008131	1837	1377	1392	1527	1690	1480	1230	1395	1739	1399	1158	1558
AAEL024736	1324	827	999	634	640	709	1110	883	1067	1014	1025	1405
AAEL023416	3	1	3	2	2	0	5	7	4	6	3	5
AAEL020671	208	119	138	35	54	98	240	143	185	169	230	285
AAEL008124	319	256	363	364	303	213	175	282	271	297	170	304
AAEL023689	10	4	9	9	7	7	10	5	10	8	9	19
AAEL026507	12	11	6	17	26	11	12	13	15	10	17	26
AAEL023415	0	0	0	0	0	0	0	0	0	0	0	0
AAEL024846	11	5	10	13	12	13	10	23	21	22	18	20
AAEL000181	1987	1474	1349	1348	939	1644	1612	1284	1803	1344	1628	2086
AAEL016020	0	0	0	0	0	0	0	0	0	0	0	0
AAEL018820	0	0	0	0	0	0	0	0	0	0	0	0
AAEL000213	1378	1447	1366	2248	3790	1174	235	965	779	517	526	898
AAEL000164	246	138	160	113	261	207	131	115	193	163	107	150
AAEL020116	741	552	641	654	680	620	446	392	502	476	401	452
AAEL000166	88	66	56	22	29	72	260	287	276	211	327	801
AAEL025377	3	8	8	4	11	3	5	1	4	30	0	13
AAEL000188	67	87	58	81	69	136	70	84	127	100	117	230
AAEL000216	1	3	0	4	2	2	2	0	6	1	3	6
AAEL019905	197	167	131	50	96	139	276	181	412	202	257	312
AAEL019906	1	1	0	1	1	0	2	5	1	5	1	8
AAEL000163	254	193	249	209	318	267	189	222	257	253	144	253
AAEL000214	282	164	202	358	431	346	164	185	188	250	267	371
AAEL000217	2280	1769	1477	1070	690	1494	1666	2537	1903	1218	1498	2833
AAEL000159	1504	988	1182	1028	1033	1121	1053	1503	1291	1226	1048	1148
AAEL004456	473	416	353	340	351	320	336	370	420	315	264	429
AAEL021616	0	0	0	0	0	0	0	0	0	0	0	0
AAEL023087	2	19	14	4	3	0	4	14	6	17	6	17
AAEL027613	0	0	0	0	0	0	0	0	0	0	0	0
AAEL026660	0	0	0	0	0	0	0	0	0	0	0	0
AAEL022669	15	18	33	18	11	11	26	19	18	21	14	30
AAEL004471	1395	874	772	846	733	1024	1078	1296	1822	1028	1403	1415
AAEL004462	1242	1173	859	642	582	1173	841	1034	974	601	667	1058
AAEL026888	0	0	0	0	0	1	0	0	0	0	0	0
AAEL004480	529	395	403	207	134	214	399	434	495	353	360	706
AAEL023070	8	7	7	5	7	5	4	4	5	9	5	5
AAEL025887	0	0	1	0	0	0	0	0	0	0	0	0
AAEL026766	1	0	0	0	2	3	0	3	0	0	1	0
AAEL027029	10	10	9	1	1	6	8	6	7	4	3	13
AAEL027716	3	2	2	1	8	2	3	0	4	6	1	7
AAEL018323	3982	3051	2231	1332	1019	3108	2171	2687	3306	1627	3147	4715
AAEL004472	5986	4800	3397	1157	1760	5288	3977	6310	6709	2637	4626	7249
AAEL004449	398	322	337	290	272	222	213	321	285	249	228	353
AAEL004482	306	288	249	254	342	487	166	172	303	143	223	173
AAEL004455	546	447	482	431	576	583	350	465	616	364	323	480
AAEL004474	1356	913	1075	698	596	987	1099	2078	1765	1213	1331	2102
AAEL004451	238	170	186	263	217	195	153	259	238	239	142	305
AAEL004479	196	126	122	114	70	152	164	203	220	202	270	332
AAEL004466	25	2	3	95	47	72	20	20	71	15	48	118
AAEL026837	1270	680	951	555	453	535	784	1690	1176	862	714	1245
AAEL026554	1	1	1	0	0	0	1	2	5	3	1	4
AAEL014369	2	2	8	1	2	11	8	8	12	54	18	35
AAEL014368	383	373	480	396	465	361	247	302	319	321	276	388
AAEL019444	2038	1515	1431	717	472	1033	2493	2343	2600	1738	1881	3607
AAEL012413	563	477	350	280	293	507	352	467	560	278	398	539
AAEL024499	0	2	0	0	0	0	1	0	0	2	0	1
AAEL012419	2124	1870	1624	1486	1572	2789	1260	1912	1963	1363	2237	2995
AAEL029016	401	340	305	311	339	410	240	209	433	249	274	265
AAEL012417	459	380	453	417	608	318	208	175	179	261	337	564
AAEL027377	0	0	0	0	0	0	0	0	0	0	0	0
AAEL012418	202	206	256	132	161	136	179	417	265	284	133	452
AAEL011770	4	3	1	1	0	0	3	2	3	1	1	2
AAEL011761	1	1	3	0	1	0	1	1	3	1	10	1
AAEL020553	10	23	10	6	4	5	8	4	9	8	17	20
AAEL022568	43	23	22	11	20	15	28	22	21	13	21	27
AAEL012770	80	46	44	81	58	77	53	79	84	42	48	46
AAEL012772	88	50	99	40	37	52	82	85	105	43	53	49
AAEL012761	52	37	38	56	48	44	60	32	41	56	48	46
AAEL012769	0	1	1	0	0	0	1	2	1	1	0	0
AAEL020522	3	0	0	2	0	3	0	0	3	1	2	1
AAEL012765	33	26	13	7	5	2	22	20	12	16	7	5
AAEL012762	41	21	22	18	20	22	36	34	61	29	20	24
AAEL012766	24	14	24	8	14	14	19	17	32	34	18	14
AAEL012764	8178	6108	7144	14989	16867	6218	616	896	848	1022	2134	3172
AAEL023732	20	4	6	7	2	9	8	64	21	6	25	13
AAEL027236	19	14	28	30	63	28	7	20	6	15	20	36
AAEL012763	530	266	195	581	689	598	186	345	237	199	275	280
AAEL012767	98	60	49	139	141	153	30	226	144	52	127	172
AAEL000340	67	32	26	74	33	102	45	55	60	56	65	50
AAEL000336	198	136	93	85	103	132	246	724	439	262	252	407
AAEL027631	30	12	14	14	18	19	23	25	19	20	13	18
AAEL020266	4	8	4	5	3	6	1	2	1	3	5	1
AAEL000338	282	339	335	131	68	65	406	13	8	102	89	309
AAEL017136	184	85	95	243	326	247	187	153	149	172	144	144
AAEL017215	0	0	0	0	0	0	0	3	7	2	0	0
AAEL000320	33	28	43	5	3	8	16	41	38	21	20	17
AAEL029116	144	19	18	15	19	0	62	3	49	5	15	9
AAEL000357	0	0	0	0	0	0	1	0	3	0	0	0
AAEL000326	0	0	0	0	0	0	0	0	0	0	0	0
AAEL021240	16	0	3	1	1	4	33	23	21	13	13	41
AAEL011811	1153	1249	1278	383	461	582	709	1441	802	985	534	1604
AAEL011807	129	143	91	54	79	137	101	107	113	93	84	119
AAEL011813	987	723	740	713	723	783	515	694	799	610	688	896
AAEL026800	40	20	36	16	37	21	21	26	21	57	16	38
AAEL011805	117	116	105	70	117	111	80	121	136	92	103	146
AAEL011815	1162	991	836	807	725	982	829	931	1201	803	1154	1335
AAEL011817	1962	1344	1245	1417	928	1553	1444	1958	2266	1379	1823	2395
AAEL011814	718	624	579	509	615	540	517	554	853	457	647	610
AAEL011812	309	224	207	217	146	270	241	305	357	226	259	273
AAEL011819	606	452	421	555	473	528	343	423	469	430	477	440
AAEL011810	315	340	213	401	420	497	231	235	268	293	394	363
AAEL011808	0	1	0	1	0	2	1	214	7	0	0	0
AAEL011809	38	61	47	13	24	18	38	64	68	33	45	40
AAEL027830	4	10	5	7	11	12	11	7	12	5	10	16
AAEL002485	1	0	0	0	0	0	2	6	8	1	2	0
AAEL021999	0	1	0	0	0	0	0	0	0	0	0	0
AAEL022222	0	0	0	3	4	4	1	0	0	2	0	0
AAEL019738	14	6	15	13	7	23	15	42	36	20	19	25
AAEL002476	0	3	1	0	0	0	1	1	0	1	2	0
AAEL021519	273	180	178	208	157	251	148	197	259	140	212	213
AAEL021325	0	0	0	0	0	0	1	0	0	0	0	0
AAEL018026	34	17	25	51	62	75	32	44	27	43	70	115
AAEL005788	8	2	1	8	2	7	4	7	1	7	1	13
AAEL018025	5	2	1	0	2	1	2	20	1	5	1	3
AAEL005771	0	0	0	0	0	0	0	257	216	210	0	1
AAEL015313	9	8	5	5	18	8	8	11	10	18	9	14
AAEL020811	0	0	1	7	14	5	3	6	4	11	0	37
AAEL024863	1	1	1	1	1	2	2	0	2	0	0	2
AAEL005769	656	454	498	1269	1224	1530	366	1599	1335	804	2121	1598
AAEL025744	175	36	74	237	189	319	181	153	373	116	247	255
AAEL005786	2	0	2	18	20	19	0	25	8	24	3	11
AAEL005767	0	0	0	0	1	0	0	0	0	0	0	0
AAEL005779	178	118	106	128	161	181	176	351	309	620	188	302
AAEL005776	57	34	23	36	51	19	19	31	37	39	23	22
AAEL005785	19	13	8	5	2	14	44	22	55	19	45	41
AAEL005766	37753	29014	22825	16057	24541	20389	22090	25110	33041	18471	22048	26421
AAEL005775	3	0	1	8	0	0	1	2	0	0	3	0
AAEL005694	89	63	64	157	157	164	68	58	81	87	114	128
AAEL005710	0	0	0	0	0	0	1	0	0	0	0	1
AAEL005682	0	0	0	0	0	0	0	0	0	0	0	0
AAEL020038	0	1	0	0	0	0	0	0	0	0	0	2
AAEL005711	0	0	0	0	0	0	0	0	0	0	0	0
AAEL005691	6	2	2	91	79	44	6	14	6	4	11	65
AAEL005681	35	7	8	2	2	10	85	52	62	61	47	91
AAEL005687	377	239	253	193	550	173	219	148	193	287	124	488
AAEL005702	6	3	0	0	6	1	0	0	2	3	4	1
AAEL005706	614	370	395	368	315	918	531	643	759	605	960	1546
AAEL005709	1450	976	1012	1023	898	1045	966	845	1232	860	921	1068
AAEL005699	1986	1292	1796	1846	2437	2111	1440	1510	1938	1992	2376	3459
AAEL005688	219	173	141	180	183	154	125	147	173	124	147	209
AAEL005678	691	451	428	422	323	472	380	291	401	422	385	508
AAEL019464	34	13	24	12	5	10	105	64	72	66	126	108
AAEL020397	0	0	0	0	0	0	2	0	0	0	1	0
AAEL017043	4	0	0	1	1	0	5	6	5	3	0	7
AAEL004218	0	0	0	0	2	0	3	1	1	0	1	5
AAEL024816	0	0	0	0	0	0	0	0	1	0	0	0
AAEL017305	0	1	3	0	1	0	4	1	2	0	1	0
AAEL017221	0	0	0	0	0	0	0	0	1	0	0	0
AAEL021148	1	0	5	0	2	0	2	1	5	21	2	2
AAEL029104	3908	2550	2728	3428	4673	2440	2901	3445	4592	6362	3472	3612
AAEL004212	229	150	112	251	362	406	340	319	412	378	425	507
AAEL004211	475	389	326	237	175	296	502	332	492	344	495	777
AAEL027774	9	3	5	0	0	2	23	28	19	21	27	32
AAEL018317	69	24	57	17	4	44	224	163	216	147	159	195
AAEL022076	301	191	192	267	320	223	242	308	376	220	341	453
AAEL024725	8	6	3	0	4	8	13	5	10	7	8	9
AAEL004200	532	288	480	390	338	336	398	390	457	461	373	518
AAEL004203	2	0	0	0	0	0	1	0	0	3	0	0
AAEL004206	8	7	2	55	81	65	19	17	20	34	70	107
AAEL026848	2	5	0	0	0	0	0	2	2	6	3	4
AAEL004205	7	1	0	11	6	3	2	3	0	3	3	9
AAEL004216	18	11	17	13	27	14	13	4	29	14	33	159
AAEL004221	3709	2397	2514	1837	1716	1785	2176	2606	2644	2219	2240	2751
AAEL020554	1	0	0	0	0	0	1	0	0	0	1	0
AAEL004213	1242	874	1786	1301	2603	419	365	60	443	336	322	850
AAEL004226	1	0	1	0	0	2	0	1	1	2	1	1
AAEL025686	998	723	268	1181	1179	1073	1054	981	869	849	942	870
AAEL022484	0	0	0	0	0	0	0	1801	1506	1382	0	0
AAEL013719	0	0	0	0	0	0	1	2334	2403	2263	0	0
AAEL028922	0	0	0	0	0	0	0	0	0	0	0	0
AAEL013718	0	14	1	0	0	0	0	3	2	0	1	2
AAEL018883	0	0	0	0	0	0	0	0	0	0	0	0
AAEL024641	69	42	39	13	20	22	48	38	76	30	37	42
AAEL009567	74	56	73	87	79	75	106	126	152	76	106	89
AAEL009559	2	4	0	5	16	5	5	1	2	6	3	13
AAEL009566	7	1	3	4	8	13	2	8	6	9	8	5
AAEL029014	640	258	485	335	585	282	458	234	605	337	364	471
AAEL009561	184	195	82	181	561	244	192	120	264	215	184	286
AAEL009569	1480	1133	1258	930	1252	1028	802	912	1087	945	970	1383
AAEL009564	0	1	0	0	2	0	2	0	0	0	0	1
AAEL000801	0	1	0	0	0	0	2	0	0	1	0	0
AAEL018135	35	4	3	11	7	18	17	10	12	10	23	8
AAEL025454	213	59	39	28	36	83	124	133	194	99	140	144
AAEL024981	38	26	30	19	10	15	4	13	17	9	15	36
AAEL000815	1129	873	870	766	499	810	1154	1444	1213	1204	970	2114
AAEL000804	241	250	163	281	277	263	164	169	235	149	196	198
AAEL000795	12691	7110	8602	8163	7176	8159	9909	10892	15657	9323	9742	13755
AAEL022540	460	386	406	385	353	524	357	354	418	321	362	405
AAEL024658	1	0	1	0	1	1	0	0	0	0	0	1
AAEL000849	0	0	0	0	0	0	0	0	0	0	0	0
AAEL000853	1	2	1	0	0	1	0	0	0	0	0	1
AAEL000852	0	1	0	0	0	2	0	0	0	0	1	1
AAEL000825	8	3	12	2	5	4	5	4	20	4	18	21
AAEL024382	0	0	0	0	0	0	0	0	0	0	0	1
AAEL000810	257	200	137	74	55	155	346	327	473	165	293	371
AAEL016073	0	0	0	0	0	0	0	0	0	0	0	0
AAEL016072	0	0	0	0	0	0	0	0	0	0	0	0
AAEL016071	0	0	0	0	0	0	0	0	0	0	0	0
AAEL019391	0	0	0	0	0	0	2	0	0	0	0	0
AAEL000809	21	16	17	19	40	25	22	15	22	21	15	25
AAEL000807	1729	1076	1212	933	1063	1919	747	1356	1497	856	1242	1952
AAEL000823	44068	29560	34205	37899	57206	34921	29941	20909	35772	28788	26156	22908
AAEL021073	652	397	279	299	306	494	932	945	1052	508	963	1004
AAEL024848	1	0	4	1	1	1	3	9	1	1	2	5
AAEL000843	1	2	1	0	1	2	2	1	1	1	0	1
AAEL000826	1	0	0	3	1	0	2	0	1	0	0	1
AAEL026619	520	351	412	332	362	322	317	563	380	426	282	378
AAEL001188	929	684	682	667	644	986	656	955	935	741	798	1203
AAEL022214	631	624	679	412	442	368	375	585	430	610	300	795
AAEL010636	110	58	134	91	204	109	103	99	129	105	111	86
AAEL019566	1539	1272	842	421	420	1340	1170	1247	1589	847	1419	1936
AAEL027796	3	0	1	3	9	0	5	0	5	3	4	11
AAEL024225	22	22	31	19	31	39	26	19	16	14	24	36
AAEL002581	490	497	360	287	247	592	447	406	711	305	558	501
AAEL023523	627	306	463	361	525	523	570	436	681	612	473	601
AAEL009880	731	553	592	479	421	504	444	551	562	453	385	595
AAEL021863	0	0	0	0	0	0	0	0	0	0	0	0
AAEL009890	722	659	503	374	379	650	479	1198	959	518	612	814
AAEL017458	374	282	219	193	274	205	182	196	216	218	199	262
AAEL009893	1272	1253	818	686	559	1151	1170	1437	1545	867	1150	1701
AAEL020592	4579	3790	3218	2131	1608	3123	3873	3618	4052	2509	3316	5718
AAEL009883	2091	1389	1413	1459	1413	1430	1108	1420	1823	1002	1269	1363
AAEL020293	4	19	8	2	2	2	6	0	0	1	5	5
AAEL009895	1235	844	804	781	663	919	1154	4292	3064	1778	1223	1513
AAEL009887	1233	936	1085	752	646	852	742	1132	1095	774	997	1318
AAEL009894	813	720	766	829	914	1047	478	490	593	648	786	1451
AAEL009879	1035	748	740	636	731	775	573	793	916	550	723	846
AAEL009882	2552	2359	2522	1425	1552	1664	1546	2872	1821	1793	1343	2965
AAEL025305	0	0	0	0	0	2	0	1	0	0	3	1
AAEL009891	1172	863	807	774	745	936	849	957	1215	792	892	1155
AAEL024695	1	0	0	0	1	1	0	3	0	0	3	1
AAEL009888	540	430	409	492	471	664	437	519	642	664	517	637
AAEL009886	2	4	5	6	4	10	10	3	13	3	14	19
AAEL009892	15	36	16	23	34	39	24	31	54	18	27	29
AAEL009881	282	216	163	206	179	192	587	451	629	348	381	691
AAEL025471	10	2	2	0	0	3	24	29	27	10	25	33
AAEL007360	1050	833	699	481	400	597	809	1269	1042	856	775	1560
AAEL007363	259	213	152	76	137	193	135	176	228	112	258	412
AAEL007364	173	96	130	123	162	184	115	192	199	107	159	196
AAEL007353	863	667	617	693	607	763	557	834	884	580	626	972
AAEL007351	275	257	324	318	534	357	193	194	265	270	237	304
AAEL007357	126	104	70	134	119	114	71	130	110	105	81	142
AAEL007355	384	355	377	328	408	354	291	296	353	343	270	332
AAEL007356	800	533	620	672	631	699	368	496	619	369	464	470
AAEL007354	667	449	472	625	673	645	560	540	909	534	568	481
AAEL018139	1192	1060	877	593	488	741	1061	1771	1314	959	1101	1828
AAEL025909	2	0	0	0	1	0	1	0	1	0	6	2
AAEL025353	77	7	20	10	6	5	65	33	38	71	38	62
AAEL019804	114	87	69	74	79	116	149	145	170	144	112	116
AAEL019805	159	70	73	56	85	81	102	104	173	137	109	130
AAEL002716	66	48	50	57	81	59	68	57	68	46	60	51
AAEL002703	741	773	796	894	1126	613	486	294	574	546	549	545
AAEL022887	0	0	0	0	0	0	0	0	0	0	0	0
AAEL027904	0	1	1	0	0	0	1	0	4	1	3	5
AAEL002713	4	0	1	1	2	0	3	2	6	2	8	2
AAEL026581	52	18	16	14	4	14	102	74	92	67	59	98
AAEL021746	4977	3358	2911	1950	1780	3622	3796	4445	5107	3007	4482	5227
AAEL002701	1334	963	1210	1004	1466	1090	447	611	652	616	609	1058
AAEL002718	35	51	46	20	15	23	71	36	68	63	54	99
AAEL018832	0	0	0	0	0	0	0	0	0	0	0	0
AAEL028239	1077	840	788	658	899	850	577	906	820	657	703	1220
AAEL002700	1266	1085	909	884	974	1231	765	1146	1271	762	1026	1425
AAEL012426	17	7	18	28	18	15	14	7	15	10	21	17
AAEL012427	3687	3246	3316	2464	2246	2223	1774	2908	2317	2294	2067	4104
AAEL012422	1	1	2	2	0	3	4	1	3	1	3	1
AAEL012425	289	139	231	177	267	178	244	1024	957	879	197	460
AAEL012424	16	11	10	8	6	8	9	5	17	13	14	12
AAEL012423	255	56	45	45	70	199	83	130	111	142	208	58
AAEL024560	182	115	89	17	8	113	552	432	615	242	337	456
AAEL027375	0	0	0	0	0	0	0	0	0	0	0	0
AAEL025989	0	0	0	0	0	0	0	0	1	0	0	0
AAEL026318	1	0	1	0	0	1	1	0	2	0	0	1
AAEL023184	0	0	0	0	0	0	0	0	0	0	11	8
AAEL025916	0	0	0	0	0	0	0	0	0	0	0	1
AAEL025836	576	410	440	449	377	410	389	402	497	442	436	555
AAEL021028	1	0	0	0	0	0	0	0	0	0	0	0
AAEL023607	0	1	0	0	0	0	0	0	0	0	0	0
AAEL027844	1	1	0	0	0	0	0	0	0	0	0	0
AAEL009418	13	7	9	10	6	5	16	6	48	10	4	6
AAEL007523	585	415	395	293	204	469	378	414	525	411	404	551
AAEL019758	1803	1159	1234	609	555	1078	1652	2481	1967	1592	1532	2396
AAEL002442	78	66	81	71	67	68	58	58	75	79	35	69
AAEL002437	844	756	680	672	539	806	629	919	897	631	703	932
AAEL026861	4	0	2	3	7	1	8	2	4	4	0	0
AAEL002446	1324	846	771	608	597	919	700	1079	1119	582	843	984
AAEL002449	34	31	34	2	1	5	26	28	51	34	18	10
AAEL002439	0	0	0	0	2	0	0	0	0	0	0	0
AAEL024764	0	0	0	0	0	0	0	0	0	0	0	0
AAEL026972	2	0	1	0	0	2	0	1	1	1	0	0
AAEL023640	8	0	1	0	2	1	2	4	5	0	5	1
AAEL002440	1	3	0	0	0	0	0	1	0	0	0	1
AAEL022446	0	0	1	0	0	0	2	0	0	0	0	0
AAEL020062	75	31	2	23	1	18	0	7	0	0	59	16
AAEL002447	90	115	83	129	206	80	38	60	82	43	63	126
AAEL026802	18	18	32	1	18	15	5	3	0	4	9	7
AAEL025657	0	0	0	0	0	0	0	0	0	0	0	0
AAEL002458	1	1	20	0	3	0	0	0	0	0	2	0
AAEL021328	1	2	1	0	3	1	0	0	2	0	3	0
AAEL002456	38	38	29	12	30	37	54	67	133	38	96	87
AAEL024013	0	0	2	1	0	0	0	3	3	0	0	0
AAEL002777	210	193	169	329	603	507	103	200	170	248	360	615
AAEL002797	1315	919	1254	1161	2000	997	750	919	842	905	776	833
AAEL002779	423	245	327	560	737	573	172	181	250	320	365	539
AAEL002788	935	894	696	469	372	789	828	1136	1191	683	773	1398
AAEL002789	1123	890	1062	1271	1641	1250	655	594	704	875	871	1109
AAEL020873	2	0	1	1	3	2	8	3	3	14	1	8
AAEL002782	460	354	356	308	258	395	291	425	372	263	256	411
AAEL002818	1866	1283	1433	1253	1018	1148	1198	1321	1577	1422	1228	1949
AAEL002780	13	21	18	3	9	8	3	28	13	8	10	16
AAEL022913	459	355	416	118	102	170	259	214	356	174	359	568
AAEL002781	1300	1618	1464	1453	2183	1174	779	2203	1609	925	959	1041
AAEL019579	1555	1115	1260	1481	1620	1171	1265	1648	1691	1436	1842	2921
AAEL022714	0	7	0	1	0	5	13	20	9	14	34	8
AAEL029055	0	0	1	0	0	0	6	7	5	1	0	3
AAEL026105	0	0	0	0	0	0	2	0	0	1	0	1
AAEL021551	1	0	0	0	0	2	0	1	0	1	1	0
AAEL008045	88	169	58	35	346	92	121	53	377	70	138	245
AAEL021146	0	0	0	0	0	0	0	0	0	0	0	0
AAEL008048	75	66	44	48	72	84	61	86	98	60	78	65
AAEL008044	324	307	372	335	562	363	270	240	266	330	228	232
AAEL008037	326	253	288	304	285	351	237	283	341	238	271	431
AAEL023051	0	0	0	0	0	0	0	0	0	0	0	0
AAEL028079	14	7	12	4	15	9	8	9	22	8	11	14
AAEL008042	420	312	339	227	163	351	324	397	473	326	321	452
AAEL008041	3233	3586	2844	1676	2017	2849	2037	4700	4011	2899	2110	3344
AAEL008038	165	129	139	115	158	147	130	100	93	118	89	166
AAEL008815	321	150	143	315	351	324	373	1329	1027	1114	299	653
AAEL008801	1189	576	610	4897	3727	3304	527	495	1012	2652	3510	3354
AAEL018165	53	44	36	32	25	47	49	60	69	45	57	59
AAEL008817	6	1	5	0	7	14	1	5	0	1	3	1
AAEL008788	206	171	147	120	117	154	113	212	202	139	132	265
AAEL008799	16	27	43	9	57	20	67	4890	1117	1469	138	544
AAEL008797	22	1	1	0	2	0	0	5000	206	7	4	1
AAEL008820	28	23	32	3	4	5	3	543	328	286	9	30
AAEL026403	3510	4800	5106	3779	3926	3122	2665	2620	2894	1859	3488	6169
AAEL027738	0	0	15	0	0	0	0	2	1	0	3	2
AAEL008789	2750	5140	5039	2005	3227	1772	1237	2207	1267	747	1660	2284
AAEL008805	1	3	7	2	1	4	3	14	11	17	0	1
AAEL026501	20	13	13	7	4	7	7	683	153	178	11	82
AAEL018164	1655	1285	1081	926	907	1245	945	1377	1265	978	1193	1824
AAEL008787	5865	4058	4150	3854	3774	5529	5314	5909	8842	4698	6905	7346
AAEL008800	618	552	572	746	714	696	296	455	534	398	374	538
AAEL008794	581	438	467	472	472	543	354	461	465	373	396	435
AAEL008806	2247	1821	1570	1535	1893	1554	1659	1667	2078	1322	1508	2284
AAEL008790	313	242	282	339	394	375	245	250	260	298	265	335
AAEL008807	477	329	317	364	360	343	307	387	388	364	378	579
AAEL027298	4	7	3	0	2	5	5	3	1	4	6	1
AAEL026276	168	70	87	85	113	121	182	167	233	193	207	278
AAEL024509	7	1	2	4	4	3	3	4	8	4	2	2
AAEL008809	0	0	0	0	0	0	0	0	0	0	0	1
AAEL008791	20	9	15	19	19	23	18	11	19	6	12	16
AAEL008785	4145	2826	3010	326	368	220	4415	6239	5773	781	2126	354
AAEL008803	435	346	288	300	362	404	326	411	403	319	374	462
AAEL023641	1	3	8	1	5	4	2	2	4	2	2	4
AAEL028004	889	839	750	683	533	861	616	992	993	661	710	1148
AAEL008786	924	547	847	770	1068	773	565	616	685	833	555	861
AAEL008823	1093	670	532	311	315	911	989	1153	1596	645	1074	1625
AAEL008814	987	803	658	876	734	1147	880	1234	1249	705	1165	1610
AAEL008798	823	153	348	297	186	160	163	302	254	177	159	284
AAEL022900	30	48	23	23	33	37	2	6	11	19	24	33
AAEL008822	96	92	88	64	132	122	117	76	131	107	116	153
AAEL018163	820	618	548	319	242	597	692	1003	922	482	702	1054
AAEL008811	144	127	157	112	172	116	99	92	130	123	111	131
AAEL008821	28	10	18	18	32	42	23	24	16	51	15	34
AAEL026628	0	0	1	0	0	1	1	2	0	0	0	3
AAEL023971	2	0	0	0	0	0	7	5	19	4	5	4
AAEL008793	1235	710	877	821	769	945	902	1030	1016	1250	913	1621
AAEL007783	707	809	676	419	499	666	546	908	628	742	422	988
AAEL007777	3247	1895	2385	3719	3798	2970	2340	1854	3492	2612	3055	3094
AAEL007787	4046	2026	3039	3218	2644	3102	2907	3387	3673	3719	2549	4550
AAEL007778	4206	3516	3494	22792	27107	19199	1773	1617	3184	3317	12531	18310
AAEL007785	87	55	64	140	138	96	69	53	105	74	115	155
AAEL023368	0	0	1	0	9	0	1	0	0	2	0	1
AAEL019796	37	21	27	23	47	32	41	40	42	47	41	48
AAEL007786	0	0	1	0	0	0	3	0	2	0	0	1
AAEL007780	646	291	300	362	766	559	531	535	1062	964	903	578
AAEL007776	1579	1040	1091	990	1870	1066	1296	1509	2430	1885	1569	1456
AAEL025052	0	0	0	0	0	0	0	0	0	0	0	0
AAEL002472	1	3	1	0	2	3	6	2	1	1	2	9
AAEL027198	0	0	0	0	0	0	0	0	0	1	0	0
AAEL007784	130	117	63	164	150	177	70	149	182	71	91	141
AAEL024462	6	2	29	2	5	7	1	35	4	9	2	128
AAEL007779	6	2	1	2	0	7	17	19	12	12	10	17
AAEL009097	40	58	39	24	65	36	564	784	333	1483	91	962
AAEL009099	824	875	505	521	576	658	758	847	1146	618	695	907
AAEL009093	1452	1019	944	804	615	963	1072	1479	1282	1041	1184	1891
AAEL027644	1283	999	824	475	403	785	1249	1452	1090	938	1054	2352
AAEL009100	346	268	312	281	243	344	182	258	227	259	306	463
AAEL009091	9	0	7	8	7	1	6	2	8	0	1	3
AAEL026093	131	117	138	50	81	64	72	62	67	83	30	38
AAEL009101	5133	4377	4380	4940	7172	5087	4020	2714	5323	3894	4411	3938
AAEL009105	1905	1326	1420	1476	1406	1283	1226	2081	1848	1530	1443	2447
AAEL009092	2411	1664	1760	1939	1892	2333	1865	1982	2548	1891	2667	2954
AAEL024171	76	43	52	88	88	118	66	78	100	107	135	217
AAEL024055	516	485	328	154	158	569	476	690	755	329	504	753
AAEL009090	154	125	112	117	147	121	123	94	86	130	104	111
AAEL019860	248	92	91	38	27	88	482	1561	913	434	356	509
AAEL023799	60	18	44	23	52	38	25	14	12	63	23	11
AAEL027243	34	8	27	15	23	14	15	14	13	27	15	7
AAEL020997	238	187	255	190	663	318	69	103	76	283	78	52
AAEL025024	36	23	9	77	202	58	17	13	32	45	86	70
AAEL021188	7	6	0	5	11	20	6	3	13	16	11	16
AAEL011946	0	4	3	4	2	3	9	12	3	6	3	4
AAEL025588	0	0	1	0	0	0	0	0	0	1	0	0
AAEL027964	0	0	0	0	0	0	2	1	0	3	0	0
AAEL007634	433	370	417	312	414	333	231	215	222	307	226	390
AAEL007636	666	433	437	411	390	434	469	601	547	499	412	655
AAEL007633	728	658	739	456	848	692	554	601	877	610	797	1163
AAEL017280	4931	3748	2817	1822	1127	3468	4423	4615	5642	2637	4226	5882
AAEL028785	0	0	0	0	0	0	0	0	0	1	0	0
AAEL023103	2	0	0	0	0	0	3	3	1	2	0	1
AAEL027609	2	0	0	0	0	0	0	0	0	0	0	0
AAEL024433	8	27	6	20	17	7	10	22	16	1	6	5
AAEL023288	101	79	47	70	54	47	78	63	39	80	50	40
AAEL021745	0	4	0	0	0	0	0	1	0	4	0	0
AAEL007637	1158	891	919	620	505	747	765	1187	1018	795	790	1374
AAEL005915	1517	982	857	758	509	869	1300	1108	1538	906	1023	1443
AAEL024715	1	0	0	0	0	0	2	1	2	4	1	1
AAEL026392	108	100	87	61	82	113	149	148	154	102	125	208
AAEL005922	1952	2141	1540	600	607	1170	1366	1973	1586	1145	1014	2876
AAEL005923	168	164	126	143	84	159	107	161	125	150	116	181
AAEL005938	651	514	546	351	322	356	516	416	420	717	427	1335
AAEL020992	10864	7752	7121	5556	4188	7027	9686	7658	11076	7081	9223	15159
AAEL027727	0	2	2	1	0	1	5	1	1	0	1	0
AAEL024137	0	3	1	0	0	1	7	1	1	6	1	0
AAEL005925	2	0	0	3	1	2	0	143	7	10	6	21
AAEL005936	159	137	154	76	38	91	108	204	174	186	132	266
AAEL026331	202	202	161	87	74	108	162	182	178	199	169	276
AAEL020519	17	75	70	48	45	48	70	36	131	10	18	17
AAEL026421	4	3	2	0	0	3	6	4	4	1	7	5
AAEL005918	1345	795	1141	2233	1871	1591	402	503	585	482	829	1199
AAEL005926	794	385	487	1091	1552	1262	484	452	458	573	1246	1552
AAEL025460	4591	2843	3036	3213	1456	2723	1955	2752	2819	2114	2329	3677
AAEL005929	1446	1038	979	1507	1041	1068	567	885	877	564	1038	1547
AAEL029012	335	230	254	273	294	213	230	174	205	234	179	258
AAEL015455	546	444	365	355	332	616	278	389	512	270	360	382
AAEL023437	2	0	2	3	3	1	2	0	0	0	2	1
AAEL027560	1331	1018	932	623	550	925	1020	1182	1243	875	919	1501
AAEL005931	7060	3912	5606	4195	3986	3905	3585	3162	4271	3343	3620	3754
AAEL023426	9	1	3	1	5	2	5	1	14	3	4	3
AAEL005928	239	173	178	286	304	230	167	157	156	158	176	210
AAEL005921	403	261	335	327	493	316	185	230	316	165	248	372
AAEL019908	290	247	205	94	36	172	364	389	467	184	299	536
AAEL019909	851	729	653	405	684	765	782	795	1162	589	794	1483
AAEL026903	84	69	58	29	59	90	258	675	359	338	201	304
AAEL005924	4	1	0	8	4	1	2	3	2	2	2	5
AAEL017009	0	0	0	0	0	0	0	0	0	0	0	0
AAEL018107	1	0	0	0	0	0	1	4	0	0	0	0
AAEL025311	35	16	7	11	14	10	5	2310	958	891	3	4
AAEL027170	0	0	2	0	0	2	2	9131	3889	1870	2	2
AAEL025937	15	3	8	3	8	5	57	15	21	37	36	56
AAEL026627	5	1	3	1	4	7	12	20	9	23	18	31
AAEL025912	10	3	0	4	6	4	6	4	6	15	3	4
AAEL011306	457	448	412	438	442	570	424	491	567	492	593	758
AAEL017000	0	0	0	1	0	0	5	0	3	1	0	2
AAEL028170	4	3	4	7	0	3	22	25	28	7	8	30
AAEL023822	1865	1212	1150	1071	881	1237	940	1349	1406	888	1209	1676
AAEL011303	152	151	163	150	187	118	133	139	172	149	115	170
AAEL011309	2979	1844	1858	2395	2272	2842	2193	2084	3206	1689	2033	1655
AAEL011301	582	399	379	359	290	523	319	534	527	366	400	509
AAEL011302	7017	4822	5368	15467	22943	14872	3541	4770	4471	9519	13966	15483
AAEL011307	20	28	51	16	26	28	31	76	43	61	19	52
AAEL006188	194	174	173	116	101	190	167	209	252	231	189	301
AAEL022152	0	3	0	0	2	0	0	3	0	0	0	0
AAEL006186	1686	1112	1513	1460	1680	1157	1198	1264	1362	1297	1227	1522
AAEL006175	144	145	153	112	148	134	99	100	124	110	94	133
AAEL006172	1052	735	820	811	859	779	662	786	1211	766	786	898
AAEL022672	2	0	2	1	3	0	3	5	2	4	0	0
AAEL006177	1833	1509	1753	1269	1120	1218	1262	1682	1358	1579	1060	1761
AAEL024064	24	8	13	17	19	15	14	18	32	19	11	35
AAEL017064	1429	1031	973	780	986	1280	846	844	1107	871	889	1217
AAEL025574	1414	535	954	1512	2274	1299	638	1379	964	1091	634	997
AAEL006171	983	887	608	99	253	726	955	1154	1547	753	1075	1279
AAEL006179	58	112	43	24	42	55	50	56	28	35	61	45
AAEL006185	914	677	733	677	569	827	819	1089	1191	804	842	1299
AAEL026294	20	12	26	7	33	36	8	7	13	8	22	27
AAEL022310	12	4	5	0	2	8	32	15	24	24	17	47
AAEL006178	127	67	43	14	14	89	114	98	155	47	140	255
AAEL026945	167	164	110	17	52	167	195	160	203	97	232	326
AAEL006174	1211	920	1221	1462	1771	1390	639	705	804	806	851	1185
AAEL006181	908	444	461	870	942	845	492	446	460	923	644	753
AAEL006187	2558	1772	1707	1733	1545	1866	1923	1811	2676	1325	1967	2468
AAEL018113	837	541	580	467	403	572	523	639	803	504	604	718
AAEL006176	300	140	197	265	300	127	147	157	230	276	170	196
AAEL006180	446	294	365	345	235	293	448	1298	679	646	669	1007
AAEL027983	0	0	0	3	5	4	2	0	6	1	0	0
AAEL011475	50	23	22	23	13	42	39	67	37	28	64	50
AAEL011480	694	418	424	474	267	470	500	662	749	480	573	807
AAEL011476	396	324	351	240	420	299	327	268	326	258	244	266
AAEL011469	2306	1596	1362	820	521	1457	2267	2779	2189	1520	1816	4111
AAEL023470	2	5	0	1	0	2	10	2	3	3	3	14
AAEL027446	2	5	0	1	11	1	3	2	11	7	2	4
AAEL023096	526	478	359	415	343	600	335	368	529	303	419	432
AAEL011473	215	163	178	157	141	181	122	113	149	127	136	206
AAEL011471	60256	40730	50554	53357	88634	50059	38004	27962	49899	42219	39800	35599
AAEL024642	2	0	0	0	0	0	1	0	2	1	2	0
AAEL011472	295	282	345	249	239	224	190	152	209	186	145	165
AAEL011478	3604	3397	2729	1740	2098	3793	2194	3417	3485	2370	2637	3797
AAEL011470	4808	4243	4584	2054	1930	1305	3023	2998	2127	2845	1477	6490
AAEL025645	21	22	33	20	32	30	27	44	48	46	36	47
AAEL023707	4	8	2	10	14	23	22	10	9	19	19	16
AAEL021683	2	1	1	2	6	3	13	3	0	1	0	108
AAEL006917	2203	1598	1643	1550	1215	1900	1066	1862	1854	1304	1418	2416
AAEL006912	1231	968	1170	2051	2258	1276	654	546	775	688	934	1132
AAEL019567	3197	2301	1968	1275	1061	2680	3967	4585	5148	2658	5051	7597
AAEL022061	12	13	9	0	1	9	4	12	6	2	6	12
AAEL006922	3015	2631	2137	2371	3097	4479	2034	3238	3043	2921	4245	7824
AAEL006910	2450	2160	1908	1628	1482	2077	1693	2758	2582	1514	2017	3137
AAEL006915	677	506	630	837	984	791	416	401	513	509	521	785
AAEL006921	133	115	112	142	279	256	142	166	300	285	419	323
AAEL026321	0	0	1	1	1	0	0	4	0	0	0	0
AAEL006923	192	146	188	136	134	142	96	135	134	188	145	242
AAEL006918	692	459	467	499	588	583	329	453	568	407	449	442
AAEL006924	1	2	0	0	1	4	0	0	3	1	2	2
AAEL006920	130	195	107	152	196	152	98	161	239	167	122	250
AAEL023978	0	0	0	2	0	1	0	0	0	0	0	0
AAEL021657	2	7	5	4	12	2	4	7	4	5	1	6
AAEL006919	68	29	50	130	110	122	34	15	36	39	58	37
AAEL002765	149	123	75	51	73	178	236	252	311	193	324	409
AAEL002771	1545	1362	784	573	642	1711	1119	1255	1747	744	1269	1521
AAEL002772	216	168	204	147	213	185	145	176	187	160	151	254
AAEL002758	368	303	204	254	275	252	187	133	219	235	221	215
AAEL002761	9566	6210	6668	8251	8984	9263	6438	10562	9742	8020	7135	10380
AAEL023229	435	287	233	407	392	432	197	210	338	208	500	567
AAEL002759	5169	3528	3408	3905	4132	5782	4001	6388	6340	4753	4360	5890
AAEL002756	229	83	62	22	29	143	253	269	374	196	221	369
AAEL002760	210	217	209	147	214	277	247	219	326	283	235	237
AAEL002757	27	23	12	92	108	61	11	10	10	14	30	78
AAEL019765	95	33	62	96	48	100	60	149	165	113	93	75
AAEL025663	0	0	0	0	0	0	0	0	0	0	0	1
AAEL027780	0	0	0	0	0	0	0	0	0	0	0	0
AAEL004799	1843	1226	1094	973	511	1119	980	1709	1686	982	1174	1520
AAEL020700	5	9	1	2	8	1	6	8	10	0	7	12
AAEL004791	337	341	335	196	187	291	353	406	411	390	313	616
AAEL022826	2	0	0	0	0	1	0	0	0	0	0	0
AAEL020616	0	3	2	9	1	0	2	4	0	0	4	4
AAEL024741	24	7	0	10	2	3	1	3	2	0	2	4
AAEL024949	1	1	1	4	3	4	3	1	3	7	6	15
AAEL019587	34	15	13	24	33	21	48	34	88	30	37	45
AAEL012031	466	411	258	180	169	665	383	497	652	277	512	536
AAEL022778	3	1	0	0	1	0	1	1	0	0	0	3
AAEL012029	2310	1670	1643	1378	1309	1755	1482	2248	2347	1400	1664	2390
AAEL025619	21	3	6	4	33	0	20	0	10	5	14	8
AAEL027291	15	11	34	3	20	3	37	4	39	13	27	12
AAEL012035	4379	3403	2942	1790	2399	4509	4264	3759	7409	3466	5517	6402
AAEL012025	815	625	653	682	759	555	521	545	601	584	497	542
AAEL021951	18	9	18	11	3	9	5	11	9	8	4	6
AAEL020817	6	2	10	8	1	7	3	16	10	8	8	8
AAEL012026	9821	7639	5585	4664	5764	11230	7685	8825	10229	5625	9309	11519
AAEL022547	5	0	0	0	0	1	8	2	1	5	1	6
AAEL024229	3	0	0	0	0	0	3	0	0	1	0	2
AAEL012034	1100	729	967	688	726	652	546	540	719	564	582	786
AAEL014063	690	514	448	568	487	600	476	620	630	504	604	954
AAEL014059	1297	1014	973	1152	958	1388	829	970	1204	969	1090	1457
AAEL014058	108	106	117	160	149	112	77	84	144	81	100	102
AAEL014062	181	150	133	149	150	121	111	126	122	128	81	155
AAEL025398	144	145	118	127	143	181	79	137	154	107	83	130
AAEL025453	20	17	12	0	3	8	70	48	76	43	49	74
AAEL021752	2	0	1	0	4	0	0	0	2	7	0	1
AAEL006647	1043	740	855	772	868	864	684	935	793	996	844	1391
AAEL006639	59	29	41	55	43	33	27	51	21	53	29	57
AAEL006643	89	59	69	64	40	75	43	57	82	73	48	83
AAEL006661	432	258	344	386	393	357	262	254	310	285	282	317
AAEL006653	413	305	369	252	265	260	230	349	345	249	253	430
AAEL027954	0	0	0	1	0	0	1	0	1	1	0	0
AAEL025845	286	150	157	136	58	178	263	213	183	272	175	466
AAEL006640	623	506	518	548	568	709	352	470	575	303	451	449
AAEL006655	740	569	435	425	238	640	597	721	819	461	605	822
AAEL006641	0	0	0	0	0	0	0	0	0	0	0	0
AAEL006645	0	0	0	0	0	0	0	0	0	0	0	0
AAEL027031	4	3	1	2	4	0	4	2	1	3	4	4
AAEL006642	28561	22820	27694	50684	66378	39682	13233	19253	18180	25470	26830	47450
AAEL027492	63	41	57	51	20	35	39	48	55	64	58	68
AAEL006659	660	570	580	605	523	553	515	592	614	600	521	689
AAEL010162	54	58	46	51	68	88	61	61	103	63	81	81
AAEL010175	92	103	66	52	35	53	89	75	139	92	90	100
AAEL028843	0	0	0	0	0	0	0	0	1	0	0	1
AAEL010185	10	9	13	18	19	35	19	23	23	20	20	31
AAEL010178	518	216	210	390	462	594	216	216	426	179	344	374
AAEL010171	573	256	176	724	943	937	375	469	613	1013	839	865
AAEL010170	1599	1351	920	756	896	1998	1105	1464	1918	1000	1779	2285
AAEL027340	3143	2319	2130	1533	864	1947	2236	3034	2772	2083	2092	4022
AAEL021541	1	1	0	0	0	0	1	1	3	0	0	0
AAEL024739	0	0	0	0	0	0	0	1	0	2	0	1
AAEL021070	954	726	682	654	681	826	588	846	1002	637	719	791
AAEL010173	263	87	207	244	140	250	107	293	240	183	172	274
AAEL010182	291	250	208	179	251	238	268	382	328	305	262	406
AAEL010176	214	167	202	176	160	160	146	183	196	128	147	217
AAEL010177	175	123	117	153	180	120	110	73	120	135	98	139
AAEL010172	47	30	25	29	48	46	30	26	55	32	28	55
AAEL010186	799	500	276	579	835	395	1547	965	1942	996	1027	660
AAEL020279	322	92	82	194	248	142	413	227	488	185	411	233
AAEL010164	223	201	118	258	295	185	334	317	521	361	357	258
AAEL010180	1793	1198	761	1245	1590	1107	1856	1849	2634	1385	1613	1323
AAEL010160	331	270	177	250	386	249	472	526	667	449	409	292
AAEL026724	301	162	106	235	295	236	254	348	356	261	280	271
AAEL022189	199	71	82	89	83	80	120	93	127	123	89	140
AAEL010181	569	474	476	509	542	566	297	344	450	397	411	465
AAEL010159	13109	7849	7842	8896	7025	9805	12951	10399	17647	8635	12749	11606
AAEL010168	111602	68866	89319	91095	129776	85405	69742	48304	96456	73443	68263	52564
AAEL010166	1	0	2	5	2	2	1	2	2	1	0	2
AAEL025296	2	1	22	11	4	16	14	32	15	25	13	13
AAEL027157	448	307	411	418	581	583	470	529	550	440	430	498
AAEL014435	26	7	14	53	47	50	30	26	66	53	50	23
AAEL014441	72	40	47	51	45	59	70	48	90	46	96	100
AAEL022480	35	9	6	18	6	13	51	28	35	11	20	19
AAEL014439	25	29	15	27	49	29	26	34	24	32	25	28
AAEL014440	832	960	825	568	527	634	701	878	773	813	513	1307
AAEL019856	823	230	660	166	46	366	608	1183	1190	1027	451	320
AAEL019857	106	42	62	148	107	115	79	52	133	83	88	77
AAEL014437	44	31	30	44	45	27	34	41	59	54	28	26
AAEL014438	44	35	33	187	143	165	21	27	25	120	56	147
AAEL020644	33	30	20	65	43	57	31	26	44	44	30	97
AAEL024413	9	7	12	14	30	40	21	29	31	24	25	25
AAEL006207	235	320	313	293	233	273	87	78	107	98	107	242
AAEL021812	515	242	302	312	377	277	411	283	813	319	287	340
AAEL020787	1	0	1	1	0	2	0	6	5	3	2	1
AAEL006206	3	1	1	4	6	2	2	2	2	1	4	2
AAEL006205	4561	3212	3434	2225	1616	2755	3431	3898	4114	2780	2836	4923
AAEL019418	2773	2011	1197	1095	525	2279	3895	4494	5696	2000	3144	3649
AAEL028093	1	0	0	0	0	2	1	0	0	0	0	0
AAEL025819	0	0	0	0	0	0	2	0	3	0	1	5
AAEL023349	962	586	479	460	467	1277	992	1329	1515	653	909	1190
AAEL025138	0	0	0	0	0	0	0	0	0	0	1	0
AAEL021509	1	0	0	3	0	0	4	1	0	3	1	2
AAEL006201	222	154	165	137	145	126	201	287	266	158	266	324
AAEL012790	0	0	0	3	6	3	1	0	1	0	5	0
AAEL025072	0	0	0	2	0	0	0	0	0	0	0	0
AAEL027385	0	0	0	0	0	0	0	1	0	2	0	0
AAEL021253	4	3	0	7	0	4	2	14	2	1	2	0
AAEL025366	0	0	0	0	0	0	0	0	0	0	0	0
AAEL012792	257	92	93	56	44	94	132	134	211	63	118	162
AAEL027038	5	1	0	0	0	1	10	7968	3671	533	2	5
AAEL007801	122	50	48	106	113	93	45	23	33	56	39	71
AAEL007803	732	686	705	274	262	302	611	979	679	593	491	1077
AAEL007810	514	513	536	313	277	451	356	667	579	400	341	635
AAEL007813	1496	1709	1331	986	846	1285	1253	1683	1791	1076	1237	1759
AAEL007797	285	242	224	189	207	270	218	235	296	229	195	247
AAEL007799	25	24	20	12	12	33	11	23	18	9	10	22
AAEL017898	0	0	0	0	0	0	0	0	0	0	0	1
AAEL007814	0	0	0	0	0	1	0	3	3	1	0	0
AAEL026602	620	270	383	1710	1005	886	97	268	154	299	935	699
AAEL026098	0	0	0	0	0	3	1	1	5	2	0	3
AAEL007805	2247	1612	1428	923	721	1667	1905	2089	2534	1159	1646	2242
AAEL007804	531	463	399	231	314	539	565	434	523	639	764	1531
AAEL025529	0	2	0	0	1	4	6	1	8	2	1	4
AAEL021159	0	0	0	0	1	0	0	0	0	1	0	0
AAEL007796	730	238	458	168	245	178	635	335	679	247	623	632
AAEL007812	367	237	435	429	385	526	35	4	14	94	295	199
AAEL007806	176	153	146	107	230	144	209	218	291	230	157	175
AAEL024154	38	31	36	20	16	20	26	30	36	28	16	34
AAEL007809	392	194	342	255	314	201	168	145	226	220	191	291
AAEL007816	1804	987	1342	1939	2137	1923	451	470	570	1132	1048	1866
AAEL007795	114	82	102	16	15	15	7	2	2	5	3	35
AAEL007807	533	340	305	441	427	344	271	370	314	159	257	340
AAEL007808	341	216	222	284	376	228	262	452	519	274	259	268
AAEL024748	1	2	1	4	0	1	2	1	0	2	0	2
AAEL007815	106	51	95	171	280	169	9	25	15	83	83	147
AAEL007798	254	204	194	218	237	250	149	236	261	175	205	294
AAEL019754	50	29	40	32	55	50	57	64	95	55	59	103
AAEL020027	7	5	0	3	1	4	2	7	5	7	3	18
AAEL022790	0	0	0	0	0	0	0	0	0	0	0	0
AAEL017499	2955	2139	2174	2849	2520	2557	1984	2265	2752	2123	2964	5277
AAEL023769	102	112	131	139	220	148	114	116	129	135	104	98
AAEL013431	4142	3329	2745	1507	1413	2735	4578	4970	6438	2931	3995	3808
AAEL013425	114	88	102	85	93	107	70	105	95	148	69	120
AAEL025807	1817	584	584	532	450	835	2952	2325	3874	2096	2368	913
AAEL028073	56	93	53	41	63	45	104	51	120	64	64	72
AAEL013432	248	54	107	102	75	111	422	351	545	258	339	151
AAEL019445	321	206	186	214	201	230	252	276	322	265	234	237
AAEL020918	136	79	81	43	65	73	70	62	45	125	81	86
AAEL004130	63	30	126	36	36	17	43	68	106	49	5	20
AAEL004136	259	344	297	322	206	345	210	303	262	245	269	456
AAEL026814	4	19	23	8	5	10	4	1	4	11	3	18
AAEL004121	1895	1536	1239	1034	1087	1730	1012	1692	1815	1041	1552	2193
AAEL028164	3	0	1	0	1	0	1	0	0	0	0	0
AAEL004146	676	468	648	824	850	682	529	492	796	641	597	772
AAEL025538	0	0	0	0	0	0	1	0	0	1	0	1
AAEL023682	0	0	0	0	0	0	0	0	0	0	0	0
AAEL021356	0	0	0	0	0	0	0	0	0	0	0	0
AAEL025738	0	0	0	0	0	0	0	0	0	0	0	0
AAEL004141	2348	1950	1791	1638	1703	2815	1342	1858	2324	1482	2387	3423
AAEL004142	2067	1599	1668	1403	1261	1575	1304	1277	1829	1309	1362	1492
AAEL022671	23	13	20	28	29	19	27	12	20	20	35	23
AAEL027288	5	3	11	5	8	16	9	4	6	7	19	15
AAEL004143	386	272	318	280	255	279	298	298	305	352	340	412
AAEL004131	1459	1048	1141	897	782	1346	940	1431	1570	1236	1309	1785
AAEL004127	164	124	163	310	241	220	66	115	141	84	147	177
AAEL004137	279	180	251	317	344	285	160	316	196	221	172	283
AAEL004138	525	456	370	164	207	436	446	491	571	402	473	647
AAEL025942	12	3	15	1	4	2	35	20	11	23	6	34
AAEL004126	349	292	351	288	299	137	314	238	513	158	239	205
AAEL004124	851	480	798	911	1053	564	381	623	650	523	441	945
AAEL026997	0	0	0	0	0	0	0	0	0	0	0	0
AAEL004125	2068	1349	1367	1182	772	1380	1267	1474	1651	1227	1363	1575
AAEL026413	0	0	0	0	0	0	2	1	1	1	0	1
AAEL026121	1	1	5	0	2	4	6	2	4	1	4	2
AAEL020824	0	0	0	0	3	0	1	0	0	0	0	3
AAEL025494	6	2	3	0	2	0	17	13	16	16	4	13
AAEL004128	451	312	448	202	215	249	279	413	316	316	248	523
AAEL018312	176	187	126	161	170	107	107	124	129	142	88	175
AAEL021485	0	0	0	0	0	0	0	1	0	0	0	0
AAEL022779	7	8	4	2	10	2	4	48	13	7	7	8
AAEL004132	524	410	432	472	456	423	390	360	389	401	375	473
AAEL004147	754	539	581	552	547	687	516	600	649	761	789	1281
AAEL025517	2161	1594	1138	1120	793	1940	2103	2176	2944	1428	2354	2384
AAEL005991	8435	3914	4538	1386	2130	2141	3851	2917	3640	2831	4388	2727
AAEL026309	0	0	0	0	0	0	0	0	0	0	0	0
AAEL005997	3188	3109	2576	1567	1660	1978	1861	6089	3105	3684	1598	2488
AAEL023743	0	5	2	0	0	1	1	6	4	0	1	1
AAEL027553	1	0	0	0	0	0	3	0	0	0	0	0
AAEL027203	0	0	0	0	1	0	1	2	0	1	0	3
AAEL020895	150	130	190	40	108	68	96	165	175	42	76	56
AAEL017293	179	113	160	81	147	76	136	272	446	43	130	85
AAEL009697	1	2	0	0	1	2	1	1	0	2	2	4
AAEL009698	77	65	54	30	22	40	89	69	90	66	54	61
AAEL009703	443	305	391	373	465	410	242	346	351	298	291	408
AAEL009700	1303	1135	1477	2573	2918	1973	703	500	645	953	955	1601
AAEL009708	670	590	609	826	1413	1064	377	558	610	627	612	875
AAEL009705	14	7	10	3	14	8	14	5	13	13	20	13
AAEL009704	868	696	594	513	507	657	614	673	756	644	780	1039
AAEL009706	5585	3185	3424	2668	2161	3551	3982	3691	5502	3913	4338	4431
AAEL021712	1	0	0	0	2	0	12	6	6	5	7	5
AAEL009702	1460	1019	950	889	492	1005	960	1666	1519	995	1107	1495
AAEL009709	413	284	322	238	212	248	225	290	212	248	203	357
AAEL023464	239	240	172	131	150	418	187	188	266	162	202	266
AAEL023115	93	82	64	77	66	75	48	59	93	74	75	77
AAEL009701	2	1	1	5	1	2	1	0	0	0	2	3
AAEL022881	0	0	0	0	0	0	0	0	0	0	0	0
AAEL009712	434	355	283	279	285	400	394	511	579	381	537	584
AAEL025132	109	81	53	48	75	63	58	77	73	73	57	111
AAEL021645	76	41	63	35	26	30	87	101	62	44	37	97
AAEL021357	1	0	0	1	0	0	2	3	0	1	3	3
AAEL010798	2735	2153	2408	1549	1884	2181	1884	2163	2223	2025	1743	2801
AAEL010804	491	432	363	130	115	146	874	435	652	280	465	655
AAEL022877	0	0	0	0	0	0	0	0	0	0	0	0
AAEL020418	0	0	0	0	0	0	2	0	0	0	1	0
AAEL010800	1254	903	871	1092	767	958	968	705	1148	1003	939	1364
AAEL027177	0	0	0	0	0	0	1	0	6	0	0	2
AAEL010802	19	14	15	65	101	53	17	44	31	30	49	108
AAEL022567	1	0	0	0	0	0	2	0	0	0	0	0
AAEL010801	6279	4882	5881	5485	9410	5185	3947	3555	4822	4473	3926	3926
AAEL024670	1293	1108	901	768	693	1048	1106	1253	1246	803	921	1698
AAEL010797	476	410	398	376	412	375	341	389	388	462	255	536
AAEL010803	507	419	389	255	213	294	329	576	462	466	292	648
AAEL017038	0	0	0	1	0	4	0	0	0	0	0	3
AAEL010796	370	247	213	162	187	174	181	272	259	240	251	374
AAEL010805	201	184	191	173	154	164	136	247	185	163	115	232
AAEL010799	167	155	91	109	95	166	214	90	282	161	147	108
AAEL010220	155	109	159	143	211	94	59	59	93	85	76	110
AAEL010222	176	125	99	92	159	154	144	1661	1017	746	241	406
AAEL020147	7	2	0	2	4	5	3	4	2	1	1	4
AAEL010224	216	112	106	141	157	223	140	106	173	181	172	183
AAEL027946	3	0	2	0	1	0	2	0	2	6	0	7
AAEL027469	0	0	0	1	0	0	0	1	0	1	0	3
AAEL027791	0	0	0	0	1	2	0	0	1	2	0	0
AAEL010221	4	0	1	1	4	1	5	14	6	4	8	11
AAEL010223	1123	775	1027	270	412	420	663	492	719	463	417	399
AAEL010219	918	237	301	270	217	257	341	1115	936	755	603	587
AAEL010217	505	371	373	345	388	292	271	340	330	432	295	439
AAEL019838	40	29	21	7	11	48	132	85	118	59	81	98
AAEL021731	0	0	0	0	0	0	1	0	0	0	0	3
AAEL005612	4	0	3	0	4	3	7	7	7	5	7	4
AAEL005599	74	21	33	9	10	19	118	100	158	66	112	171
AAEL023933	0	0	1	0	2	0	2	0	1	0	0	0
AAEL005595	0	0	0	0	1	1	1	0	0	0	0	0
AAEL005616	0	0	0	4	3	2	1	0	6	0	0	0
AAEL005607	3	1	1	1	2	0	3	0	0	0	0	0
AAEL019919	0	1	0	0	2	0	0	0	0	0	0	0
AAEL005609	0	0	0	0	0	1	0	0	0	0	0	0
AAEL019920	42	13	16	52	128	49	28	15	26	58	69	51
AAEL005594	1	2	7	3	6	0	0	2	2	3	2	3
AAEL005611	2	0	0	1	0	0	0	0	0	0	2	0
AAEL005604	79	49	91	38	84	48	71	56	80	72	45	69
AAEL005596	341	206	180	131	259	177	354	176	411	310	225	116
AAEL017051	6	17	15	94	173	20	5	14	18	360	608	981
AAEL005600	175	120	83	171	187	232	129	124	178	203	244	328
AAEL018344	2138	1902	1452	1038	642	1790	1477	1857	2220	1117	1668	2120
AAEL026453	0	0	0	0	0	0	0	0	0	0	0	0
AAEL023137	0	0	0	0	0	0	0	0	0	0	0	0
AAEL005605	1358	926	1235	949	988	1102	754	1588	1295	1105	1008	1977
AAEL005617	3311	2010	2033	2005	1931	1612	2402	5797	4273	3338	1990	2391
AAEL022987	0	0	0	0	0	0	0	0	0	0	0	0
AAEL027843	0	0	0	0	0	0	0	0	0	1	0	0
AAEL025712	1	2	0	1	2	0	1	1	2	0	0	0
AAEL005610	26	27	43	27	54	29	23	27	49	26	21	29
AAEL012074	398	324	391	327	506	400	245	306	342	228	247	272
AAEL012077	169	118	81	154	162	150	171	193	209	143	190	148
AAEL012073	159	120	49	111	62	131	75	106	79	128	61	180
AAEL012078	606	403	399	810	953	633	459	538	667	672	543	600
AAEL018231	437	319	315	239	297	366	268	396	478	244	328	459
AAEL012079	1083	722	779	616	425	805	680	912	851	705	1053	1863
AAEL012081	169	209	110	44	64	275	135	192	242	75	179	175
AAEL027834	2	0	1	0	0	0	6	0	1	3	1	1
AAEL012084	593	413	552	544	518	450	407	473	471	544	481	689
AAEL021984	40	10	9	13	10	12	4	1	5	7	3	10
AAEL012075	0	0	1	0	1	1	0	0	0	0	0	0
AAEL012076	442	373	354	357	323	375	367	449	490	393	427	646
AAEL022892	3	6	3	10	9	10	0	3	26	3	2	2
AAEL021753	0	0	1	0	0	1	1	0	0	0	0	0
AAEL012071	1972	1634	1352	1374	1602	2335	1494	1867	2150	1781	2408	3709
AAEL012083	1505	1084	799	558	538	1024	1354	1841	1903	1152	1493	2230
AAEL012072	0	0	3	0	0	1	2	0	2	1	0	4
AAEL012082	48	14	13	5	8	14	22	63	60	25	12	16
AAEL012069	1564	949	963	5215	6015	3734	616	890	937	1784	2137	3213
AAEL020505	0	0	0	3	0	2	6	14	10	0	5	1
AAEL000521	1	0	2	1	0	0	1	1	3	2	0	3
AAEL000495	11	3	4	9	5	5	10	17	14	10	2	14
AAEL021166	3	1	0	0	1	0	0	7	7	3	1	0
AAEL000519	16	6	11	6	5	10	1	7	8	1	3	0
AAEL000484	2	2	5	0	6	1	1	3	0	7	0	0
AAEL018900	0	0	0	0	0	0	0	0	0	0	0	1
AAEL023827	0	2	0	0	0	0	0	1	0	0	0	0
AAEL025365	0	0	4	4	0	3	1	1	5	2	1	5
AAEL022543	49	46	75	38	48	64	53	34	60	60	21	49
AAEL024335	120	87	104	79	78	91	74	64	111	67	50	129
AAEL020365	5	3	3	5	4	12	10	9	7	9	13	14
AAEL000508	7	19	12	14	12	25	2	9	16	16	41	78
AAEL018018	0	0	0	0	0	0	2	0	0	0	0	0
AAEL000501	0	0	0	0	0	0	0	0	0	0	0	0
AAEL022766	0	0	0	0	0	0	0	0	0	0	0	0
AAEL023343	0	0	0	0	0	0	0	0	0	0	0	0
AAEL021521	0	0	0	0	0	0	0	0	0	0	0	0
AAEL026001	0	0	0	0	0	0	0	0	0	0	0	0
AAEL000517	0	0	0	0	0	0	0	0	0	0	0	0
AAEL000492	0	0	0	0	0	0	0	0	0	0	0	0
AAEL000518	0	0	0	0	0	0	0	0	0	0	0	0
AAEL023920	0	0	0	0	0	0	0	0	0	0	0	0
AAEL024637	0	0	0	0	0	0	0	0	0	0	0	0
AAEL021350	0	0	0	0	0	0	0	0	0	1	0	0
AAEL024763	0	0	0	0	0	0	0	0	0	0	0	0
AAEL021987	0	0	0	0	0	0	0	0	0	0	0	0
AAEL028123	1	0	0	0	0	1	1	1	3	1	1	0
AAEL000486	4232	3065	2948	4420	4539	4827	3235	2637	4629	2726	4050	4161
AAEL023003	126	43	90	9	10	24	2136	1437	1508	524	755	1121
AAEL000523	256	184	183	30	51	103	668	595	791	440	622	832
AAEL000475	249	234	211	222	198	211	157	231	268	185	148	297
AAEL019381	3	3	0	0	0	1	1	1	1	1	1	2
AAEL019380	0	0	0	0	0	0	7	0	1	0	1	0
AAEL020114	4	0	2	0	0	1	0	3	2	0	1	2
AAEL026261	0	0	0	1	0	1	0	0	0	0	1	0
AAEL000511	307	383	183	112	103	143	399	407	477	308	365	663
AAEL024117	0	1	0	0	0	1	5	0	1	0	0	0
AAEL022566	0	0	1	2	0	0	0	0	0	0	0	2
AAEL000500	6896	7002	9239	2498	6877	6619	401	94	193	820	795	1057
AAEL000488	935	627	586	956	724	1091	749	892	1069	1066	1489	2127
AAEL026171	0	0	0	0	0	0	0	0	0	0	0	1
AAEL019479	930	766	709	580	770	799	658	861	975	678	653	1112
AAEL000487	217	256	184	114	137	209	188	208	203	237	187	336
AAEL028101	103	95	60	9	7	42	512	351	469	261	314	534
AAEL026368	0	0	0	0	0	0	0	0	0	0	0	0
AAEL018324	120	73	50	31	15	33	353	278	357	177	287	395
AAEL000483	480	332	333	265	213	364	330	470	479	390	417	700
AAEL000478	259	240	231	208	297	277	164	277	204	227	206	308
AAEL000509	631	576	550	468	430	552	483	490	624	418	484	727
AAEL000485	1356	1150	857	611	862	1799	937	1432	1629	805	1384	1542
AAEL000476	43	61	54	28	27	37	49	74	40	37	24	54
AAEL000512	7	7	3	0	0	1	13	4	10	3	8	5
AAEL000510	684	686	508	344	394	789	841	895	1191	649	968	1003
AAEL000496	3	3	9	26	32	28	10	398	31	30	54	63
AAEL000507	0	0	1	3	4	6	3	1971	71	19	10	2
AAEL017467	68	55	66	29	47	67	66	2063	508	450	40	41
AAEL025209	0	0	0	0	0	2	0	0	0	0	0	0
AAEL000498	36	30	18	12	4	18	52	68	88	58	66	75
AAEL000515	170	242	199	197	170	132	169	111	228	132	135	188
AAEL000505	95	58	58	51	38	117	68	91	99	77	79	102
AAEL024475	293	211	165	425	448	355	106	173	182	188	257	397
AAEL000516	1016	769	990	765	1443	876	764	891	1383	796	681	652
AAEL025691	0	0	0	0	0	0	0	0	0	0	0	0
AAEL022978	0	0	0	1	0	1	10	4	9	6	4	4
AAEL019660	133	101	89	50	73	138	238	220	357	219	197	294
AAEL023018	48	44	24	10	44	34	75	36	98	19	55	17
AAEL017501	4707	7313	5963	30	214	23	3876	115	4	2749	948	6741
AAEL023295	2926	4043	3049	13	76	5	1605	62	9	837	536	3852
AAEL019659	5	3	0	0	0	0	5	1	3	2	1	11
AAEL004007	140	62	44	87	76	150	46	101	103	86	99	106
AAEL004024	0	0	1	0	0	2	0	0	0	1	0	2
AAEL028191	0	1	0	1	0	1	0	0	0	2	2	1
AAEL022746	2	3	1	2	0	1	0	3	3	0	4	2
AAEL004030	0	3	0	3	5	2	3	6	2	4	3	1
AAEL004018	2	4	1	6	7	9	1	12	3	4	12	9
AAEL004020	1	0	1	4	0	5	1	4	0	2	2	6
AAEL004016	3	4	4	7	9	8	0	3	4	1	2	5
AAEL004006	18	5	5	1	2	1	63	34	39	15	22	68
AAEL021040	0	0	0	0	0	0	0	0	0	0	0	0
AAEL004032	46	63	32	20	49	75	72	78	90	99	83	78
AAEL004022	373	321	322	165	197	180	198	289	482	186	233	562
AAEL018308	84	56	43	54	72	39	71	43	80	80	41	60
AAEL022393	0	0	0	0	0	0	0	0	0	0	0	0
AAEL025649	0	0	0	0	0	0	0	0	1	0	0	0
AAEL026890	0	2	0	0	0	0	0	0	0	0	0	0
AAEL022660	4	4	5	2	1	0	5	2	7	4	5	2
AAEL004035	991	739	761	396	220	506	810	785	749	728	654	1115
AAEL004039	657	596	435	378	337	793	570	727	847	414	683	785
AAEL004034	376	242	311	331	409	315	283	205	296	308	266	255
AAEL004017	1718	1806	1053	939	768	2819	1514	1277	2327	980	1783	1649
AAEL004037	0	1	0	0	0	7	0	1	1	0	2	7
AAEL004010	2078	1931	1460	850	1286	2347	1406	1779	2488	1454	1774	2090
AAEL004023	566	427	431	209	327	330	244	310	379	302	221	391
AAEL004041	342	385	304	139	134	392	507	528	810	376	570	918
AAEL004021	225	100	65	112	56	153	56	76	101	82	142	319
AAEL004028	87	57	77	26	34	41	63	716	187	257	69	250
AAEL004025	3515	2280	2955	3201	1941	2612	2211	2866	5324	2651	3492	4158
AAEL026344	9	2	5	0	1	1	16	20	27	12	13	24
AAEL027263	3	4	3	0	2	9	10	24	27	10	8	25
AAEL022918	7	3	6	5	3	1	23	150	79	98	28	117
AAEL004036	17	13	10	13	10	11	11	18	14	47	23	26
AAEL021222	10	2	7	5	5	7	11	6	18	16	12	18
AAEL004002	105	79	57	19	20	60	56	101	115	96	51	103
AAEL004003	4	5	1	6	10	4	8	8	2	4	3	12
AAEL027105	9	0	3	24	7	2	5	0	9	3	4	7
AAEL020127	137	73	72	69	98	120	114	152	170	144	113	165
AAEL004031	6	5	7	6	8	13	43	17	84	32	19	16
AAEL004013	0	0	0	0	3	0	1	5	4	7	4	9
AAEL004015	0	0	0	0	0	0	3	1	2	2	0	1
AAEL004009	30	31	29	17	11	18	21	52	24	30	24	61
AAEL022880	1	3	0	1	1	2	5	6	2	4	6	7
AAEL004040	2271	1936	1628	1060	1002	1593	1508	1665	1970	1496	1553	2485
AAEL004004	139	136	149	128	145	176	99	169	141	104	73	191
AAEL004026	779	807	584	441	494	915	616	761	892	565	672	917
AAEL019872	8	9	1	4	0	9	11	2	12	13	7	11
AAEL010950	23	14	37	21	63	34	27	24	40	22	28	19
AAEL023509	313	201	263	67	50	83	146	118	259	111	147	88
AAEL010942	177	178	145	69	84	158	114	243	251	157	198	258
AAEL010956	479	291	285	355	485	346	461	462	565	411	403	549
AAEL023208	3	0	1	0	6	1	2	0	6	4	1	1
AAEL010953	380	297	332	308	364	329	250	259	301	320	250	346
AAEL010951	252	101	128	918	980	675	223	188	266	215	278	449
AAEL022872	1	5	3	8	5	5	5	0	14	4	6	17
AAEL019741	98	62	64	14	26	67	522	328	476	236	444	774
AAEL026718	9	3	5	4	4	2	8	4	4	4	3	12
AAEL025754	0	0	0	0	0	0	0	0	0	0	0	0
AAEL020381	0	3	0	0	0	0	0	0	0	0	1	0
AAEL021671	2	0	0	0	0	0	0	0	0	0	0	0
AAEL010943	588	363	430	348	382	284	432	427	426	391	338	554
AAEL010944	266	172	180	181	179	231	328	1219	621	537	240	451
AAEL020620	0	0	0	1	0	1	1	0	0	0	2	0
AAEL010954	440	445	388	407	572	709	453	430	578	374	486	454
AAEL010945	333	259	265	328	470	509	178	276	275	273	350	452
AAEL010949	481	424	501	494	590	470	353	381	433	372	303	356
AAEL010955	363	361	302	361	421	407	347	365	394	372	360	448
AAEL019995	494	324	296	524	575	676	333	395	497	345	535	624
AAEL026912	0	0	0	0	0	0	0	0	0	0	0	0
AAEL025222	0	0	0	0	0	0	0	0	0	0	0	0
AAEL026624	0	0	0	0	0	0	0	0	0	0	0	0
AAEL009171	1366	1273	854	893	1231	1551	1459	1535	1845	1209	1908	3077
AAEL009169	1905	1280	1315	2464	2272	2976	1588	2967	2594	2410	3011	6102
AAEL006789	332	267	270	300	343	241	218	248	307	321	235	320
AAEL006788	513	507	545	402	355	339	329	404	359	414	318	545
AAEL025564	4	2	0	0	1	1	1	1	2	1	0	0
AAEL006786	1750	1266	1257	1505	1471	1879	1275	1290	1728	1449	1806	2319
AAEL006791	372	317	210	117	162	418	562	673	754	345	607	681
AAEL020139	0	0	0	0	0	0	4	1	0	0	1	0
AAEL026024	0	0	0	0	0	0	0	5	0	1	0	0
AAEL006782	949	863	752	418	431	472	722	1171	819	795	564	1426
AAEL006816	19	6	9	8	3	5	12	2	14	7	7	27
AAEL024825	0	0	0	0	0	0	0	0	0	0	0	0
AAEL022312	0	0	0	0	0	0	0	0	0	0	0	0
AAEL023700	0	0	0	0	0	0	0	0	0	0	0	0
AAEL006809	276	225	205	182	191	344	398	447	571	400	387	679
AAEL006812	11	11	11	16	2	5	6	10	19	24	0	21
AAEL006799	462	369	391	334	227	399	402	399	489	388	417	564
AAEL006787	261	291	289	219	226	342	251	348	342	258	214	318
AAEL018124	1088	946	649	331	305	978	964	1215	1264	719	976	1151
AAEL019732	2099	1629	1158	699	419	1574	2368	2411	2476	1268	2193	2816
AAEL020952	61	27	19	15	26	14	21	17	11	22	38	19
AAEL019925	455	315	244	180	206	283	481	541	734	453	442	532
AAEL027701	0	0	0	0	0	0	2	1	1	1	2	2
AAEL019926	60	24	25	19	4	21	89	70	151	75	73	75
AAEL006797	12	8	3	4	10	8	14	19	23	11	7	7
AAEL027421	4	4	0	0	0	0	3	0	4	3	2	3
AAEL020109	0	0	1	2	1	0	1	0	4	3	0	0
AAEL012220	50	56	61	24	46	74	46	53	50	62	45	56
AAEL012218	359	313	337	309	376	391	285	332	429	325	292	289
AAEL020158	1	18	18	2	3	2	17	8	19	10	18	27
AAEL012219	381	375	254	158	253	543	421	489	600	367	531	518
AAEL013898	479	314	377	364	370	312	287	288	311	390	308	411
AAEL013896	1780	1276	1176	646	672	1009	1132	1287	1487	1276	1180	2688
AAEL020363	208	172	219	154	310	190	207	189	176	226	139	230
AAEL006993	228	199	159	72	49	127	270	296	346	235	274	411
AAEL007013	0	0	0	0	2	0	3	0	1	1	1	2
AAEL025811	36	32	16	18	25	41	16	56	37	12	12	33
AAEL020901	1	1	0	0	0	0	0	0	0	0	0	0
AAEL021104	3	1	1	0	0	3	5	10	6	0	4	2
AAEL007007	2237	1729	2157	973	1260	908	1274	2710	1567	1761	845	2642
AAEL007022	1809	1559	1232	1163	1227	1988	1557	1760	2295	1411	1846	2230
AAEL021239	150	130	118	74	98	156	110	109	202	102	112	202
AAEL007002	35	7	36	7	3	20	66	49	60	38	101	126
AAEL007011	1720	1266	879	738	962	1778	1600	1569	2412	1069	1950	2058
AAEL007009	155	200	120	125	161	226	150	175	272	156	174	214
AAEL006988	496	418	465	368	432	332	345	469	487	403	350	548
AAEL007019	9546	7248	6226	5169	5840	9136	7679	7785	11233	5920	9292	11824
AAEL007001	1584	991	997	1195	1358	1324	1301	1013	1584	1055	1140	866
AAEL017986	42	36	29	8	4	15	74	65	94	48	60	122
AAEL007004	179	129	142	223	182	171	161	932	740	577	191	221
AAEL021861	327	150	391	203	215	313	585	485	947	242	285	209
AAEL007005	1	0	0	0	0	1	3	1	7	0	2	0
AAEL024395	10	0	5	0	9	2	39	2	87	35	32	5
AAEL007024	415	258	440	237	412	412	642	449	966	450	350	334
AAEL006989	69	38	62	46	66	62	87	67	103	72	81	69
AAEL006992	140	83	108	86	102	103	92	133	139	136	93	142
AAEL006984	99	123	68	86	133	110	98	65	128	66	104	108
AAEL007016	282	193	263	242	173	176	143	139	143	163	171	274
AAEL006995	885	482	1185	621	396	326	508	470	609	394	350	826
AAEL007006	193	156	132	117	212	159	91	170	155	100	136	97
AAEL023146	0	0	1	0	0	0	0	0	0	0	0	0
AAEL008655	8	2	6	8	12	4	17	21	9	15	15	16
AAEL008652	12	12	23	8	10	26	16	18	21	21	14	29
AAEL008658	426	420	319	103	164	215	454	610	768	313	395	468
AAEL025580	0	0	1	0	0	0	0	1	0	0	0	1
AAEL008650	581	469	442	323	338	429	438	452	467	483	480	673
AAEL008662	1396	953	917	605	516	816	1246	1326	1604	869	1032	1551
AAEL008653	418	271	321	378	464	439	294	337	324	391	365	474
AAEL008651	220	121	122	370	346	291	194	502	328	451	228	437
AAEL008660	6	9	14	14	16	11	5	13	7	7	11	12
AAEL008656	1780	1178	1800	968	1250	841	527	735	939	600	603	827
AAEL018161	3380	2616	1914	1476	2057	3300	3030	3393	4318	2499	3284	3999
AAEL023620	0	0	0	0	0	0	0	0	0	0	0	0
AAEL008654	17	11	11	8	16	11	9	79	17	26	14	32
AAEL022316	0	0	0	0	0	1	2	0	0	0	0	2
AAEL024079	0	0	0	1	1	0	1	0	1	0	5	0
AAEL026640	0	0	0	0	0	0	0	0	0	2	0	0
AAEL008663	211	132	252	125	187	171	69	54	67	70	91	187
AAEL019935	5822	4619	4716	9435	8254	8838	2547	14637	8518	9033	10854	19783
AAEL013394	805	668	725	552	622	681	555	727	735	687	575	825
AAEL021552	1	2	2	0	0	2	6	6	4	5	5	5
AAEL013389	542	330	479	768	807	699	269	270	438	439	409	599
AAEL013400	446	351	393	362	347	469	285	433	605	283	424	422
AAEL013399	119	107	73	78	58	88	75	66	87	55	75	126
AAEL026535	586	405	631	308	231	390	547	767	816	557	640	962
AAEL013396	699	714	607	356	548	665	571	758	769	601	644	920
AAEL026962	781	447	445	403	502	443	541	418	565	561	558	698
AAEL013397	309	235	221	155	179	181	208	225	175	248	166	377
AAEL013390	2672	2177	2182	1752	1119	1788	1694	2308	2278	1643	1612	2633
AAEL013391	267	250	208	125	159	211	159	229	209	205	168	258
AAEL013392	214	155	147	249	243	226	215	126	210	152	224	173
AAEL023776	12	7	16	1	0	6	3	5	1	0	2	3
AAEL005908	236	165	149	180	219	368	371	333	373	296	432	587
AAEL025027	0	0	0	0	0	0	0	0	0	0	0	0
AAEL023897	1	0	0	0	0	0	0	0	0	0	0	0
AAEL005901	60020	38255	46973	54140	78721	47717	33968	26854	51119	29651	36315	31715
AAEL005914	626	420	525	559	916	505	434	421	477	510	422	500
AAEL005900	766	691	745	498	636	417	317	262	330	447	314	518
AAEL027449	4	8	2	2	8	4	2	1	3	3	8	6
AAEL020839	1	1	0	5	1	6	1	0	0	3	3	6
AAEL005910	550	440	461	880	1202	1164	342	281	406	532	673	1005
AAEL005911	331	251	232	205	333	245	259	192	311	256	288	277
AAEL005896	208	128	137	170	174	222	175	119	185	139	182	237
AAEL005905	237	186	278	156	152	179	184	125	209	154	155	213
AAEL005902	1062	902	1067	1001	890	1090	966	1089	1385	943	1160	1522
AAEL005909	151	181	225	140	182	135	173	165	151	202	101	200
AAEL005904	1288	1314	1676	785	765	1089	967	1618	1619	794	883	1414
AAEL005913	79	83	202	22	40	66	178	84	147	80	111	146
AAEL005906	6	1	2	0	9	5	15	10	10	9	6	11
AAEL026295	2	1	1	0	1	1	0	0	1	1	1	1
AAEL005903	514	277	391	286	612	460	607	341	461	485	531	422
AAEL022627	0	0	0	0	0	0	0	0	0	0	0	0
AAEL023721	8	5	3	2	6	3	27	1	19	2	8	19
AAEL019519	114	54	51	28	37	91	134	154	183	96	114	132
AAEL005897	1513	1023	1189	1354	1915	1291	994	1048	1177	1137	1044	1005
AAEL005895	535	596	258	23	71	423	1060	827	1628	697	1093	1351
AAEL005907	0	0	1	0	0	0	0	0	1	2	0	2
AAEL020971	0	0	0	0	0	0	1	0	0	0	0	0
AAEL005898	128	89	85	87	129	81	94	47	130	71	92	73
AAEL027543	3	0	3	0	7	1	0	4	6	1	0	0
AAEL026147	294	228	173	39	55	244	482	438	618	314	472	669
AAEL024929	2	2	0	0	0	1	1	3	0	0	0	2
AAEL009177	291	240	178	170	148	322	175	242	226	174	191	240
AAEL009178	96	370	771	277	260	138	47	450	91	503	34	797
AAEL009176	6	42	256	2	1	3	0	6	1	10	8	15
AAEL009179	356	299	303	241	212	310	238	313	333	258	254	309
AAEL009174	178	137	114	81	125	121	132	152	159	139	123	215
AAEL009173	478	330	259	203	216	378	504	550	652	547	825	1264
AAEL021957	55	12	13	7	46	12	55	13	30	49	44	78
AAEL002098	433	328	281	339	259	389	261	375	436	247	337	401
AAEL002125	5078	3912	3123	2352	1681	3857	3715	4626	4998	2539	3988	5689
AAEL022072	2	4	0	2	1	3	5	1	6	6	3	2
AAEL002108	568	337	402	703	840	677	349	304	468	439	422	494
AAEL002113	303	179	267	260	278	215	144	214	215	194	191	192
AAEL002105	78	86	58	29	49	91	61	73	91	69	39	88
AAEL002116	193	169	122	126	110	176	116	160	145	153	123	186
AAEL002119	552	408	388	392	361	533	413	470	471	551	625	863
AAEL002128	8	8	5	8	4	5	4	5	17	13	8	10
AAEL026891	0	0	0	1	1	2	4	2	2	2	0	2
AAEL002124	1376	747	1051	1582	2681	2648	979	1260	1379	1078	1628	1422
AAEL002112	18	7	11	17	11	12	26	21	27	23	24	20
AAEL002126	23	6	5	10	10	19	12	34	13	11	25	66
AAEL002102	789	462	528	1095	1008	1042	373	375	514	459	766	1166
AAEL026684	0	2	10	0	4	1	3	2	6	10	0	0
AAEL019701	38	52	13	7	8	55	69	64	105	55	65	82
AAEL028152	1	3	2	1	1	3	0	1	2	0	0	0
AAEL002088	136	140	80	39	109	178	201	242	316	169	250	257
AAEL002131	0	0	0	0	0	0	0	0	0	0	0	0
AAEL019577	855	541	552	583	502	771	934	917	1083	839	1216	1668
AAEL002132	4	2	4	0	2	2	23	3	17	8	8	36
AAEL002092	7	6	1	2	9	6	19	7	15	9	0	26
AAEL002099	3	0	1	3	0	4	11	6	8	13	3	21
AAEL026306	0	0	1	0	0	0	4	1	1	3	0	2
AAEL023763	0	0	0	0	0	0	1	1	0	1	1	0
AAEL002111	0	0	3	0	5	2	5	9	7	4	0	9
AAEL029108	2	1	2	0	2	1	2	5	0	3	1	12
AAEL025555	5	3	4	2	7	3	2	4	8	4	3	0
AAEL002130	1447	962	1366	1542	2592	1712	939	1450	1201	921	2032	3702
AAEL002107	1369	841	906	1617	1728	1631	673	791	792	939	915	1271
AAEL002129	353	235	270	282	292	363	278	241	334	274	303	287
AAEL023999	18	1	9	11	17	25	53	36	26	48	38	45
AAEL018782	0	0	0	0	0	0	0	0	0	0	0	0
AAEL026880	0	2	0	0	0	0	1	0	2	0	1	0
AAEL002094	0	3	0	0	0	0	7	3	2	0	0	1
AAEL024407	0	0	0	0	0	0	0	0	0	1	0	0
AAEL002089	346	333	195	91	175	329	342	377	552	272	401	354
AAEL002097	308	291	231	150	185	311	209	336	393	206	263	389
AAEL002104	598	444	465	301	292	319	439	483	372	416	266	610
AAEL002115	760	680	590	474	403	661	625	782	802	638	638	1008
AAEL023764	2	0	1	0	0	1	0	1	2	1	1	7
AAEL023230	139	70	66	98	198	144	54	90	107	140	89	183
AAEL002118	1386	1283	851	646	1029	2371	1251	1412	2150	1063	1914	2339
AAEL002134	137	105	100	86	116	101	114	102	157	170	155	274
AAEL019476	854	824	601	261	227	642	996	952	1042	708	1019	1531
AAEL002133	3	5	3	4	20	15	12	8	12	5	7	8
AAEL022704	23	30	22	31	35	21	43	32	56	29	39	11
AAEL022110	22	6	20	3	9	1	10	8	15	11	8	13
AAEL002091	919	741	666	479	410	725	753	969	1066	677	751	1177
AAEL002120	102	174	117	42	58	156	163	136	184	142	172	207
AAEL002106	241	199	182	209	244	222	141	149	194	199	157	220
AAEL002103	849	650	610	630	677	753	504	549	660	501	499	527
AAEL002109	7	7	6	7	1	12	3	7	5	5	9	16
AAEL002117	0	0	0	0	0	0	2	0	1	2	0	0
AAEL019878	26	11	17	4	5	16	93	66	88	55	52	144
AAEL024826	0	0	0	0	0	1	0	0	0	4	0	0
AAEL020235	0	2	0	0	0	0	0	3	0	0	1	0
AAEL024446	9	0	3	0	5	0	8	3	10	8	10	8
AAEL003569	522	403	547	996	925	847	473	488	631	548	882	1102
AAEL003561	59	45	25	14	45	40	52	44	65	33	34	45
AAEL026135	0	0	1	0	0	0	0	0	0	0	0	0
AAEL003562	230	283	192	127	101	323	255	254	413	137	260	331
AAEL025014	0	0	0	0	0	0	0	0	0	0	0	0
AAEL025563	0	0	0	0	0	0	0	0	0	0	0	0
AAEL003573	1811	1520	1442	1075	936	1469	1411	1410	1841	1374	1328	1970
AAEL003563	152	160	104	93	104	151	124	103	144	140	143	184
AAEL027131	13	10	11	2	2	7	43	30	49	35	44	50
AAEL021167	0	2	0	0	0	0	0	2	0	3	0	4
AAEL003570	1	0	0	1	1	0	4	0	1	2	0	0
AAEL003566	42	21	23	14	12	28	60	41	67	51	53	77
AAEL025764	0	0	0	0	0	0	2	0	0	0	1	0
AAEL027899	21	17	14	7	3	14	48	20	40	38	39	46
AAEL025885	3	1	0	2	0	0	1	3	4	0	0	0
AAEL003564	120	55	83	42	36	46	19	27	32	18	8	24
AAEL003568	63	13	22	168	164	285	111	299	215	137	324	243
AAEL003574	0	0	1	0	0	0	0	0	5	0	0	0
AAEL003129	268	260	153	251	206	382	376	451	588	327	347	336
AAEL018294	69	48	19	17	25	70	102	101	141	56	106	123
AAEL019366	0	0	0	0	0	0	0	2	0	4	0	0
AAEL023336	30	43	18	25	57	24	39	45	57	20	17	32
AAEL017319	156	175	159	157	245	199	132	135	154	148	144	157
AAEL003146	546	519	390	336	338	605	368	483	554	321	498	527
AAEL027149	0	0	0	0	1	0	0	2	1	0	2	2
AAEL003147	432	336	287	211	291	286	228	368	343	306	319	606
AAEL022104	53234	31415	40799	43004	54597	35050	31244	20984	41101	23258	32731	27410
AAEL028866	11	7	6	2	3	8	11	6	8	3	6	5
AAEL000439	150	153	105	94	83	193	120	166	172	96	135	189
AAEL000432	0	0	0	0	0	0	3	0	2	1	0	2
AAEL000433	527	455	486	215	159	280	405	613	468	451	446	936
AAEL021921	0	0	0	0	0	0	8	0	0	2	0	4
AAEL022420	0	0	0	0	0	0	2	0	0	0	0	0
AAEL022270	2	5	1	0	1	0	0	4	4	4	2	3
AAEL000444	4436	2896	3260	2721	1922	2986	2469	2900	3876	2261	3230	4285
AAEL000416	1336	1374	920	436	415	1188	2193	2582	1732	905	1138	3024
AAEL000451	1296	963	1433	1175	1396	952	603	558	778	664	731	817
AAEL000436	1177	859	944	967	1223	1110	902	645	1380	688	959	673
AAEL000410	2200	1733	2230	1650	2370	1582	989	1182	1303	1418	1178	1532
AAEL025849	1	3	5	0	2	3	2	2	3	0	0	1
AAEL025200	2	3	1	2	3	2	3	2	1	4	4	0
AAEL024762	0	0	0	0	0	1	1	1	0	1	0	0
AAEL023499	0	0	0	0	0	0	0	0	1	0	0	0
AAEL021314	426	211	242	259	169	287	210	311	229	265	317	522
AAEL024530	0	2	1	3	1	1	1	3	1	1	0	0
AAEL000463	0	0	0	0	0	0	0	0	0	0	0	0
AAEL026117	0	0	0	0	0	0	0	0	0	0	0	0
AAEL000440	214	236	237	219	185	194	146	181	269	174	190	249
AAEL027195	0	0	0	0	0	1	1	0	1	1	0	1
AAEL000457	228	205	300	321	515	242	208	223	327	251	170	223
AAEL018313	1126	801	913	511	406	635	1102	1515	1297	946	1026	1870
AAEL000442	23900	20660	24775	13122	12778	12188	14909	11099	10887	19049	9899	22821
AAEL000429	317	249	239	214	152	205	211	326	266	244	230	318
AAEL000411	156	97	128	153	141	208	140	99	192	161	161	155
AAEL000408	100	72	80	67	109	137	71	78	133	93	109	90
AAEL000469	3382	2736	2449	1575	1280	2452	2507	3678	3604	2163	2679	3939
AAEL000425	196	185	232	117	147	119	106	202	165	106	89	227
AAEL000431	1541	1224	1054	1416	1760	1678	1335	1907	2439	1271	1591	1345
AAEL024032	0	0	0	0	0	0	2	0	1	1	0	0
AAEL000412	359	195	240	482	431	411	194	425	338	344	324	451
AAEL000452	842	692	659	775	552	728	544	545	816	516	496	716
AAEL020685	18	1	15	5	11	2	9	2	7	1	6	4
AAEL000438	1185	337	394	305	388	233	661	394	469	243	1065	261
AAEL027295	0	0	0	0	0	0	1	0	0	0	0	0
AAEL025994	1	0	0	0	1	0	1	1	1	3	0	0
AAEL026764	27	18	7	19	8	14	29	21	28	28	23	14
AAEL021415	0	2	0	5	0	0	0	0	0	1	0	0
AAEL027129	0	0	1	0	1	0	0	0	1	0	0	1
AAEL000414	1	0	1	0	0	0	7	1	7	0	3	2
AAEL000465	209	128	181	235	191	159	87	96	122	110	117	199
AAEL000435	278	256	226	258	294	286	185	238	245	205	198	296
AAEL000424	5373	3977	4344	3565	3775	3671	3292	3900	4260	2707	3137	4236
AAEL000468	952	711	658	465	505	906	721	813	1085	619	792	824
AAEL021740	2	0	1	0	0	0	0	1	0	3	0	1
AAEL000458	1581	1355	1754	1572	2489	1223	868	1031	1223	1124	940	1111
AAEL023967	120	104	92	80	118	119	102	95	101	96	64	112
AAEL024427	0	0	2	0	2	0	1	1	0	0	1	2
AAEL000417	3044	1820	2081	2578	2230	2983	1795	1560	2257	1787	2516	3059
AAEL000471	953	1234	912	478	687	456	453	488	737	492	501	1514
AAEL023972	0	2	3	0	0	0	2	0	1	0	0	1
AAEL000474	352	210	231	77	104	308	528	574	772	437	529	523
AAEL000427	2345	1631	1568	856	1006	1311	1144	945	1366	949	1366	1262
AAEL027802	96	46	22	63	92	74	38	37	44	85	59	78
AAEL000445	648	297	413	326	517	337	297	377	404	415	441	523
AAEL026188	0	0	0	0	0	2	0	0	0	0	0	0
AAEL022678	2	2	0	2	0	0	2	0	3	0	3	2
AAEL026936	1	0	0	0	0	0	0	0	1	1	0	2
AAEL000460	420	285	264	290	220	285	264	241	361	237	256	338
AAEL000448	1095	988	803	717	625	1034	928	1481	1471	921	1080	1532
AAEL000422	941	626	641	786	741	999	599	582	833	572	677	538
AAEL000407	331	246	290	179	259	214	142	169	137	200	113	172
AAEL000450	955	780	687	627	659	1528	772	1162	1178	873	2085	3140
AAEL000418	531	419	395	371	570	465	432	475	502	521	479	443
AAEL027573	2	0	0	0	0	0	1	1	2	1	0	1
AAEL024391	0	1	0	1	0	0	3	0	2	0	0	0
AAEL000421	658	434	517	395	348	405	446	556	470	535	353	570
AAEL000461	1394	1026	1072	852	564	1050	1200	1615	1726	1130	1217	1254
AAEL000454	5330	3495	3168	3891	4794	3969	4407	4348	6122	3910	4387	4185
AAEL026576	0	0	0	0	0	0	0	0	0	0	0	0
AAEL000462	0	0	1	0	0	0	0	0	0	0	0	0
AAEL025794	0	2	0	2	1	0	0	1	3	1	1	0
AAEL022854	0	0	0	0	0	0	0	0	0	0	0	0
AAEL027230	1	2	7	0	4	1	11	2	7	3	7	13
AAEL020546	0	1	1	0	0	0	0	0	4	0	2	0
AAEL026303	1	0	0	0	2	0	0	0	0	0	0	0
AAEL022648	0	0	0	0	0	0	0	1	0	0	0	0
AAEL018101	0	0	0	0	0	0	0	0	1	0	0	0
AAEL026792	0	0	0	0	0	0	1	0	0	0	0	0
AAEL000419	146	91	119	77	142	63	122	130	179	94	98	173
AAEL000464	115	81	77	33	64	88	144	150	178	127	126	222
AAEL000455	51	38	34	33	77	52	52	48	80	62	50	65
AAEL000441	10	7	6	4	10	19	19	4	12	11	9	10
AAEL000428	1753	1851	1163	6802	7390	5333	643	669	1011	1226	2510	3050
AAEL000420	76	57	54	166	168	137	65	74	120	74	134	137
AAEL022082	61	9	15	13	5	12	116	64	63	60	86	116
AAEL000415	1145	1150	1179	1297	1781	1412	1165	2832	1481	1870	1319	2522
AAEL000434	749	529	641	692	748	534	456	594	669	585	511	638
AAEL018314	1385	1200	690	320	264	1367	1440	1706	2101	825	1435	1597
AAEL022034	0	0	1	0	0	0	0	0	1	0	0	0
AAEL028125	0	0	0	0	0	0	0	0	0	0	0	0
AAEL025475	0	0	0	0	0	0	0	0	0	0	0	0
AAEL000467	449	386	459	430	630	407	321	275	318	372	282	394
AAEL014016	630	514	654	436	527	492	436	593	539	642	347	687
AAEL019512	1822	1506	1066	699	631	1322	1178	1914	1625	1094	1265	2171
AAEL024900	5	3	2	1	0	3	13	12	14	13	20	14
AAEL021427	34	20	24	7	4	24	32	85	52	32	35	78
AAEL014014	348	385	326	245	225	316	260	298	260	300	197	324
AAEL018251	236	147	113	85	62	132	202	313	231	168	230	306
AAEL022487	0	0	0	0	0	0	0	0	0	0	0	0
AAEL026850	0	0	0	0	0	1	0	0	1	0	1	3
AAEL012998	99	105	51	77	64	98	146	96	193	97	111	139
AAEL022537	0	0	0	1	2	0	0	0	1	0	0	0
AAEL008716	436	376	257	144	185	635	278	421	631	214	446	408
AAEL024366	0	1	0	0	0	0	0	0	1	0	0	0
AAEL008721	245	205	141	112	111	285	178	198	297	187	242	215
AAEL008719	647	579	580	482	594	611	457	435	433	467	333	490
AAEL008718	687	492	665	526	539	449	442	489	513	622	427	594
AAEL023032	0	0	0	0	0	2	8	0	0	0	0	2
AAEL028086	0	8	1	0	2	3	0	5	3	2	3	4
AAEL008722	17	15	7	6	8	24	39	40	71	36	38	49
AAEL019623	509	339	328	188	290	569	590	717	670	489	741	1162
AAEL010977	13282	8651	7325	5869	8130	14097	14137	10974	22724	9361	15721	13007
AAEL010978	1935	1515	1249	1294	778	1633	1258	1575	1953	1062	1679	1754
AAEL021018	0	0	0	0	0	0	0	0	1	0	0	0
AAEL021535	0	0	0	0	0	2	0	0	2	0	0	0
AAEL007164	111	65	69	44	73	80	65	79	111	94	81	147
AAEL019404	404	361	381	412	474	433	283	404	453	340	439	535
AAEL018132	257	200	237	206	170	122	181	134	184	231	149	302
AAEL023843	3	2	5	1	3	3	2	1	2	3	0	6
AAEL007158	788	892	631	365	441	1201	836	769	1481	479	862	787
AAEL024091	0	0	0	1	0	0	0	0	0	0	0	0
AAEL025483	0	0	0	0	0	0	0	0	1	0	0	0
AAEL021947	0	0	0	0	0	0	0	0	0	0	0	0
AAEL007167	221	168	196	172	186	160	188	207	205	266	154	320
AAEL007162	3313	2730	2370	1940	3149	4300	3164	3666	3529	4025	3921	6139
AAEL007153	1348	904	993	988	987	907	952	1193	1203	1047	961	1321
AAEL007150	919	690	629	794	599	961	558	656	1120	617	771	740
AAEL007151	1587	1625	1058	758	789	2034	1307	2081	2179	1013	1745	2377
AAEL023197	2	5	0	1	3	4	15	5	12	13	6	9
AAEL026911	11	5	6	4	4	9	8	35	18	9	13	21
AAEL027823	0	2	2	0	2	0	1	1	0	4	7	1
AAEL022890	0	0	0	0	0	0	0	0	0	0	0	0
AAEL018133	774	733	493	207	215	825	804	968	1039	477	789	1110
AAEL022130	0	2	1	0	0	1	4	5	2	2	3	5
AAEL007171	1322	1080	1117	717	465	1006	1284	1416	1417	1166	919	1877
AAEL021622	25	5	8	2	1	4	41	35	25	52	27	27
AAEL022331	17	8	8	2	0	0	29	20	32	22	11	37
AAEL007149	85	71	92	51	49	57	78	56	54	84	58	80
AAEL024752	1	3	11	0	0	0	8	4	6	1	3	0
AAEL007160	3912	2839	2795	2752	2660	3639	2424	3112	3632	2653	3166	3704
AAEL007156	484	311	330	207	160	259	284	247	274	217	205	320
AAEL024575	0	0	0	0	0	0	0	0	1	0	0	0
AAEL027734	0	0	0	0	0	0	0	0	0	0	0	0
AAEL007169	5	1	1	0	2	0	15	4	8	10	7	12
AAEL027931	0	5	3	0	1	0	10	0	3	2	2	0
AAEL021499	2	2	8	6	1	2	4	5	4	1	7	9
AAEL019459	474	343	413	497	514	434	288	527	512	442	436	578
AAEL005718	16	7	17	12	10	10	7	23	14	19	5	12
AAEL005713	243	238	248	147	175	196	290	210	230	305	244	364
AAEL024131	0	0	2	0	0	0	0	0	0	0	0	0
AAEL005725	246	223	190	161	164	207	160	111	177	132	156	167
AAEL005721	1385	1075	1009	991	650	928	977	944	1354	844	1010	1144
AAEL025664	952	750	625	590	427	831	782	1080	1103	552	733	1056
AAEL021523	2	3	0	3	0	5	1	1	4	1	0	1
AAEL011597	203	102	106	162	154	185	98	94	131	116	155	166
AAEL023554	0	0	0	0	0	0	0	0	0	0	0	0
AAEL011594	1682	1074	1171	1465	1442	1347	1300	1716	1774	1402	1457	1873
AAEL026614	0	1	2	0	1	0	5	1	1	5	0	0
AAEL011602	192	147	194	150	191	152	154	151	164	175	141	166
AAEL011598	65	38	62	98	142	96	28	152	40	43	55	108
AAEL011599	23	31	30	15	43	38	63	15	43	45	48	8
AAEL021695	10	5	3	5	12	6	5	1	22	5	5	0
AAEL011603	732	492	579	542	523	615	498	518	660	519	553	646
AAEL018219	6042	4025	4099	3664	3112	4401	4623	4568	4939	4825	10963	22098
AAEL009024	155	84	75	42	36	69	110	170	187	112	93	123
AAEL009023	412	303	175	196	190	286	233	363	307	207	209	229
AAEL017282	113	123	95	93	129	125	100	76	117	86	78	123
AAEL009039	422	276	335	257	192	289	224	352	350	239	262	445
AAEL009029	4085	3341	3678	2611	3264	2705	2461	2811	2694	2703	2428	2687
AAEL009032	156	146	147	96	147	180	258	416	198	212	157	507
AAEL027313	4	0	3	0	3	4	7	6	7	10	3	4
AAEL026707	1	1	3	0	2	0	3	1	1	1	2	4
AAEL011161	1032	1011	779	393	439	881	802	1040	1138	833	961	1396
AAEL011159	85	109	47	129	216	222	65	66	88	70	185	267
AAEL020372	7	4	2	0	0	2	10	9	13	21	12	12
AAEL011150	696	595	669	341	475	624	598	698	683	564	607	961
AAEL011157	1341	1082	1095	878	1593	1139	878	1068	1293	911	964	1016
AAEL019610	1609	1261	1237	1544	1090	1583	1038	1359	1737	1078	1788	3024
AAEL011162	400	388	279	271	329	338	275	400	372	351	335	405
AAEL011155	353	264	251	643	1086	388	142	177	210	187	195	226
AAEL011158	841	749	830	1105	1002	897	432	445	665	517	689	907
AAEL011156	245	223	190	226	261	241	150	191	224	165	187	253
AAEL022264	1	0	0	0	0	0	0	0	1	0	0	1
AAEL025893	0	0	0	0	0	0	0	0	0	1	0	0
AAEL011163	117	151	119	101	98	143	93	83	124	106	116	119
AAEL021593	1	2	0	0	0	0	6	2	4	2	1	0
AAEL024420	2	1	4	1	0	0	8	1	15	0	0	1
AAEL011147	1023	719	790	703	661	711	686	727	860	680	747	1168
AAEL023170	21	0	9	0	2	1	4	1	5	0	2	28
AAEL011160	8	20	10	3	11	17	13	19	18	3	7	6
AAEL011787	268	229	64	129	35	232	67	226	156	148	105	236
AAEL011786	8	8	2	4	10	10	28	29	17	22	17	24
AAEL013613	4140	2259	2297	2530	3129	2589	3086	4666	4871	2512	3083	2766
AAEL013616	856	744	615	597	460	733	547	704	784	449	569	779
AAEL013620	663	533	490	608	646	707	448	489	613	480	550	813
AAEL020672	0	0	0	1	3	2	2	1	1	2	4	6
AAEL013612	2378	1084	1671	882	1281	727	1125	1067	1315	650	666	393
AAEL024203	0	0	0	8	5	6	3	1	11	17	8	9
AAEL013617	208	154	150	85	106	124	172	210	185	168	130	252
AAEL013615	215	158	167	148	149	177	112	170	215	127	122	247
AAEL022819	8566	5746	5142	4699	3602	7016	6958	6996	9753	6393	9455	14613
AAEL024845	1	0	2	0	0	0	12	1	6	3	2	0
AAEL013621	16	22	19	0	18	16	23	11	8	13	21	14
AAEL023199	0	0	0	0	0	0	0	0	0	0	0	1
AAEL027943	0	0	0	0	0	0	0	0	0	0	0	0
AAEL019622	104	75	66	37	56	105	139	152	225	138	172	239
AAEL006929	705	693	543	453	493	951	607	870	870	499	807	896
AAEL024831	0	0	0	0	0	0	0	0	0	0	0	0
AAEL007286	1414	1099	1157	925	1793	1454	509	731	752	716	760	1203
AAEL021462	6	3	13	1	13	12	4	7	7	8	7	15
AAEL007293	1424	1392	1001	648	1095	1442	1522	1981	2426	1398	1784	2281
AAEL007288	1798	1336	1133	1406	1569	2127	1465	1824	2202	1702	2233	3117
AAEL024289	4	10	9	3	4	10	17	15	5	5	10	12
AAEL022102	0	0	0	0	0	0	0	0	0	0	0	0
AAEL024944	0	0	0	0	0	0	0	0	0	0	0	0
AAEL007298	1652	1309	1213	1630	1998	1946	1198	1292	1423	1384	1374	2089
AAEL007292	562	540	419	278	486	701	487	649	680	552	622	905
AAEL007307	434	300	313	180	251	435	340	282	446	260	399	550
AAEL023605	95	52	78	16	15	21	25	18	54	30	20	43
AAEL007299	61	64	50	32	52	56	61	52	57	64	53	101
AAEL007296	278	184	181	167	216	177	165	184	253	208	188	206
AAEL024287	0	1	0	1	0	0	9	4	12	2	2	0
AAEL007282	1312	780	850	1021	807	1302	953	1133	1308	1179	1535	2262
AAEL007303	33	59	28	9	7	46	46	60	65	34	40	89
AAEL007301	220	209	259	201	227	239	185	212	220	287	201	381
AAEL007305	24	14	18	16	8	14	40	51	40	15	18	8
AAEL007281	535	257	210	326	526	815	447	476	763	312	702	612
AAEL007284	340	419	324	240	353	540	350	477	414	344	404	633
AAEL007304	326	394	270	100	119	449	351	310	437	251	410	495
AAEL024270	2	0	0	2	4	0	12	1	3	4	0	2
AAEL007283	458	401	454	294	294	274	477	509	710	380	449	404
AAEL007310	332	277	221	165	171	319	321	357	391	321	341	458
AAEL024073	1	1	2	2	0	1	1	1	0	0	0	1
AAEL007290	749	1000	545	117	233	899	1174	1405	1636	805	1139	1850
AAEL024471	7	10	4	2	1	12	12	9	13	17	19	23
AAEL021710	6	10	1	1	1	0	0	1	0	0	3	4
AAEL020894	0	0	0	1	0	0	2	0	0	0	2	3
AAEL020861	11	12	1	4	2	1	8	47	22	24	16	47
AAEL025594	1649	1385	1529	1668	1912	1990	1131	1338	1426	1321	1371	1918
AAEL007280	417	369	292	162	189	362	337	398	394	294	318	543
AAEL007289	402	493	232	143	306	849	268	264	480	221	355	292
AAEL020041	0	0	0	2	0	0	5	4	6	2	5	5
AAEL028156	0	0	0	0	0	0	0	0	1	2	3	0
AAEL027422	0	1	0	0	0	0	2	1	0	2	0	2
AAEL007306	5257	3688	3066	4083	3800	4694	4434	6251	6836	3768	4484	5570
AAEL025050	0	0	0	1	0	0	1	0	1	2	0	0
AAEL007295	234	253	177	118	157	300	266	160	241	251	252	217
AAEL007285	8	12	10	13	7	5	20	6	14	5	12	10
AAEL007309	479	320	422	281	295	356	339	331	335	448	308	555
AAEL007302	84	39	60	12	28	28	104	931	360	334	50	339
AAEL026144	13	6	17	4	6	9	6	8	14	9	10	14
AAEL021051	4	1	2	0	3	2	4	1	0	2	0	1
AAEL014226	643	523	403	113	199	313	554	670	724	390	661	1024
AAEL027423	0	2	1	0	0	0	1	1	0	0	0	0
AAEL014227	43	29	44	16	20	22	149	117	170	125	142	191
AAEL014846	785	639	588	327	479	412	429	604	573	535	506	784
AAEL020518	7	8	9	4	1	8	5	8	7	3	1	6
AAEL014847	2060	2092	1656	501	997	2072	2012	1479	2179	1976	2491	4323
AAEL014848	0	4	3	3	3	0	3	1	4	3	0	3
AAEL027124	0	0	0	0	0	0	0	0	0	0	1	3
AAEL027706	100	160	80	16	38	121	235	174	343	150	231	359
AAEL025725	0	0	0	0	0	0	2	0	0	0	0	0
AAEL008588	253	171	146	134	235	319	288	173	398	300	333	392
AAEL008587	190	209	150	82	207	320	288	303	449	224	341	436
AAEL024323	4	2	2	0	2	2	8	3	3	2	7	11
AAEL008575	1034	953	953	407	434	551	668	944	659	761	534	1367
AAEL020575	6	63	96	34	24	23	26	56	53	62	48	37
AAEL021674	0	0	1	0	1	1	4	3	14	1	1	2
AAEL008585	238	281	199	65	113	250	305	215	296	214	316	326
AAEL025766	87	2	3	0	3	0	7	4	9	3	7	9
AAEL019486	645	756	637	237	344	601	664	631	747	711	697	1134
AAEL025381	2	1	1	0	0	0	1	1	0	0	2	1
AAEL024093	0	0	0	1	0	0	1	0	0	0	0	0
AAEL021107	28	12	8	14	28	30	18	11	15	18	19	38
AAEL020184	1	5	1	1	2	4	4	2	0	4	1	6
AAEL026626	3	0	2	2	0	2	3	6	2	3	2	3
AAEL020858	1	0	0	0	0	0	8	0	0	0	1	3
AAEL019880	520	634	411	81	129	494	680	546	633	511	547	923
AAEL020143	0	0	0	0	0	0	0	0	0	0	0	1
AAEL025300	0	0	0	0	0	0	0	0	2	0	0	0
AAEL026476	34	98	60	37	43	51	12	63	32	60	19	46
AAEL026129	8	9	17	4	16	4	14	3	6	5	2	5
AAEL019851	342	534	273	94	116	366	509	524	801	334	522	947
AAEL024206	1	0	1	0	0	0	2	0	2	1	0	2
AAEL027139	150	58	62	20	28	6	22	21	8	49	67	227
AAEL020576	3	0	0	0	0	1	5	5	9	2	3	10
AAEL021187	3	1	2	0	1	2	7	5	7	1	2	7
AAEL026078	1	0	0	0	0	0	0	1	1	3	2	3
AAEL028206	11	11	7	13	11	5	9	0	8	21	14	2
AAEL009275	3387	2927	2581	1814	2655	3208	3085	2771	3473	3026	2751	3583
AAEL023609	0	1	0	2	0	0	6	2	2	0	0	5
AAEL025854	8	4	20	19	7	18	21	13	19	26	15	16
AAEL026339	6	1	7	1	15	5	11	8	15	4	12	11
AAEL027703	1	0	2	0	0	0	0	0	0	0	0	4
AAEL009280	12	14	4	6	10	12	5	10	5	7	7	9
AAEL025879	3	0	7	9	8	3	5	14	13	7	5	11
AAEL025997	1	0	1	2	0	1	0	0	1	0	0	0
AAEL025403	1	2	4	2	0	0	0	0	3	0	5	2
AAEL027256	100	33	117	121	71	99	76	81	102	82	67	119
AAEL021119	2	0	4	5	8	9	2	4	10	4	0	4
AAEL021588	5	0	8	0	1	2	5	1	4	0	2	3
AAEL027990	1	0	0	1	0	1	2	0	2	3	0	3
AAEL009271	147	113	98	60	60	150	176	127	221	160	211	455
AAEL019457	42	23	27	26	19	20	65	54	84	59	61	65
AAEL019456	5	2	2	2	1	2	8	1	6	6	4	10
AAEL009273	1115	906	948	568	652	912	841	942	1166	776	790	1219
AAEL009276	119	147	85	55	60	83	92	103	113	118	110	154
AAEL009272	272	186	217	209	250	208	218	168	230	188	166	222
AAEL009274	1533	1309	1547	1003	1340	1293	1256	1265	1099	2005	968	2025
AAEL021844	1	0	1	2	0	0	1	0	0	2	0	1
AAEL009278	1900	1544	1596	1290	1703	1419	1861	1814	2041	2026	1615	1610
AAEL017184	368	231	301	113	126	179	371	423	411	351	339	559
AAEL006644	42	34	39	27	33	45	64	79	131	93	87	99
AAEL006656	380	306	292	248	379	404	343	311	453	393	399	567
AAEL006652	251	214	188	222	285	227	175	195	226	223	214	235
AAEL006648	83	103	85	78	84	71	84	79	173	67	106	136
AAEL006650	133	89	75	17	43	66	363	347	461	227	248	354
AAEL019739	671	644	375	72	71	488	1526	1253	1538	821	1311	2574
AAEL021967	1	0	0	0	0	0	3	2	1	2	0	1
AAEL012352	178	216	165	43	171	286	383	324	512	485	356	539
AAEL012355	538	528	369	256	274	489	500	815	665	413	506	792
AAEL024428	0	5	1	20	7	12	0	8	6	1	4	3
AAEL012351	390	601	594	116	236	143	198	92	183	155	79	110
AAEL022591	6	6	4	1	0	6	11	1	7	5	5	7
AAEL025450	0	2	1	0	0	1	1	2	1	1	0	2
AAEL025606	1138	1056	934	494	384	664	888	1657	1022	916	749	1571
AAEL020764	1	4	2	0	1	0	1	2	0	0	5	9
AAEL019509	751	556	270	240	188	447	743	789	903	509	725	756
AAEL011399	380	342	344	314	329	355	275	362	382	283	337	401
AAEL011395	2660	1620	1978	2701	3659	1803	1332	1403	1767	1201	1442	1829
AAEL011391	770	542	606	599	713	678	454	641	783	465	527	667
AAEL027478	83	93	84	83	107	110	103	124	196	94	134	247
AAEL023040	103	81	70	66	72	46	106	1572	617	423	99	117
AAEL013862	414	248	295	279	259	375	285	323	375	313	284	328
AAEL021374	2	2	0	1	4	1	2	1	3	1	4	5
AAEL013863	1720	1442	1247	638	545	1338	1402	1755	2233	1431	1614	2447
AAEL027471	0	0	0	0	0	0	0	0	0	0	0	0
AAEL027470	0	1	2	2	1	0	2	1	1	3	1	4
AAEL027601	3	4	0	0	0	3	31	10	17	13	13	12
AAEL014445	70	25	24	19	27	24	29	35	24	13	17	11
AAEL026585	0	0	2	0	0	0	0	2	0	0	0	0
AAEL014443	4	0	1	6	1	0	3	3	4	1	2	1
AAEL009821	43	32	17	3	3	18	79	85	98	61	74	101
AAEL009817	169	124	105	97	134	174	131	162	205	133	231	223
AAEL020872	22	31	27	20	56	27	55	9	68	24	21	75
AAEL022936	66	45	46	9	70	49	84	47	81	77	77	47
AAEL019518	4111	3065	3029	2091	1581	2877	3932	3422	4024	2834	3726	6270
AAEL009814	441	302	372	263	285	311	297	434	413	387	323	497
AAEL026120	0	0	0	0	0	0	0	0	0	0	0	1
AAEL009811	485	378	421	226	321	344	344	470	441	495	279	591
AAEL009808	2086	1223	1411	2132	2259	1954	1266	1388	2107	1441	1710	2033
AAEL009815	829	543	492	388	375	558	613	556	700	603	632	774
AAEL009822	121	84	65	38	54	60	70	148	131	75	90	122
AAEL018186	411	345	261	216	267	375	347	569	461	439	450	633
AAEL009823	626	438	369	189	193	437	856	866	1020	550	933	1260
AAEL023080	0	0	0	0	0	0	0	0	0	0	0	0
AAEL009810	640	660	508	814	1304	1021	479	1822	916	823	865	879
AAEL009813	24	29	15	25	33	26	38	26	44	33	47	36
AAEL009818	171	143	142	204	312	211	176	201	240	214	193	239
AAEL024434	38903	26105	31876	34293	55899	33705	24617	15666	27735	24813	23741	20921
AAEL011827	829	667	590	592	636	961	608	835	1045	448	694	725
AAEL011825	302	212	166	126	134	258	236	235	288	200	204	246
AAEL011826	524	223	255	268	279	441	380	372	466	298	388	475
AAEL026322	0	0	0	0	0	0	0	0	0	0	0	0
AAEL023809	0	0	0	0	0	0	0	1	1	2	1	2
AAEL025477	160	123	76	50	148	155	242	214	277	214	235	238
AAEL021576	32	30	18	8	35	30	45	25	65	35	38	43
AAEL005720	49	39	24	39	56	47	77	70	105	54	65	112
AAEL005712	4744	4308	3056	2106	1230	3729	4235	4548	5224	2813	4227	6512
AAEL014943	3320	3006	2787	2666	2914	3618	2357	2582	3291	2365	2547	3122
AAEL014944	13721	9189	13270	11511	19209	9608	6889	7524	9366	8150	7856	6917
AAEL004435	2196	1296	1622	1408	1752	1495	1068	1429	1794	1266	1263	1307
AAEL028137	4	0	0	1	1	1	11	4	5	5	2	10
AAEL004426	294	280	232	315	375	326	163	264	278	256	292	325
AAEL004434	14980	10230	12157	10150	9841	9415	8656	10610	12021	7641	8584	10026
AAEL004441	1735	1296	1347	1305	1127	1305	1283	1398	1870	981	1401	1424
AAEL021228	0	0	0	0	0	0	0	0	0	0	0	0
AAEL004437	491	374	426	459	404	476	430	368	537	432	376	425
AAEL027514	111	119	85	21	32	130	255	229	249	160	246	320
AAEL004431	1308	936	873	784	581	993	1086	1032	1369	1017	1045	1378
AAEL004438	1507	1220	1257	1678	2440	1628	855	971	1299	869	838	1045
AAEL004419	3690	2622	2673	2738	2379	2903	3182	3008	4628	2839	3046	3132
AAEL004433	465	341	311	400	462	487	299	336	443	291	323	338
AAEL004445	1661	1066	1038	1467	1405	1682	1303	1348	2079	1026	1505	1477
AAEL004442	2	0	2	1	1	0	2	0	2	0	0	1
AAEL019502	32	11	19	14	15	16	35	20	43	37	36	39
AAEL004425	292	210	268	379	567	429	148	159	207	190	214	315
AAEL004416	70	33	51	20	28	14	29	28	30	30	26	32
AAEL004440	580	430	325	229	386	606	658	1025	1148	585	702	745
AAEL024801	0	0	0	0	0	0	0	0	0	0	0	0
AAEL020039	0	0	0	0	0	0	0	0	0	0	0	0
AAEL025639	0	0	0	0	0	0	0	0	0	0	0	0
AAEL023111	0	0	0	0	0	0	0	0	1	0	0	0
AAEL012952	19	12	16	10	15	15	28	38	27	15	17	31
AAEL021910	0	2	0	2	2	0	3	1	1	0	1	0
AAEL019540	1	1	1	0	1	8	10	3	6	3	8	7
AAEL012949	26	32	29	78	92	48	30	50	60	32	106	119
AAEL023450	0	0	0	0	0	0	0	0	1	0	0	0
AAEL023747	5	3	8	3	17	3	4	3	1	5	0	5
AAEL012945	1664	1377	1160	980	922	1449	1121	1652	1610	1049	1091	1697
AAEL012947	52	2	2	31	0	33	2	2	5	3	3	1
AAEL012944	34350	22614	27389	27605	44963	29072	24676	14746	28665	21897	23505	18603
AAEL026340	0	0	1	1	0	0	1	0	1	0	3	0
AAEL012943	1629	1220	1730	1788	2345	1826	876	991	1098	1150	1271	1422
AAEL025455	1869	1120	1094	947	716	1157	1639	1920	2160	1300	1680	2355
AAEL020433	0	0	1	0	3	0	4	1	5	2	1	6
AAEL004444	468	473	366	107	264	485	516	796	876	482	547	902
AAEL004422	254	265	210	269	260	350	276	225	304	294	316	310
AAEL023544	4	0	2	1	2	5	6	8	5	2	2	7
AAEL004417	937	628	696	590	537	636	851	953	961	847	774	1266
AAEL004430	370	388	442	453	572	503	292	314	395	395	339	397
AAEL020275	3	4	0	0	0	0	2	2	3	2	0	3
AAEL025759	1	3	18	2	1	4	0	6	3	1	1	0
AAEL022596	0	0	0	0	0	0	0	0	0	0	0	0
AAEL004427	991	698	906	1038	1145	876	625	729	738	670	597	855
AAEL004436	1623	1330	1226	1106	1294	1498	889	648	935	924	918	1220
AAEL004448	838	507	680	1094	887	775	375	490	474	497	508	1443
AAEL004446	12	8	1	6	13	13	13	11	21	10	8	11
AAEL004420	265	142	133	77	102	201	213	156	224	213	166	176
AAEL004439	453	442	385	333	350	381	314	344	307	376	333	465
AAEL020921	0	0	0	0	0	0	0	0	0	0	0	0
AAEL004423	8128	5359	6483	6203	8337	5566	5161	5398	6648	4620	4948	4463
AAEL012942	252	318	192	116	181	444	177	219	358	190	275	284
AAEL012950	4139	2685	3465	3362	4862	3234	2158	2455	3176	2436	2379	2656
AAEL023012	0	0	1	4	2	4	0	0	0	2	1	4
AAEL007794	50	12	9	4	11	14	138	100	119	69	84	115
AAEL019004	0	0	0	0	0	0	0	0	0	0	0	1
AAEL028096	10	2	0	1	9	3	5	63	44	9	2	3
AAEL022150	1	1	0	1	0	1	3	3	6	3	1	4
AAEL013032	397	195	175	761	835	1435	308	335	457	317	1286	835
AAEL024351	2	0	0	0	0	0	0	0	2	3	0	4
AAEL025025	0	0	0	0	0	0	0	0	0	0	0	0
AAEL010074	51	54	54	13	19	30	39	53	50	26	45	79
AAEL010073	1104	877	749	878	706	1258	1013	1232	1615	1009	1151	1138
AAEL010077	534	399	264	361	336	560	331	325	435	298	336	344
AAEL010071	209	152	158	173	136	136	154	101	149	124	132	123
AAEL010075	0	0	0	0	0	0	0	0	0	0	0	0
AAEL024373	1	0	0	0	0	0	2	0	0	0	2	0
AAEL026935	0	0	0	0	0	0	0	0	0	0	0	0
AAEL010070	183	153	151	96	149	125	152	187	144	181	101	207
AAEL010067	53	22	17	13	3	19	110	82	79	71	91	145
AAEL009680	1989	1694	1581	750	935	1481	1631	2383	2417	2047	1361	1614
AAEL009685	314	252	192	205	207	231	288	379	510	304	361	259
AAEL009683	21	10	4	5	1	4	8	4	3	12	3	12
AAEL009691	11783	8774	7869	5456	5117	4778	3632	14655	7644	5259	5361	6521
AAEL009689	0	1	0	3	0	0	2	0	0	0	1	2
AAEL009686	389	327	300	262	251	429	236	321	365	257	316	439
AAEL009682	11	5	6	2	6	2	10	4	9	3	14	7
AAEL009681	592	313	385	731	728	516	299	311	328	445	537	927
AAEL021936	0	0	0	0	0	0	2	0	0	5	0	0
AAEL024621	0	1	1	0	0	0	1	1	8	4	0	8
AAEL009690	17	4	3	4	9	7	9	5	12	11	10	16
AAEL009684	3047	2639	1672	479	498	2123	3953	3991	4209	1921	2981	4950
AAEL022514	14	9	4	4	13	20	45	33	29	41	22	32
AAEL009679	175	70	123	79	170	99	180	419	428	254	168	192
AAEL026711	3	0	0	0	0	0	9	3	2	3	2	1
AAEL023400	5	0	2	0	1	2	7	0	4	1	2	0
AAEL019595	641	520	334	143	123	579	843	960	991	555	763	1105
AAEL022500	14	15	12	11	21	24	14	18	19	27	12	18
AAEL023881	0	0	0	0	0	0	0	0	0	0	0	0
AAEL018945	0	0	0	0	0	0	0	0	0	1	1	0
AAEL023021	0	0	0	0	0	0	0	0	0	0	0	0
AAEL009547	756	485	486	578	496	593	504	691	797	544	660	891
AAEL009545	0	1	1	0	2	2	0	1	1	0	3	1
AAEL009544	65	48	54	85	116	72	56	79	81	70	83	103
AAEL025080	18	11	33	12	18	9	14	17	26	16	27	20
AAEL020188	0	1	0	0	0	4	0	0	0	0	0	15
AAEL020155	0	1	0	0	0	1	0	0	0	0	0	21
AAEL019673	43	41	31	27	55	37	31	102	58	48	49	82
AAEL004478	52	13	17	5	4	19	90	80	97	75	82	118
AAEL020111	0	0	0	0	0	0	1	0	1	3	0	1
AAEL004465	110	125	119	83	137	123	105	103	106	128	111	131
AAEL004460	1893	1674	1492	1502	2224	1451	1464	1261	1555	1336	1539	1824
AAEL024755	0	0	0	0	0	0	0	0	0	0	0	0
AAEL004467	1276	1192	1081	688	824	1069	839	1086	1175	936	891	1514
AAEL023428	0	8	25	0	2	2	33	0	20	0	0	0
AAEL000175	5981	4326	3997	5315	5047	6080	4551	4973	7404	3668	5536	5557
AAEL023339	3	1	0	2	1	0	3	1	3	1	0	1
AAEL026499	0	0	0	0	2	5	1	0	0	0	6	2
AAEL000176	96	122	50	14	45	98	124	160	238	101	147	190
AAEL000162	26	11	10	5	5	16	27	17	17	27	23	24
AAEL000195	16	22	12	12	30	12	15	13	19	21	6	21
AAEL000170	226	217	172	103	84	137	170	278	277	139	177	359
AAEL000201	303	342	284	180	149	276	241	461	322	284	261	406
AAEL020436	1	1	1	1	3	0	1	2	3	2	0	4
AAEL023783	0	0	0	0	0	0	1	0	0	0	0	1
AAEL027246	0	0	0	0	0	0	0	0	0	0	0	0
AAEL000173	311	275	219	204	274	464	160	175	318	158	225	234
AAEL000179	930	826	701	599	844	1312	692	760	925	742	900	1201
AAEL000211	1175	931	1078	706	1348	771	1119	824	970	1249	946	1071
AAEL000193	1622	1468	1386	656	704	1491	1588	2049	2178	1354	1594	2189
AAEL000208	1601	1300	1867	1410	1962	1148	646	603	786	906	803	1103
AAEL000199	1919	1167	1286	2177	2825	1370	711	887	1051	738	897	1198
AAEL000180	269	270	270	215	330	276	183	161	251	170	170	271
AAEL000182	375	405	373	292	492	360	220	306	313	241	175	283
AAEL000215	220	142	155	144	126	196	187	131	226	178	178	107
AAEL027680	0	1	0	0	0	0	2	4	1	0	0	1
AAEL000206	210	163	148	152	156	215	183	157	269	141	133	138
AAEL021082	26	11	23	2	6	11	94	83	79	38	53	110
AAEL026143	0	1	0	0	0	0	0	0	0	1	0	1
AAEL023608	1	0	3	0	0	1	10	6	8	5	5	4
AAEL000187	170	135	131	83	75	83	262	168	185	163	147	274
AAEL025804	0	0	0	0	0	0	1	2	1	2	0	1
AAEL000174	111	81	69	56	66	94	102	100	115	100	107	147
AAEL000194	1597	919	972	1264	988	1361	1269	1481	1779	1406	1859	2715
AAEL020695	2830	2178	1960	1588	1231	2300	1669	2238	2719	1607	1978	2866
AAEL021262	32	16	11	16	47	31	42	28	32	39	32	16
AAEL000203	0	0	0	0	1	0	2	0	0	4	0	0
AAEL018036	127	70	75	42	66	76	79	155	155	98	108	145
AAEL019858	65	41	46	32	45	79	77	66	76	65	74	87
AAEL000165	493	295	306	546	983	826	562	1205	971	464	1100	1026
AAEL000200	1240	983	1099	2081	2486	2002	966	1040	1479	1342	2216	2487
AAEL000172	4668	3314	2865	2237	1547	3378	3974	3867	4959	2701	3615	5651
AAEL027374	2	0	0	0	0	0	0	2	0	0	0	0
AAEL019941	0	0	0	0	0	1	2	1	0	0	2	1
AAEL019940	1215	775	723	337	239	710	1499	1297	1402	609	1151	2238
AAEL021571	0	3	0	0	0	0	1	0	2	0	1	1
AAEL000178	364	271	298	284	358	269	223	242	276	222	211	292
AAEL026697	1	1	1	0	0	0	6	3	3	2	1	0
AAEL023429	3	2	2	0	1	0	4	2	5	2	4	4
AAEL023909	22	5	17	17	13	17	21	21	13	6	10	10
AAEL000184	125	89	120	210	217	185	106	117	125	153	175	270
AAEL018225	1151	959	726	519	448	985	1073	1366	1510	772	1011	1621
AAEL000191	1372	973	900	889	912	1408	1019	1513	1414	1199	1726	2461
AAEL000196	250	208	246	100	177	122	72	70	152	128	143	179
AAEL000185	6477	4943	3729	3595	3663	6470	4292	7638	6689	3487	6028	7548
AAEL000204	1662	974	1000	952	849	1414	1161	1634	1648	1310	1585	1816
AAEL000210	953	758	797	745	1049	877	533	598	718	665	633	633
AAEL000186	790	561	680	683	624	614	735	602	838	971	842	1146
AAEL026817	1199	1032	1096	597	620	760	902	1254	949	875	786	1529
AAEL028099	0	0	0	0	0	0	1	0	0	0	0	1
AAEL023123	0	4	1	0	1	3	0	0	0	0	0	0
AAEL006474	1560	1150	1043	1310	1350	1382	763	1176	1223	616	950	1079
AAEL006464	117	76	63	24	21	43	188	89	295	142	220	195
AAEL006454	35	30	20	37	34	20	31	28	42	39	22	29
AAEL006472	2643	1777	1665	965	852	1715	2886	3129	3632	2045	3127	4841
AAEL006469	889	705	546	704	576	1092	700	730	1205	509	851	682
AAEL006457	118	76	90	139	109	112	97	106	131	118	101	118
AAEL006462	343	371	315	298	315	386	225	360	382	243	295	375
AAEL006460	672	543	480	415	311	568	485	601	617	534	647	877
AAEL006473	2115	1625	1895	1096	1168	1249	1537	2061	1865	1924	1402	2399
AAEL006463	213	247	164	129	148	128	184	145	189	164	144	194
AAEL006458	1909	1673	1727	1542	2086	1430	910	1369	1334	1393	1153	1705
AAEL021369	1	1	0	0	0	0	1	0	0	0	2	0
AAEL006453	134	158	98	60	83	195	140	199	202	136	140	182
AAEL006459	258	249	168	141	164	297	248	203	269	221	291	368
AAEL006467	557	505	796	15	102	31	223	164	502	89	128	212
AAEL006471	0	0	1	1	0	1	1	3	2	0	3	2
AAEL023398	182	168	162	141	227	120	146	114	145	166	144	123
AAEL019710	47	30	20	7	20	26	272	162	167	152	112	203
AAEL017294	0	0	0	0	0	0	3	0	1	5	1	5
AAEL006465	3	0	0	0	0	0	6	2	0	0	0	1
AAEL022086	0	0	0	0	0	0	0	0	0	0	0	0
AAEL022245	0	0	1	0	0	1	0	0	1	0	0	0
AAEL017557	1	0	0	0	0	1	1	1	0	0	0	0
AAEL027759	0	0	0	0	0	0	0	0	0	0	0	0
AAEL026635	0	0	0	0	0	0	0	0	0	0	0	3
AAEL025135	0	0	0	0	0	0	0	0	0	0	0	0
AAEL022984	3	1	2	2	1	0	11	23	13	11	2	6
AAEL017398	0	0	0	0	0	0	0	0	0	0	0	0
AAEL019832	117	69	67	23	90	120	141	170	202	137	136	215
AAEL023520	0	0	0	0	0	0	0	0	0	0	0	0
AAEL027757	0	0	1	1	0	2	7	6	3	11	2	3
AAEL004951	323	171	239	233	379	311	207	272	368	218	225	245
AAEL025911	2383	1777	1630	1330	1014	1814	1942	2080	2567	1697	1899	2739
AAEL026655	0	1	1	4	1	0	0	0	0	1	0	1
AAEL023019	1733	1341	975	569	583	1701	1423	1896	2153	1199	1955	2577
AAEL021854	41	22	10	6	3	14	23	20	34	12	40	21
AAEL005849	7993	4389	6455	8202	7858	6797	7432	6605	9926	7382	10818	10918
AAEL018354	2602	2356	1818	1057	1010	2332	1745	2937	2598	1792	2585	4096
AAEL025592	0	0	0	0	0	0	0	0	0	0	0	0
AAEL005856	1911	1383	1409	1111	937	1142	804	1174	1353	996	1166	1359
AAEL005845	3844	3523	2455	1438	1185	5004	5525	5717	7066	3627	6156	10098
AAEL024843	0	2	0	0	0	0	4	0	0	0	0	1
AAEL021345	0	5	7	11	22	5	2	9	6	14	2	14
AAEL005861	3006	2585	2150	1729	1775	4559	2668	3091	2900	2386	4846	10847
AAEL005850	272	328	222	31	34	84	379	778	306	248	195	695
AAEL021553	2	0	1	1	0	3	0	0	2	1	0	1
AAEL020288	1	1	0	0	0	1	0	0	1	1	0	0
AAEL020388	2	1	2	1	4	1	2	2	3	0	1	1
AAEL005842	1	0	1	0	2	1	1	0	1	0	0	1
AAEL019982	1287	955	744	700	649	1061	1120	1488	1561	944	1176	1795
AAEL026631	0	0	0	0	0	0	0	0	0	0	1	3
AAEL019981	76	78	68	25	43	20	73	65	69	93	49	46
AAEL005854	126	129	129	60	36	20	80	55	99	88	73	74
AAEL022122	1	9	0	0	0	0	5	2	0	1	3	4
AAEL005855	8	4	13	16	26	3	18	116	48	51	17	38
AAEL024941	4	1	0	1	8	1	5	3	4	5	1	14
AAEL005843	4184	3789	2186	910	801	3929	4540	5308	6374	2187	4901	6040
AAEL005846	687	660	490	413	493	701	552	600	614	582	718	1192
AAEL005868	577	388	364	869	715	1073	384	341	696	556	728	810
AAEL005851	493	382	399	369	427	374	317	303	351	387	300	376
AAEL005858	145	159	118	57	84	156	107	162	168	104	110	182
AAEL028062	0	0	1	0	0	2	3	0	2	2	2	0
AAEL022472	0	0	0	0	0	0	2	2	1	2	0	2
AAEL021191	117	66	127	113	199	42	79	136	123	156	67	143
AAEL005857	410	372	300	257	325	312	291	301	384	367	261	388
AAEL005863	970	704	670	466	428	473	604	770	804	813	681	818
AAEL005848	472	367	385	350	285	342	382	390	453	320	342	486
AAEL005870	856	691	638	659	581	685	499	676	652	596	589	579
AAEL019688	21	5	6	9	4	5	10	9	8	14	25	6
AAEL003473	13	2	4	2	1	8	16	16	16	13	17	27
AAEL024112	359	155	120	102	143	245	215	302	398	252	341	314
AAEL020270	8	16	3	7	14	19	6	8	27	13	7	23
AAEL003470	7	2	3	2	0	4	4	0	2	2	0	0
AAEL019450	905	657	527	441	271	605	654	1039	1070	635	806	1033
AAEL003469	1000	869	889	932	1165	1128	757	756	973	736	651	707
AAEL003478	96	40	46	57	60	58	75	58	93	49	81	105
AAEL003464	66	58	68	64	88	58	45	58	60	65	48	73
AAEL003481	229	132	149	234	277	365	199	306	330	205	271	352
AAEL003476	167	116	115	97	109	114	158	111	194	169	239	292
AAEL026652	1518	1240	1132	1283	1549	2851	1104	1539	1551	1181	2581	3442
AAEL023593	0	5	4	1	0	0	1	2	0	5	0	0
AAEL027795	0	0	0	1	0	0	0	0	1	0	0	0
AAEL023427	0	0	0	0	0	0	0	0	0	0	1	2
AAEL023611	1135	779	787	479	318	638	986	1204	1355	903	1143	1753
AAEL028691	0	0	0	0	0	0	0	0	0	0	0	0
AAEL003456	197	187	156	131	128	193	169	162	208	171	156	225
AAEL003484	124	90	100	55	96	131	116	103	128	106	108	148
AAEL003471	292	200	228	198	128	163	174	251	197	206	150	313
AAEL003451	192	164	147	149	136	187	167	177	181	157	156	171
AAEL003474	79	52	46	25	59	40	49	56	63	71	47	56
AAEL026567	30	10	13	32	16	26	17	13	32	15	21	37
AAEL008583	318	254	186	159	141	354	154	287	273	114	227	302
AAEL008577	409	279	362	376	613	406	251	283	269	382	233	402
AAEL008578	1766	1891	1251	586	456	1872	1613	2097	2388	1245	1903	2322
AAEL026522	433	527	257	179	333	724	298	316	561	187	494	312
AAEL008576	140	119	148	105	123	134	100	108	92	115	76	157
AAEL008582	959	637	727	820	967	732	689	442	653	594	553	507
AAEL008574	2567	1882	2231	3954	3485	3252	1317	2016	1992	1685	2388	3012
AAEL008579	1228	1042	889	498	341	929	1699	1701	1530	1046	1093	2447
AAEL008584	447	346	339	401	575	415	310	389	446	354	356	373
AAEL024756	8	3	7	3	0	10	54	47	34	23	26	29
AAEL028961	0	0	0	0	0	0	0	0	0	0	0	0
AAEL028749	0	0	0	0	0	0	0	0	0	0	0	0
AAEL008580	1200	1102	1186	728	811	851	911	911	988	1302	824	1767
AAEL010200	394	277	295	268	382	334	313	410	428	376	275	474
AAEL010201	8	6	3	11	22	11	14	22	13	4	12	11
AAEL027980	0	0	0	0	0	0	2	0	0	0	0	0
AAEL010197	6	4	12	11	8	7	8	6	7	8	6	29
AAEL010193	11	0	1	0	3	1	1	7	11	4	5	3
AAEL011865	1228	882	1057	1248	1586	1369	890	878	1139	958	949	1378
AAEL027454	1	0	0	0	0	0	1	0	1	0	0	3
AAEL020922	23	24	9	23	26	14	16	24	22	28	19	25
AAEL022841	9	1	0	0	0	0	0	6	4	2	7	8
AAEL018227	38	20	20	19	25	24	81	84	89	74	66	73
AAEL011866	235	196	209	172	269	181	132	181	171	171	149	167
AAEL011857	474	433	263	254	294	684	345	372	607	259	458	372
AAEL027686	327	218	177	478	589	626	338	1204	835	782	783	1246
AAEL020581	2	1	8	5	4	5	3	3	9	4	2	0
AAEL015347	119	158	110	75	124	158	100	152	119	155	107	137
AAEL009542	488	441	358	368	264	437	318	339	478	364	344	395
AAEL009539	1291	1037	815	735	973	1367	1195	1195	1657	983	1518	1604
AAEL009533	592	389	380	350	178	445	469	657	607	416	373	684
AAEL009534	0	0	0	0	0	0	0	0	0	0	0	0
AAEL009526	0	0	0	0	0	0	0	0	0	0	0	0
AAEL009541	126	106	123	109	203	188	164	193	287	205	172	216
AAEL009537	1	2	1	10	18	5	1	2	3	8	29	101
AAEL021131	0	0	0	0	0	0	1	0	0	0	0	0
AAEL019698	5	2	6	3	3	2	2	1	1	3	2	12
AAEL009543	0	0	0	0	0	0	0	0	0	0	0	0
AAEL009528	0	0	0	1	0	0	2	0	1	1	3	0
AAEL008380	31	16	7	5	21	11	81	4	35	23	21	47
AAEL024232	3	4	1	3	0	3	5	1	3	11	3	10
AAEL008389	6014	4303	4087	3454	2371	3425	3919	5249	4991	3801	3517	6515
AAEL017543	592	469	472	454	429	486	281	452	439	342	387	478
AAEL008392	230	189	200	190	223	245	168	167	207	166	204	238
AAEL008391	402	228	207	162	221	255	229	313	307	226	218	325
AAEL008394	684	601	610	710	1211	758	463	496	654	532	554	510
AAEL028241	4	3	0	1	0	2	0	3	1	1	1	1
AAEL024779	0	0	0	0	0	0	1	0	3	0	4	0
AAEL008393	843	741	594	286	339	543	588	917	844	508	487	628
AAEL017866	1	0	0	0	4	0	5	2	2	0	1	1
AAEL018903	0	0	0	0	0	0	0	0	0	0	0	0
AAEL008379	1097	788	763	661	763	1078	833	919	1086	797	926	1060
AAEL016647	1	0	2	0	0	2	4	0	6	4	4	4
AAEL018904	1	0	2	0	0	2	1	1	4	4	1	4
AAEL024654	98	82	71	39	51	69	70	35	48	59	81	75
AAEL018155	1679	1135	1295	746	542	765	914	2396	1528	1195	822	1608
AAEL008386	186	188	188	67	87	114	143	180	296	99	147	134
AAEL008384	27	22	22	25	20	40	33	9	29	32	39	42
AAEL026031	63	19	40	57	42	75	60	62	99	51	108	169
AAEL024038	62	26	28	72	111	105	57	23	51	34	80	68
AAEL008376	61	137	50	44	162	75	61	47	60	78	79	126
AAEL008378	19	16	30	7	4	19	11	8	8	5	23	35
AAEL008382	799	689	524	317	283	856	709	981	1090	545	846	1021
AAEL008377	541	478	406	235	208	337	431	622	404	287	438	659
AAEL021790	228	113	84	157	114	145	172	119	161	130	175	133
AAEL027238	101	67	50	104	84	101	105	114	121	102	115	207
AAEL022800	0	0	0	0	0	2	4	3	0	5	2	5
AAEL008390	922	589	614	302	203	468	1012	955	1227	545	778	1234
AAEL019907	908	783	544	331	267	881	1424	1229	1329	860	1221	2262
AAEL011167	0	0	0	0	0	0	3	2	1	3	0	1
AAEL021572	42	28	35	17	6	28	121	53	81	71	80	166
AAEL020802	23	11	17	6	10	7	14	10	18	13	17	15
AAEL022830	0	0	0	0	0	0	0	0	0	0	1	0
AAEL001949	107	73	101	89	81	79	75	76	90	70	75	55
AAEL020902	11	2	21	22	17	8	11	25	27	16	15	10
AAEL001936	82	48	45	73	91	57	48	77	58	66	69	78
AAEL001937	562	385	515	752	835	949	266	486	401	514	752	1257
AAEL001920	158	102	85	169	180	201	210	216	306	212	221	186
AAEL001952	550	531	453	304	368	599	479	607	707	432	583	705
AAEL022452	123	107	105	85	98	116	89	104	110	83	91	95
AAEL001939	2158	1952	1629	1105	941	1689	1995	1980	2089	1618	1652	3049
AAEL001950	202	174	200	144	255	285	156	251	268	164	221	343
AAEL001938	59	66	29	43	52	59	56	75	103	54	116	59
AAEL001918	428	438	282	150	199	340	731	1341	1236	728	602	1039
AAEL024577	0	0	28	8	22	2	1	0	1	45	1	0
AAEL001928	1826	859	1038	6892	7626	7645	1362	1491	1976	2249	3462	4054
AAEL001951	353	297	194	330	379	323	323	181	359	201	378	400
AAEL005961	11254	6806	7164	10984	10352	7432	7952	7602	9529	6673	5531	7066
AAEL005964	178	141	185	281	283	172	112	117	110	145	94	191
AAEL005959	91	55	28	32	37	31	47	64	101	54	41	50
AAEL005960	7	10	14	6	6	7	13	3	6	4	6	1
AAEL020375	3	5	2	1	9	5	4	4	6	1	0	9
AAEL005957	112	42	53	54	102	50	80	88	181	54	104	61
AAEL005969	53	64	80	18	37	27	26	18	27	32	19	11
AAEL020917	0	0	0	19	3	5	2	46	9	25	0	2
AAEL005971	3	3	5	0	2	2	16	22	9	20	15	15
AAEL005966	67	45	55	29	62	42	24	22	50	33	44	25
AAEL005956	271	316	391	236	346	374	396	200	446	321	195	696
AAEL017498	31	25	13	22	26	42	33	33	28	41	39	55
AAEL005955	15	12	15	22	65	59	30	16	31	33	42	36
AAEL026999	1	0	3	0	0	0	0	1	0	0	1	1
AAEL005962	791	634	535	454	373	636	503	496	714	470	614	766
AAEL026663	0	0	0	0	0	0	0	0	0	0	0	0
AAEL028671	0	0	0	0	0	0	0	0	0	0	0	0
AAEL028787	0	0	0	0	0	0	0	0	0	0	0	0
AAEL000504	31	14	16	5	2	16	67	61	89	46	63	92
AAEL021938	0	0	0	0	0	0	0	0	0	0	0	0
AAEL024993	0	0	1	0	0	0	0	0	0	0	0	0
AAEL023173	0	0	2	0	0	0	0	0	0	0	0	0
AAEL024418	0	0	0	0	0	0	0	0	0	1	0	0
AAEL008193	3	6	2	12	64	15	11	2	14	19	30	44
AAEL013984	642	791	467	9802	12677	7139	512	843	1197	1372	8667	10774
AAEL013989	6465	4130	5494	2798	3576	2975	1590	1781	1940	2134	1443	2254
AAEL013987	3640	3252	3466	3338	3678	4734	2204	4440	2397	3256	3340	4956
AAEL026325	0	0	0	0	3	1	0	0	1	1	0	1
AAEL020906	1	0	1	2	2	4	0	0	0	5	0	0
AAEL013982	2587	2045	2095	1354	1580	1689	1352	1600	1645	1655	1303	2348
AAEL013980	1078	960	1387	1320	1912	1266	660	640	648	1131	765	1291
AAEL013979	415	326	333	339	405	385	269	251	344	384	312	441
AAEL013990	166	217	187	161	211	211	168	264	379	127	249	139
AAEL013983	10	6	2	2	29	0	1	0	2	1	4	0
AAEL013981	3	2	5	2	6	3	1	0	1	0	3	2
AAEL013985	670	461	391	326	324	652	480	801	912	393	577	734
AAEL022469	1	1	5	0	0	4	2	4	5	1	4	5
AAEL027857	3	0	3	0	4	0	7	1	1	0	1	1
AAEL025762	231	422	179	22	66	317	573	648	754	261	505	627
AAEL022242	1	0	0	0	0	0	2	0	1	0	1	0
AAEL018029	28	26	10	8	10	5	42	39	58	31	53	50
AAEL019515	112	84	65	67	68	77	74	132	70	80	87	123
AAEL006385	0	0	0	0	0	0	0	18611	3288	3006	0	1
AAEL021244	75	67	54	34	53	74	87	63	94	82	61	69
AAEL006389	6887	4196	7204	3415	4050	2786	5278	10369	4950	4807	3195	9410
AAEL006386	518	475	400	415	530	554	396	410	468	337	415	447
AAEL028653	7	0	1	0	3	2	35	37	10	15	4	8
AAEL006390	2018	734	965	2152	1508	1261	1962	982	2664	1456	1900	1089
AAEL006394	28	7	10	4	6	10	126	70	66	69	42	136
AAEL023408	7	16	3	2	9	7	4	5	15	11	7	3
AAEL026886	11	0	3	1	8	12	9	0	4	7	0	2
AAEL026773	0	0	0	0	0	0	0	1	0	0	0	0
AAEL002853	134	68	36	77	113	165	181	181	343	179	234	227
AAEL027569	0	0	0	0	0	0	0	0	0	0	0	0
AAEL002848	1152	952	849	2805	2491	2268	338	234	254	1192	3854	4558
AAEL002851	17109	12942	8820	5726	8602	21241	7700	13893	13612	5151	13238	18215
AAEL025584	21	24	26	14	23	19	13	27	41	31	11	45
AAEL027027	0	0	0	0	1	0	0	0	1	0	0	0
AAEL022489	0	0	0	0	0	0	0	0	0	0	0	0
AAEL026409	2	1	2	6	5	4	22	4	46	36	41	27
AAEL002835	1685	1157	1206	1226	1022	1433	1588	1923	1912	1577	1553	2452
AAEL002828	565	427	442	301	258	364	265	475	452	316	308	539
AAEL002819	396	313	344	329	223	331	255	314	347	318	262	426
AAEL025670	1	0	1	0	0	0	7	2	6	2	3	25
AAEL002850	368	378	183	67	107	253	284	388	306	222	300	452
AAEL020169	5	6	20	88	27	7	7	3	10	2	14	2
AAEL027328	12	8	7	1	3	7	10	12	23	11	12	6
AAEL002840	535	487	456	715	659	768	398	486	450	547	511	683
AAEL018288	6788	4052	3529	2554	2592	5249	12677	11494	12431	7367	10479	20084
AAEL020807	0	1	0	0	0	0	6	2	2	2	4	5
AAEL002847	76	78	72	51	45	72	40	78	90	41	44	88
AAEL026736	1007	819	575	377	319	853	898	1177	1376	595	919	1370
AAEL002820	397	293	242	78	83	103	172	383	298	185	112	446
AAEL028672	0	0	0	0	0	0	0	0	0	0	0	0
AAEL023257	0	0	0	0	0	0	2	0	0	0	0	0
AAEL027376	223	177	195	73	66	100	142	141	109	87	93	239
AAEL002838	60	44	51	34	43	45	43	35	53	53	36	51
AAEL002854	192	145	81	171	191	204	106	147	108	123	153	263
AAEL002822	213	182	133	154	125	164	129	159	205	100	129	178
AAEL002836	805	620	679	595	608	437	548	582	728	686	452	588
AAEL002849	83	82	77	55	70	73	81	91	104	82	53	119
AAEL002852	214	145	178	120	118	127	88	153	105	126	72	256
AAEL002825	3110	2226	2708	2618	3931	2359	1422	1983	2065	1742	1814	1578
AAEL002831	121	103	148	144	219	181	100	116	113	135	152	271
AAEL002833	16267	12558	14321	27874	34637	28317	8018	16148	15706	17082	31270	53772
AAEL002834	3786	2495	2774	1895	2018	2529	2292	2384	3355	2027	2318	2724
AAEL023373	0	0	0	0	0	0	1	0	0	0	0	0
AAEL025743	65	7	31	19	5	6	19	43	10	12	1	11
AAEL002843	1332	1416	1358	773	771	1026	718	1324	1127	760	737	1349
AAEL017395	3714	2977	3480	2497	2447	2105	2028	2526	2630	2643	1831	3651
AAEL002846	570	392	406	459	396	426	365	328	435	457	458	540
AAEL029007	2825	2052	2248	2967	3632	2309	1191	1571	1667	1254	1776	2229
AAEL020328	0	0	0	0	0	0	0	0	0	0	0	0
AAEL002832	67367	44674	55253	51849	85605	47271	44299	26747	49190	40232	39582	35083
AAEL002827	32364	21050	24873	25751	35667	21465	21126	23084	29234	22317	18911	17011
AAEL002844	392	270	310	276	385	353	310	298	373	327	311	412
AAEL002837	424	468	333	357	337	422	233	353	366	318	364	360
AAEL020083	19	42	12	3	9	22	25	23	24	20	14	16
AAEL020294	0	0	0	0	0	0	0	0	0	0	0	0
AAEL025163	8	3	1	2	0	1	9	7	16	3	3	5
AAEL013675	3883	2876	2938	3811	4821	4072	1888	2148	3238	1730	2618	3502
AAEL026730	0	0	0	0	0	0	0	0	0	0	1	1
AAEL019556	2951	2181	1565	634	484	1894	3847	3454	3421	1814	2720	5563
AAEL025113	1	0	1	0	2	1	1	5	1	1	6	2
AAEL020888	6	4	16	11	1	0	3	1	16	0	0	6
AAEL005384	12396	11087	11679	12052	12044	8885	1612	1487	2241	1978	3308	4098
AAEL017959	0	0	0	0	0	0	0	0	0	0	0	0
AAEL005377	1	0	0	0	0	1	0	0	1	0	1	3
AAEL017607	0	0	0	0	0	0	0	0	0	0	0	0
AAEL017935	0	0	0	0	0	0	0	0	0	0	0	0
AAEL017927	0	0	0	0	0	0	0	0	0	0	0	0
AAEL017885	0	0	0	0	0	0	0	0	0	0	0	0
AAEL017960	0	0	0	0	0	0	0	0	0	0	0	0
AAEL017814	0	0	0	0	0	0	0	0	0	0	0	0
AAEL017929	0	0	0	0	0	0	0	0	0	0	0	0
AAEL017809	0	0	0	0	0	0	0	0	0	0	0	0
AAEL024243	3	0	7	2	0	0	5	9	9	4	2	6
AAEL012920	96	64	55	26	63	86	109	125	138	87	98	85
AAEL008861	79	44	119	260	208	141	46	42	133	45	90	236
AAEL008856	0	0	3	3	0	2	1	1	1	0	0	1
AAEL008857	567	376	404	873	706	747	306	173	420	442	419	606
AAEL008876	1708	1295	2651	351	730	407	72	48	79	84	68	170
AAEL008858	15	0	7	0	5	1	8	4	1	0	3	6
AAEL008862	4248	3570	3607	3978	3884	3916	2007	3148	2769	2717	3240	5105
AAEL026537	4	3	7	4	3	7	7	3	2	8	9	14
AAEL023668	0	6	1	0	5	2	3	1	1	0	3	8
AAEL008863	966	790	768	428	401	482	809	1491	1045	918	632	1451
AAEL024566	267	184	195	234	286	299	203	181	265	264	259	303
AAEL008874	540	398	393	356	362	424	379	408	511	388	401	501
AAEL025249	661	513	468	716	797	652	401	581	685	445	492	688
AAEL008871	3243	1923	2766	2353	3946	2165	1811	2092	2432	2273	1953	1896
AAEL008865	193	147	157	101	110	110	96	97	154	134	90	164
AAEL008867	293	288	205	150	124	368	224	286	341	192	215	322
AAEL008860	100	128	69	37	40	119	78	90	120	74	114	175
AAEL023672	0	0	0	0	0	1	1	0	0	0	0	0
AAEL027363	0	2	0	1	0	2	2	2	4	5	2	2
AAEL022731	114	51	47	38	56	84	336	230	229	172	154	291
AAEL022365	0	1	1	0	0	3	0	0	0	2	2	0
AAEL008872	23	4	17	13	21	4	13	1	13	11	4	13
AAEL008869	11	1	5	7	8	1	1	3	10	4	1	7
AAEL008873	16	1	11	10	5	5	9	12	12	11	1	20
AAEL008866	7	0	1	2	0	4	2	2	1	1	4	5
AAEL027868	366	196	175	171	105	191	390	482	732	247	505	481
AAEL021885	2	0	0	0	0	0	0	0	0	0	0	0
AAEL024666	1	0	3	5	2	5	8	4	1	1	0	5
AAEL022558	2	0	0	3	0	3	7	3	2	1	2	2
AAEL013518	6	6	6	0	6	2	18	5	10	8	5	12
AAEL025936	3	8	2	3	2	1	4	3	4	2	6	7
AAEL020959	0	0	0	0	1	0	1	2	0	3	1	1
AAEL021399	0	0	0	0	0	0	0	0	0	0	0	0
AAEL021829	0	0	0	0	0	0	0	0	0	1	0	0
AAEL011229	0	0	0	0	0	0	0	0	0	0	0	0
AAEL015552	0	0	0	0	0	0	0	0	0	0	0	0
AAEL011231	65	48	51	34	35	66	78	79	128	67	102	134
AAEL022239	0	0	0	0	0	0	0	0	0	0	0	0
AAEL011230	0	0	0	0	0	0	0	0	0	0	0	0
AAEL011227	13	14	11	13	5	9	9	8	21	18	12	17
AAEL011233	434	404	456	384	468	392	342	276	314	429	283	371
AAEL011232	25	7	12	10	14	8	22	29	37	13	26	16
AAEL022612	1	0	0	0	0	0	0	0	0	0	0	0
AAEL027896	0	0	1	2	0	2	1	0	1	0	2	0
AAEL019704	551	287	402	166	103	207	546	297	656	278	537	1152
AAEL006760	0	0	0	1	0	3	0	3	3	2	0	2
AAEL006779	263	224	313	247	352	264	195	157	239	259	217	247
AAEL006776	1823	1394	1090	1265	1217	2011	1443	2656	2340	1512	2307	3106
AAEL020904	4	10	0	6	11	3	7	13	8	1	2	6
AAEL028796	0	0	0	0	0	0	0	0	2	0	0	2
AAEL006769	385	379	299	316	376	366	211	281	368	308	297	319
AAEL006762	128	85	114	86	141	115	89	86	130	99	97	93
AAEL024260	309	122	324	290	133	191	162	386	250	225	163	517
AAEL022398	2	0	0	0	0	0	1	0	0	0	0	1
AAEL006758	0	0	1	2	0	0	3	0	2	0	1	0
AAEL019697	545	498	262	107	205	367	413	1713	580	375	555	921
AAEL028727	0	0	0	0	0	0	0	0	0	0	0	0
AAEL024883	50	39	24	21	35	20	12	10	21	19	17	27
AAEL023880	4	3	4	3	3	5	8	13	4	4	9	8
AAEL006774	309	202	210	349	331	375	224	372	351	261	520	903
AAEL006771	540	400	522	459	608	348	289	337	372	470	415	562
AAEL006780	577	435	443	253	259	437	474	517	570	435	470	814
AAEL027722	1690	1379	1422	1213	798	1172	796	1239	1229	789	1107	1227
AAEL014177	908	715	757	902	887	942	464	571	639	597	615	920
AAEL012496	36	27	30	15	14	29	68	50	54	48	26	52
AAEL022040	3	0	1	0	0	0	1	0	0	0	0	1
AAEL012500	1429	1208	1035	1057	924	1264	1194	1432	1780	1211	1431	1714
AAEL027277	17	14	7	7	18	21	9	9	21	29	26	26
AAEL012499	1551	1546	1958	623	837	700	1344	3068	1682	3345	782	3687
AAEL012502	932	723	1038	1071	1164	759	479	385	694	620	850	809
AAEL022123	55	43	66	20	44	65	41	34	36	66	40	43
AAEL012501	569	408	402	388	292	356	283	426	472	294	347	511
AAEL000770	2059	1750	1237	686	556	1696	1949	2556	3167	1335	2351	3211
AAEL012497	0	0	1	0	0	1	20	4	7	15	1	16
AAEL000785	233	228	162	161	225	291	123	115	219	128	155	203
AAEL027504	3388	2502	1720	1305	1074	2569	2746	3239	4194	1715	2539	3116
AAEL000787	220	167	225	131	145	121	157	160	174	189	142	288
AAEL020443	13	17	6	7	5	9	4	25	8	7	15	26
AAEL000791	1319	989	1139	960	1373	1020	820	844	1055	968	791	910
AAEL029106	0	0	0	0	0	0	0	0	0	0	0	1
AAEL029105	0	0	0	0	0	1	0	0	1	6	3	2
AAEL018731	0	0	0	0	0	0	1	0	0	0	0	0
AAEL027137	0	0	0	0	0	0	1	0	0	2	0	3
AAEL000769	209	317	273	209	214	225	160	253	178	294	158	357
AAEL000793	2407	1897	2945	1800	3320	2864	1987	3766	2630	2307	2284	2017
AAEL025115	0	0	0	0	0	0	1	0	0	0	0	0
AAEL018855	0	0	0	0	0	0	0	0	0	0	0	0
AAEL016069	0	0	0	0	0	0	0	0	0	0	0	0
AAEL016068	0	0	0	0	0	0	0	0	0	0	0	0
AAEL016067	0	0	0	0	0	0	0	0	0	0	0	0
AAEL016066	0	0	0	0	0	0	0	0	0	0	0	0
AAEL016065	0	0	0	0	0	0	0	0	0	0	0	0
AAEL016064	0	0	0	0	0	0	0	0	0	0	0	0
AAEL016063	0	0	0	0	0	0	1	0	0	0	0	0
AAEL000755	85	64	74	32	61	50	81	60	51	86	50	76
AAEL017512	1189	657	686	840	819	872	884	949	1268	916	1091	1159
AAEL018857	3	2	0	0	0	0	0	0	1	0	0	1
AAEL016062	0	0	0	0	0	0	0	0	0	0	0	0
AAEL021817	30	31	18	17	2	21	45	40	43	16	37	59
AAEL016061	0	0	0	0	0	0	0	0	0	0	0	0
AAEL027050	3577	3000	3180	2945	3205	3565	2452	2597	3381	2435	2579	3316
AAEL016060	0	0	1	0	0	0	0	1	1	0	0	0
AAEL016059	0	0	0	0	0	0	0	0	0	0	0	0
AAEL016958	0	0	1	0	0	0	0	0	0	0	0	0
AAEL018858	0	0	0	0	0	0	0	0	0	0	0	0
AAEL000788	118	116	98	83	109	150	237	182	229	166	183	299
AAEL024252	2	0	0	2	0	1	1	3	0	0	1	3
AAEL018730	0	0	0	0	0	0	0	0	0	0	1	0
AAEL000776	5715	5079	5343	3811	2820	3369	3341	4494	3458	4184	2500	7639
AAEL000781	75	37	42	73	66	63	85	87	44	45	41	36
AAEL000758	10462	7519	7242	6837	5269	8353	7064	7617	10228	6712	8919	11697
AAEL020722	0	0	0	0	0	0	0	0	0	0	0	0
AAEL023207	4	2	6	1	0	2	0	0	0	0	2	0
AAEL018129	202	199	183	115	83	174	191	172	234	150	154	262
AAEL022945	33	11	8	8	10	22	5	13	20	9	24	18
AAEL000782	258	188	218	204	264	222	148	147	190	152	152	212
AAEL026778	0	0	0	0	0	0	0	0	0	0	0	0
AAEL021291	1306	1119	968	570	363	945	1150	1505	1499	960	1039	1680
AAEL019580	1972	1059	1230	916	721	1300	1424	1380	1763	1298	1816	2617
AAEL020549	2	13	9	7	12	20	7	4	18	8	0	6
AAEL000753	5163	3807	5226	3665	6862	4113	3304	3020	3561	4006	3071	3098
AAEL021793	505	343	344	233	123	400	446	588	531	383	454	605
AAEL020665	0	0	0	0	1	1	4	0	0	1	1	2
AAEL000759	1354	871	851	2837	3292	2870	699	796	928	1017	1981	2961
AAEL000760	144	115	74	271	457	200	88	123	141	99	199	307
AAEL019835	7	3	4	9	3	6	43	21	22	18	39	77
AAEL023311	2	0	3	0	0	0	1	2	3	0	0	0
AAEL000786	1584	1958	1395	1749	2875	2847	717	404	1000	494	2145	2572
AAEL019834	483	397	261	491	548	468	287	196	392	350	426	365
AAEL015607	224	140	146	177	194	188	176	273	246	229	201	304
AAEL000752	897	855	590	603	598	1068	659	1328	1129	742	997	1464
AAEL000780	73	73	60	26	44	86	124	135	169	114	104	115
AAEL028237	1658	1313	1143	906	706	1482	1665	1601	2043	1107	1910	2145
AAEL023186	0	3	1	0	0	3	2	0	5	2	0	4
AAEL021888	369	810	252	22	100	16	32	18	17	24	21	31
AAEL000762	18	15	20	16	29	23	19	21	18	22	15	22
AAEL004653	853	834	656	745	1037	1347	647	1040	810	791	865	1112
AAEL004668	1547	1223	1202	1453	1330	1634	1001	1504	1527	1230	1817	2495
AAEL004675	1260	986	788	879	910	1189	940	1136	1703	831	1241	1303
AAEL004665	12	33	12	12	9	21	6	6	9	47	43	30
AAEL004674	11	7	10	2	3	2	3	6	7	1	0	4
AAEL004669	158	107	90	48	57	110	394	349	332	302	329	562
AAEL004667	322	107	171	1009	964	826	142	292	339	317	1193	1238
AAEL004672	93	53	48	95	279	235	38	12	49	94	218	293
AAEL004671	0	1	0	0	1	0	0	2	2	0	2	3
AAEL004677	0	1	0	0	0	0	0	0	0	0	0	0
AAEL019898	414	572	340	176	257	995	1023	865	1489	794	1355	2286
AAEL019899	0	0	2	0	5	0	0	3	2	2	2	1
AAEL027866	448	297	250	282	292	561	406	411	565	363	488	587
AAEL004678	89	68	75	89	109	126	120	133	179	103	142	147
AAEL004663	347	333	296	292	296	400	278	329	519	318	383	316
AAEL004673	66	86	41	51	41	103	94	208	140	149	77	150
AAEL021306	0	0	0	0	1	0	0	0	0	0	0	1
AAEL020783	0	0	0	0	0	0	0	0	0	0	0	0
AAEL004659	0	0	0	0	0	0	0	0	0	0	0	1
AAEL029053	0	1	0	0	0	0	0	0	0	0	0	0
AAEL027628	0	0	0	0	0	0	0	0	0	0	0	0
AAEL020586	73	39	41	10	15	43	159	132	136	102	98	193
AAEL004676	850	543	566	436	666	518	589	645	913	519	546	487
AAEL004680	126	125	70	61	82	223	128	207	252	116	176	253
AAEL021879	55	36	32	31	56	59	68	59	76	80	60	50
AAEL006637	396	389	403	342	343	347	286	298	424	352	285	376
AAEL006634	3365	3204	4385	2771	4012	2643	1015	734	1266	1267	1349	1204
AAEL006633	865	829	746	591	612	731	674	620	785	795	645	1253
AAEL027342	315	257	217	104	173	287	337	436	471	348	330	486
AAEL008269	64	55	57	26	29	40	55	205	78	74	64	83
AAEL023714	1	1	15	4	5	9	3	7	8	3	7	10
AAEL008278	260	129	145	858	974	728	140	153	225	372	486	617
AAEL008281	95	84	125	174	169	160	25	22	36	38	45	73
AAEL008279	24	27	20	24	47	36	23	52	41	34	23	34
AAEL008271	152	125	133	182	124	105	54	40	53	63	28	57
AAEL008275	123	67	102	268	258	201	97	89	90	130	101	132
AAEL008282	17	10	7	17	13	10	18	6	15	11	12	18
AAEL022284	0	1	0	1	1	2	0	0	0	1	0	1
AAEL008260	94	102	73	65	23	109	132	187	199	91	138	234
AAEL008276	58	96	29	17	33	55	72	76	132	50	92	98
AAEL008274	1053	809	686	4869	4739	3943	665	603	830	1665	2538	6250
AAEL023637	0	0	0	0	0	0	0	0	0	0	0	0
AAEL008259	2	0	5	10	4	3	0	2	6	0	0	21
AAEL008283	0	0	0	0	0	0	0	0	0	0	0	0
AAEL027364	2	1	1	1	0	2	0	0	2	0	2	3
AAEL021941	171	165	122	118	175	178	197	198	272	214	203	235
AAEL008280	0	0	0	0	0	0	1	2594	561	312	2	0
AAEL022562	20	24	3	6	14	14	16	32	25	6	28	9
AAEL025949	0	0	1	0	0	0	0	0	0	0	0	2
AAEL021786	2	6	1	3	0	5	1	0	3	0	0	4
AAEL009551	14	5	5	1	2	4	78	46	46	64	32	72
AAEL009553	2	0	0	0	0	0	0	0	0	0	0	0
AAEL009555	0	0	0	0	0	0	0	1	1	0	0	0
AAEL021413	0	0	0	1	0	0	1	0	0	0	0	0
AAEL022474	0	0	0	0	0	0	2	1	0	0	2	0
AAEL009556	12	15	3	9	12	4	12	20	17	8	8	25
AAEL022908	16	2	16	4	8	3	4	5	9	4	1	23
AAEL009554	72	47	48	26	39	32	44	34	71	59	63	90
AAEL020226	0	0	0	0	0	0	0	0	0	0	0	0
AAEL004000	71	57	37	36	34	98	118	102	138	131	135	178
AAEL027280	0	0	0	0	4	0	1	0	0	0	0	0
AAEL020780	0	0	0	0	0	0	0	0	0	0	0	0
AAEL004001	0	0	0	0	0	1	0	0	1	0	0	0
AAEL021544	9	8	16	8	12	4	6	1	8	13	13	5
AAEL023430	0	0	0	0	0	0	1	0	0	0	0	0
AAEL021897	1	0	0	1	2	1	0	0	1	3	1	77
AAEL003999	0	0	0	0	0	0	0	0	0	0	0	0
AAEL003996	68	31	18	14	17	30	37	32	65	37	33	41
AAEL003991	640	411	429	346	326	401	445	403	521	495	445	504
AAEL019886	424	372	342	271	243	413	305	347	401	323	334	509
AAEL003998	222	235	162	67	122	268	186	193	215	141	201	261
AAEL003990	1045	784	816	607	633	767	788	1055	1076	931	802	1160
AAEL024926	0	0	3	2	0	2	1	0	0	1	0	1
AAEL020404	5	3	16	14	5	2	3	5	18	8	1	1
AAEL026548	1	3	0	0	0	3	3	0	2	2	2	1
AAEL021802	0	0	1	1	1	0	0	0	2	0	0	2
AAEL003992	375	348	311	217	231	345	497	432	448	397	423	527
AAEL003995	428	305	376	256	272	316	207	269	258	287	221	291
AAEL003993	8120	7111	8522	4501	7263	4602	1917	1890	2434	2108	2469	2177
AAEL003986	307	267	343	198	328	286	186	153	146	315	214	340
AAEL028948	0	0	0	0	0	1	0	0	0	0	0	0
AAEL003994	360	282	232	264	306	342	253	273	378	261	281	345
AAEL021832	1	0	0	0	0	0	1	0	3	1	3	9
AAEL003989	326	411	237	48	62	253	600	522	892	325	570	868
AAEL013731	1269	1031	941	853	1078	1403	934	1117	1738	819	1266	1294
AAEL021935	22	7	12	13	4	22	7	20	24	24	11	14
AAEL013729	1799	1278	972	701	511	1434	1889	2273	2663	1328	1838	2255
AAEL022940	11	1	6	0	1	1	15	11	14	9	11	21
AAEL018975	0	0	0	0	0	0	0	1	0	1	0	0
AAEL013730	39	23	34	31	55	49	45	45	71	44	50	39
AAEL013728	73	62	81	52	71	65	36	47	55	72	37	79
AAEL013727	25	25	14	20	33	46	21	26	59	28	42	43
AAEL007719	40	34	26	5	14	31	63	64	76	35	45	93
AAEL007725	804	677	700	658	732	829	382	438	532	543	664	1377
AAEL007726	453	365	365	262	186	257	330	314	314	325	266	371
AAEL007715	36989	24158	31424	32487	53857	29701	23499	15391	28159	23601	22037	21093
AAEL017004	406	324	271	255	309	357	412	364	515	424	348	480
AAEL023246	10	8	2	1	1	8	1	5	2	8	7	3
AAEL007718	8109	5954	5738	6772	7408	6961	7544	6628	10109	5596	8032	6737
AAEL023865	3	2	0	0	0	4	3	2	0	2	0	2
AAEL024821	1	0	2	0	2	5	1	0	0	1	2	2
AAEL007711	27	19	7	11	22	20	7	9	11	13	12	23
AAEL007712	1381	1126	870	865	584	1057	1189	1301	1642	956	1309	1712
AAEL027059	0	0	0	1	0	0	1	0	0	0	2	0
AAEL024174	1	0	1	1	4	3	1	6	2	1	2	4
AAEL007713	425	386	438	522	651	678	263	329	420	343	410	600
AAEL027254	0	0	0	0	0	0	3	1	9	9	0	6
AAEL007717	897	916	797	510	887	872	735	939	930	772	709	1092
AAEL007720	6	10	11	1	7	5	5	0	4	6	0	5
AAEL007716	26	16	70	20	27	19	23	8	45	18	14	48
AAEL027161	0	0	1	0	3	2	3	2	3	0	1	4
AAEL018146	64	60	43	38	42	32	127	125	137	89	108	201
AAEL002578	1426	844	685	7007	7482	6297	879	828	1344	3241	5069	6625
AAEL022432	15	9	21	23	42	26	16	25	29	20	36	30
AAEL017067	2	1	0	11	8	7	1	0	6	3	5	11
AAEL002631	0	2	0	1	0	3	1	0	2	9	1	21
AAEL002625	0	1	2	1	5	1	2	3	3	2	2	0
AAEL002613	1	0	1	0	0	0	0	1	1	0	0	1
AAEL002619	0	0	0	1	3	5	1	0	3	1	0	4
AAEL021634	0	0	0	0	0	0	0	0	0	0	0	0
AAEL017538	1	0	0	0	0	0	0	0	0	0	1	0
AAEL002612	0	0	0	0	0	0	0	0	0	1	0	1
AAEL002588	13	4	7	6	15	6	6	26	35	16	2	16
AAEL026859	0	0	0	0	1	0	0	0	0	0	0	0
AAEL002627	0	0	0	0	0	0	0	0	0	0	0	0
AAEL002623	13	0	1	31	5	5	1	2	2	1	2	5
AAEL002630	3	1	0	5	4	11	2	0	2	2	11	1
AAEL024510	0	2	0	23	50	13	2	5	5	15	26	39
AAEL002579	57	25	54	35	28	38	79	125	181	120	129	219
AAEL002607	389	135	217	166	207	274	261	256	207	198	377	226
AAEL027101	1	0	0	0	1	0	3	1	1	0	0	0
AAEL020034	2	1	0	0	0	0	5	0	3	1	1	0
AAEL019699	911	777	683	608	591	766	898	965	1074	713	842	1312
AAEL002614	106	80	72	69	53	71	109	108	147	109	107	147
AAEL002597	1407	981	1092	2383	3080	2265	929	1094	1208	1360	1779	2221
AAEL026160	167	142	160	112	148	178	190	178	252	189	178	294
AAEL002600	2300	2033	1337	8400	9486	8244	1428	2589	2679	3686	11284	12019
AAEL002580	841	708	795	5428	5405	3630	500	1339	2126	1275	4130	7929
AAEL027329	0	0	1	1	1	4	2	0	0	1	2	0
AAEL002601	820	663	510	2503	3147	3140	416	1143	1774	990	3376	4445
AAEL020706	218	186	137	699	1139	739	99	290	502	277	663	1120
AAEL002629	1493	1213	1381	5331	5399	1964	964	1010	1220	1177	2260	4466
AAEL002595	3657	2948	3104	28792	31665	11240	1799	2160	3027	3726	12666	16870
AAEL002632	40	52	48	24	36	32	56	74	84	49	54	78
AAEL002586	412	509	260	209	223	405	327	661	414	451	307	637
AAEL002590	262	179	224	348	625	509	228	188	282	273	447	336
AAEL024288	32	12	31	20	15	13	29	3	16	15	19	22
AAEL002577	5	1	4	2	1	5	1	2	2	3	3	9
AAEL002593	1789	1085	1123	12906	14177	6835	989	1337	1523	2101	7710	8521
AAEL026381	427	372	319	111	96	371	512	577	577	270	420	708
AAEL002592	529	592	801	141	222	115	431	239	211	495	165	1038
AAEL025641	0	0	0	0	0	0	0	0	0	0	0	0
AAEL002599	150	54	47	67	83	85	80	356	255	243	93	53
AAEL022118	0	0	0	0	1	0	0	0	0	0	0	1
AAEL002598	14	20	11	5	11	13	14	22	20	13	33	41
AAEL002618	1	1	0	2	1	0	1	1	7	16	0	0
AAEL002602	13	16	43	8	19	9	35	16	25	13	68	67
AAEL002605	7	8	9	4	12	4	1	5	8	1	5	5
AAEL002591	54	60	29	21	26	22	24	40	17	15	23	31
AAEL026358	0	0	0	0	0	0	0	0	0	0	0	0
AAEL026698	1	0	0	0	0	0	2	1	0	0	0	0
AAEL002617	34	30	31	26	33	31	25	28	23	49	23	24
AAEL002587	981	893	895	1319	1823	912	1048	816	978	1042	1139	2084
AAEL002606	990	582	1241	1151	1644	906	649	766	664	697	478	584
AAEL025953	0	0	0	0	0	0	0	0	0	0	0	0
AAEL002626	6	2	2	2	1	3	2	2082	927	1237	6	2
AAEL002624	621	415	370	6871	9252	3500	313	602	890	1227	2929	4169
AAEL002585	330	297	246	2828	2618	1942	179	512	755	483	1951	3191
AAEL002610	1427	1777	892	36601	36188	12326	725	2093	2744	4954	18421	35435
AAEL002583	108	105	65	21	29	119	171	211	186	92	144	217
AAEL021976	3	1	9	5	1	3	8	1	2	4	5	10
AAEL027745	8	1	12	1	14	11	5	0	3	0	11	11
AAEL027700	293	134	162	936	992	692	91	75	95	573	574	973
AAEL020752	0	0	0	0	0	1	0	0	1	0	0	0
AAEL024136	331	356	253	79	102	245	456	546	362	268	326	620
AAEL006117	1055	741	848	922	1192	982	764	567	834	666	678	647
AAEL006115	2576	2056	2198	2249	3345	2569	2045	1379	2360	1739	1919	1787
AAEL022718	80	40	29	24	3	54	76	61	118	65	75	105
AAEL026205	0	0	0	0	0	0	0	0	0	0	0	0
AAEL001517	191	94	138	118	165	157	264	175	308	209	170	166
AAEL024470	5	0	0	2	9	3	0	2	1	9	3	6
AAEL001518	379	323	310	227	236	329	344	352	407	434	411	655
AAEL001520	1287	1007	913	665	557	909	1079	1357	1390	1078	1011	1699
AAEL022758	1	0	0	0	0	0	4	0	0	1	0	2
AAEL001511	3491	3368	3829	1383	2125	2019	2589	2318	2235	4150	1887	6207
AAEL001507	782	569	584	501	500	632	654	638	755	693	729	1083
AAEL019751	314	226	243	271	331	390	293	368	604	400	421	535
AAEL027322	445	366	377	277	289	352	373	445	447	343	390	577
AAEL025096	6	5	0	4	1	4	17	10	4	7	6	18
AAEL020081	0	0	0	0	0	0	0	0	0	0	0	0
AAEL025960	0	0	0	0	0	0	0	0	0	0	0	0
AAEL001526	2808	2245	1797	1294	779	1842	2290	2867	3478	1849	2449	3665
AAEL001532	795	891	551	448	511	861	817	1663	1336	755	1092	1829
AAEL001524	39	35	22	12	5	19	52	50	50	32	31	112
AAEL001533	87	75	69	117	133	119	58	102	37	52	62	56
AAEL001513	37	19	22	27	38	19	26	84	72	28	43	56
AAEL022364	82	61	66	53	102	123	50	67	72	62	81	163
AAEL001509	680	536	456	1052	1261	1268	427	554	685	654	1106	1586
AAEL001519	67	62	34	43	63	109	26	37	62	38	91	113
AAEL001510	0	0	3	0	3	1	3	0	2	0	0	1
AAEL001514	0	0	0	3	2	0	0	0	1	0	4	1
AAEL001508	89	77	94	310	344	393	62	119	211	141	456	461
AAEL025552	69	47	26	10	3	18	352	273	211	159	157	313
AAEL023236	0	0	0	0	2	0	2	0	1	0	1	0
AAEL023357	0	0	0	0	0	0	0	1	1	0	0	1
AAEL027810	0	0	0	0	0	0	0	0	0	0	0	0
AAEL027895	0	0	0	0	0	0	0	0	0	0	0	0
AAEL019682	297	470	197	27	46	261	1123	1001	1376	456	954	998
AAEL025991	2	0	0	0	0	0	12	9	4	10	5	8
AAEL001536	32	28	24	2	7	19	113	104	124	45	75	132
AAEL021581	142	69	55	51	71	91	119	143	127	87	78	107
AAEL022416	1	1	0	1	0	0	2	0	3	1	0	2
AAEL001537	0	0	0	0	0	0	2	0	0	1	2	1
AAEL001515	514	491	447	268	307	352	406	492	512	451	350	429
AAEL001516	2123	1500	1499	1379	1141	1423	1230	2151	1845	1482	1441	2407
AAEL021815	1	3	1	0	0	0	8	7	8	12	6	6
AAEL022964	0	0	0	0	0	0	0	0	0	0	0	1
AAEL026596	1	0	0	0	0	0	1	0	1	1	0	0
AAEL011415	918	799	702	661	554	770	625	914	963	570	711	1036
AAEL011427	91	68	61	49	40	81	66	56	66	64	52	99
AAEL017903	0	0	0	0	0	0	0	0	0	2	0	2
AAEL021261	1277	954	776	700	382	1042	957	1278	1425	865	1353	1837
AAEL003537	357	315	325	336	312	350	354	281	360	344	301	383
AAEL023777	1	0	6	1	2	2	6	6	2	5	3	9
AAEL003509	1034	867	574	361	492	1164	683	870	1148	583	1043	1480
AAEL003514	3442	3064	2445	2133	2059	3263	2018	2460	3469	1546	2292	2369
AAEL003540	1270	973	787	634	457	1108	1120	1389	1450	858	1273	1678
AAEL003532	148	149	79	48	86	128	284	234	381	136	266	291
AAEL003518	2982	1505	1882	1881	1275	1722	1437	1287	1466	1099	2144	1912
AAEL025839	0	1	4	4	28	4	9	9	2	8	3	1
AAEL003547	2	0	0	1	1	0	14	4	9	5	4	5
AAEL003526	147	104	130	105	115	149	105	130	133	126	116	170
AAEL003517	299	189	254	175	210	180	197	217	228	209	132	306
AAEL003544	636	472	465	439	418	540	551	730	631	522	558	725
AAEL003535	896	695	490	311	268	854	622	766	876	487	744	892
AAEL017251	3990	2459	2253	2121	2785	3085	2071	2852	3184	1763	2718	4532
AAEL023686	2	1	0	2	4	5	13	3	4	8	6	18
AAEL026284	0	1	1	0	0	1	5	9	9	7	2	10
AAEL022980	91	68	51	31	30	64	81	84	103	43	118	171
AAEL022456	44	118	118	58	128	130	136	62	123	144	127	133
AAEL027556	0	6	1	1	5	0	2	3	0	1	0	0
AAEL022626	4	4	17	1	4	2	4	3	3	3	3	14
AAEL028018	1	1	2	0	0	0	1	0	0	0	0	1
AAEL027100	0	0	0	0	0	0	1	1	2	0	1	0
AAEL027012	7	36	55	23	40	31	31	17	21	42	31	54
AAEL023921	36	57	70	52	166	73	33	39	64	73	67	107
AAEL003542	1101	882	1030	556	586	638	500	833	673	630	463	982
AAEL025888	673	562	483	2377	2794	2371	312	496	626	783	1148	1793
AAEL028978	0	0	0	0	0	0	0	0	0	0	0	0
AAEL022564	22	5	9	6	24	10	41	16	45	23	21	37
AAEL022442	0	0	0	0	0	0	0	0	1	0	2	0
AAEL024121	1	0	0	0	0	0	3	0	0	0	0	0
AAEL000268	7	10	7	3	7	7	12	4	11	7	6	15
AAEL016025	0	0	0	0	0	0	0	1	0	0	0	0
AAEL000278	2846	1345	1552	846	851	1323	1559	2030	1677	1459	1994	1661
AAEL022529	0	0	0	0	0	0	1	0	0	0	0	0
AAEL000276	3891	2749	3186	2383	1927	2707	2587	2976	3205	2538	2463	3744
AAEL000297	408	268	312	364	447	354	281	257	295	345	280	380
AAEL000272	97	81	82	81	109	113	71	87	92	88	85	99
AAEL000270	853	650	761	995	1066	1085	399	576	630	444	664	902
AAEL000265	222	146	236	181	307	176	173	189	258	221	186	218
AAEL000294	2509	967	464	1215	1152	1864	2794	2898	5744	3029	2707	1407
AAEL000275	2314	1357	1433	1732	2624	2094	1398	1885	1793	1399	2205	2443
AAEL020471	2	0	4	0	0	0	2	4	2	1	0	5
AAEL000298	67	20	37	48	60	27	70	47	77	54	47	49
AAEL000289	493	383	431	306	339	368	294	360	406	411	306	506
AAEL000260	458	341	465	270	267	337	410	428	421	352	256	499
AAEL019938	7	13	6	8	16	13	4	3	1	11	7	6
AAEL019937	6635	4735	6093	4654	6238	3929	3262	4876	4431	4578	3346	4476
AAEL000285	18	3	1	2	1	9	3	16	13	7	2	4
AAEL000290	132	154	146	116	145	224	103	229	181	133	150	225
AAEL023922	0	0	0	0	1	3	0	0	2	0	0	4
AAEL000299	129	132	135	127	79	162	145	171	205	146	126	195
AAEL000287	132	78	138	120	116	112	94	121	110	108	92	130
AAEL000258	1662	1441	1532	1260	1330	1093	1257	1324	1332	1227	1138	1445
AAEL027033	4	3	4	0	3	0	11	6	3	7	7	11
AAEL000261	188	186	149	118	150	161	89	198	166	115	114	191
AAEL000292	166	128	99	92	97	145	100	144	150	86	130	136
AAEL027755	1632	1378	921	629	490	1430	1794	1824	2065	1078	1653	2279
AAEL027066	307	180	165	187	75	155	219	139	251	215	204	363
AAEL024341	441	245	245	384	358	352	229	244	282	266	244	417
AAEL000263	1282	846	817	502	376	706	1229	1020	1182	707	941	1657
AAEL000279	188	103	167	174	254	146	142	87	140	117	126	105
AAEL000301	1779	1269	1400	1401	1910	1307	728	1134	1632	751	966	964
AAEL000291	14953	10857	8819	6344	8744	18960	13835	13335	21893	10409	19240	21787
AAEL019598	972	642	663	711	678	918	521	521	934	395	567	637
AAEL003958	17	6	16	16	10	14	29	22	29	19	29	51
AAEL003977	682	561	706	143	171	144	316	212	248	205	157	393
AAEL003961	502	453	389	231	273	235	251	237	276	412	263	500
AAEL003959	831	564	537	547	598	598	748	572	620	902	668	1234
AAEL003955	4569	3479	2857	1920	1381	3290	3664	4660	4714	2735	3634	6068
AAEL003949	932	750	687	820	835	1077	566	527	1001	518	621	685
AAEL022531	0	0	0	0	0	0	0	0	1	0	0	0
AAEL003950	1596	1271	1338	1048	761	835	1088	1122	1182	1182	824	1330
AAEL003968	1821	1440	1372	1094	1000	1173	1162	2336	1621	1264	1231	2634
AAEL027132	2	4	0	0	0	4	0	1	1	1	3	8
AAEL023979	0	0	0	0	0	1	4	0	0	0	0	0
AAEL003956	48	102	25	78	93	37	46	73	28	39	46	64
AAEL003970	2497	885	1067	951	891	1201	3093	2236	4425	3137	1831	826
AAEL024114	0	0	1	0	0	0	6	0	2	1	0	3
AAEL003964	510	455	431	340	341	328	343	506	397	384	314	531
AAEL024701	0	0	0	0	1	0	2	2	0	1	0	0
AAEL024317	37	35	23	30	29	38	64	39	45	36	45	81
AAEL024394	125	47	22	8	10	58	220	207	281	162	186	338
AAEL003952	2247	1402	1631	2803	2686	2401	1358	1821	2246	1797	2818	3557
AAEL022049	4	9	8	7	1	7	9	7	6	7	6	12
AAEL003965	314	380	269	485	435	305	233	263	383	332	338	406
AAEL027776	39	30	21	54	93	123	41	33	33	58	68	105
AAEL003963	273	262	174	194	185	326	231	450	448	350	357	411
AAEL003971	212	242	200	172	207	203	239	332	265	269	193	293
AAEL003954	506	348	338	428	474	454	565	730	992	621	336	610
AAEL003951	172	276	86	343	366	527	180	201	246	314	431	578
AAEL003967	26	14	21	54	23	13	49	15	67	48	72	135
AAEL003953	4803	3594	3005	2055	1967	3860	4310	4674	5657	3477	5237	8305
AAEL003966	195	88	71	50	100	94	104	131	180	109	124	135
AAEL003973	1166	822	751	795	717	1007	769	968	1130	767	914	1111
AAEL003972	760	798	551	284	429	868	739	971	916	748	892	1260
AAEL003976	2228	1624	1267	1417	1177	2230	1750	2186	3445	1349	1895	2112
AAEL003957	4699	4034	3112	3823	4956	9177	2421	3429	4168	2923	6100	8273
AAEL025268	657	562	409	170	176	481	724	815	880	467	600	907
AAEL009658	3687	2858	2518	3277	2366	3262	3379	3556	4266	3452	3417	4893
AAEL024018	1	15	0	3	3	11	0	3	2	9	9	2
AAEL009663	105	57	64	71	82	79	109	167	152	127	98	91
AAEL009662	790	738	580	454	417	1051	948	663	1207	598	981	925
AAEL009660	60	32	29	44	39	58	55	43	73	53	66	81
AAEL020557	0	0	0	0	0	0	0	0	1	0	0	0
AAEL026989	0	2	2	0	0	1	0	4	2	2	0	5
AAEL022607	0	0	0	0	0	0	0	0	0	1	0	0
AAEL003142	559	475	462	656	563	562	372	389	554	467	411	504
AAEL003127	169	95	158	71	40	52	123	196	135	181	70	209
AAEL003136	185	167	151	165	221	249	92	103	159	132	155	243
AAEL003145	310	260	218	227	256	259	283	304	315	257	371	356
AAEL023077	1252	1156	1011	696	831	1345	1379	1727	1878	943	1353	1950
AAEL003141	89	69	62	72	90	100	83	94	131	59	90	91
AAEL027858	4	2	0	0	0	1	0	2	0	0	0	4
AAEL003137	773	506	430	561	673	655	652	792	1286	684	695	600
AAEL003135	535	376	290	283	287	693	695	2042	1518	844	1010	1287
AAEL003144	158	95	94	73	111	60	106	123	168	120	103	110
AAEL003150	399	209	332	186	167	132	84	118	124	98	155	270
AAEL003149	300	239	240	234	173	165	200	200	173	251	191	310
AAEL003139	300	146	189	162	161	156	197	634	494	373	228	301
AAEL003133	678	356	432	229	248	301	805	1170	1226	469	726	702
AAEL003128	573	268	412	276	319	257	780	971	1093	286	504	420
AAEL026705	4	0	3	0	0	3	4	0	2	1	4	1
AAEL003140	294	199	227	214	243	196	182	235	211	214	178	269
AAEL003143	1448	969	1016	960	676	1101	925	1358	1476	959	1250	1360
AAEL023259	1	0	1	0	0	0	1	0	1	1	0	4
AAEL020770	1	0	2	1	0	2	2	2	3	0	0	0
AAEL024340	0	0	0	0	1	0	1	0	0	0	0	0
AAEL007133	1	0	0	0	0	0	1	2	2	1	0	0
AAEL003130	2168	1673	1887	3274	4275	4147	1233	1711	1543	1816	2106	4159
AAEL003131	42	21	28	7	25	15	16	25	26	32	21	14
AAEL004405	133	82	116	81	106	104	108	127	83	143	84	140
AAEL004415	1111	853	723	663	651	789	795	1477	1253	980	986	1389
AAEL004414	102	91	132	96	128	136	77	86	106	106	98	147
AAEL019855	4226	3242	2370	1626	1277	3817	3810	4050	5161	2597	4165	5696
AAEL004407	301	108	135	126	260	248	419	206	513	272	332	146
AAEL020399	17	2	3	0	4	4	8	8	15	3	8	12
AAEL004406	433	366	390	360	488	369	274	226	346	371	353	434
AAEL004402	67	39	66	80	71	73	49	77	75	52	68	147
AAEL022621	0	0	3	4	0	2	2	5	7	7	2	6
AAEL025308	1	0	0	0	0	0	4	2	4	0	1	2
AAEL004409	1126	765	839	763	891	965	740	965	1256	808	978	1226
AAEL027017	0	0	0	0	0	0	0	4	0	0	0	0
AAEL027659	2	1	0	0	0	1	0	1	1	1	0	0
AAEL023717	1	0	0	0	1	0	2	0	0	6	8	3
AAEL020834	0	2	0	7	0	0	7	8	4	8	3	8
AAEL013507	0	0	0	0	0	0	3	0	2	5	1	0
AAEL004817	405	234	355	225	113	232	218	178	176	173	179	262
AAEL004802	931	615	600	1035	1008	1204	530	676	879	572	1049	1369
AAEL004813	236	192	154	174	250	330	153	172	228	154	168	201
AAEL004804	190	200	207	195	210	165	91	135	148	186	145	182
AAEL004818	1267	992	691	910	793	1755	891	784	1492	661	1238	784
AAEL004803	136	99	81	70	105	142	102	149	193	195	205	214
AAEL024594	5	1	0	5	0	3	11	8	8	0	3	12
AAEL016353	0	0	0	0	0	0	0	0	0	0	0	0
AAEL016354	0	0	0	0	0	0	0	0	0	0	0	0
AAEL020889	15	12	6	4	4	6	8	6	10	5	6	3
AAEL018514	13	5	3	5	6	8	27	6	17	23	4	18
AAEL016355	0	0	0	0	0	0	0	0	0	0	0	0
AAEL028820	0	0	0	0	0	0	0	0	0	0	0	0
AAEL027393	648	318	303	81	82	238	1251	1098	1273	673	1021	1556
AAEL021641	594	462	357	254	254	591	415	489	693	243	439	505
AAEL019930	545	475	384	359	367	528	301	342	472	341	377	478
AAEL004823	117	70	89	85	73	61	37	48	38	35	45	45
AAEL019929	4	3	5	5	5	16	2	6	5	2	7	10
AAEL019931	316	256	210	265	146	240	163	311	204	152	177	282
AAEL004820	290	286	205	211	249	281	192	229	234	177	212	312
AAEL004825	204	113	118	138	167	165	110	170	193	159	145	177
AAEL004805	4186	2441	3338	4593	4025	4268	3086	2114	3060	3481	3586	5291
AAEL004821	860	582	606	503	375	446	500	465	576	534	398	517
AAEL021893	1	5	9	5	16	11	7	7	5	12	3	3
AAEL004814	257	102	112	122	142	190	117	87	158	291	267	418
AAEL004819	84	71	40	37	41	99	135	159	232	140	169	166
AAEL004810	57	39	34	32	35	31	83	41	104	63	36	28
AAEL017347	3	0	0	1	1	0	0	1	0	0	0	0
AAEL021558	0	1	1	0	1	0	0	0	0	0	1	0
AAEL013857	9608	10072	14329	4196	9425	2678	869	165	148	1330	1697	5250
AAEL017246	0	0	0	0	0	0	0	0	0	0	0	0
AAEL013856	9	13	5	21	9	9	10	7	11	13	10	16
AAEL023528	2	4	2	4	1	4	6	5	5	8	1	2
AAEL013858	1318	936	837	526	453	718	973	1030	1115	882	812	1331
AAEL017400	988	661	714	665	656	832	588	758	778	576	619	886
AAEL012873	15	21	17	3	26	26	18	19	16	12	11	14
AAEL019449	2570	2153	1896	1448	1176	1906	2117	2147	2688	1771	1971	2756
AAEL028001	0	7	1	1	4	5	8	2	10	7	12	2
AAEL012881	6	5	5	4	19	11	14	6	9	12	8	8
AAEL020654	853	634	622	1101	927	978	992	939	1745	805	972	735
AAEL012876	1166	1106	1189	571	637	781	496	982	489	500	523	1189
AAEL025710	0	0	0	0	0	0	0	0	0	0	0	0
AAEL012875	1535	1092	1331	1114	1182	1207	766	994	990	945	836	1287
AAEL019420	2278	1756	1551	1080	731	1539	1580	1836	2233	1284	1481	2135
AAEL019419	18	8	12	6	0	10	17	20	17	15	21	23
AAEL025335	0	0	0	1	0	0	0	0	0	0	0	1
AAEL012874	367	205	270	289	365	324	239	207	286	270	258	270
AAEL012884	326	286	254	191	120	211	200	210	269	210	312	353
AAEL009387	4244	3871	2747	2422	3420	9124	4768	6694	9059	4068	7048	11775
AAEL018178	459	458	379	419	365	438	302	294	383	317	325	471
AAEL019965	2425	1904	1355	951	941	2291	1900	2349	2558	1332	1925	2479
AAEL023092	0	0	0	0	1	0	1	1	1	0	0	2
AAEL028162	0	0	0	0	0	0	4	2	3	1	2	2
AAEL002711	536	393	490	161	140	212	508	851	483	434	305	992
AAEL024452	0	6	3	1	3	3	0	1	2	1	0	0
AAEL027217	30	19	17	47	51	56	21	40	32	44	80	75
AAEL011328	2048	1650	1354	1019	644	1441	1190	1585	1597	940	1175	1775
AAEL011321	243	165	199	144	156	124	213	209	199	267	167	288
AAEL011330	1135	873	1060	470	652	510	811	1238	726	1187	469	1471
AAEL011324	110	52	59	68	38	69	47	43	79	63	42	55
AAEL027417	0	0	0	0	0	0	0	0	0	0	0	0
AAEL027435	0	0	0	0	1	0	1	0	1	0	0	0
AAEL003115	33	47	34	3	21	41	89	83	99	68	87	88
AAEL003123	1156	217	268	1785	470	1092	366	691	2918	728	1462	1078
AAEL003111	64	34	52	47	58	30	97	86	102	75	72	82
AAEL017054	1494	1349	763	276	353	1288	1384	1935	1893	631	1440	1731
AAEL010256	1441	922	942	722	502	975	1178	1256	1583	1133	1310	1617
AAEL010249	208	226	205	155	207	224	162	186	142	268	123	261
AAEL010248	3484	2767	3128	2204	2511	2811	1605	2115	2463	1664	1596	2226
AAEL010246	286	253	244	196	250	231	145	272	198	209	157	295
AAEL010247	283	305	220	508	557	562	152	306	268	324	359	606
AAEL010254	586	489	424	411	399	556	240	506	487	300	374	520
AAEL010244	2041	1605	1621	1096	1091	1869	1909	1986	2092	1912	1667	2523
AAEL010245	578	481	487	479	550	546	318	350	448	364	337	492
AAEL010253	60	68	73	41	45	62	73	96	67	97	47	140
AAEL020650	0	9	1	2	2	1	1	6	4	1	1	0
AAEL012911	437	494	306	146	222	433	483	378	612	347	544	632
AAEL021114	17	7	4	10	0	4	13	5	7	13	8	10
AAEL012912	352	196	298	195	242	211	206	263	223	295	251	374
AAEL013228	114	73	57	46	28	91	120	163	197	79	116	213
AAEL013227	2603	1956	2056	1434	1313	1381	1517	1439	1875	1377	1424	2306
AAEL013233	1842	1341	1258	1312	1052	1338	1149	1070	1719	911	1542	1647
AAEL024389	5	3	3	0	0	9	1	0	3	2	0	0
AAEL013229	3260	1878	2766	3515	4218	2545	1310	1722	1963	2010	2017	3780
AAEL023126	34	39	41	32	28	21	33	42	36	42	24	57
AAEL013237	177	158	143	103	110	98	136	95	113	135	93	162
AAEL013230	1586	1192	1393	992	981	982	690	1554	1424	1109	986	1566
AAEL013236	2046	1696	2246	2357	2767	2148	1075	1021	1181	1467	1371	1754
AAEL023716	4280	2701	2840	2527	1982	3039	2753	3005	3477	2477	2841	3596
AAEL025150	6	7	4	7	3	8	10	7	11	7	3	12
AAEL008726	3	1	2	0	2	3	6	6	9	4	6	6
AAEL024533	0	4	1	0	0	1	0	0	2	0	0	0
AAEL008723	4988	3128	3313	6601	8350	5852	1998	2225	2718	2382	3301	4372
AAEL008737	366	298	256	208	224	225	278	347	300	223	292	431
AAEL027113	30	11	16	26	26	21	12	17	11	32	26	21
AAEL026425	0	0	1	0	0	0	0	0	1	2	1	1
AAEL008730	1215	867	783	649	401	798	750	1160	1121	759	880	1226
AAEL026003	3	0	2	2	0	2	6	5	2	0	0	0
AAEL023930	0	0	5	0	0	0	3	0	5	0	0	0
AAEL021340	0	0	0	0	0	0	0	1	0	1	0	0
AAEL008740	1755	1259	1497	1397	1439	1417	1052	1247	1452	1252	1206	1701
AAEL008741	1101	821	1077	837	687	807	680	1041	998	730	771	1136
AAEL008733	1484	1220	1172	1127	960	1313	818	1292	1201	871	1144	1473
AAEL019511	811	454	492	531	415	629	604	733	785	678	755	1430
AAEL019510	4	0	1	0	0	2	4	9	4	6	3	8
AAEL019887	13	10	6	0	15	4	15	6	14	7	13	5
AAEL022074	0	20	17	22	9	11	10	10	30	19	5	38
AAEL008743	217	127	123	185	149	230	141	132	243	109	166	116
AAEL008738	13757	10535	9052	7066	4926	9451	12560	13083	17441	8184	11971	14005
AAEL008728	631	627	478	489	523	877	422	512	695	297	548	492
AAEL008724	263	231	239	140	166	149	146	264	257	244	134	373
AAEL008746	5	19	7	6	3	3	4	4	5	2	0	1
AAEL008736	977	738	782	842	881	834	491	617	567	505	536	644
AAEL020582	228	175	257	197	199	187	170	208	182	289	163	284
AAEL011532	1569	1303	1368	1046	926	1133	1215	1749	1476	1235	1113	1861
AAEL008725	451	350	389	363	302	350	285	343	404	351	317	494
AAEL020180	58	27	23	56	80	61	31	55	43	48	55	72
AAEL021211	1111	823	843	874	797	808	834	1179	1174	918	752	1143
AAEL008742	628	383	413	439	395	361	313	351	379	304	258	281
AAEL008739	895	881	521	223	282	819	597	962	993	526	760	1160
AAEL008745	80	62	84	39	33	39	44	40	41	51	64	96
AAEL011639	476	363	492	1166	1068	488	380	374	513	357	947	1601
AAEL011642	9	9	3	9	3	6	4	20	5	12	9	5
AAEL011638	89	29	47	45	43	67	77	116	117	94	95	99
AAEL011629	426	358	379	293	231	284	351	435	388	404	279	491
AAEL024017	1	1	6	1	1	0	2	4	0	2	4	1
AAEL011632	860	692	639	642	702	890	481	635	895	437	635	788
AAEL011636	298	251	173	221	229	292	232	294	316	213	271	279
AAEL011630	252	195	183	132	137	218	189	188	235	157	184	255
AAEL011635	458	387	397	199	253	254	342	305	443	391	329	532
AAEL011627	964	705	926	844	1029	927	464	614	709	588	520	910
AAEL026760	2	1	0	4	3	3	3	5	7	2	0	3
AAEL020260	79	27	38	33	41	43	38	16	57	27	23	44
AAEL011637	707	515	538	636	488	580	405	569	677	420	497	618
AAEL011641	1763	843	1071	7175	6574	5355	793	970	1980	2923	6553	6762
AAEL019569	307	295	266	161	129	169	325	365	317	232	208	399
AAEL011631	45	56	57	19	48	37	39	18	33	88	17	41
AAEL023065	0	0	1	0	0	0	0	0	0	0	0	0
AAEL011626	377	390	341	209	219	272	291	399	413	260	295	409
AAEL011634	11	27	24	18	30	27	16	5	23	8	4	13
AAEL011633	130	279	156	88	97	83	47	26	97	13	49	87
AAEL014873	1	0	0	2	0	0	2	0	2	0	0	3
AAEL013882	12	5	6	0	2	9	63	28	53	18	20	43
AAEL012337	1170	905	818	433	340	551	1452	1674	1511	1290	1154	2029
AAEL023730	22	4	10	12	7	16	10	17	9	11	7	13
AAEL021574	3	0	0	1	0	1	1	3	1	1	0	4
AAEL012649	0	1	2	1	0	0	1	1	4	0	3	0
AAEL012641	0	3	0	5	2	1	3	0	10	4	7	18
AAEL015252	0	1	0	1	0	0	0	0	0	0	0	1
AAEL015253	3	0	1	1	2	0	1	5	0	0	0	8
AAEL015254	0	0	0	0	0	0	0	0	0	0	0	0
AAEL012642	0	2	0	0	0	0	0	0	0	0	3	0
AAEL027171	0	0	0	0	1	0	0	1	0	0	0	0
AAEL012651	2	3	2	0	1	0	0	1	3	0	0	5
AAEL012646	396	208	209	87	356	267	110	154	101	303	228	874
AAEL012652	0	3	5	2	4	6	1	0	3	2	1	3
AAEL012644	5161	2993	2172	7631	13830	8042	1447	1339	4013	6890	8902	9983
AAEL012647	61	45	82	58	74	41	39	49	70	49	64	103
AAEL012650	866	1168	1183	1721	2008	1071	253	346	428	1040	1282	2506
AAEL012639	585	816	937	1024	1912	651	228	105	178	443	425	970
AAEL012640	75	22	26	5	14	39	208	173	201	142	192	252
AAEL009750	294	252	238	200	291	126	150	171	115	88	87	128
AAEL024495	186	185	204	126	140	126	74	182	109	55	44	97
AAEL009748	458	431	381	365	420	405	278	324	481	368	375	520
AAEL009753	138	77	80	344	232	141	81	434	384	310	181	208
AAEL009752	0	1	1	1	1	0	2	3	18	0	0	1
AAEL009749	601	488	501	472	256	334	543	440	684	699	423	974
AAEL018184	10	3	7	3	4	4	9	8335	2042	1768	6	12
AAEL021757	0	0	0	0	0	0	1	0	0	0	0	0
AAEL025389	5	5	2	1	6	3	5	2	7	5	3	12
AAEL009747	41429	31210	35523	41078	65353	39651	28413	16448	36028	25012	27964	25760
AAEL009754	513	448	327	235	265	477	333	533	661	390	528	633
AAEL009756	597	478	431	269	266	519	517	567	742	455	582	571
AAEL009744	209	190	139	135	145	177	139	202	191	194	141	181
AAEL009751	54	31	35	66	74	81	64	136	115	79	92	67
AAEL009757	33	33	29	18	30	39	18	26	31	18	24	23
AAEL009755	446	487	324	141	121	469	626	563	793	408	513	735
AAEL025923	0	0	0	0	0	0	0	0	0	0	0	0
AAEL020880	0	0	0	0	0	0	2	0	2	0	0	0
AAEL024789	1	0	0	0	1	2	4	0	0	0	0	0
AAEL005885	487	380	369	374	366	445	275	419	370	286	365	500
AAEL020020	101	133	126	117	73	152	158	139	136	69	96	217
AAEL025333	13	32	25	24	14	38	60	50	43	15	10	64
AAEL027510	2	0	0	1	1	1	1	0	3	0	0	0
AAEL023399	0	0	0	0	0	1	0	0	0	0	0	0
AAEL020296	0	0	0	0	0	0	2	0	0	0	0	0
AAEL020355	3	0	0	3	11	8	1	4	0	5	0	2
AAEL028115	0	0	0	0	0	0	1	0	0	0	2	0
AAEL023516	705	442	430	505	586	576	424	467	623	380	557	542
AAEL022858	0	0	0	0	0	0	0	0	0	0	0	0
AAEL028846	0	1	1	0	1	0	0	0	1	3	2	2
AAEL017181	13	1	1	23	1	21	21	59	8	16	8	28
AAEL013388	14	15	4	3	25	16	17	12	15	8	8	8
AAEL010926	254	159	164	160	150	255	309	281	405	310	310	433
AAEL022659	2	2	3	0	0	3	2	2	2	1	0	0
AAEL024708	0	0	0	0	0	0	0	0	0	0	0	0
AAEL020702	45	41	24	6	4	34	177	109	137	81	85	127
AAEL028950	0	0	0	0	0	0	0	0	0	0	0	0
AAEL009993	1283	1080	805	452	449	1580	2972	3031	3051	1763	1977	3009
AAEL029057	935	730	430	245	275	1373	1732	1888	2449	961	1466	1283
AAEL009991	676	473	458	454	485	1032	685	1264	1065	687	1021	1694
AAEL023557	4	7	7	4	2	6	2	5	7	2	1	5
AAEL024806	0	0	0	1	0	0	0	0	0	0	0	0
AAEL020043	0	0	0	0	2	0	0	0	1	0	0	1
AAEL014231	32	11	18	27	33	14	24	26	29	24	19	22
AAEL023586	116	40	76	110	144	69	25	26	27	33	42	112
AAEL014228	97	97	38	51	65	53	46	44	41	111	22	109
AAEL027564	0	0	0	0	0	0	0	0	0	1	0	0
AAEL026145	0	2	0	0	0	0	0	0	0	0	0	0
AAEL014230	0	0	0	0	1	0	2	0	0	1	0	0
AAEL011005	1	0	0	0	0	0	0	0	2	0	0	0
AAEL011002	0	1	0	0	0	0	0	0	0	0	0	0
AAEL026983	1	3	0	0	9	0	0	0	0	33	0	0
AAEL011004	198	117	119	131	161	161	175	191	265	144	137	186
AAEL010995	1	0	0	0	0	0	8	1	4	4	4	5
AAEL011006	1505	951	1043	1034	1195	1183	815	995	1064	975	1007	1489
AAEL011001	46	12	17	18	11	28	27	13	10	7	13	36
AAEL010998	10	1	6	3	2	0	12	4	6	4	2	7
AAEL026187	0	0	0	0	0	0	2	0	0	0	0	0
AAEL019507	372	240	229	90	120	275	825	682	968	485	751	956
AAEL022436	0	0	0	0	0	0	0	0	0	1	0	0
AAEL019261	0	0	0	0	0	0	0	3	6	0	3	2
AAEL011794	676	529	652	309	307	309	428	874	548	657	373	921
AAEL011788	484	400	369	303	217	308	291	411	369	263	323	457
AAEL011790	307	198	216	278	306	201	135	167	167	165	184	258
AAEL026924	36	39	46	57	50	37	19	51	46	57	31	68
AAEL011791	573	803	478	243	393	1024	560	517	949	354	613	853
AAEL011789	14185	7541	8254	5100	6348	7419	9536	10573	10816	6871	9207	8119
AAEL011793	273	198	213	244	306	349	141	260	301	157	236	241
AAEL020259	1781	1274	1252	1288	1094	1155	914	1191	1297	1084	1126	2045
AAEL024946	1	2	3	2	0	2	5	1	0	3	1	2
AAEL023491	117	127	110	93	94	159	146	109	185	123	142	157
AAEL025122	889	825	754	650	652	774	622	652	948	632	596	773
AAEL002953	370	233	327	250	265	264	185	303	299	279	209	372
AAEL002968	1991	1449	1643	1363	1031	1304	1122	1042	1260	1292	1217	1504
AAEL002974	122	77	75	82	85	98	112	148	153	109	142	199
AAEL014393	1475	1215	1653	1338	1719	1200	734	960	1034	1049	767	1248
AAEL014481	0	0	0	0	0	0	3	0	0	0	0	0
AAEL014480	0	0	0	0	0	0	0	0	0	0	0	0
AAEL005164	0	0	0	0	0	0	0	0	0	0	0	0
AAEL021419	19	10	24	3	9	13	52	42	69	29	34	49
AAEL020069	0	0	0	0	0	0	1	0	0	0	0	0
AAEL026030	0	0	0	0	0	0	0	0	0	0	0	0
AAEL012407	5	1	2	0	0	3	6	1	2	2	4	10
AAEL012410	1745	1485	1174	535	500	1118	1439	2124	2046	1247	1525	2775
AAEL021725	26	8	25	22	3	4	21	8	12	22	14	19
AAEL024851	4	2	0	4	0	6	20	6	1	2	4	2
AAEL019643	0	0	0	0	0	0	0	0	0	0	0	0
AAEL019642	0	0	0	0	0	0	0	0	0	0	0	0
AAEL018934	0	0	0	0	0	0	4	0	0	1	0	0
AAEL012409	7028	2154	3239	2208	1737	2904	4767	4837	5293	3588	5726	3731
AAEL025800	2	4	1	1	0	1	3	3	3	3	6	4
AAEL011744	495	307	390	327	329	335	282	309	360	306	308	395
AAEL011738	492	340	348	420	382	415	420	390	700	479	436	254
AAEL011743	132	19	105	58	54	46	36	72	59	70	46	97
AAEL011737	1117	746	776	638	775	742	726	1350	999	848	697	1411
AAEL027646	443	282	342	320	370	309	330	294	339	333	296	377
AAEL011745	738	662	697	419	649	451	409	608	511	499	372	771
AAEL019278	0	0	0	0	0	0	3	0	0	1	1	4
AAEL011742	6751	4743	4139	4107	4263	5722	6508	6408	10406	4471	6995	6973
AAEL014896	1286	1086	941	897	891	1385	986	896	1536	994	1022	781
AAEL021360	0	0	0	0	1	0	1	0	0	0	0	0
AAEL022252	0	0	0	0	0	0	0	0	0	0	0	1
AAEL014895	372	286	314	357	436	371	209	315	299	304	323	515
AAEL024008	20	10	28	4	11	9	13	6	13	22	11	13
AAEL021408	0	1	1	0	1	1	0	2	1	4	0	0
AAEL011731	1051	714	755	751	544	727	681	836	1104	754	967	1047
AAEL011740	391	188	348	388	668	343	412	313	521	356	453	515
AAEL026961	0	0	0	0	0	0	0	0	0	0	0	0
AAEL020656	0	0	0	0	0	0	1	0	1	0	0	0
AAEL011732	1208	902	876	807	635	1025	915	1145	1278	926	926	1650
AAEL019280	0	0	1	0	1	1	1	0	0	0	0	0
AAEL011739	363	306	333	401	530	455	285	440	337	375	318	538
AAEL011741	3596	3033	3049	2365	2531	2898	2417	2990	3496	2692	2156	2448
AAEL011736	204	264	293	237	367	268	224	216	220	220	223	265
AAEL011746	6840	4008	4218	5598	6744	5614	4505	6475	6019	4896	5547	6790
AAEL011733	1308	824	769	907	779	840	548	1028	925	731	759	1152
AAEL027879	898	540	495	336	370	773	761	903	1126	626	990	1265
AAEL010610	1131	1010	817	844	684	1214	675	946	1025	787	1085	1533
AAEL010607	833	475	505	582	528	533	334	658	649	470	473	738
AAEL010602	6587	2766	2605	1376	2030	1489	1519	8119	5488	3699	2479	1951
AAEL026889	0	0	0	0	0	0	0	0	1	0	0	0
AAEL010608	10104	6476	6323	6842	7517	6241	6353	8451	10163	6467	6994	7205
AAEL025058	5	1	1	1	0	0	0	0	1	0	0	0
AAEL010611	4513	3097	3968	3306	4937	3177	2248	2150	3142	2439	2371	2209
AAEL011696	921	654	629	885	906	1181	548	597	978	481	741	597
AAEL027116	499	339	425	350	304	317	355	435	478	326	364	558
AAEL011688	287	234	261	249	292	230	212	340	332	262	235	331
AAEL011687	736	585	542	371	420	591	491	655	709	432	529	784
AAEL027978	397	120	141	76	62	114	532	417	556	328	556	723
AAEL010619	252	199	138	189	156	245	136	209	284	161	206	275
AAEL027123	474	365	377	362	351	338	263	336	349	347	239	449
AAEL023475	290	217	176	260	231	221	188	141	232	116	189	130
AAEL023221	231	167	155	193	252	165	148	127	235	180	136	221
AAEL027815	3	0	0	0	0	4	4	5	3	9	3	5
AAEL027516	3	1	3	0	1	10	7	10	4	7	7	13
AAEL025401	275	193	189	202	188	181	240	207	286	262	197	327
AAEL025884	341	220	266	288	237	314	208	225	309	240	250	360
AAEL014148	87	73	60	70	96	66	67	69	67	67	81	61
AAEL020536	345	117	199	194	200	164	129	131	186	207	234	240
AAEL014149	342	155	165	173	235	243	122	191	225	187	267	279
AAEL014147	307	284	271	220	191	321	202	279	290	213	237	304
AAEL017447	2858	2422	1944	1314	1637	3078	1977	2419	3344	1643	2812	3729
AAEL027500	191	113	140	161	127	128	89	116	157	127	108	140
AAEL026575	58	56	59	61	40	32	46	87	63	87	34	43
AAEL027474	2	0	2	1	3	2	1	0	0	0	1	3
AAEL014146	638	474	543	571	515	631	350	340	505	440	544	557
AAEL014152	53	25	22	11	42	78	55	58	100	43	51	99
AAEL014151	172	170	144	70	81	119	120	116	141	129	105	129
AAEL019080	0	0	0	0	0	0	0	0	0	0	0	0
AAEL019337	0	0	0	0	0	0	0	0	0	0	0	0
AAEL019336	0	1	0	0	0	0	0	0	0	0	0	0
AAEL025066	0	0	0	0	0	0	0	0	0	0	0	0
AAEL004209	1121	841	580	447	780	1308	1128	1699	1966	1135	2239	2449
AAEL020836	1	1	2	0	0	0	2	1	3	2	0	0
AAEL023935	88	78	67	83	78	137	51	70	112	69	70	91
AAEL014211	129	93	83	52	91	117	79	91	114	96	89	143
AAEL027323	482	353	345	153	132	238	432	523	540	361	410	709
AAEL026801	5	2	5	1	0	0	4	4	11	5	2	11
AAEL022146	18	4	3	5	0	7	12	12	16	10	10	21
AAEL014212	2751	2061	1945	1829	1298	1907	1792	1862	2607	1540	2055	2345
AAEL027918	292	245	233	83	81	230	228	293	297	188	229	447
AAEL019901	35	21	18	30	35	37	24	55	30	31	46	46
AAEL017691	0	0	1	0	0	1	0	1	0	3	1	0
AAEL017799	0	2	3	0	4	2	1	2	0	2	0	1
AAEL027888	0	0	0	0	0	0	1	0	0	0	0	0
AAEL024376	0	0	0	0	0	0	0	0	0	0	0	1
AAEL024838	437	179	195	474	294	403	325	419	433	252	542	532
AAEL025044	6	4	1	5	1	7	5	1	4	9	4	8
AAEL017338	1394	986	849	656	583	871	870	1178	1331	732	953	1342
AAEL021227	2413	1701	1556	1395	899	1678	1540	1551	2149	1320	1815	2310
AAEL025091	2214	1444	1476	1583	1621	1497	1939	2584	2617	1875	1829	2119
AAEL014871	2379	3087	1516	6944	9529	6284	441	683	599	1154	1568	4084
AAEL010752	3	7	0	240	67	99	2	1	2	39	101	30
AAEL010755	2250	1844	1457	733	729	1455	1422	2454	2176	1286	1428	2844
AAEL010759	335	179	197	217	209	240	150	215	198	165	143	222
AAEL010754	14881	9791	13604	11137	16851	10381	8372	8040	10525	9266	7357	6840
AAEL027270	5	3	11	6	12	4	2	6	4	9	4	23
AAEL010757	465	398	202	61	56	236	1125	838	938	393	781	1593
AAEL021661	0	0	1	5	0	0	2	0	0	0	1	0
AAEL010761	457	374	342	353	309	548	259	498	538	273	304	508
AAEL025622	0	0	0	1	0	0	0	0	0	0	0	3
AAEL010753	143	94	102	103	115	133	101	149	179	99	125	127
AAEL010762	373	289	333	289	176	258	233	331	309	227	241	312
AAEL010756	42676	26563	35235	36890	58850	33492	27374	16671	30966	27542	24734	22500
AAEL010760	166	124	105	142	180	204	99	89	184	129	105	97
AAEL010749	21	9	16	5	5	16	64	51	72	46	68	103
AAEL026125	0	5	0	0	1	1	1	0	1	0	0	0
AAEL011063	3750	2979	2514	1488	1368	2515	2773	3840	4063	2643	2865	4649
AAEL011068	16	7	4	14	11	8	12	4	5	8	6	22
AAEL021092	3879	2972	2801	2139	1495	2671	2361	2895	2953	2073	2242	3671
AAEL011059	629	463	730	594	744	557	343	506	447	438	400	556
AAEL011060	206	110	139	114	74	118	103	118	143	118	114	203
AAEL017424	1821	1193	1313	1099	913	1194	950	1141	1390	983	1023	1657
AAEL013102	4078	2499	2286	1488	1033	2415	3537	4208	3867	2718	3340	5544
AAEL022812	432	296	328	370	401	447	236	301	337	239	265	252
AAEL011067	1352	945	870	1280	1527	1515	821	918	1072	986	991	1392
AAEL014253	470	276	360	408	394	409	388	324	501	333	340	348
AAEL025928	2	3	6	4	4	6	3	4	2	2	1	2
AAEL014257	212	198	179	187	189	208	151	184	219	168	183	230
AAEL014254	90	64	52	92	76	65	57	81	109	77	103	87
AAEL020658	0	0	0	0	0	0	0	0	0	0	0	0
AAEL014258	381	268	274	331	375	408	417	510	596	445	425	521
AAEL014256	951	799	741	743	648	864	630	752	1112	617	646	742
AAEL014113	1	0	0	0	0	0	2	1	0	1	0	0
AAEL014255	427	198	299	296	351	226	216	395	279	311	198	162
AAEL014252	1546	1201	1551	1333	1326	814	577	674	815	613	647	796
AAEL025246	552	401	429	738	1280	706	318	467	485	444	519	837
AAEL025697	19297	11327	11503	15538	15047	14718	12467	12248	21013	8912	14315	11734
AAEL007929	27	30	12	5	5	16	38	39	67	36	45	51
AAEL007931	992	759	809	486	384	555	721	993	849	744	531	1131
AAEL007943	271	223	134	155	186	246	183	232	244	141	167	212
AAEL007939	986	709	799	496	579	498	498	568	620	706	466	887
AAEL007934	162	113	130	118	95	110	76	113	97	120	78	126
AAEL007936	1997	1292	1551	1299	1245	1572	1221	1585	1622	1681	1465	2136
AAEL020428	35	14	99	16	75	48	35	21	3	25	5	46
AAEL015543	1675	1414	1162	1136	590	1350	1393	1479	1461	863	1429	1877
AAEL012981	377	233	346	259	263	336	282	326	667	336	348	373
AAEL014700	9	4	7	9	9	19	21	3	29	7	8	0
AAEL017272	72	12	7	10	4	8	64	26	25	22	15	33
AAEL025988	0	0	0	2	0	1	1	0	0	1	0	1
AAEL025724	0	0	2	0	0	0	3	0	0	0	0	0
AAEL022551	7	2	3	1	1	0	39	12	11	30	7	27
AAEL021865	19	20	25	105	102	65	22	77	103	39	74	119
AAEL023720	0	0	0	0	0	0	2	6	1	3	2	2
AAEL016972	2314	1851	2030	6896	10119	6983	1339	1541	2057	2792	5287	6301
AAEL019676	0	0	0	2	0	8	20	14	8	30	14	27
AAEL019675	1	0	0	0	1	3	12	2	0	11	4	18
AAEL023082	0	2	1	0	0	2	0	1	6	3	10	10
AAEL022181	0	0	0	0	0	0	0	1	0	0	0	1
AAEL013575	260	217	176	177	165	285	229	259	353	195	323	296
AAEL012987	1527	1451	947	385	522	1293	877	1324	1462	732	1038	1407
AAEL012989	836	600	793	616	545	572	518	583	557	505	509	740
AAEL012990	251	198	167	145	167	225	142	165	222	200	139	218
AAEL012994	2643	1848	2026	2244	3152	2265	1653	2943	2707	2139	2146	2650
AAEL012996	2155	1731	1428	1277	1357	2850	1583	1834	2336	1606	2436	3472
AAEL019547	37	37	50	29	28	29	27	42	25	44	37	35
AAEL013205	996	696	784	801	824	780	581	544	850	566	676	709
AAEL013213	1035	887	873	604	462	674	536	913	749	538	582	878
AAEL013210	688	458	529	388	495	451	457	503	543	555	398	778
AAEL025742	0	0	0	0	0	0	1	0	0	0	0	2
AAEL012993	302	223	213	197	283	283	160	199	296	161	169	222
AAEL013206	450	347	403	498	527	315	274	265	330	435	383	516
AAEL009371	798	654	747	587	524	738	683	1107	1099	742	834	1316
AAEL020412	0	0	0	1	0	1	0	0	0	0	0	0
AAEL009364	2563	1949	1560	1180	1018	2054	1974	2265	2422	1565	1713	2884
AAEL025177	0	9	4	0	3	0	5	2	5	9	4	9
AAEL009360	293	244	275	188	145	165	210	288	281	271	170	341
AAEL009367	1250	838	747	714	634	1050	946	967	1046	1145	1171	1554
AAEL024803	0	0	0	0	0	0	0	0	0	0	0	0
AAEL009368	938	730	626	1278	1537	950	559	621	715	559	751	804
AAEL012129	11	1	5	2	0	1	19	16	17	21	13	30
AAEL019972	469	383	351	438	494	452	329	413	386	457	468	579
AAEL022355	0	2	0	0	0	1	2	2	2	1	3	3
AAEL019971	2	5	8	3	6	0	2	3	4	2	5	2
AAEL012134	2270	1699	1441	781	626	1488	1489	1582	1930	931	1365	2279
AAEL009362	2901	2231	2442	1379	1403	2101	1695	2193	2119	1957	2364	3650
AAEL012128	178	112	135	134	204	120	137	136	146	140	119	94
AAEL012131	1340	690	703	733	431	705	925	521	1323	700	744	632
AAEL007053	329	258	170	192	242	255	205	233	210	217	181	237
AAEL026941	4	3	5	3	0	1	3	0	5	2	1	2
AAEL007056	401	296	373	342	346	337	249	278	315	322	319	403
AAEL007069	1898	1567	1524	1152	832	1289	1428	1403	1800	1309	1370	2191
AAEL007065	6214	5110	3035	2341	3039	7349	3258	5429	6451	2560	5526	6706
AAEL020533	0	1	1	0	3	0	0	3	3	0	1	2
AAEL021522	0	0	4	1	0	2	0	0	0	2	0	1
AAEL007046	1720	1340	1733	914	1133	728	1471	3661	1715	2915	737	3476
AAEL007058	337	255	358	199	252	265	307	392	359	259	224	337
AAEL007067	493	401	423	396	335	350	314	408	488	439	337	509
AAEL022005	881	600	445	916	861	998	881	1198	1405	693	750	1013
AAEL025665	232	121	92	164	67	178	230	329	369	120	181	294
AAEL007050	277	127	110	195	265	336	308	238	459	294	241	149
AAEL007068	0	2	3	0	2	0	4	0	0	1	4	2
AAEL007064	984	570	612	572	877	533	637	862	907	733	925	680
AAEL024222	4	1	5	3	1	6	4	12	14	15	2	4
AAEL007052	1	6	6	3	3	1	5	1	1	6	5	5
AAEL023132	41	135	218	76	140	44	60	4	9	74	43	92
AAEL007051	1	1	1	19	1	0	4	0	0	3	2	1
AAEL007070	2	2	9	6	0	0	0	1	0	1	2	3
AAEL007063	460	229	306	357	475	120	83	27	29	118	163	299
AAEL007055	425	163	122	588	553	449	351	282	363	501	868	413
AAEL007060	138	92	80	189	102	118	31	33	28	80	123	139
AAEL007044	12	5	15	3	1	1	3	0	0	0	0	0
AAEL013915	973	801	795	838	843	813	677	663	726	786	952	1227
AAEL022668	0	0	0	1	0	1	0	3	2	0	0	4
AAEL027122	1	0	0	0	0	0	0	1	1	0	0	3
AAEL007041	1350	970	906	362	308	771	1523	1262	1152	1115	1135	2649
AAEL020910	0	0	0	0	0	0	1	0	0	0	0	3
AAEL022035	23	8	16	12	11	16	18	9	18	19	4	21
AAEL023694	122	49	68	16	15	29	222	145	98	147	78	286
AAEL007066	722	594	596	534	749	580	463	510	542	540	428	675
AAEL007054	2257	1652	2213	2056	3202	1890	1380	1404	1603	1778	1298	1352
AAEL007048	432	242	307	254	277	282	358	413	448	357	259	511
AAEL021557	112	65	29	146	202	181	43	31	51	126	98	251
AAEL007045	421	372	480	287	238	234	307	362	237	387	194	457
AAEL007061	330	237	274	216	353	182	196	127	215	179	187	222
AAEL007062	537	444	415	378	373	485	389	492	518	422	402	624
AAEL007057	33	12	10	9	3	19	27	8	8	15	13	9
AAEL007042	10132	7648	6757	4183	4052	6919	6210	8544	10979	5188	7344	9728
AAEL007059	237	210	258	159	231	132	125	96	98	162	140	249
AAEL007049	2246	1790	2371	2766	3614	2404	1037	1184	1107	1457	1398	1903
AAEL007043	2267	2361	1250	586	786	2690	1736	2154	2884	1111	2101	2501
AAEL024492	0	4	0	0	0	0	5	0	0	0	0	3
AAEL028038	32	33	15	54	55	56	40	34	64	38	55	99
AAEL025087	156	3	3	0	1	4	7	22	8	5	4	20
AAEL011031	1	1	0	0	0	0	6	5	2	1	3	0
AAEL027939	13	6	10	18	17	10	16	18	30	28	12	23
AAEL011032	3	5	3	3	5	1	1	2	3	7	8	3
AAEL011029	0	0	0	2	1	1	0	1	0	0	1	0
AAEL025248	2	0	1	0	2	1	4	1	0	0	0	0
AAEL021605	21	25	28	51	66	34	10	40	33	26	45	31
AAEL006635	1	1	1	1	3	0	2	2	1	3	0	1
AAEL006636	65	40	34	37	43	49	52	78	96	76	54	47
AAEL011520	1922	1879	2066	2550	2732	2453	1351	993	851	1717	1945	3186
AAEL011519	323	260	162	300	307	188	259	61	462	183	249	116
AAEL003627	128	44	75	73	98	86	80	168	169	124	113	181
AAEL018304	33	38	50	304	470	104	42	87	94	116	515	475
AAEL003616	7	12	6	3	11	10	9	6	11	10	7	14
AAEL003644	2	1	3	0	0	1	2	1	0	1	2	1
AAEL003635	156	117	156	107	110	131	96	154	151	136	88	167
AAEL003641	234	119	177	557	893	544	99	102	150	439	792	947
AAEL003640	333	213	208	637	606	428	314	204	277	336	552	757
AAEL003619	987	256	839	4399	9864	2016	328	367	674	1162	3681	6948
AAEL003626	751	562	572	1714	1722	510	146	147	201	225	728	677
AAEL003624	1704	1496	1818	1760	1474	864	1797	2451	1694	3155	1747	3349
AAEL003617	0	2	2	6	4	1	5	5	1	4	6	4
AAEL003618	326	199	333	261	321	202	168	187	196	266	279	495
AAEL014204	744	430	588	855	968	829	446	444	509	545	743	710
AAEL014203	315	139	141	135	121	218	195	285	308	199	223	246
AAEL018849	0	0	0	0	0	0	0	0	0	0	0	0
AAEL003633	0	0	0	0	0	0	1	3	1	0	0	0
AAEL008144	1633	883	894	1013	1938	1214	1292	3326	2768	1672	2745	2382
AAEL014153	6	1	0	3	2	2	0	1	1	0	2	4
AAEL008149	0	0	0	0	0	0	0	0	0	0	0	0
AAEL024563	168	120	122	71	83	119	104	108	142	91	116	143
AAEL014158	1379	1133	919	1168	1197	1860	956	1091	1217	988	1679	2286
AAEL014154	277	236	308	549	760	524	182	156	186	281	293	373
AAEL008146	1003	731	760	912	684	1085	501	791	1050	679	808	1314
AAEL014161	2296	1634	1550	974	1135	1143	1326	1907	1639	1349	1167	1793
AAEL022451	0	0	0	0	0	0	0	0	0	0	0	0
AAEL026839	0	0	0	0	0	0	0	0	0	0	0	0
AAEL023529	526	393	459	617	534	590	374	439	742	372	538	441
AAEL022459	197	152	92	64	29	100	251	565	293	170	204	282
AAEL023488	1389	977	827	936	873	1292	1017	1278	1323	768	1688	2206
AAEL013885	12268	6028	6888	38131	63689	48169	4407	5171	7448	38132	41669	70099
AAEL019756	464	451	559	302	203	397	422	495	544	345	338	787
AAEL023210	0	0	1	0	0	6	4	1	2	4	1	5
AAEL019790	160	67	249	163	25	50	248	143	181	185	106	302
AAEL019789	8450	8074	7710	6136	14568	8800	6676	5414	8143	7069	6739	4812
AAEL024487	1	0	0	0	0	0	1	1	3	0	1	0
AAEL013161	0	0	2	0	0	0	0	0	0	0	0	0
AAEL026884	20	17	20	10	8	20	77	72	72	68	147	226
AAEL013159	34	14	28	10	15	25	120	74	103	98	164	307
AAEL021144	3	1	2	0	0	3	0	3	2	2	0	0
AAEL029118	1	0	1	0	0	0	2	483	15	4	1	4
AAEL029119	0	0	1	0	0	0	6	1068	42	5	0	7
AAEL020771	3	2	1	0	0	0	1	1	0	0	0	2
AAEL007110	2	1	1	0	2	1	21	0	10	8	3	3
AAEL020970	4	0	0	1	5	1	11	1	4	9	3	5
AAEL023205	0	0	0	0	0	0	12	0	1	3	0	0
AAEL026219	0	0	0	0	0	0	0	0	0	0	0	0
AAEL023740	0	0	0	0	0	0	0	0	0	0	0	0
AAEL020627	0	0	0	0	0	0	0	0	0	0	0	0
AAEL023765	0	0	0	0	0	0	0	0	0	0	0	0
AAEL027637	46	29	75	57	78	58	12	21	16	17	18	51
AAEL026716	21	20	39	40	41	39	15	9	10	12	20	48
AAEL023314	0	0	0	0	0	0	0	0	0	0	0	0
AAEL023840	0	0	0	0	0	0	0	0	0	0	0	0
AAEL010704	1258	1036	914	857	1052	1350	973	1153	1468	1262	1274	1653
AAEL007121	4	1	2	0	3	0	0	0	5	3	0	0
AAEL016983	0	0	0	0	0	0	0	0	4	0	0	4
AAEL019285	0	0	0	0	0	0	0	0	0	0	0	0
AAEL021014	0	1	1	0	0	0	0	0	0	1	0	0
AAEL022925	2	0	5	0	0	0	5	3	5	1	1	0
AAEL011716	41	34	28	8	19	32	35	30	49	50	36	47
AAEL021004	0	1	2	0	0	0	3	0	2	0	0	0
AAEL018939	0	0	0	0	0	0	0	0	0	0	0	0
AAEL006093	1	1	1	0	1	1	18	8	8	15	7	9
AAEL006102	7337	5391	4831	32923	35799	21886	4070	6845	8596	5992	22688	26993
AAEL006095	1138	535	394	964	1557	1312	1260	1344	2349	1679	2193	1405
AAEL006103	682	539	612	558	665	495	462	445	454	365	301	362
AAEL006109	18	35	11	166	182	48	9	4	242	91	222	147
AAEL006094	1	0	0	2	3	0	0	0	0	0	2	0
AAEL019933	2	7	4	0	0	3	4	1	1	2	1	1
AAEL006098	570	347	478	705	661	652	384	330	458	560	491	798
AAEL006091	1723	1100	1162	1229	1522	1308	740	1003	1164	990	1052	1414
AAEL006107	164	133	165	122	195	131	133	134	127	114	82	160
AAEL013713	1611	1177	1100	822	771	1361	1154	1710	1829	1050	1488	2283
AAEL013703	3765	998	735	262	344	1431	3578	2507	5713	3604	3325	341
AAEL023729	2647	306	3018	6212	11778	5297	376	192	225	193	1802	466
AAEL013715	1523	297	3169	6958	16502	7056	159	52	90	335	1873	999
AAEL023056	2	0	0	0	1	0	10	2	1	3	1	9
AAEL010196	53683	48863	115977	17114	51817	30857	1242	54	166	8012	9555	22083
AAEL013712	39798	40703	101247	19433	45186	27703	1121	154	44	5835	7814	20285
AAEL024408	2	5	2	0	8	1	2	0	0	3	0	0
AAEL010202	40412	41316	85337	7633	35484	15879	632	217	33	2664	2805	8764
AAEL020653	0	0	0	0	0	0	0	0	0	0	0	0
AAEL012007	468	255	197	706	648	652	288	215	414	426	542	627
AAEL026184	34	8	36	23	46	41	24	20	26	33	29	19
AAEL012008	368	317	291	208	235	331	175	364	300	191	224	338
AAEL019998	0	0	0	0	0	0	0	0	0	0	0	0
AAEL012000	0	0	1	0	0	0	0	0	0	0	0	0
AAEL013709	799	812	955	833	1215	491	453	589	568	681	436	782
AAEL012010	1839	1442	1918	1564	2435	1355	1114	958	1385	1380	1234	1217
AAEL005305	1584	1380	1068	618	599	2006	1638	1615	2136	1165	1964	2477
AAEL021065	0	0	0	0	0	0	0	0	0	0	0	0
AAEL026401	19	17	36	20	43	31	9	19	12	30	17	13
AAEL018576	0	0	0	0	0	0	0	0	0	1	1	1
AAEL020537	3	0	1	4	3	0	1	0	0	0	0	0
AAEL012011	267	236	225	140	133	205	165	232	254	232	174	357
AAEL012003	1	0	0	36	16	12	4	1	2	8	29	35
AAEL005293	1192	412	567	9702	11373	3901	293	183	489	4051	3599	3622
AAEL019794	769	697	485	370	241	673	612	798	1071	611	758	1101
AAEL005288	523	270	367	202	128	145	97	132	91	121	108	272
AAEL022447	1	0	0	0	0	0	4	1	0	0	1	1
AAEL020199	0	0	0	0	0	1	6	0	1	2	0	4
AAEL023443	45	8	3	12	28	28	12	9	17	32	20	30
AAEL005303	606	385	436	651	565	567	332	445	420	409	471	746
AAEL011680	63	10	28	11	19	20	49	32	20	39	20	57
AAEL025858	1	2	0	1	0	0	8	6	7	5	1	1
AAEL018791	0	0	0	0	0	0	0	0	0	0	0	0
AAEL018790	1	0	0	0	0	0	0	0	0	0	0	0
AAEL005308	2165	1382	1612	1447	1555	1631	1066	1451	1924	1112	1327	1456
AAEL024012	22	13	38	2	26	15	23	8	27	10	17	14
AAEL013910	0	4	1	0	0	2	4	3	2	0	1	0
AAEL013912	34	44	21	10	20	15	19	19	43	25	10	49
AAEL026746	128	81	104	231	236	115	77	93	66	53	110	151
AAEL005309	483	402	402	406	435	394	225	407	364	301	301	409
AAEL005290	1550	956	848	924	882	1144	1419	1627	2295	1303	1299	1376
AAEL005289	5016	4711	5845	2730	3271	2981	2475	2941	3626	2665	2019	2209
AAEL028706	0	0	0	0	0	0	0	0	0	0	0	0
AAEL026939	3618	2568	2067	1663	1205	2727	2515	3050	3511	2093	2790	4816
AAEL005311	651	425	480	506	556	496	315	500	457	511	441	717
AAEL020175	4	2	0	0	0	0	0	0	2	0	3	5
AAEL010514	1546	1223	1596	1570	2134	1530	1088	1013	1628	1136	970	1001
AAEL027880	23	40	39	43	16	31	35	30	46	33	20	17
AAEL024864	7	8	15	3	3	7	10	7	5	19	7	16
AAEL022240	973	531	564	509	466	665	850	1143	1018	955	820	1522
AAEL020749	50330	33648	41184	39459	62150	40133	38197	23349	41080	32575	32724	28503
AAEL005297	251	151	188	171	117	146	131	190	125	165	128	209
AAEL010511	334	277	367	111	141	138	294	202	437	164	228	247
AAEL026153	0	0	0	0	0	0	0	0	0	0	0	0
AAEL027783	125	25	67	50	27	40	104	62	85	104	80	28
AAEL013052	1446	1133	1349	1613	2063	1614	809	993	1048	1090	1244	1737
AAEL013046	233	176	202	199	185	174	168	181	210	137	182	234
AAEL028082	0	0	0	0	0	0	0	0	0	0	0	0
AAEL013047	1152	575	612	1678	1241	1809	592	550	800	1131	1721	2491
AAEL013048	171	189	170	111	176	189	124	202	173	138	123	280
AAEL013044	110	81	77	71	85	123	73	134	81	69	80	111
AAEL013045	214	231	284	278	293	244	235	191	280	255	148	179
AAEL013058	296	278	253	300	312	395	246	347	328	175	301	265
AAEL013054	85	54	57	42	47	65	47	50	69	58	55	119
AAEL026241	316	274	225	170	150	227	204	264	357	175	243	270
AAEL019629	327	435	79	17	28	242	107	244	201	56	129	264
AAEL013056	7	1	0	0	0	0	5	4	4	3	8	18
AAEL019801	3343	2573	1828	1168	1066	2737	3598	3651	4311	2179	3815	5722
AAEL013051	121	162	149	148	179	151	116	118	136	150	85	127
AAEL013049	646	458	597	336	461	285	246	410	328	357	221	425
AAEL013505	26	13	12	4	3	20	30	24	43	19	25	55
AAEL020718	0	0	0	0	0	0	1	0	0	0	0	0
AAEL013506	2	0	0	2	0	0	0	1	0	1	0	4
AAEL024309	0	0	1	0	0	0	3	0	1	0	0	0
AAEL013789	7	15	9	2	5	9	12	4	1	1	5	6
AAEL020350	20	33	32	27	16	43	17	19	28	19	14	37
AAEL019001	0	0	0	0	0	0	1	0	0	0	0	0
AAEL020120	121	88	102	119	129	97	95	95	117	118	69	108
AAEL007926	7620	5666	9939	9597	7653	7024	952	518	1106	1541	1189	2900
AAEL022882	15	2	7	4	1	2	17	4	30	30	0	62
AAEL007920	2503	1763	1157	778	1006	2842	1622	2194	2567	1386	2591	3573
AAEL027357	877	711	914	1098	1558	776	418	431	501	673	464	640
AAEL023098	6361	4935	4853	5134	5579	7952	4961	6767	6631	4007	7118	12908
AAEL026672	279	173	161	220	176	162	224	263	290	191	200	160
AAEL013453	152	163	136	85	86	142	81	182	125	86	118	147
AAEL011548	357	359	348	334	341	391	279	394	397	306	297	408
AAEL011562	514	299	285	502	721	515	210	289	261	397	440	713
AAEL011561	145	136	115	150	139	126	95	100	173	139	108	140
AAEL011556	404	223	252	281	324	290	171	302	277	256	283	335
AAEL011560	993	920	893	1025	964	1047	700	721	967	802	782	1071
AAEL011554	2039	1661	1729	1894	1829	2389	1230	1761	1985	1303	1939	2486
AAEL017317	369	340	413	310	501	374	315	261	295	368	217	317
AAEL023946	2	1	1	0	0	3	2	0	2	3	2	2
AAEL011541	1350	881	1052	857	674	1006	832	1053	1063	950	957	1347
AAEL013449	2	0	0	2	0	0	0	1	0	0	1	18
AAEL022549	3	1	0	2	1	2	6	5	2	2	0	0
AAEL027682	0	0	0	0	0	0	0	0	2	2	0	0
AAEL027401	0	0	0	0	0	0	0	0	3	0	0	0
AAEL021732	1240	1221	892	474	373	951	1146	1544	1555	811	1228	1841
AAEL013598	0	1	3	1	0	0	5	0	3	1	3	1
AAEL011551	3309	1574	1799	11802	9684	7611	1781	1602	3411	5764	9082	9645
AAEL011543	1	0	1	1	5	2	1	0	0	0	0	2
AAEL011557	59	28	24	16	88	65	9	28	42	21	34	77
AAEL021383	0	7	0	0	1	1	0	3	0	0	0	5
AAEL011553	34	23	21	19	18	21	22	9	33	24	31	13
AAEL011559	1	35	0	10	13	33	0	0	6	11	7	0
AAEL011540	27	2	0	11	8	67	1	0	8	0	1	0
AAEL011555	0	0	0	0	0	2	1	0	0	0	0	0
AAEL025114	0	0	1	0	0	1	2	2	2	0	1	1
AAEL011547	3	0	1	1	2	2	0	0	1	1	1	1
AAEL011550	0	0	0	0	0	0	1	1	0	0	1	0
AAEL014516	15619	5883	1907	1462	2568	6118	23444	7450	33617	32042	10785	548
AAEL014515	10	5	7	0	0	18	24	6	28	18	6	0
AAEL010444	809	574	535	469	349	557	580	578	746	498	417	616
AAEL022580	0	0	0	0	0	0	0	0	0	0	0	1
AAEL023596	0	3	4	2	1	1	1	1	1	8	1	6
AAEL026146	12	19	12	0	2	13	5	19	5	12	13	12
AAEL010455	464	351	394	337	337	355	242	397	387	306	271	428
AAEL010453	775	530	666	518	603	560	396	438	456	464	433	572
AAEL024724	63	29	26	27	56	29	71	41	72	46	41	64
AAEL018710	1252	935	948	1348	1482	1317	805	927	1299	1140	1405	1987
AAEL020140	0	0	0	0	0	0	0	0	0	0	0	0
AAEL010445	368	234	214	113	80	221	374	480	471	356	363	838
AAEL024476	62	20	541	63	238	271	152	155	109	74	171	8
AAEL010456	0	0	0	0	0	0	0	0	0	0	0	0
AAEL010450	0	0	0	0	0	0	0	0	0	0	0	0
AAEL020217	581	376	451	373	345	502	507	583	611	424	489	816
AAEL028892	0	0	0	0	0	0	0	0	0	0	0	0
AAEL018618	0	0	0	0	0	0	0	0	0	0	0	0
AAEL010459	391	390	402	326	323	368	304	460	455	401	289	406
AAEL010447	318	235	228	249	228	207	186	270	271	213	187	366
AAEL014600	8179	10022	11817	5488	8503	5071	1764	372	584	969	766	2742
AAEL024186	2126	1321	1267	2485	2289	2376	1122	1391	1809	1696	2232	2904
AAEL010451	72	30	54	13	16	42	445	183	95	359	59	350
AAEL022662	1	3	0	0	0	0	8	4	2	5	2	10
AAEL028200	0	0	0	0	0	0	0	0	0	0	0	0
AAEL026570	17	4	13	1	2	4	149	36	26	152	5	62
AAEL023001	7	1	1	0	4	0	32	6	3	16	9	10
AAEL027447	565	495	374	436	358	350	361	409	410	495	405	501
AAEL023993	10	3	2	2	3	4	6	4	9	9	6	17
AAEL028196	4	0	0	0	0	0	2	0	0	1	0	0
AAEL024841	4078	2318	2817	2457	2794	2621	1589	2713	2728	2076	2214	3256
AAEL006025	760	587	653	561	619	552	592	558	691	667	532	672
AAEL006035	1341	1141	755	235	232	707	1612	2076	1663	783	1149	2711
AAEL006027	438	411	421	586	669	362	474	1339	1240	480	558	830
AAEL006013	1584	1207	919	793	673	1334	1380	1190	1449	819	1237	1837
AAEL006016	590	513	631	475	500	467	516	450	591	605	436	631
AAEL020113	631	457	479	566	678	644	263	539	512	363	496	667
AAEL026164	0	0	2	0	0	1	0	0	0	1	0	2
AAEL011587	34615	24994	28101	31120	48803	33509	22375	17700	32635	20388	24762	22575
AAEL006037	658	563	571	262	170	273	397	660	444	482	308	815
AAEL026245	0	0	0	0	0	0	0	0	0	1	0	1
AAEL006014	23	39	19	13	20	19	25	39	31	25	30	19
AAEL006017	1	5	5	2	16	7	3	7	1	2	4	5
AAEL002696	173	16	99	223	459	168	119	102	291	84	355	137
AAEL006023	2024	1835	1593	2082	1827	2250	1213	1276	1120	1575	1513	3240
AAEL025718	1370	1132	1100	1386	1433	1493	941	1184	1082	1033	1275	1847
AAEL006034	21	4	13	236	117	123	16	13	28	53	114	282
AAEL006036	492	350	313	386	356	444	392	341	493	385	381	440
AAEL022404	0	0	4	0	0	1	0	0	0	0	0	0
AAEL014908	1030	766	714	730	1052	1043	494	682	938	569	746	655
AAEL021071	984	893	772	2287	4279	1646	667	718	1122	695	1257	1004
AAEL022373	1192	771	798	703	615	721	626	955	970	729	789	1087
AAEL022624	0	0	0	0	0	0	1	0	0	0	0	0
AAEL006032	1724	1309	1028	1028	542	1506	1456	1402	1740	1216	1653	2344
AAEL023266	137	90	49	15	16	44	533	490	497	210	398	491
AAEL012323	1042	862	805	673	650	843	646	789	917	636	768	809
AAEL012330	504	391	415	390	408	393	317	448	436	369	286	457
AAEL012326	3552	3527	2006	675	1181	3851	2927	4096	6363	1615	4574	5105
AAEL026844	0	0	0	1	0	0	2	1	1	0	0	0
AAEL023267	0	0	0	0	0	0	0	0	0	0	0	0
AAEL027740	0	0	0	0	0	0	0	0	0	0	0	0
AAEL012325	1189	849	958	1026	859	1068	725	756	1106	880	1103	1432
AAEL022886	173	108	127	118	164	129	108	142	172	95	118	147
AAEL012327	284	228	258	254	383	252	262	215	232	241	222	276
AAEL012332	3	0	0	0	0	1	3	0	1	0	2	2
AAEL022221	19	5	9	2	4	4	38	54	34	27	29	36
AAEL012324	467	361	334	310	316	375	264	176	314	300	349	346
AAEL013479	138	73	74	85	104	91	69	76	84	100	78	97
AAEL013478	229	157	196	172	207	221	188	181	219	179	177	253
AAEL025282	14	4	1	2	0	0	3	2	1	3	6	8
AAEL026933	116	37	46	50	26	70	85	84	63	44	56	63
AAEL026434	3	5	2	3	11	12	5	5	8	6	4	6
AAEL024157	0	0	0	0	0	0	0	0	0	0	0	0
AAEL011892	1491	1330	1164	942	714	731	1409	1748	1729	2436	1234	2864
AAEL023369	3	0	3	9	4	1	2	0	3	4	8	15
AAEL020028	21	12	13	0	2	7	129	108	123	56	68	145
AAEL023951	0	1	1	0	0	0	0	0	1	0	0	1
AAEL021477	0	0	0	0	0	0	0	2	1	0	0	0
AAEL019543	353	214	254	284	333	283	242	293	323	246	247	398
AAEL023989	211	113	189	118	201	143	159	581	187	110	161	164
AAEL022129	901	741	1016	385	426	379	535	974	850	688	461	937
AAEL023024	0	0	0	0	1	0	0	1	3	1	0	2
AAEL023981	8	0	3	3	8	5	12	4	8	11	5	2
AAEL029002	0	0	0	0	0	0	0	0	0	0	0	0
AAEL010875	0	0	0	0	0	0	0	3379	1323	1309	0	0
AAEL010872	0	1	0	0	0	0	1	57955	21850	21094	0	0
AAEL025238	270	170	227	102	135	185	163	154	224	165	170	312
AAEL010869	2676	1858	1355	1349	986	2077	2151	2820	3342	1684	2288	2795
AAEL020630	3	1	0	0	1	8	8	2	4	5	5	8
AAEL026170	712	476	502	339	326	422	406	531	532	590	348	926
AAEL019110	0	4	1	1	2	1	0	0	2	1	1	3
AAEL009977	83	56	56	87	79	99	42	58	70	86	66	53
AAEL009980	67	70	64	55	54	51	110	302	268	162	81	105
AAEL023064	0	0	0	0	0	2	0	0	0	0	0	2
AAEL021353	953	767	717	725	571	925	623	895	971	767	1098	1481
AAEL025528	0	0	0	0	0	0	0	0	0	0	0	0
AAEL009789	1662	1416	1138	938	628	1225	1034	1509	1488	933	1058	1504
AAEL009786	692	575	505	353	250	561	395	491	499	397	437	612
AAEL009792	51	46	47	21	39	20	32	31	56	31	30	24
AAEL009806	1390	910	874	588	386	613	937	674	887	1008	808	1086
AAEL016884	0	0	0	0	0	0	0	0	0	0	0	0
AAEL018972	0	0	0	0	0	0	0	0	0	0	0	0
AAEL023219	979	947	882	300	356	867	926	1193	1667	868	960	1519
AAEL021301	1042	996	708	211	367	1153	668	965	1086	547	1101	1748
AAEL019015	0	0	0	0	0	0	0	0	0	0	0	0
AAEL019014	0	0	0	0	0	0	0	0	0	0	0	0
AAEL013783	963	1014	1041	765	925	971	613	935	942	809	953	921
AAEL020132	960	577	708	457	415	528	565	691	707	636	668	808
AAEL011836	228	151	154	75	136	110	135	215	178	204	95	298
AAEL025667	65	35	30	16	44	19	67	37	27	30	24	40
AAEL023588	102	90	17	78	1	162	12	74	10	50	192	23
AAEL020102	0	0	0	0	1	0	0	0	1	0	0	0
AAEL011837	103	123	68	88	74	123	161	206	241	179	203	453
AAEL011839	1	2	5	8	12	5	4	4	6	3	3	1
AAEL024840	0	0	0	0	0	0	0	0	0	0	0	0
AAEL026106	0	0	1	0	0	0	0	0	0	0	0	0
AAEL011842	292	224	233	211	201	264	272	304	371	243	224	258
AAEL019454	2	8	14	5	8	9	49	29	15	27	10	50
AAEL028057	0	1	1	0	0	1	0	1	0	2	0	3
AAEL009451	7	4	3	3	11	1	2	8	8	4	4	20
AAEL019811	2	3	2	0	1	3	29	6	11	16	4	33
AAEL009454	651	483	565	432	443	447	282	352	422	417	388	363
AAEL018248	784	480	530	556	356	555	573	613	743	518	587	1021
AAEL012750	1974	1788	1377	1185	1158	2054	1797	1771	2496	1266	2077	2127
AAEL012748	4	3	4	1	6	3	1	1	8	8	0	1
AAEL012745	746	663	662	534	456	514	549	863	721	542	465	941
AAEL012746	4787	3406	3749	4732	4307	4670	2600	3261	4653	2586	3745	3641
AAEL011320	1138	902	857	757	895	1112	644	1091	1202	857	1062	1384
AAEL017616	0	0	0	1	0	0	1	0	2	4	2	4
AAEL011316	225	220	217	189	164	217	171	162	188	134	194	268
AAEL011315	188	212	173	178	254	227	218	171	247	265	202	296
AAEL014827	894	705	618	520	415	651	616	870	839	608	671	938
AAEL014831	348	291	324	280	384	330	210	205	212	293	183	250
AAEL014828	752	528	574	1390	1228	1289	468	726	774	698	1050	1551
AAEL014825	607	700	500	246	277	510	546	753	643	546	441	1054
AAEL020859	0	0	0	0	0	0	0	0	0	0	0	0
AAEL017013	563	403	384	405	317	414	337	502	443	304	325	562
AAEL022503	178	105	149	64	68	134	91	148	154	149	172	235
AAEL022330	0	0	0	0	3	0	0	0	0	1	0	1
AAEL022645	356	354	277	335	301	434	271	387	434	304	316	314
AAEL018020	325	357	262	234	173	312	193	390	344	219	235	356
AAEL020953	0	0	0	0	0	0	0	0	0	0	0	0
AAEL022703	0	0	0	0	0	0	0	1	0	1	0	0
AAEL004950	224	121	135	113	130	118	74	163	163	95	110	161
AAEL025870	0	0	0	0	0	0	0	0	0	0	0	0
AAEL020439	0	0	0	0	0	0	0	0	0	0	0	0
AAEL004940	206	229	164	161	188	245	195	208	249	157	204	289
AAEL021431	0	0	4	0	1	1	2	4	0	7	0	1
AAEL018040	2543	1468	1643	1735	1598	1897	1988	3490	3416	2088	2257	2835
AAEL004948	90	105	55	46	43	20	76	63	56	42	14	41
AAEL004958	239	140	141	77	116	114	149	116	193	77	115	233
AAEL023892	1	0	0	0	0	0	0	0	0	0	0	0
AAEL025831	0	0	0	0	0	0	0	1	1	0	0	0
AAEL025232	242	141	154	276	233	190	141	179	171	131	134	186
AAEL004964	175	167	126	91	93	132	138	189	250	112	178	194
AAEL022686	0	0	0	0	0	0	0	0	0	0	0	0
AAEL019360	0	0	0	0	0	0	0	0	0	0	0	0
AAEL019357	0	0	0	0	0	0	0	0	0	0	0	0
AAEL028755	0	0	0	0	0	0	0	0	0	0	0	0
AAEL004955	159	169	176	159	129	147	147	148	169	114	93	217
AAEL004960	302	236	266	173	219	200	179	157	169	201	138	197
AAEL026666	0	0	0	0	0	0	0	0	0	0	0	0
AAEL004942	2617	2175	1997	1964	1288	2316	1970	2143	2378	1733	1871	3275
AAEL004967	325	101	140	700	700	401	136	245	198	327	283	329
AAEL004956	40	29	32	52	14	41	31	41	34	26	36	37
AAEL023534	172	139	167	194	231	152	132	142	140	126	174	156
AAEL004941	406	245	270	255	295	226	240	113	242	153	159	140
AAEL004957	885	616	597	989	864	850	872	1095	1357	902	842	795
AAEL004947	9	8	8	20	20	4	176	1015	34	12	106	69
AAEL004953	7	5	6	4	7	0	10	6	10	6	0	4
AAEL004949	0	0	1	24	21	4	0	0	0	7	4	21
AAEL021841	0	0	0	0	0	0	0	0	0	0	0	0
AAEL027047	0	0	0	0	0	0	0	0	0	0	0	0
AAEL004952	828	734	559	523	488	801	821	866	1677	813	952	1085
AAEL005006	24	16	10	24	8	40	16	13	15	22	40	11
AAEL005002	174	98	114	147	160	156	141	177	223	146	204	275
AAEL005000	804	470	818	1195	797	847	669	771	850	1010	741	1164
AAEL025111	25	15	22	11	3	14	60	60	60	60	55	82
AAEL027437	3	4	0	5	0	3	4	3	5	5	1	6
AAEL022676	0	0	0	0	5	6	4	6	8	2	6	9
AAEL004999	259	242	192	241	368	293	162	213	225	184	178	252
AAEL005003	388	229	211	367	356	401	334	307	455	371	339	370
AAEL021659	6	2	0	3	0	3	8	5	19	4	0	5
AAEL005001	648	299	304	255	267	427	1006	562	1649	627	754	229
AAEL021690	10	0	2	12	3	12	4	0	1	0	2	4
AAEL024241	0	0	0	0	0	0	2	0	1	1	0	3
AAEL005008	3780	1716	3074	1260	2401	1229	2098	1519	4126	1337	1878	864
AAEL019932	3093	2294	2099	1261	951	1961	2466	2962	3102	1919	2159	3839
AAEL020283	1	0	0	0	0	3	6	5	2	5	4	8
AAEL005005	0	0	0	0	1	0	0	0	0	0	0	0
AAEL021013	0	0	0	0	0	0	0	3	0	0	1	2
AAEL008763	266	241	289	254	261	266	131	193	215	221	175	264
AAEL008755	582	524	575	503	585	501	355	458	416	408	328	546
AAEL008761	189	176	198	144	131	130	169	161	159	178	128	239
AAEL008757	910	454	476	858	1813	536	401	923	955	1434	1763	987
AAEL023517	24	16	22	38	50	22	33	30	39	17	28	29
AAEL008752	0	2	4	0	0	0	5	8	1	1	1	5
AAEL008759	1	2	3	1	3	2	5	3	10	0	5	5
AAEL008764	150	129	93	34	62	73	111	210	183	128	147	131
AAEL008754	8	7	1	6	7	8	8	14	11	4	10	2
AAEL017050	0	0	0	0	0	0	1	0	0	0	2	0
AAEL008765	1	2	7	4	4	10	3	0	5	2	6	4
AAEL008760	191	283	211	227	134	425	343	309	440	242	674	1560
AAEL024034	67	150	69	118	107	174	90	84	119	84	181	373
AAEL008753	275	276	242	4645	4178	2478	614	189	578	361	1851	2983
AAEL023004	0	4	0	15	4	8	1	0	0	2	0	3
AAEL008756	66	78	60	104	210	196	111	105	165	82	111	144
AAEL008758	108	83	139	53	87	88	122	126	129	107	77	208
AAEL020096	11	14	10	9	1	11	8	11	5	18	8	12
AAEL026155	7	3	13	10	10	16	9	7	8	14	11	6
AAEL001321	2100	1926	1727	1098	916	1576	1564	2066	2173	1451	1558	2613
AAEL001314	365	296	308	369	450	378	214	220	295	280	250	272
AAEL001300	645	387	441	467	477	468	315	404	353	296	371	484
AAEL001317	1116	777	814	808	615	737	656	807	894	688	718	953
AAEL021836	1998	1727	1546	1069	941	1464	1753	2372	2088	1489	1490	2863
AAEL001299	102	70	62	65	59	83	120	181	196	139	144	110
AAEL019431	1684	1220	1264	791	495	1106	1775	1437	1755	1285	1538	2953
AAEL022697	0	0	0	0	0	0	3	365	7	5	2	2
AAEL010716	4823	2385	3425	2940	3057	2825	1589	1821	2525	1742	1936	2310
AAEL027425	4	2	0	0	0	2	3	1	0	5	0	1
AAEL021332	0	1	3	0	0	0	9	1	4	7	0	0
AAEL018766	1	0	0	0	0	0	10	1	2	4	0	3
AAEL009595	192	182	120	67	108	144	206	292	330	161	242	277
AAEL009596	1782	1495	1806	1389	1141	1251	1064	874	1148	1278	1125	1508
AAEL011423	144	74	174	52	50	55	91	103	118	87	72	172
AAEL026461	3	12	5	1	3	14	5	5	9	8	6	4
AAEL011421	512	449	439	552	665	543	249	295	486	265	406	406
AAEL027994	1	0	2	0	0	0	1	0	1	1	0	2
AAEL011414	13263	14664	10198	3506	4633	12079	10201	13682	15964	10399	10703	17450
AAEL011425	1746	1460	1512	1640	1791	1878	877	1357	1496	1014	1218	1642
AAEL011413	635	482	572	331	246	321	460	483	534	388	356	528
AAEL011412	234	183	280	267	342	263	127	590	552	436	484	706
AAEL011422	1	3	1	0	2	2	0	1	3	1	3	4
AAEL011416	7	14	27	4	14	4	3	18	9	4	14	33
AAEL011419	0	0	0	0	0	0	0	0	0	0	0	0
AAEL011428	2	0	0	2	1	2	2	5	5	1	0	0
AAEL011424	3115	2286	2630	1626	1529	1406	2584	3574	2536	3207	1331	3843
AAEL011429	581	433	548	492	501	398	397	326	441	363	354	483
AAEL022688	2	2	9	2	7	3	2	0	10	2	1	9
AAEL019795	2210	1453	1596	723	563	1044	1887	2210	1868	1383	1781	3209
AAEL028998	0	0	0	0	0	0	0	0	0	0	0	1
AAEL021619	0	0	1	0	0	0	2	0	0	0	0	0
AAEL003549	257	170	172	144	153	125	245	324	284	266	189	314
AAEL021250	0	0	0	0	0	0	0	0	0	0	0	0
AAEL003545	48	17	35	31	24	18	23	27	26	14	18	35
AAEL003548	3440	2265	2733	2060	1734	2032	1880	1756	1957	1835	2026	3111
AAEL020805	11	2	8	3	9	5	8	7	12	8	5	8
AAEL019453	555	408	348	239	170	387	518	631	552	372	405	680
AAEL024226	0	0	1	0	0	0	2	110	19	16	1	2
AAEL003511	0	0	0	0	0	0	2	12761	3685	3497	0	2
AAEL017372	0	0	5	0	18	1	2	2	0	3	1	6
AAEL017367	1236	1702	1401	779	703	1006	773	1580	901	1093	689	2230
AAEL003508	2716	1722	2185	3870	2770	4054	1600	1149	2090	1568	1542	3081
AAEL003285	9917	6218	8137	4659	5554	5027	3418	2534	4202	3167	4113	5545
AAEL003291	119	49	72	92	115	99	111	154	147	111	112	264
AAEL003299	202	90	115	3508	3865	1825	194	307	588	525	2010	3157
AAEL003321	61	20	27	40	44	48	29	38	34	29	38	55
AAEL027086	0	0	0	1	3	3	0	0	2	0	3	5
AAEL003316	479	297	328	359	455	437	350	514	506	399	664	927
AAEL003318	3080	1739	2196	6072	6097	3505	413	170	342	899	1117	1948
AAEL021170	0	0	0	0	0	0	0	1	0	0	0	0
AAEL021527	0	0	0	0	0	1	0	0	0	0	0	1
AAEL003287	2167	1709	1359	1292	1356	1971	1449	1615	1929	1005	1458	1859
AAEL003295	115	76	110	114	130	114	84	82	139	73	93	116
AAEL003322	42	14	28	9	13	25	109	104	133	77	86	122
AAEL024308	0	0	0	0	0	0	2	0	0	1	0	0
AAEL027248	0	0	3	19	25	0	0	0	6	0	0	0
AAEL003284	23	12	22	2	21	17	16	8	30	16	13	19
AAEL028882	0	0	0	0	0	0	0	0	0	0	0	0
AAEL023495	17	51	19	10	10	26	49	48	56	29	60	33
AAEL019654	2173	1844	1675	1327	1208	1766	2138	2975	2912	2039	2247	2812
AAEL023237	0	0	0	0	0	0	0	1	0	0	1	0
AAEL020541	0	0	0	0	0	0	1	0	2	0	1	0
AAEL019655	0	0	0	0	0	0	0	0	0	0	0	0
AAEL021749	2	0	1	1	1	1	4	7	1	1	1	1
AAEL018055	744	399	560	364	420	409	523	849	677	586	426	793
AAEL026311	0	0	0	0	0	0	2	0	2	0	4	1
AAEL000883	1190	851	760	656	626	1028	820	970	1113	740	1111	1435
AAEL000857	1235	1324	876	295	367	1077	1019	1459	1559	865	1132	1657
AAEL000875	542	346	370	375	457	437	238	327	415	224	298	362
AAEL026853	0	0	0	0	0	0	0	0	0	0	0	0
AAEL000900	164	218	163	138	130	168	118	203	168	141	155	275
AAEL000911	0	1	0	0	0	0	2	0	1	1	1	2
AAEL000874	529	495	539	200	188	222	368	434	303	262	617	1252
AAEL000890	0	2	0	1	0	1	3	0	1	0	0	0
AAEL000896	0	0	0	0	2	2	4	0	0	2	1	0
AAEL000878	4	3	4	5	1	4	3	11	6	6	11	4
AAEL029005	38	38	18	31	14	14	18	41	30	16	28	28
AAEL000914	1	2	2	0	0	0	0	3	3	0	0	0
AAEL026726	0	0	0	0	0	0	1	0	0	0	0	2
AAEL020618	0	0	0	0	0	0	0	0	0	0	0	0
AAEL023036	0	0	0	0	0	0	0	0	0	0	0	0
AAEL000881	0	0	0	0	0	0	0	0	0	0	2	0
AAEL000916	0	0	0	0	0	0	0	0	0	0	0	0
AAEL000870	0	0	0	0	0	0	0	0	0	0	0	0
AAEL023960	0	1	0	0	0	0	0	0	0	0	0	0
AAEL000921	0	0	0	0	0	0	0	0	0	0	0	0
AAEL019724	2755	1904	2145	1479	1269	1921	1936	2209	2622	1685	1984	2646
AAEL000899	215	128	183	168	159	150	176	145	182	203	156	231
AAEL021739	6	4	3	6	14	4	12	4	15	8	40	20
AAEL000898	1034	984	825	3515	2493	2338	455	556	715	1249	1957	2096
AAEL000905	406	361	230	390	865	452	267	220	420	441	457	433
AAEL000904	614	550	444	609	520	392	328	429	496	434	503	613
AAEL000918	791	482	665	726	699	596	467	420	608	459	507	587
AAEL000893	48	36	46	45	49	84	61	59	85	72	54	70
AAEL021962	0	0	0	0	1	0	0	0	0	3	3	1
AAEL020499	32	12	20	13	30	43	22	30	27	40	40	30
AAEL025962	0	0	0	0	0	0	0	1	0	3	5	2
AAEL021406	0	0	0	0	0	0	1	0	0	0	0	0
AAEL028205	9	7	5	9	14	21	32	9	39	37	40	45
AAEL000863	18	10	7	37	39	15	22	12	64	10	21	94
AAEL020263	0	0	0	1	0	1	1	0	2	1	1	0
AAEL026995	677	609	486	694	555	766	538	704	907	508	600	787
AAEL000925	675	515	472	395	356	445	495	576	586	422	476	738
AAEL020101	570	394	435	481	876	405	339	398	520	302	377	581
AAEL028147	2	1	2	2	8	8	0	1	0	4	2	0
AAEL000869	2	5	2	6	2	2	6	5	7	7	3	2
AAEL000897	296	293	356	197	266	120	118	116	116	109	103	191
AAEL025337	0	0	0	0	0	0	0	0	0	0	0	0
AAEL020623	0	0	0	0	0	0	0	1	0	0	0	1
AAEL028008	0	0	0	0	0	0	4	2	1	0	5	0
AAEL000902	3549	1921	1958	4079	4145	2924	2911	3756	5265	3468	3552	3101
AAEL021128	2	0	0	1	0	5	0	2	0	0	1	0
AAEL000889	248	193	204	169	169	125	147	500	249	237	158	293
AAEL019837	211	197	175	87	49	149	248	227	233	233	143	320
AAEL000894	4	3	1	0	0	4	11	6	11	6	3	7
AAEL000926	2	2	2	11	2	7	19	8	8	15	3	10
AAEL000873	2	3	3	1	0	5	12	0	8	3	0	3
AAEL000886	864	562	587	575	840	520	574	594	922	811	494	690
AAEL000859	11294	3993	5429	79151	67385	33987	414	264	685	8941	15320	15406
AAEL000861	221	139	222	226	315	204	137	162	287	221	168	214
AAEL027006	0	1	0	2	5	2	0	1	0	1	0	0
AAEL000915	713	470	338	468	628	578	363	788	535	760	248	412
AAEL023706	546	362	379	441	488	525	460	672	603	514	463	765
AAEL026498	3	0	8	5	4	1	11	2	13	10	9	2
AAEL000855	72	43	30	40	54	38	40	54	58	43	64	83
AAEL000882	0	0	0	0	0	0	0	0	0	0	0	0
AAEL000871	1	2	1	2	4	5	2	1	1	0	1	4
AAEL000928	4	2	12	0	2	3	5	7	8	3	7	5
AAEL000912	14	34	20	15	19	13	51	54	68	35	32	26
AAEL000876	6	3	4	2	2	1	7	6	14	7	3	7
AAEL000910	141	72	95	182	133	155	79	85	97	112	120	168
AAEL000923	10153	8049	7665	6413	6259	6902	4841	5708	5640	4194	4480	5148
AAEL000885	128	116	89	55	48	50	149	61	296	82	133	128
AAEL000922	500	345	397	369	359	457	244	366	412	231	263	402
AAEL025600	372	325	323	324	290	348	224	307	335	239	299	335
AAEL000924	1129	738	780	771	602	659	636	810	933	602	729	857
AAEL026722	0	0	0	0	0	0	0	0	0	0	0	0
AAEL000867	383	260	384	282	277	239	300	473	355	364	296	482
AAEL000903	405	285	403	327	365	288	308	300	295	379	210	418
AAEL025543	7	0	4	4	1	3	3	4	1	11	0	0
AAEL024937	0	0	0	0	0	0	0	0	3	1	0	0
AAEL019094	0	0	0	0	0	0	0	0	0	0	0	0
AAEL000860	936	733	600	245	280	797	838	1147	1113	676	1055	1669
AAEL024189	0	0	0	0	0	0	5	1	0	4	2	5
AAEL000856	1129	804	918	682	525	797	1080	1159	1319	964	939	1333
AAEL023578	0	3	0	0	0	1	4	0	0	4	2	1
AAEL027039	0	2	0	0	1	0	0	5	3	0	9	5
AAEL013760	284	129	136	209	232	251	229	179	359	219	195	276
AAEL013761	997	723	694	636	689	1065	737	806	984	671	810	993
AAEL008894	444	264	415	296	108	379	605	406	620	390	457	870
AAEL020635	14	3	8	32	20	23	14	18	34	21	15	28
AAEL008902	2223	1572	1217	1452	1083	2212	1805	2634	2638	1581	2458	3601
AAEL008898	303	168	235	150	286	181	168	198	355	143	235	257
AAEL026355	3469	2530	2374	1446	1134	2073	2639	3188	3097	2156	2356	4151
AAEL021204	2	0	6	0	0	2	5	0	10	0	1	8
AAEL008893	2060	1848	2357	3234	3915	2890	1111	1762	1605	1864	1889	3212
AAEL008901	383	264	278	499	478	368	279	222	385	277	346	383
AAEL008895	0	0	0	0	0	0	4	0	1	3	0	3
AAEL028178	74	34	40	48	68	55	44	19	41	32	27	33
AAEL022293	0	0	1	1	1	0	0	0	0	0	0	3
AAEL008899	246	260	304	248	271	268	197	195	291	247	180	213
AAEL018166	273	199	240	202	223	159	112	197	209	175	126	260
AAEL011904	187	111	187	145	157	108	100	155	154	111	105	200
AAEL011911	404	273	336	310	287	256	212	295	285	229	160	385
AAEL021481	151	102	92	96	56	80	79	98	123	68	82	96
AAEL011908	0	0	0	0	0	0	0	0	0	0	0	0
AAEL011906	2	0	0	1	1	4	1	0	2	1	0	0
AAEL011907	369	355	308	278	328	312	235	368	390	319	243	384
AAEL011912	1552	1026	1629	998	1490	868	512	536	689	669	637	857
AAEL011910	80	81	70	30	28	76	162	153	194	124	142	204
AAEL011905	5413	2697	2056	4120	3279	5595	4234	5413	8466	4902	7194	5542
AAEL009398	614	393	339	528	565	674	363	564	626	520	663	1172
AAEL025889	68	51	66	99	119	78	69	43	84	88	59	61
AAEL009415	391	285	276	254	289	250	274	315	294	312	241	379
AAEL009414	4866	2820	4188	3964	4929	3533	2521	2764	3588	2797	2461	2662
AAEL009400	2605	1946	2073	1344	1291	1668	1684	1984	2159	1752	1660	2880
AAEL020123	2061	1685	1224	707	586	1867	2259	2099	2374	1091	1748	3184
AAEL024085	70	84	59	73	81	57	65	70	70	55	51	86
AAEL027767	17	7	20	7	17	10	17	14	22	15	7	18
AAEL025927	1170	998	907	760	607	1021	722	1190	1123	610	812	1024
AAEL021097	4	0	3	0	0	1	2	1	5	2	5	1
AAEL027193	75	82	95	69	79	60	75	53	70	74	31	70
AAEL002464	1603	1000	1285	1484	2205	1335	982	767	1214	1136	1079	1158
AAEL002488	662	535	584	1377	1671	991	343	426	503	493	613	874
AAEL002469	1075	778	727	442	315	663	913	1131	1216	794	864	1088
AAEL002474	606	423	349	268	144	447	586	575	643	310	527	539
AAEL020181	2	0	2	2	6	0	3	3	7	1	2	6
AAEL012853	354	165	183	2011	2577	1639	180	375	284	557	1164	1564
AAEL012856	1738	1202	1797	4602	4602	4912	354	171	243	963	1530	3882
AAEL012855	37	44	42	19	18	30	9	3	1	4	14	36
AAEL012858	1651	1227	1598	1804	1470	2353	459	77	196	195	796	1158
AAEL012851	1222	836	772	1263	1063	1326	793	619	1231	597	898	700
AAEL019455	983	961	716	336	495	927	828	824	1039	566	1262	1887
AAEL028208	0	0	1	0	0	0	2	0	1	2	0	2
AAEL024125	0	0	0	0	0	0	0	1	0	0	0	0
AAEL027803	0	0	0	0	0	0	0	0	0	0	0	0
AAEL012852	83	67	149	102	105	44	74	12	12	37	39	103
AAEL024687	0	0	0	0	0	0	1	0	0	1	0	1
AAEL022906	1	0	1	1	0	0	1	0	0	0	1	7
AAEL020666	1	0	2	0	0	1	0	2	0	1	0	2
AAEL024465	0	2	2	1	2	1	0	0	3	2	0	0
AAEL023555	23	10	28	80	62	44	14	11	21	26	63	31
AAEL018700	1068	937	687	338	299	741	1079	1753	1416	873	885	1607
AAEL024468	1	1	4	2	0	0	8	3	0	4	0	12
AAEL024791	0	0	2	0	1	0	6	1	5	4	1	5
AAEL021842	5	2	1	2	6	0	3	7	7	3	6	3
AAEL027214	4	7	8	4	1	4	4	4	5	1	7	2
AAEL003320	49	75	11	14	42	71	54	17	23	27	52	30
AAEL003293	1086	790	638	938	1015	1398	679	763	1327	571	970	748
AAEL028881	0	0	0	0	0	0	0	0	0	0	0	0
AAEL003302	0	0	0	0	0	0	0	0	0	0	0	0
AAEL003310	0	0	0	0	0	0	0	0	0	0	0	0
AAEL019677	933	741	634	767	949	805	727	1068	1008	887	835	1456
AAEL018298	90	22	18	18	6	69	113	91	117	65	104	175
AAEL003308	2	0	1	0	1	0	0	0	0	1	0	2
AAEL003294	273	266	402	293	364	257	69	64	30	105	287	1074
AAEL003301	32	29	26	8	18	24	39	55	76	59	76	88
AAEL023959	3	1	0	0	0	0	2	0	1	3	0	5
AAEL003289	0	15	25	0	0	0	0	2	1	1	1	1
AAEL003297	1	4	8	0	1	0	0	0	1	0	0	0
AAEL003298	3322	3055	3299	1887	2409	2617	1903	1376	2431	1992	1639	1633
AAEL003317	3176	3113	4794	364	543	594	1149	1240	1351	1055	625	1010
AAEL029071	3326	3928	3615	715	1584	1304	1401	1211	1728	1161	1150	756
AAEL029070	971	744	1331	183	190	361	187	30	31	89	68	238
AAEL024663	1	0	2	0	0	3	0	0	0	0	0	1
AAEL017123	0	1	0	0	1	0	0	0	2	1	1	3
AAEL026829	1	0	0	0	0	0	4	0	1	4	1	2
AAEL013220	265	196	242	327	367	249	157	283	192	424	297	500
AAEL013225	3369	1778	1785	2042	2112	2095	1665	2002	2187	1547	1952	2465
AAEL013218	29	11	19	1	0	0	19	15	21	13	15	10
AAEL024613	0	0	1	0	0	0	0	0	0	0	0	0
AAEL029050	0	0	0	0	0	0	0	0	0	0	0	0
AAEL013221	51818	34144	39861	43057	63583	41495	36144	21546	43408	29466	33331	27653
AAEL025174	0	0	0	0	0	0	0	0	0	0	0	0
AAEL021223	0	0	0	0	0	0	0	0	0	0	0	0
AAEL022197	0	0	0	0	0	0	0	0	0	0	0	0
AAEL020763	0	0	0	0	0	0	0	0	0	0	0	0
AAEL022583	0	0	0	0	0	0	0	0	0	0	0	0
AAEL024861	0	0	0	0	0	0	0	0	0	0	0	0
AAEL026178	0	0	0	0	0	0	0	0	0	0	0	0
AAEL026061	0	0	0	0	0	0	0	0	0	0	0	0
AAEL022403	0	0	0	0	0	0	0	0	0	0	0	0
AAEL024461	0	0	0	0	0	0	0	0	0	0	0	0
AAEL023912	0	0	0	0	0	0	0	0	0	0	0	0
AAEL022066	0	0	0	0	0	0	0	0	0	0	0	0
AAEL022763	0	0	0	0	0	0	0	0	0	0	0	0
AAEL027431	0	0	0	0	0	0	0	0	0	0	0	0
AAEL026317	0	0	0	0	0	0	0	0	0	0	0	0
AAEL021946	0	0	0	0	0	0	0	0	0	0	0	0
AAEL025557	0	0	0	0	0	0	0	0	0	0	0	0
AAEL025047	0	0	0	0	0	0	0	0	0	0	0	0
AAEL025148	0	0	0	0	0	0	0	0	0	0	0	0
AAEL020755	0	0	0	0	0	0	0	0	0	0	0	0
AAEL021058	0	0	0	0	0	0	0	0	0	0	0	0
AAEL027205	0	0	0	0	0	0	0	0	0	0	0	0
AAEL025791	0	0	0	0	0	0	0	0	0	0	0	0
AAEL022926	0	0	0	0	0	0	0	0	0	0	0	0
AAEL026569	0	0	0	0	0	0	0	0	0	0	0	0
AAEL024077	0	0	0	0	0	0	0	0	0	0	0	0
AAEL023191	0	0	0	0	0	0	0	0	0	0	0	0
AAEL027676	0	0	0	0	0	0	0	0	0	0	0	0
AAEL023290	0	0	0	0	0	0	0	0	0	0	0	0
AAEL020177	0	0	0	0	0	0	0	0	0	0	0	0
AAEL023008	0	0	0	0	0	0	0	0	0	0	0	0
AAEL026739	0	0	0	0	0	0	0	0	0	0	0	0
AAEL027530	0	0	0	0	0	0	0	0	0	0	0	0
AAEL027532	0	0	0	0	0	0	0	0	0	0	0	0
AAEL022071	0	0	0	0	0	0	0	0	0	0	0	0
AAEL020370	0	0	0	0	0	0	0	0	0	0	0	0
AAEL024971	0	0	0	0	0	0	0	0	0	0	0	0
AAEL022935	0	0	0	0	0	0	0	0	0	0	0	0
AAEL024397	0	0	0	0	0	0	0	0	0	0	0	0
AAEL026092	0	0	0	0	0	0	0	0	0	0	0	0
AAEL022175	0	0	0	0	0	0	0	0	0	0	0	0
AAEL023589	0	0	0	0	0	0	0	0	0	0	0	0
AAEL025599	0	0	0	0	0	0	0	0	0	0	0	0
AAEL022201	0	0	0	0	0	0	0	0	0	0	0	0
AAEL023121	0	0	0	0	0	0	0	0	0	0	0	0
AAEL024062	0	0	0	0	0	0	0	0	0	0	0	0
AAEL029060	0	0	0	0	0	0	0	0	0	0	0	0
AAEL026613	0	0	0	0	0	0	0	0	0	0	0	0
AAEL026063	0	0	0	0	0	0	0	0	0	0	0	0
AAEL027645	0	0	0	0	0	0	0	0	0	0	0	0
AAEL027893	0	0	0	0	0	0	0	0	0	0	0	0
AAEL024054	0	0	0	0	0	0	0	0	0	0	0	0
AAEL021448	0	0	0	0	0	0	0	0	0	0	0	0
AAEL020426	0	0	0	0	0	0	0	0	0	0	0	0
AAEL025026	0	0	0	0	0	0	0	0	0	0	0	0
AAEL020514	0	0	0	0	0	0	0	0	0	0	0	0
AAEL024904	0	0	0	0	0	0	0	0	0	0	0	0
AAEL027524	0	0	0	0	0	0	0	0	0	0	0	0
AAEL025679	0	0	0	0	0	0	0	0	0	0	0	0
AAEL022193	0	0	0	0	0	0	0	0	0	0	0	0
AAEL021037	0	0	0	0	0	0	0	0	0	0	0	0
AAEL027250	0	0	0	0	0	0	0	0	0	0	0	0
AAEL024565	0	0	0	0	0	0	0	0	0	0	0	0
AAEL022808	0	0	0	0	0	0	0	0	0	0	0	0
AAEL021638	0	0	0	0	0	0	0	0	0	0	0	0
AAEL027835	0	0	0	0	0	0	0	0	0	0	0	0
AAEL025415	0	0	0	0	0	0	0	0	0	0	0	0
AAEL023864	0	0	0	0	0	0	0	0	0	0	0	0
AAEL026212	0	0	0	0	0	0	0	0	0	0	0	0
AAEL027920	0	0	0	0	0	0	0	0	0	0	0	0
AAEL024678	0	0	0	0	0	0	0	0	0	0	0	0
AAEL026641	0	0	0	0	0	0	0	0	0	0	0	0
AAEL022745	0	0	0	0	0	0	0	0	0	0	0	0
AAEL024280	0	0	0	0	0	0	0	0	0	0	0	0
AAEL024035	0	0	0	0	0	0	0	0	0	0	0	0
AAEL025924	0	0	0	0	0	0	0	0	0	0	0	0
AAEL027480	0	0	0	0	0	0	0	0	0	0	0	0
AAEL027691	0	0	0	0	0	0	0	0	0	0	0	0
AAEL025480	0	0	1	0	0	0	1	0	0	0	0	0
AAEL021956	0	0	0	0	0	0	0	0	0	0	0	0
AAEL020107	0	0	0	0	0	0	0	0	0	0	0	0
AAEL020675	0	0	0	0	0	0	0	0	0	0	0	0
AAEL023016	0	0	0	0	0	0	0	0	0	0	0	0
AAEL021702	0	0	0	0	0	0	0	0	0	0	0	0
AAEL027523	0	0	0	0	0	0	0	0	0	0	0	0
AAEL020257	0	0	0	0	0	0	0	0	0	0	0	0
AAEL020995	0	0	0	0	0	0	0	0	0	0	0	0
AAEL027076	0	0	0	0	0	0	0	0	0	0	0	0
AAEL021205	0	0	0	0	0	0	0	0	0	0	0	0
AAEL023602	0	0	0	0	0	0	0	0	0	0	0	0
AAEL026100	0	0	0	0	0	0	0	0	0	0	0	0
AAEL026032	0	0	0	0	0	0	0	0	0	0	0	0
AAEL023982	0	0	0	0	0	0	0	0	0	0	0	0
AAEL027121	0	0	0	0	0	0	0	0	0	0	0	0
AAEL022210	0	0	0	0	0	0	0	0	0	0	0	0
AAEL020157	0	0	0	0	0	0	0	0	0	0	0	0
AAEL025751	0	0	0	0	0	0	0	0	0	0	0	0
AAEL021142	0	0	0	0	0	0	0	0	0	0	0	0
AAEL021516	0	0	0	0	0	0	0	0	0	0	0	0
AAEL026951	0	0	0	0	0	0	0	0	0	0	0	0
AAEL021358	0	0	0	0	0	0	0	0	0	0	0	0
AAEL026206	0	0	0	0	0	0	0	0	0	0	0	0
AAEL024767	0	0	0	0	0	0	0	0	0	0	0	0
AAEL023048	0	0	0	0	0	0	0	0	0	0	0	0
AAEL023726	0	0	0	0	0	0	0	0	0	0	0	0
AAEL027540	0	0	0	0	0	0	0	0	0	0	0	0
AAEL022751	0	0	0	0	0	0	0	0	0	0	0	0
AAEL020216	0	0	0	0	0	0	0	0	0	0	0	0
AAEL027063	0	0	0	0	0	0	0	0	0	0	0	0
AAEL025299	0	0	0	0	0	0	0	0	0	0	0	0
AAEL021158	0	0	0	0	0	0	0	0	0	0	0	0
AAEL022390	0	0	0	0	0	0	0	0	0	0	0	0
AAEL020395	0	0	0	0	0	0	0	0	0	0	0	0
AAEL020914	0	0	0	0	0	0	0	0	0	0	0	0
AAEL020927	0	0	0	0	0	0	0	0	0	0	0	0
AAEL025733	0	0	0	0	0	0	0	0	0	0	0	0
AAEL025009	0	0	0	0	0	0	0	0	0	0	0	0
AAEL026691	0	0	0	0	0	0	0	0	0	0	0	0
AAEL025302	0	0	0	0	0	0	0	0	0	0	0	0
AAEL024967	0	0	0	0	0	0	0	0	0	0	0	0
AAEL028199	0	0	0	0	0	0	0	0	0	0	0	0
AAEL026849	0	0	0	0	0	0	0	0	0	0	0	0
AAEL022510	0	0	0	0	0	0	0	0	0	0	0	0
AAEL026071	0	0	0	0	0	0	0	0	0	0	0	0
AAEL021537	0	0	0	0	0	0	0	0	0	0	0	0
AAEL027847	0	0	0	0	0	0	0	0	0	0	0	0
AAEL021543	0	0	0	0	0	0	0	0	0	0	0	0
AAEL021472	0	0	0	0	0	0	0	0	0	0	0	0
AAEL025161	0	0	0	0	0	0	0	0	0	0	0	0
AAEL024065	0	0	0	0	0	0	0	0	0	0	0	0
AAEL021038	0	0	0	0	0	0	0	0	0	0	0	0
AAEL024159	0	0	0	0	0	0	0	0	0	0	0	0
AAEL024976	0	0	0	0	0	0	0	0	0	0	0	0
AAEL020565	0	0	0	0	0	0	0	0	0	0	0	0
AAEL021937	0	0	0	0	0	0	0	0	0	0	0	0
AAEL024151	0	0	0	0	0	0	0	0	0	0	0	0
AAEL021347	0	0	0	0	0	0	0	0	0	0	0	0
AAEL021604	0	0	0	0	0	0	0	0	0	0	0	0
AAEL026653	0	0	0	0	0	0	0	0	0	0	0	0
AAEL026815	0	0	0	0	0	0	0	0	0	0	0	0
AAEL024474	0	0	0	0	0	0	0	0	0	0	0	0
AAEL020348	0	0	0	0	0	0	0	0	0	0	0	0
AAEL026754	0	0	0	0	0	0	0	0	0	0	0	0
AAEL023925	0	0	0	0	0	0	0	0	0	0	0	0
AAEL022111	0	0	0	0	0	0	0	0	0	0	0	0
AAEL021459	0	0	0	0	0	0	0	0	0	0	0	0
AAEL026280	0	0	0	0	0	0	0	0	0	0	0	0
AAEL025273	0	0	0	0	0	0	0	0	0	0	0	0
AAEL027708	0	0	0	0	0	0	0	0	0	0	0	0
AAEL026786	0	0	0	0	0	0	0	0	0	0	0	0
AAEL020629	0	0	0	0	0	0	0	0	0	0	0	0
AAEL024173	0	0	0	0	0	0	0	0	0	0	0	0
AAEL024969	0	0	0	0	0	0	0	0	0	0	0	0
AAEL025851	0	0	0	0	0	0	0	0	0	0	0	0
AAEL020309	0	0	0	0	0	0	0	0	0	0	0	0
AAEL020517	0	0	0	0	0	0	0	0	0	0	0	0
AAEL022955	0	0	0	0	0	0	0	0	0	0	0	0
AAEL026982	0	0	0	0	0	0	0	0	0	0	0	0
AAEL024279	0	0	0	0	0	0	0	0	0	0	0	0
AAEL026152	0	0	0	0	0	0	0	0	0	0	0	0
AAEL021577	0	0	0	0	0	0	0	0	0	0	0	0
AAEL021271	0	0	0	0	0	0	0	0	0	0	0	0
AAEL022860	0	0	0	0	0	0	0	0	0	0	0	0
AAEL026686	0	0	0	0	0	0	0	0	0	0	0	0
AAEL021049	0	0	0	0	0	0	0	0	0	0	0	0
AAEL026081	0	0	0	0	0	0	0	0	0	0	0	0
AAEL025522	0	0	0	0	0	0	0	0	0	0	0	0
AAEL027876	0	0	0	0	0	0	0	0	0	0	0	0
AAEL027969	0	0	0	0	0	0	0	0	0	0	0	0
AAEL023232	0	0	0	0	0	0	0	0	0	0	0	0
AAEL027024	0	0	0	0	0	0	0	0	0	0	0	0
AAEL021208	0	0	0	0	0	0	0	0	0	0	0	0
AAEL022824	0	0	0	0	0	0	0	0	0	0	0	0
AAEL021005	0	0	0	0	0	0	0	0	0	0	0	0
AAEL026927	0	0	0	0	0	0	0	0	0	0	0	0
AAEL023731	0	0	0	0	0	0	0	0	0	0	0	0
AAEL022062	0	0	0	0	0	0	0	0	0	0	0	0
AAEL027884	0	0	0	0	0	0	0	0	0	0	0	0
AAEL028019	0	0	0	0	0	0	0	0	0	0	0	0
AAEL024721	0	0	0	0	0	0	0	0	0	0	0	0
AAEL022667	0	0	0	0	0	0	0	0	0	0	0	0
AAEL024561	0	0	0	0	0	0	0	0	0	0	0	0
AAEL023870	0	0	0	0	0	0	0	0	0	0	0	0
AAEL026271	0	0	0	0	0	0	0	0	0	0	0	0
AAEL021003	0	0	0	0	0	0	0	0	0	0	0	0
AAEL025689	0	0	0	0	0	0	0	0	0	0	0	0
AAEL025349	0	0	0	0	0	0	0	0	0	0	0	0
AAEL022047	0	0	0	0	0	0	0	0	0	0	0	0
AAEL022690	0	0	0	0	0	0	0	0	0	0	0	0
AAEL021001	0	0	0	0	0	0	0	0	0	0	0	0
AAEL027441	0	0	0	0	0	0	0	0	0	0	0	0
AAEL024844	0	0	0	0	0	0	0	0	0	0	0	0
AAEL024783	0	0	0	0	0	0	0	0	0	0	0	0
AAEL020030	0	0	0	0	0	0	0	0	0	0	0	0
AAEL026360	0	0	0	0	0	0	0	0	0	0	0	0
AAEL023580	0	0	0	0	0	0	0	0	0	0	0	0
AAEL023805	0	0	0	0	0	0	0	0	0	0	0	0
AAEL024909	0	0	0	0	0	0	0	0	0	0	0	0
AAEL022883	0	0	0	0	0	0	0	0	0	0	0	0
AAEL027057	0	0	0	0	0	0	0	0	0	0	0	0
AAEL026515	0	0	0	0	0	0	0	0	0	0	0	0
AAEL027497	0	0	0	0	0	0	0	0	0	0	0	0
AAEL025688	0	0	0	0	0	0	0	0	0	0	0	0
AAEL020249	0	0	0	0	0	0	0	0	0	0	0	0
AAEL024069	0	0	0	0	0	0	0	0	0	0	0	0
AAEL022412	0	0	0	0	0	0	0	0	0	0	0	0
AAEL022513	0	0	0	0	0	0	0	0	0	0	0	0
AAEL026772	0	0	0	0	0	0	0	0	0	0	0	0
AAEL023072	0	0	0	0	0	0	0	0	0	0	0	0
AAEL026342	0	0	0	0	0	0	0	0	0	0	0	0
AAEL023291	0	0	0	0	0	0	0	0	0	0	0	0
AAEL021518	0	0	0	0	0	0	0	0	0	0	0	0
AAEL023817	0	0	0	0	0	0	0	0	0	0	0	0
AAEL021707	0	0	0	0	0	0	0	0	0	0	0	0
AAEL028138	0	0	0	0	0	0	0	0	0	0	0	0
AAEL023293	0	0	0	0	0	0	0	0	0	0	0	0
AAEL027267	0	0	0	0	0	0	0	0	0	0	0	0
AAEL025262	0	0	0	0	0	0	0	0	0	0	0	0
AAEL020976	0	0	0	0	0	0	0	0	0	0	0	0
AAEL024574	0	0	0	0	0	0	0	0	0	0	0	0
AAEL026134	0	0	0	0	0	0	0	0	0	0	0	0
AAEL028040	0	0	0	0	0	0	0	0	0	0	0	0
AAEL027467	0	0	0	0	0	0	0	0	0	0	0	0
AAEL020063	0	0	0	0	0	0	0	0	0	0	0	0
AAEL023927	0	0	0	0	0	0	0	0	0	0	0	0
AAEL021628	0	0	0	0	0	0	0	0	0	0	0	0
AAEL023479	0	0	0	0	0	0	0	0	0	0	0	0
AAEL024277	0	0	0	0	0	0	0	0	0	0	0	0
AAEL027108	0	0	0	0	0	0	0	0	0	0	0	0
AAEL025837	0	0	0	0	0	0	0	0	0	0	0	0
AAEL020713	0	0	0	0	0	0	0	0	0	0	0	0
AAEL028055	0	0	0	0	0	0	0	0	0	0	0	0
AAEL022701	0	0	0	0	0	0	1	0	0	0	0	0
AAEL020118	0	0	0	0	0	0	0	0	0	0	0	0
AAEL027502	0	0	0	0	0	0	0	0	0	0	0	0
AAEL024024	0	0	0	0	0	0	0	0	0	0	0	0
AAEL021193	0	0	0	0	0	0	0	0	0	0	0	0
AAEL026556	0	0	0	0	0	0	0	0	0	0	0	0
AAEL027391	0	0	0	0	0	0	0	0	0	0	0	0
AAEL022755	0	0	0	0	0	0	0	0	0	0	1	0
AAEL023180	0	0	0	0	0	0	0	0	0	0	0	0
AAEL021635	0	0	0	0	0	0	0	0	0	0	0	0
AAEL024328	0	0	0	0	0	0	0	0	0	0	0	0
AAEL020730	0	0	0	0	0	0	0	0	0	0	0	0
AAEL025348	0	0	0	0	0	0	0	0	0	0	0	0
AAEL025482	0	0	0	0	0	0	0	0	0	0	0	0
AAEL003846	0	0	0	0	0	0	0	0	0	0	0	0
AAEL026667	0	0	0	0	0	0	0	0	0	0	0	0
AAEL024166	0	0	0	0	0	0	0	0	0	0	0	0
AAEL025056	0	0	0	0	0	0	0	0	0	0	0	0
AAEL022471	0	0	0	0	0	0	0	0	0	0	0	0
AAEL021663	0	0	0	0	0	0	0	0	0	0	0	0
AAEL023312	0	0	0	0	0	0	0	0	0	0	0	0
AAEL025430	0	0	0	0	0	0	0	0	0	0	0	0
AAEL024994	0	0	0	0	0	0	0	0	0	0	0	0
AAEL023138	0	0	0	0	0	0	0	0	0	0	0	0
AAEL026573	0	0	0	0	0	0	0	0	0	0	0	0
AAEL027513	0	0	0	0	0	0	0	0	0	0	0	0
AAEL026847	0	0	0	0	0	0	0	0	0	0	0	0
AAEL019922	997	692	689	479	408	921	1067	1304	1480	780	1117	1698
AAEL023746	257	243	160	340	489	330	199	223	234	219	451	639
AAEL003832	104	30	83	779	3019	1870	37	33	865	433	2116	767
AAEL026689	4	5	6	304	698	185	20	5	14	335	313	252
AAEL003857	107	33	48	851	10987	3419	19	11	1628	1017	1803	802
AAEL026353	0	1	0	0	0	0	0	0	0	0	0	0
AAEL029063	0	0	0	0	0	0	0	0	0	0	0	0
AAEL003842	36	23	43	8	23	18	27	105	36	50	15	27
AAEL029103	0	0	0	0	0	0	0	0	1	0	0	0
AAEL029056	1	0	0	0	1	1	1	0	3	0	1	2
AAEL003841	0	0	0	3	66	10	0	0	9	8	4	5
AAEL026896	0	0	0	0	0	0	0	0	1	0	3	0
AAEL029107	6	0	4	4	18	1	4	0	2	14	14	5
AAEL029102	164	170	126	176	396	356	230	310	467	227	420	483
AAEL003824	771	595	440	507	484	780	731	800	1172	677	879	1262
AAEL003855	1475	1237	1139	1093	1006	1464	1165	1506	1746	1447	1660	2674
AAEL003858	439	372	377	254	271	488	411	287	492	444	534	891
AAEL003865	438	345	332	299	166	260	301	471	443	224	219	475
AAEL003847	206	193	165	141	236	223	177	182	254	180	192	223
AAEL003822	383	323	296	312	332	291	258	273	307	275	199	342
AAEL018842	0	0	0	0	0	0	0	0	1	0	0	0
AAEL003844	2472	1087	1260	4899	6673	4251	1446	1329	1856	2210	3188	3661
AAEL003829	3428	2469	1927	2607	2216	3114	2814	3862	5333	2463	3372	3360
AAEL021469	0	4	0	0	4	3	4	2	0	0	8	4
AAEL003839	185	196	154	64	65	250	168	182	274	120	201	276
AAEL003835	1427	1194	866	462	660	1528	1113	931	1928	624	1277	1127
AAEL003817	383	251	278	311	335	317	311	313	267	354	293	556
AAEL003831	413	251	218	1275	1108	1031	304	250	373	689	707	893
AAEL003864	417	337	300	418	469	656	219	403	461	356	422	548
AAEL016310	0	0	0	0	0	0	0	0	0	0	1	0
AAEL019627	477	363	232	36	104	337	877	585	1120	628	688	1231
AAEL018841	0	0	0	0	0	0	0	0	0	0	0	0
AAEL021115	5	0	1	1	2	1	6	14	3	2	3	10
AAEL003840	0	1	0	0	0	0	0	3	0	1	0	4
AAEL003815	502	397	379	354	346	427	239	488	390	259	326	471
AAEL003825	87	97	119	79	114	70	61	56	76	93	56	121
AAEL003837	2406	1408	1327	1179	850	1431	3931	3762	4301	2297	2488	3463
AAEL016311	0	0	0	0	0	0	1	0	0	0	0	0
AAEL016312	0	0	0	0	0	0	0	0	0	0	0	0
AAEL018840	0	0	0	0	0	0	0	0	0	0	0	0
AAEL003853	97	51	33	42	26	89	157	131	171	97	131	240
AAEL026225	0	0	1	0	1	0	0	1	1	0	1	0
AAEL023363	0	0	0	1	0	0	0	0	3	0	0	1
AAEL017219	0	0	0	1	0	0	1	0	0	0	0	0
AAEL017361	0	0	0	0	0	0	0	0	0	0	0	0
AAEL025771	0	0	0	0	0	0	0	0	1	3	0	0
AAEL022142	55	59	57	54	79	62	56	45	44	70	64	60
AAEL020320	0	0	0	1	2	1	1	2	1	0	0	3
AAEL018924	0	0	0	0	0	0	0	0	0	0	0	0
AAEL025643	0	0	2	0	0	0	0	2	1	0	0	3
AAEL009498	1	1	3	0	3	1	17	9	4	6	0	11
AAEL018923	0	0	0	0	0	0	0	0	0	0	0	0
AAEL009505	15	15	17	12	20	12	14	20	15	20	18	17
AAEL009507	2081	747	1235	803	736	933	1395	1816	1291	1182	1537	1401
AAEL009512	833	604	627	518	583	571	400	570	581	392	515	696
AAEL021063	0	0	0	0	1	1	0	0	0	0	0	0
AAEL019107	0	0	0	0	0	0	0	0	0	0	0	0
AAEL009496	38545	23580	26515	30522	42925	29509	22461	16731	32660	17938	23948	20368
AAEL009506	16	6	9	10	7	6	5	3	10	1	4	3
AAEL009511	166	170	132	84	142	154	145	165	153	129	127	180
AAEL009500	611	440	577	217	254	304	397	494	572	568	310	848
AAEL009502	8	4	18	5	5	11	12	3	6	11	5	14
AAEL009499	111	119	90	62	77	106	111	116	112	117	72	131
AAEL009501	486	548	639	522	623	388	206	272	297	292	335	357
AAEL009497	321	324	330	231	380	276	111	160	110	190	170	318
AAEL009510	2585	1787	1747	2704	3197	2386	878	5611	2886	2904	2246	3072
AAEL009495	1547	1166	1208	738	631	926	921	1334	1354	961	918	1529
AAEL020495	1	2	3	3	1	1	1	2	2	0	1	3
AAEL027926	16	12	13	15	26	13	16	10	29	15	24	25
AAEL027547	1	0	0	0	0	0	1	1	0	0	0	1
AAEL028725	0	0	0	0	0	0	0	0	0	0	0	0
AAEL005134	17	15	23	17	21	15	19	22	18	20	11	18
AAEL005146	149	144	98	125	178	173	53	101	138	81	85	94
AAEL005141	3	2	6	1	5	3	2	3	1	1	0	2
AAEL025016	0	0	0	0	0	0	0	0	0	0	0	0
AAEL022249	5	2	2	4	1	2	5	8	2	7	2	7
AAEL026601	0	3	0	1	2	2	0	1	1	0	0	0
AAEL005137	328	292	277	167	168	163	270	361	295	318	270	441
AAEL005147	692	451	343	282	402	357	408	586	437	422	453	567
AAEL005149	1789	1259	1052	1240	1113	1529	1379	1571	1912	1367	1903	3249
AAEL023155	0	0	0	0	0	0	0	0	0	0	0	0
AAEL005132	188	101	207	80	88	152	130	98	240	154	122	173
AAEL005130	39	71	20	5	4	15	159	55	66	44	66	188
AAEL005145	245	214	210	211	279	249	147	203	213	162	187	191
AAEL005139	153	150	137	143	158	178	150	144	201	153	178	201
AAEL005131	494	311	235	13	18	130	462	222	466	224	308	396
AAEL005138	9	6	7	4	13	8	12	9	18	9	11	5
AAEL005148	10	33	10	6	14	30	5	34	12	0	29	0
AAEL005143	5748	3807	5274	5351	10119	4426	3744	3624	4596	4501	3158	3034
AAEL005150	313	312	262	315	413	370	245	285	310	241	275	248
AAEL005153	240	192	190	181	206	193	193	177	150	354	158	219
AAEL017315	7927	5865	5303	5790	5354	8528	5188	6567	9645	4708	7780	7183
AAEL005152	477	407	367	298	302	450	335	345	465	270	379	381
AAEL023384	49	22	17	21	13	35	38	46	74	30	41	34
AAEL017855	0	0	0	0	0	0	0	0	0	0	0	0
AAEL005142	280	170	201	126	220	167	171	192	137	165	204	300
AAEL017302	1772	979	1226	1437	2755	1573	1012	1646	2151	1944	800	1323
AAEL017320	912	421	966	1467	2990	1033	572	1183	1531	1281	727	445
AAEL017452	1	1	0	0	2	0	3	2	3	1	0	0
AAEL007669	22	6	57	133	22	79	14	33	27	35	13	54
AAEL029052	0	0	0	0	0	0	0	0	0	0	0	0
AAEL020339	0	0	0	0	0	0	0	0	0	0	0	0
AAEL025099	16	9	6	2	5	5	8	14	4	7	17	13
AAEL003432	39	29	27	8	30	63	88	71	115	35	49	94
AAEL003421	2	0	0	3	0	2	3	1	0	1	0	1
AAEL003416	1443	1073	1090	1309	1403	1290	874	1384	1388	1197	1316	1793
AAEL003435	397	383	431	214	332	226	274	462	242	491	181	542
AAEL003433	2143	1584	1694	1698	1453	1549	1469	1671	1889	1611	1676	2697
AAEL003423	2706	2084	2763	2534	3604	2002	1508	1605	1807	1950	1428	1515
AAEL003413	2616	3182	2798	3440	4200	3265	1213	1256	2678	1171	3281	4410
AAEL023644	654	406	385	702	815	860	396	577	606	516	756	1057
AAEL003420	93	36	73	43	25	43	111	142	142	80	87	81
AAEL017549	40	28	52	41	22	64	12	13	62	54	12	141
AAEL003402	1088	859	804	499	629	670	696	1579	1161	854	1820	1449
AAEL003434	3083	1419	1339	1709	1490	2773	526	1508	741	1416	774	1953
AAEL003415	3223	2453	2112	2464	2119	3720	1760	2140	2861	2081	3068	4547
AAEL022878	3	0	0	0	0	1	4	1	2	2	1	2
AAEL003449	521	529	284	226	267	588	360	559	614	236	444	477
AAEL003426	698	595	733	218	331	111	126	123	302	136	131	288
AAEL026905	0	0	0	0	0	0	0	0	0	0	0	0
AAEL003424	620	121	128	49	91	123	274	198	273	223	179	116
AAEL026860	5	0	4	10	2	8	9	7	6	10	1	2
AAEL003436	26	12	10	12	19	26	33	29	48	41	42	45
AAEL003403	506	689	483	134	219	517	374	430	510	350	343	559
AAEL003447	303	246	221	238	302	273	177	258	252	147	190	283
AAEL003437	281	206	211	190	207	212	198	168	210	267	181	263
AAEL003418	2128	1641	2391	1737	2564	1511	810	1032	1156	1470	935	1655
AAEL003406	86	113	158	61	75	48	76	98	99	183	75	221
AAEL003430	973	841	756	1485	1724	1530	456	1065	804	796	899	1480
AAEL003428	651	403	513	1443	1310	1084	612	675	681	652	662	894
AAEL003405	591	469	513	204	362	186	308	1819	1263	1009	675	201
AAEL003407	157	237	98	14	23	152	407	357	651	182	319	426
AAEL027452	12	0	2	6	4	0	9	3	7	10	0	5
AAEL003404	8103	7425	6383	4201	3205	5050	4700	7997	6355	4922	4627	12226
AAEL019729	0	0	1	0	0	0	0	0	0	0	3	2
AAEL019730	0	1	0	0	0	0	0	0	0	0	0	0
AAEL024521	1	0	0	2	0	0	0	0	1	3	0	0
AAEL027671	0	0	0	2	0	0	0	0	0	0	1	0
AAEL020004	1	0	1	0	0	1	3	0	0	1	1	1
AAEL020003	94	67	59	41	86	69	77	72	96	86	56	72
AAEL003444	129	124	74	202	282	232	61	37	65	99	84	168
AAEL003439	25	21	12	38	29	55	8	3	36	14	27	59
AAEL003442	6	4	0	6	20	15	10	9	9	3	13	6
AAEL003443	2361	1704	2625	1311	1623	778	1103	296	1573	893	584	352
AAEL003408	20	19	17	15	35	23	28	25	17	9	27	30
AAEL003409	465	396	423	449	444	464	303	325	459	278	338	356
AAEL003438	380	308	248	218	179	295	382	522	491	318	286	537
AAEL003417	766	762	564	980	2933	1060	423	520	710	550	729	618
AAEL003412	399	278	276	88	85	224	503	659	818	443	659	1136
AAEL024869	0	0	0	1	0	0	1	1	3	0	2	5
AAEL003431	1589	1197	1661	1931	2290	1910	913	956	1073	1076	1176	1558
AAEL003427	54929	35034	45539	48947	78972	44901	33452	25171	43175	34362	34054	30859
AAEL003425	792	625	561	642	617	547	605	689	727	570	997	1847
AAEL003419	243	165	204	136	148	193	231	264	378	228	369	732
AAEL023322	5	1	6	0	0	1	21	11	13	11	11	15
AAEL013906	5	4	3	1	24	6	8	14	10	13	11	14
AAEL013907	296	190	245	214	247	228	175	247	253	256	207	293
AAEL013905	1728	1311	1105	559	428	980	1214	1521	1373	905	957	1719
AAEL017179	1676	1770	1824	1096	1149	1030	1275	2395	1239	1230	869	2242
AAEL011927	998	850	865	568	501	802	949	1238	1313	914	981	1400
AAEL011925	475	417	361	419	406	591	326	396	533	287	362	345
AAEL024906	155	26	42	78	117	42	195	97	183	75	72	57
AAEL011915	38	36	20	17	26	15	30	26	29	42	31	42
AAEL022536	17	3	15	12	35	8	23	27	27	16	19	13
AAEL011923	8	3	5	6	24	11	22	4	22	18	7	10
AAEL011926	17	18	13	39	21	20	30	20	30	32	36	38
AAEL011918	2701	2114	1939	1474	1238	1606	1656	2366	2765	2721	1547	2991
AAEL025869	16	3	5	1	1	1	12	13	27	12	8	17
AAEL011924	37	31	25	50	73	46	40	54	53	50	27	42
AAEL020610	0	0	0	0	0	0	0	0	0	0	0	0
AAEL027227	403	274	312	366	606	285	259	309	442	322	269	256
AAEL011928	745	529	553	472	715	514	607	579	718	569	508	477
AAEL024686	0	0	0	0	0	0	0	0	0	0	0	0
AAEL020852	0	0	0	0	0	0	1	0	0	0	0	0
AAEL011929	7	5	11	3	3	3	6	1	2	3	3	22
AAEL011916	0	0	0	0	0	0	0	0	1	0	0	0
AAEL011917	2	5	17	0	2	0	0	1	7	2	0	1
AAEL017475	0	0	0	0	0	0	0	0	0	0	0	0
AAEL011920	0	0	0	0	0	0	0	0	0	0	1	0
AAEL011922	0	0	0	0	2	1	1	1	0	0	2	1
AAEL017095	35	7	22	12	2	11	90	62	78	75	67	131
AAEL006705	88	75	105	74	159	101	90	99	147	95	116	83
AAEL006692	0	0	0	0	0	0	0	0	0	0	0	0
AAEL006696	17	16	13	8	12	5	25	26	26	29	21	18
AAEL006689	33	7	13	44	26	20	15	21	17	15	48	47
AAEL006700	223	59	117	261	490	368	130	178	244	261	194	350
AAEL006703	42	21	31	19	24	21	22	42	42	34	27	24
AAEL006688	302	298	315	295	417	317	200	186	276	258	244	332
AAEL006697	241	237	223	244	275	234	166	184	228	180	177	202
AAEL022601	0	1	1	0	0	0	0	0	0	1	2	2
AAEL006694	100	68	113	85	88	67	72	130	110	95	78	134
AAEL027120	105	97	94	64	124	116	143	152	180	154	141	146
AAEL022195	154	145	133	105	115	161	122	138	139	119	92	167
AAEL006687	366	301	273	198	106	229	401	332	405	254	349	445
AAEL020946	0	0	0	1	0	0	0	1	0	0	3	0
AAEL006690	6	2	1	1	1	7	5	13	13	1	10	14
AAEL026082	0	0	0	0	0	0	0	0	0	0	0	0
AAEL006693	1429	837	1093	1471	1795	1396	942	800	1150	1071	1079	1275
AAEL006698	34248	23674	25819	26683	44219	32062	22561	16181	30233	18120	22859	19652
AAEL025532	44	28	23	14	20	14	16	56	40	32	45	22
AAEL029061	178	97	107	419	575	381	144	122	161	241	228	315
AAEL006686	2	0	0	7	6	5	1	0	11	4	1	23
AAEL028145	263	133	68	174	163	299	114	261	241	269	227	213
AAEL006699	433	218	97	204	270	214	200	273	293	352	375	280
AAEL006702	902	712	255	208	526	182	508	400	377	361	696	493
AAEL006691	366	246	108	71	191	95	126	160	275	96	243	130
AAEL006704	4921	2113	2009	11201	10323	9960	3400	5145	11082	13092	15601	21494
AAEL011332	109	56	65	34	54	90	95	140	191	76	118	135
AAEL011331	0	0	0	0	1	0	4	5	1	6	1	2
AAEL011333	0	0	0	0	6	0	1	3	0	0	0	0
AAEL029051	1484	1536	823	3978	7709	2947	116	193	269	2047	2763	3425
AAEL023525	8	24	2	2	31	25	2	6	7	6	7	21
AAEL029062	0	0	0	86	223	125	1	1	14	1405	1292	269
AAEL011337	0	0	0	33	80	17	0	0	0	170	71	43
AAEL011335	0	0	0	1	0	0	1	0	0	0	1	0
AAEL026737	109	90	67	90	141	114	51	107	75	81	105	159
AAEL025614	0	0	0	0	0	0	0	0	0	0	0	0
AAEL023542	0	0	0	0	0	0	0	0	1	0	0	0
AAEL020253	23	12	13	3	3	19	124	124	99	58	99	139
AAEL017249	23	20	15	8	5	3	4	15	10	7	10	11
AAEL028048	13	5	15	180	85	101	8	13	33	48	136	358
AAEL008936	543	270	151	12305	11754	4059	223	364	463	1508	9940	12490
AAEL020029	0	2	1	0	0	0	0	0	0	0	0	5
AAEL009232	1226	965	873	321	468	980	959	935	1365	733	897	1138
AAEL023389	0	1	3	4	1	2	3	2	1	0	0	5
AAEL024640	40	82	62	36	36	35	35	55	33	62	25	64
AAEL020280	0	0	0	1	6	0	1	3	1	3	5	0
AAEL024292	5	0	2	6	1	0	4	2	3	2	3	3
AAEL025715	1	0	0	1	0	0	5	2	4	3	4	3
AAEL026759	0	0	0	0	0	0	0	0	0	0	0	1
AAEL029054	0	0	0	0	0	0	0	0	0	0	0	0
AAEL024072	3	3	1	0	0	2	4	1	2	6	4	5
AAEL022165	3	0	4	0	3	1	2	9	2	5	10	8
AAEL020092	2336	2620	1196	197	407	1894	4035	4983	5900	1370	5072	6624
AAEL016597	0	0	0	0	0	0	0	0	0	0	0	0
AAEL016596	0	0	0	0	0	0	1	0	0	0	0	0
AAEL016595	0	0	0	0	0	0	0	0	0	0	0	0
AAEL016594	0	0	0	0	0	0	0	0	0	0	0	0
AAEL016593	0	0	0	0	0	0	0	0	0	0	0	0
AAEL016592	0	0	0	0	0	0	0	0	0	0	0	0
AAEL016591	0	0	0	0	0	0	0	0	0	0	0	0
AAEL016590	0	0	0	0	0	0	0	0	0	0	0	0
AAEL016589	0	0	0	0	0	0	0	0	0	0	0	0
AAEL016587	0	0	0	0	0	0	0	0	0	0	0	0
AAEL016586	0	0	0	0	0	0	1	0	0	0	0	0
AAEL016585	0	0	0	0	0	0	0	0	0	0	0	0
AAEL018902	0	0	0	0	0	0	0	4	0	1	0	0
AAEL016583	0	0	0	0	0	1	0	1	0	1	1	1
AAEL023984	3	2	4	3	19	0	8	7	8	6	7	17
AAEL008049	543	257	334	417	704	309	661	233	372	297	345	343
AAEL008052	362	261	292	288	310	181	270	239	356	265	269	245
AAEL008050	56	91	39	1606	1740	607	40	45	71	377	2506	8138
AAEL008053	2	2	3	7	4	4	3	10	3	5	1	2
AAEL010915	6	5	2	2	0	4	9	8	9	4	9	35
AAEL010909	75	96	97	251	289	161	71	33	65	83	166	244
AAEL010911	1497	1019	909	917	738	933	1283	1739	1815	1274	1363	1967
AAEL018205	1100	705	695	892	708	1051	813	1145	1116	842	1424	2037
AAEL023332	3071	2355	2477	2203	2150	2373	2102	4720	3332	3135	2441	4542
AAEL026480	1	2	2	1	1	18	3	8	4	5	5	12
AAEL020669	0	0	0	0	0	0	1	0	0	0	0	0
AAEL024435	1	2	0	1	3	1	3	2	2	2	0	0
AAEL021209	826	428	544	374	327	293	475	664	468	690	312	818
AAEL010913	611	508	450	352	384	462	456	560	676	451	397	729
AAEL023009	3	3	1	1	0	0	1	0	1	3	4	4
AAEL006932	37	74	35	4	14	29	34	45	82	23	62	63
AAEL006928	8624	5290	6199	5681	6785	5675	4436	5392	6500	4464	5180	4963
AAEL025264	63	17	43	5	51	26	47	11	36	19	39	34
AAEL027905	2991	2496	1850	1529	1294	2505	1941	3633	3557	1599	2363	3122
AAEL024265	0	0	0	0	0	0	1	0	0	0	0	1
AAEL006934	922	714	639	418	511	775	657	962	953	556	703	966
AAEL019530	96	35	37	31	45	35	62	98	107	67	57	137
AAEL028780	0	0	0	0	0	0	0	0	0	0	0	0
AAEL027044	295	279	268	283	338	285	168	124	199	236	175	292
AAEL027355	0	0	0	0	0	0	0	0	0	0	0	0
AAEL026568	0	0	0	0	0	0	0	0	3	1	0	0
AAEL002980	0	0	2	0	1	0	0	2	1	0	0	2
AAEL022864	3	38	21	3	0	8	1	3	6	4	1	0
AAEL026664	299	275	288	194	300	242	172	301	279	207	221	323
AAEL023382	187	178	175	175	315	239	199	172	243	171	140	187
AAEL022168	489	349	483	468	630	411	333	315	438	384	282	349
AAEL000854	722	533	667	663	969	542	254	241	508	377	500	445
AAEL000824	1376	1120	763	311	352	1096	1095	1403	1524	827	1325	2011
AAEL027307	38	14	23	2	1	10	231	192	135	120	106	315
AAEL000827	0	0	3	0	0	0	0	602	22	0	0	0
AAEL000837	2	3	0	1	0	2	0	485	20	0	0	3
AAEL000833	1	0	0	0	0	0	0	871	33	1	0	2
AAEL000846	0	0	0	3	0	1	0	192	13	1	1	5
AAEL020493	1	1	0	0	0	0	0	1037	39	2	1	0
AAEL000835	0	0	0	0	2	0	1	2639	106	8	0	3
AAEL000851	471	218	239	342	466	292	271	272	348	320	341	478
AAEL000812	468	313	280	573	537	387	305	276	295	350	332	521
AAEL025350	2	3	0	4	2	2	3	2	12	3	8	4
AAEL000811	285	83	110	936	650	813	222	314	294	327	634	865
AAEL000840	1235	787	821	926	757	1186	878	1496	1359	880	1122	1235
AAEL000821	66	7	21	8	11	13	16	87	34	36	15	27
AAEL021985	0	1	0	0	0	0	1	3	1	1	0	0
AAEL000850	292	187	244	286	407	346	268	439	434	373	361	627
AAEL000845	831	688	570	1674	1775	1470	521	550	914	845	1252	1907
AAEL000836	314	223	204	238	231	267	231	128	221	146	186	217
AAEL000842	143	51	68	19	44	48	84	44	111	61	80	14
AAEL000800	1603	1352	1599	1117	1009	933	1291	2006	1725	1969	1003	2497
AAEL000832	1354	869	1002	815	626	883	826	688	1154	775	949	1188
AAEL023591	697	484	388	957	1023	1664	657	885	1053	673	1692	2358
AAEL026897	1	0	0	7	3	3	1	0	2	3	2	5
AAEL000839	637	416	649	418	433	362	448	321	379	429	379	582
AAEL016074	0	0	0	0	0	0	0	0	0	0	0	1
AAEL000847	558	484	546	406	610	406	336	341	398	455	302	418
AAEL019774	1368	814	856	563	609	936	1002	957	1239	767	903	1421
AAEL000802	613	507	348	332	455	604	295	573	506	253	401	658
AAEL026558	0	0	1	0	0	0	0	0	0	0	0	0
AAEL000844	421	253	312	355	381	400	296	249	391	335	244	270
AAEL000822	352	176	316	164	137	364	364	409	369	306	413	664
AAEL000834	5318	5010	4753	3579	5613	3132	1004	928	1071	1008	3325	6220
AAEL000797	406	209	430	243	402	178	51	75	113	147	106	158
AAEL000813	0	2	3	1	2	5	8	2	1	4	8	8
AAEL000820	194	219	259	75	126	75	96	129	190	112	75	136
AAEL000829	166	167	228	134	189	193	154	196	241	98	159	160
AAEL000805	1384	1104	798	500	427	1045	930	1393	1418	924	1172	2206
AAEL000803	103	113	94	38	28	92	164	138	241	143	121	178
AAEL021409	9	1	0	4	2	3	2	0	0	0	0	0
AAEL024890	5	1	0	7	5	4	0	0	0	1	1	1
AAEL023639	0	0	0	0	0	0	0	0	0	0	0	0
AAEL022761	0	0	0	0	0	0	0	0	1	0	0	0
AAEL011408	313	169	282	345	931	400	225	524	719	819	609	982
AAEL011409	0	2	1	0	2	2	4	1	4	0	4	4
AAEL011405	34	20	25	16	28	30	36	36	68	49	38	56
AAEL024213	0	0	0	0	0	0	0	0	0	0	0	0
AAEL027215	6	15	10	62	118	45	1	1	13	11	51	45
AAEL011406	5	0	0	0	0	0	2	0	1	0	0	1
AAEL023353	63	72	51	477	766	357	30	38	245	116	419	616
AAEL017129	0	0	0	0	0	0	1	0	0	0	0	0
AAEL011407	10	1	1	6	3	5	1	8	5	10	7	11
AAEL011404	22	9	15	7	15	9	13	3	6	15	5	11
AAEL022301	0	0	0	0	0	0	0	0	0	0	0	0
AAEL020394	0	0	0	0	0	0	0	1	0	2	0	0
AAEL012353	14	30	22	265	446	139	7	8	40	63	235	203
AAEL004338	6035	3266	3486	3139	3928	3535	3435	4781	5273	3350	3570	3483
AAEL004328	833	643	825	467	433	420	457	612	574	530	340	661
AAEL004329	655	403	469	490	574	590	278	549	542	394	444	588
AAEL004327	4463	2873	2825	4193	4568	3366	1707	2288	3645	1681	2621	2993
AAEL020225	0	0	1	1	2	4	1	3	1	4	3	2
AAEL004348	450	473	282	177	176	585	353	489	536	254	460	539
AAEL004334	124	104	117	60	104	69	61	61	79	79	61	76
AAEL004332	126	76	69	78	77	106	109	152	172	134	116	151
AAEL024425	509	603	536	334	567	458	487	425	406	453	556	1051
AAEL027386	3	1	4	0	1	0	3	0	6	2	2	1
AAEL021738	229	187	142	93	127	285	258	300	401	221	315	361
AAEL023107	1297	1039	867	517	408	851	1168	2306	1944	1022	1068	1729
AAEL028826	0	0	0	0	0	0	0	1	0	0	0	0
AAEL021594	0	0	0	0	0	0	0	0	0	0	0	0
AAEL020788	27	17	15	14	12	15	11	2	12	22	14	4
AAEL019475	2200	1489	1358	797	593	1347	1872	2043	1986	1313	1379	3207
AAEL018102	2660	2580	884	1073	5960	2068	1792	9989	4283	8659	1328	598
AAEL029067	2	1	16	0	4	6	10	5	1	7	7	20
AAEL004339	5	9	1	13	7	3	4	7	1	11	1	5
AAEL004342	693	805	1191	1275	862	467	374	130	358	251	417	76
AAEL004343	12	19	8	2	7	6	1	0	1	6	2	1
AAEL004335	689	376	604	2199	1048	1369	299	163	225	762	1036	632
AAEL023599	0	0	0	0	0	0	0	2	0	1	0	13
AAEL023962	0	1	0	0	1	0	6	0	0	4	1	8
AAEL004340	0	0	4	0	1	0	3	2	0	0	0	0
AAEL020148	0	0	0	0	0	0	0	0	0	0	0	0
AAEL004349	64	19	26	28	22	24	33	22	37	146	138	108
AAEL029066	0	0	0	0	0	0	0	2	0	1	0	2
AAEL004333	304	157	279	277	311	257	200	223	230	236	190	265
AAEL023168	0	0	0	0	0	0	0	0	0	0	0	0
AAEL004341	397	220	220	304	310	227	241	218	319	305	368	281
AAEL004344	18	7	1	13	5	21	14	25	30	15	3	27
AAEL023002	5	2	0	8	5	6	14	9	6	5	7	5
AAEL026471	9	7	24	3	0	3	7	13	2	9	0	2
AAEL023052	0	0	0	0	0	0	0	2	0	4	1	0
AAEL021275	1	0	0	0	0	0	0	0	1	0	0	0
AAEL026907	0	0	0	0	0	0	0	0	0	0	0	0
AAEL004347	3061	2020	2235	2661	2746	2548	1948	2044	3187	1787	2161	2281
AAEL004345	1602	1109	1311	2232	2776	1732	761	1206	1194	1135	1572	1961
AAEL026411	2	0	0	2	3	6	0	3	0	2	4	3
AAEL006792	2532	1913	1685	1168	1061	1821	1876	1813	2124	1699	1867	2650
AAEL006785	203	134	131	145	234	155	122	86	141	102	91	102
AAEL006790	636	525	444	297	259	479	570	721	768	451	458	882
AAEL006808	897	582	582	645	834	780	590	863	860	558	621	722
AAEL006801	11	3	0	0	0	1	45	29	28	12	8	46
AAEL006794	2303	1545	1598	2615	2500	2637	1102	1530	1566	1275	1965	4312
AAEL006800	944	746	709	538	581	541	662	589	742	652	498	924
AAEL006795	447	191	369	1593	1916	935	357	279	690	564	708	944
AAEL006815	529	476	495	3138	3673	1591	790	998	3442	811	1620	1332
AAEL006784	47	41	56	266	218	107	55	67	155	65	105	127
AAEL021531	0	0	0	0	0	8	5	1	0	0	2	2
AAEL006805	253	134	154	770	318	565	426	1196	826	604	1057	1092
AAEL027723	1	3	0	0	0	0	0	5	0	2	1	1
AAEL014605	2250	1451	1627	4339	3849	3699	1624	2743	3177	1808	2901	3576
AAEL014614	940	441	408	856	789	1027	599	1134	1493	481	911	882
AAEL014618	109	78	49	59	65	53	123	273	290	58	65	127
AAEL028635	947	469	484	1221	1652	853	635	798	946	530	952	1222
AAEL019504	770	175	220	3379	1084	1707	266	291	408	534	967	1822
AAEL014604	113	79	92	169	153	115	63	141	217	81	116	99
AAEL014619	102	65	74	17	16	42	125	300	503	93	153	87
AAEL014615	128	36	61	75	78	68	82	140	184	89	74	49
AAEL014613	0	0	5	3	3	0	1	1	2	0	0	5
AAEL017366	49	62	39	34	51	33	49	97	101	78	31	36
AAEL014609	827	1075	856	819	419	1271	841	1595	2259	1124	669	1145
AAEL029064	0	0	0	0	0	0	0	0	0	0	0	0
AAEL026665	0	0	0	0	0	0	0	0	0	0	0	0
AAEL020728	1	2	2	2	0	1	1	0	0	2	0	6
AAEL014617	171	116	66	245	141	421	36	28	81	76	115	735
AAEL014610	31	8	40	6	7	7	12	10	28	16	15	12
AAEL014603	11	11	34	2	2	15	12	7	13	14	13	38
AAEL011645	249	157	185	97	69	135	274	197	218	199	155	376
AAEL011649	469	389	414	318	277	328	342	477	513	455	371	514
AAEL026091	0	1	0	0	0	0	1	0	0	0	0	0
AAEL011648	640	497	402	151	190	195	296	331	291	304	252	563
AAEL019912	0	0	4	0	0	4	0	0	3	5	3	7
AAEL019913	4	1	0	0	8	7	3	2	13	3	2	4
AAEL006872	2406	1418	1675	3116	4165	3478	1504	2289	1971	2201	1900	3190
AAEL020137	3	0	0	0	0	0	2	0	0	0	0	0
AAEL019799	8638	6287	5086	6456	6818	8455	8540	10626	14160	7554	7986	8272
AAEL006871	102	65	84	92	99	90	98	66	100	74	84	82
AAEL006858	396	307	335	379	432	284	283	312	338	266	228	377
AAEL024948	3	0	0	9	0	0	1	1	2	1	3	3
AAEL006864	550	363	455	393	416	360	306	405	429	318	256	486
AAEL017985	27	18	34	6	4	6	22	30	36	44	16	57
AAEL022206	2	0	0	0	0	0	0	0	0	0	0	1
AAEL006865	522	412	451	379	405	343	413	496	496	457	292	572
AAEL027576	5	7	1	1	0	3	3	4	11	3	3	8
AAEL006870	781	507	426	469	433	559	458	591	532	442	505	752
AAEL006863	2321	1702	1908	1511	1442	1261	803	1039	1300	1001	1637	2675
AAEL006862	906	508	668	541	633	647	573	707	876	674	747	959
AAEL025959	1	0	1	1	1	1	2	2	2	1	0	2
AAEL006855	734	432	574	2055	1857	1338	561	726	942	679	790	1161
AAEL023896	1	3	1	2	3	4	5	6	1	9	7	11
AAEL006876	1486	1248	1021	934	615	1208	1288	2035	1836	877	1317	1831
AAEL006856	45	57	48	49	34	35	34	97	81	43	27	84
AAEL006867	810	587	670	480	439	546	592	793	822	535	567	677
AAEL006854	189	276	116	303	379	200	191	366	415	257	419	286
AAEL019631	285	168	139	104	76	245	272	218	296	158	256	391
AAEL025228	4797	3319	2358	1600	1356	4104	3476	3865	4138	2380	3530	5167
AAEL023456	1	0	0	0	1	1	1	0	0	0	3	7
AAEL013132	4830	3307	3257	1993	2653	2661	2718	3584	3797	2975	2929	3815
AAEL026158	2	0	0	0	0	0	3	0	0	2	0	1
AAEL027786	7271	5913	4699	4374	3486	6913	5718	6262	8386	4319	6781	8785
AAEL013134	1152	833	929	896	837	1087	784	789	1217	717	957	1086
AAEL013138	2982	2490	2051	1916	1623	2876	1646	2782	3035	1741	2825	3074
AAEL021639	4	1	0	1	5	0	1	2	1	3	3	2
AAEL024671	0	0	0	0	0	0	0	0	1	1	0	7
AAEL001591	143	105	95	73	116	103	79	90	87	114	98	163
AAEL001555	0	0	0	0	0	0	2	0	0	3	0	1
AAEL001594	163	96	122	135	301	104	160	657	325	220	151	125
AAEL001587	659	537	464	251	287	365	453	553	456	434	322	767
AAEL026516	52	36	43	27	26	38	41	51	75	17	44	47
AAEL001551	156	109	86	50	78	169	105	119	130	92	131	134
AAEL019503	1277	887	753	547	315	888	1162	1044	1475	781	1014	1402
AAEL026168	2	13	3	1	0	2	2	0	2	4	3	3
AAEL010359	4698	2824	2894	3328	3730	3524	3053	3455	5292	2973	3592	2930
AAEL010362	309	215	303	285	377	317	167	224	283	238	214	344
AAEL010355	589	372	382	364	333	421	301	346	431	322	315	423
AAEL010353	2	0	0	0	2	0	1	0	1	0	2	0
AAEL010354	3	2	1	1	0	4	2	5	2	3	3	5
AAEL010365	4	1	0	0	0	0	4	0	1	0	0	0
AAEL010360	430	327	379	1382	2026	1019	178	294	398	431	776	644
AAEL019802	1942	1290	1163	1216	1037	1741	1106	1573	1923	1155	1552	1905
AAEL019803	0	0	0	0	0	0	6	3	0	1	2	2
AAEL022604	6	6	4	4	1	2	1	1	3	3	3	13
AAEL027104	15	2	9	3	4	0	9	0	0	8	1	12
AAEL026752	0	2	1	3	3	3	2	1	2	2	2	5
AAEL022226	1	1	3	2	6	6	7	0	3	2	5	4
AAEL010364	1512	1272	1066	708	603	970	1083	1468	1401	1073	1009	2201
AAEL019544	256	256	196	260	452	253	122	168	185	163	140	157
AAEL019545	0	0	0	0	0	0	0	0	0	0	0	0
AAEL019843	1306	1035	804	526	554	1278	1020	1252	1708	938	1471	1978
AAEL002907	0	0	2	2	0	0	1	1	0	2	0	3
AAEL019842	0	0	0	0	0	0	2	1	2	0	1	0
AAEL021421	5	0	0	0	0	0	10	3	2	4	0	4
AAEL002909	0	3	1	3	1	0	2	8	1	5	3	0
AAEL002919	87	20	20	74	54	70	27	45	51	56	30	170
AAEL026519	80	45	8	531	282	653	38	241	261	655	309	2152
AAEL002902	43	7	8	8	13	15	13	15	35	19	12	15
AAEL025206	0	0	0	0	0	0	0	0	0	0	0	0
AAEL002307	21	28	30	18	41	42	34	28	60	25	46	101
AAEL002295	3012	1462	1546	9859	9273	8678	1570	2142	2566	5204	7564	9767
AAEL002317	1820	1437	1127	654	361	1029	1433	1392	1595	1059	1392	3062
AAEL027179	11	10	10	64	199	58	3	5	29	35	84	99
AAEL025504	0	0	0	0	0	0	1	0	0	0	0	0
AAEL020801	0	1	1	0	2	0	1	0	0	0	0	0
AAEL027633	0	1	0	0	0	0	2	0	2	0	0	0
AAEL017711	0	0	0	0	0	0	0	1	0	0	0	0
AAEL019517	984	1055	742	755	523	936	908	860	1137	786	761	1399
AAEL020756	4	7	8	9	15	6	3	9	4	0	0	5
AAEL022569	1	0	0	1	0	3	0	0	0	2	0	0
AAEL002320	379	414	280	211	183	201	408	336	349	348	233	415
AAEL002281	680	696	409	553	364	469	540	491	624	464	492	360
AAEL025878	0	2	1	0	0	0	0	0	0	0	0	1
AAEL027913	0	0	0	0	0	0	0	0	0	0	0	0
AAEL022396	0	0	0	0	0	0	0	0	0	0	0	0
AAEL002296	3625	2368	2958	4409	5108	3548	2059	7401	3642	3930	2871	4370
AAEL002293	223	226	204	294	384	264	208	173	230	217	185	207
AAEL002298	490	396	395	394	404	404	362	389	424	412	340	509
AAEL022813	0	0	0	0	0	0	1	1	1	0	0	2
AAEL002311	46	31	41	39	88	62	39	37	35	27	40	32
AAEL002309	3867	1757	2036	7257	5947	2919	2000	3028	2687	4040	2918	4314
AAEL002306	2334	1460	1428	833	588	1316	2378	2095	2557	1748	2070	3539
AAEL002312	523	339	358	235	213	417	304	469	443	284	305	610
AAEL002308	2308	2267	1428	794	818	2234	2795	3392	3616	2015	3540	5701
AAEL002313	2	1	1	2	2	1	4	0	0	1	0	0
AAEL002292	171	98	90	423	419	286	107	37	195	153	180	148
AAEL002310	107	87	82	85	70	59	80	49	71	112	47	108
AAEL002291	4	17	2	23	24	6	24	59	39	69	5	6
AAEL022107	789	1054	557	848	1364	235	338	1446	848	2023	368	1551
AAEL002286	453	346	388	355	464	426	315	289	312	402	259	443
AAEL028638	0	0	0	0	0	0	0	0	0	0	0	0
AAEL028637	0	0	0	0	0	0	0	0	0	0	0	0
AAEL021263	202	121	116	69	27	108	82	98	83	81	237	232
AAEL002284	281	214	207	227	279	203	134	166	180	195	136	248
AAEL002299	776	685	640	494	491	418	562	553	671	726	443	805
AAEL002304	873	679	761	1073	1092	994	483	584	688	608	649	846
AAEL019806	3586	2469	2339	5997	5060	6249	2569	2226	2933	3716	8978	8132
AAEL022599	1	0	0	0	0	1	7	1	6	11	5	10
AAEL019955	477	783	763	503	345	252	186	141	296	162	199	222
AAEL019954	563	219	380	99	30	68	48	69	21	57	128	163
AAEL028108	448	303	365	224	289	798	420	453	561	358	709	1089
AAEL020455	0	3	3	0	0	4	1	1	1	3	1	3
AAEL026352	4	1	2	9	2	6	4	0	4	3	1	17
AAEL002290	574	382	537	520	504	545	286	539	463	290	452	732
AAEL016187	1	0	0	0	0	0	0	0	0	0	0	0
AAEL002316	40	40	34	33	42	43	27	35	59	26	22	39
AAEL002303	51	43	46	80	93	90	52	62	85	57	52	53
AAEL002285	238	219	194	192	177	140	157	258	216	279	143	302
AAEL002288	494	256	262	622	656	466	135	321	494	203	685	727
AAEL002301	2008	608	1847	8858	9290	4843	671	682	1611	1234	2919	3350
AAEL002282	321	338	248	243	246	270	271	343	326	270	224	394
AAEL025029	0	1	0	0	0	0	0	1	0	0	0	1
AAEL002302	3	0	0	3	2	0	0	0	0	0	0	2
AAEL020090	0	3	0	0	0	0	0	0	0	1	1	2
AAEL028213	2	0	0	0	0	0	1	1	0	1	0	0
AAEL022043	21	10	7	8	9	5	15	19	19	15	18	47
AAEL022445	66	23	21	13	15	20	54	89	63	48	73	124
AAEL019820	79	33	51	23	18	26	187	166	143	137	128	316
AAEL024924	1	0	0	0	0	0	0	0	0	0	0	0
AAEL026292	0	0	0	0	0	0	4	0	0	1	0	2
AAEL024081	1	0	1	0	0	1	4	0	2	4	1	4
AAEL021064	0	0	0	0	0	0	4	1	1	4	2	2
AAEL022921	0	0	0	0	0	0	0	0	0	0	0	0
AAEL000951	15475	10912	11601	12648	16062	10885	9725	6876	12694	8745	11172	8241
AAEL000949	1921	1404	1382	1029	757	1268	1161	1873	1638	1122	1236	2142
AAEL000965	1067	795	877	840	884	976	774	704	864	791	963	1296
AAEL000936	41	49	45	53	81	65	34	41	48	50	46	33
AAEL000934	2390	2117	1757	2564	3085	3313	1369	1761	1969	2026	2541	3276
AAEL000939	129	96	108	51	54	71	138	129	158	154	121	201
AAEL000941	1192	801	1153	1214	1782	923	581	523	781	681	668	735
AAEL000932	10	5	13	3	5	11	10	14	17	17	10	15
AAEL024251	23	24	18	36	61	36	49	46	49	69	34	43
AAEL000937	63	73	70	67	111	73	59	85	102	95	89	108
AAEL022996	100	162	194	76	147	75	24	31	32	107	64	76
AAEL000973	972	804	739	1254	1494	1031	441	795	467	532	801	2139
AAEL019703	118	73	106	2	5	12	156	136	258	171	132	345
AAEL000948	814	442	400	3761	4241	2881	460	374	684	1808	2411	2940
AAEL027732	12	7	2	4	3	9	39	34	43	9	25	32
AAEL029109	0	0	0	0	0	0	0	0	0	0	0	0
AAEL023017	0	0	0	0	0	0	0	0	0	0	0	0
AAEL026827	4	19	5	0	4	5	9	4	2	11	4	16
AAEL026324	39	29	13	3	1	13	21	5	2	18	4	25
AAEL000931	3512	2252	3135	4127	4782	2981	1387	3730	2682	3360	2752	3824
AAEL000940	10	3	2	6	3	0	1	0	1	2	0	3
AAEL026887	2	3	10	3	2	7	4	12	8	2	3	13
AAEL023422	0	0	0	0	0	0	0	0	0	0	0	0
AAEL000947	534	463	510	381	630	386	241	225	271	339	203	333
AAEL000952	76	30	28	49	43	49	37	43	59	42	68	41
AAEL021108	1	0	4	0	14	1	3	1	3	2	2	1
AAEL000950	1552	970	1101	1612	1535	1981	1072	1340	2428	1005	1568	1123
AAEL024524	111	57	46	292	243	408	121	92	190	198	514	447
AAEL000967	732	421	501	566	358	564	572	524	605	503	882	1164
AAEL000956	1269	796	1158	724	971	544	936	1269	1132	909	680	1245
AAEL024218	8	14	20	0	3	7	45	26	24	56	41	76
AAEL000958	409	392	392	483	792	464	290	309	368	409	339	461
AAEL000942	543	353	453	479	581	464	354	252	315	421	290	483
AAEL023650	0	0	0	1	1	0	0	1	2	2	0	0
AAEL000930	1617	1303	1160	1105	1222	1852	1159	1287	1585	1310	1509	2067
AAEL000955	1189	765	759	968	960	1255	709	877	1178	791	951	1183
AAEL021709	1	0	0	0	0	0	2	0	0	0	1	0
AAEL000970	1422	970	883	556	377	1191	1382	1380	1888	916	1292	1747
AAEL000962	31	30	22	21	21	23	26	25	27	32	29	33
AAEL000961	12634	9063	9346	6149	4844	7215	6166	3598	6381	4513	5655	7810
AAEL000943	42	31	48	38	41	69	31	38	63	59	25	52
AAEL000938	191	163	156	149	177	191	170	105	206	151	152	186
AAEL021298	17	27	21	26	19	4	9	37	17	18	8	28
AAEL018177	843	715	550	652	329	626	513	780	762	413	616	646
AAEL026794	0	0	0	0	0	0	0	0	0	1	0	0
AAEL021302	267	153	118	347	150	419	198	380	227	396	603	928
AAEL023532	767	459	480	435	295	767	579	571	646	344	599	573
AAEL020200	1188	889	907	686	602	603	849	873	1032	975	705	1044
AAEL009411	1666	1268	1467	693	625	728	979	1161	811	1107	746	1500
AAEL009407	1017	764	783	439	453	795	731	919	935	847	860	1575
AAEL009406	1366	1028	1429	989	1361	992	487	464	741	594	544	733
AAEL009402	302	147	183	105	58	151	295	355	454	217	333	451
AAEL009399	404	269	393	253	354	295	235	276	259	285	222	356
AAEL009401	320	263	244	298	228	342	146	185	290	169	215	180
AAEL009392	3223	2342	2273	1849	1363	1830	1918	2246	2606	1586	2101	2481
AAEL020290	33983	28219	33005	32259	55149	30875	23467	15833	26660	25132	24377	21665
AAEL009413	837	690	705	768	1036	883	365	611	818	413	695	503
AAEL009388	617	458	412	515	493	615	345	461	576	306	442	573
AAEL009389	5724	3585	4648	3091	4003	2870	2643	2709	3525	2396	2264	2625
AAEL009412	1008	711	739	944	893	872	512	708	901	574	674	846
AAEL025394	5	8	1	1	2	3	2	1	3	5	11	2
AAEL027411	6	7	2	4	0	4	7	8	9	4	7	5
AAEL009416	1199	864	773	884	746	1002	713	847	1000	641	830	1026
AAEL027055	227	215	205	188	226	236	86	185	211	113	150	127
AAEL021720	0	0	0	0	0	0	0	0	0	0	0	0
AAEL023308	2	12	7	2	1	0	1	9	4	8	0	6
AAEL027793	22	13	13	7	8	22	16	19	8	13	13	14
AAEL022220	0	0	0	0	2	0	2	0	0	0	1	2
AAEL007871	119	97	132	119	159	107	93	74	110	79	98	125
AAEL007869	461	293	332	298	379	316	272	299	289	351	307	364
AAEL024196	34	31	32	159	148	135	8	5	26	80	154	130
AAEL007879	323	598	234	439	261	395	124	67	225	298	278	338
AAEL027970	81	52	66	50	52	56	16	11	14	17	27	74
AAEL007885	686	476	544	636	577	549	429	373	588	439	433	526
AAEL016577	1	0	1	0	0	0	0	0	0	0	0	0
AAEL007878	206	74	90	468	278	250	33	26	42	62	339	448
AAEL025571	0	0	0	0	0	0	1	0	0	0	1	0
AAEL007889	4221	2361	2211	2377	3178	3117	1760	2251	2938	1719	2802	3742
AAEL020377	0	0	0	0	0	0	0	0	0	0	0	0
AAEL026211	1	0	0	0	2	3	6	2	2	5	0	0
AAEL026840	0	0	1	0	1	0	0	0	1	0	0	0
AAEL022029	0	0	0	0	0	0	0	0	1	0	0	0
AAEL024385	0	0	0	0	2	1	1	1	3	6	0	0
AAEL007877	570	379	480	400	504	436	267	366	393	311	270	419
AAEL025346	1	0	3	0	2	4	0	1	4	0	0	2
AAEL007882	1603	1262	1240	1252	990	1486	979	1138	1555	881	1103	1299
AAEL007876	69	32	29	33	17	31	55	65	41	129	77	100
AAEL007874	1152	779	780	753	837	950	1078	1985	2027	1719	1185	2010
AAEL007868	6027	4194	5666	5055	8413	5038	3547	3841	4897	4046	3590	3499
AAEL007881	5109	1831	2887	1562	1947	4142	3730	5585	5882	2487	5034	3981
AAEL024567	0	1	0	0	0	0	0	1	1	0	0	0
AAEL022979	1638	963	832	878	619	1602	1754	2352	2571	1770	2947	4837
AAEL017774	0	0	0	0	0	0	2	0	0	2	2	1
AAEL017905	0	0	0	0	0	0	0	0	0	0	0	0
AAEL017763	0	0	0	0	0	0	0	0	0	0	0	0
AAEL007870	83	72	25	70	37	67	2	81	38	72	13	57
AAEL025112	0	0	0	0	0	0	0	0	0	0	0	0
AAEL007883	4601	4414	3224	2216	2762	4216	3276	4113	4576	2827	4027	5304
AAEL007875	2066	2066	2471	1301	1494	1239	1711	1358	1497	2167	1284	2911
AAEL020300	268	251	265	154	171	141	221	197	250	374	129	364
AAEL007884	919	420	693	744	673	765	539	562	729	651	635	947
AAEL022426	0	0	1	2	2	1	1	0	4	2	0	2
AAEL005464	500	351	367	367	372	323	452	546	684	348	423	531
AAEL026723	0	0	0	0	0	2	1	0	2	0	2	3
AAEL026830	0	0	1	0	4	0	1	0	0	1	0	4
AAEL005466	112	58	132	84	119	83	76	76	80	107	56	67
AAEL005463	140	83	64	24	50	61	216	177	234	163	172	354
AAEL005479	284	225	189	28	77	234	265	276	314	169	230	368
AAEL005474	3266	2113	3488	1895	3274	1606	1763	3046	2518	2133	1791	2301
AAEL005478	182	133	122	112	107	170	153	127	271	154	187	251
AAEL005475	0	0	0	1	0	0	0	0	1	0	0	0
AAEL005477	683	399	604	626	679	600	298	389	400	397	437	555
AAEL005465	33	26	50	51	60	67	69	40	41	78	49	66
AAEL005473	704	615	513	401	323	404	458	548	561	502	407	746
AAEL028029	0	0	0	0	0	0	0	0	0	0	0	0
AAEL018342	2239	1539	1237	960	601	1767	1583	1949	2370	1062	1697	2134
AAEL005468	299	180	226	145	257	158	152	280	228	213	186	253
AAEL005476	1162	866	807	615	540	758	885	2012	1597	1056	720	1776
AAEL022280	143	123	108	25	151	60	203	291	430	278	66	179
AAEL005469	1901	1356	1322	991	871	1146	1166	1364	1533	1099	1149	1644
AAEL027231	56	18	27	15	27	52	34	60	44	32	49	58
AAEL005471	6545	4707	7232	3695	4173	3066	2216	2685	2719	3439	2002	2978
AAEL005470	151	161	179	103	105	78	110	149	91	156	98	237
AAEL005472	307	234	222	512	506	509	195	396	379	415	364	628
AAEL024261	3	14	7	0	0	4	1	3	5	3	2	11
AAEL025940	0	0	0	0	0	0	0	0	0	1	2	0
AAEL028106	0	0	0	0	0	0	0	1	0	1	0	0
AAEL023394	0	2	0	0	0	0	2	1	2	2	0	1
AAEL000534	0	0	0	0	0	0	0	0	0	0	0	0
AAEL000552	0	0	0	0	4	0	0	0	0	1	0	0
AAEL000547	1	1	1	0	0	0	0	4	0	0	1	3
AAEL000545	419	104	277	163	204	197	322	415	361	321	385	226
AAEL019406	1486	1048	1077	1252	1263	1508	982	2726	2141	1408	1704	2354
AAEL000554	0	0	0	5	2	0	1	0	0	0	1	3
AAEL000541	1165	1012	819	1248	2101	1684	843	990	1203	1503	2176	2115
AAEL019867	34	9	9	4	1	5	78	56	39	39	35	76
AAEL025233	0	0	0	0	0	2	0	0	2	2	1	0
AAEL000546	259	110	80	224	166	204	220	540	473	402	416	445
AAEL000536	99	78	79	66	88	98	104	177	176	151	136	204
AAEL000533	1066	807	1256	658	1488	724	472	926	736	577	447	622
AAEL000556	346	382	525	357	522	691	381	533	310	377	176	693
AAEL029058	3	1	0	1	5	0	1	0	7	1	0	0
AAEL025970	0	0	0	0	0	0	2	0	0	0	1	0
AAEL000530	154	103	68	1021	656	818	133	208	265	255	730	582
AAEL019407	17	3	12	3	2	4	51	19	33	46	35	56
AAEL020160	54	23	14	52	25	43	53	7	48	13	19	19
AAEL026477	0	0	0	0	0	2	2	0	0	0	0	1
AAEL026223	2	0	1	2	5	4	7	2	3	3	4	3
AAEL000559	1441	861	1097	832	1082	875	596	577	713	583	607	860
AAEL000562	634	399	451	476	405	476	447	414	558	454	429	541
AAEL000561	136	106	112	80	127	120	94	95	102	93	92	143
AAEL000549	874	622	693	530	632	610	703	782	1409	1009	872	1062
AAEL000528	50	71	39	33	39	21	39	45	45	55	54	44
AAEL000542	0	0	0	0	0	0	1	1	1	0	0	0
AAEL000551	7084	5836	4768	182019	249625	118060	1801	1893	3135	20575	97239	134608
AAEL000544	365	301	329	301	375	194	191	252	236	117	141	232
AAEL000558	607	452	475	468	388	384	384	626	569	605	549	898
AAEL000543	250	139	152	384	379	509	133	299	221	349	366	588
AAEL000563	76	86	58	201	324	115	75	140	163	110	101	258
AAEL025882	266	278	233	206	224	212	134	219	212	171	171	267
AAEL020625	1194	1110	851	412	322	1267	1161	1386	1590	750	1184	1670
AAEL020556	4	1	3	1	13	5	9	0	3	3	1	4
AAEL020778	199	138	98	145	300	230	182	86	193	119	154	120
AAEL000550	690	467	494	471	552	491	332	507	537	347	377	478
AAEL000529	123	131	129	109	197	128	98	63	81	106	80	75
AAEL020935	0	0	0	0	0	0	2	0	0	0	0	0
AAEL022345	0	0	0	0	0	0	1	0	0	0	0	0
AAEL027359	9	0	1	4	6	2	1	1	1	2	2	7
AAEL018137	231	98	56	156	249	164	78	200	174	204	465	383
AAEL007264	0	0	0	0	1	1	2	9	1	1	0	4
AAEL007257	247	161	97	136	122	210	148	138	194	89	125	153
AAEL020829	5	0	2	3	8	6	2	5	3	7	4	1
AAEL007267	459	316	442	376	433	320	214	313	291	311	211	376
AAEL007256	507	443	399	492	375	505	407	418	691	337	473	412
AAEL007251	318	260	212	193	246	374	294	350	487	276	323	288
AAEL014554	145	142	130	133	111	124	110	154	159	185	120	183
AAEL026725	24	6	7	4	9	9	8	1	4	0	7	3
AAEL007250	503	284	291	355	325	303	218	239	262	264	258	406
AAEL023757	41	10	5	7	14	11	10	5	11	7	4	3
AAEL019816	358	294	297	208	114	262	273	301	436	253	305	375
AAEL019817	429	378	417	393	453	460	344	331	461	338	324	417
AAEL016496	0	0	0	0	0	0	1	0	1	0	0	4
AAEL007260	16	11	11	15	9	5	26	9	21	21	34	24
AAEL007247	410	301	332	363	422	358	268	297	282	326	270	370
AAEL016495	0	0	0	0	0	0	0	0	0	0	0	0
AAEL018914	0	0	0	0	0	0	0	0	0	2	0	0
AAEL019428	58	59	39	1	4	36	230	343	334	76	253	299
AAEL026654	0	0	0	0	0	0	0	0	0	3	1	0
AAEL021612	0	0	0	0	0	0	0	0	0	0	0	0
AAEL007253	17	9	5	4	14	12	5	16	9	5	3	7
AAEL007258	1515	1316	906	615	497	1357	2155	2581	2347	1217	1574	2808
AAEL007252	1947	1455	1426	648	515	822	1426	2277	1530	1364	1127	2446
AAEL007259	1906	2270	923	42932	32378	14793	1392	2574	3073	2580	20993	19612
AAEL007261	263	278	290	250	434	269	119	231	198	245	181	367
AAEL012356	11	8	6	8	10	12	3	6	14	9	8	15
AAEL009196	108	85	78	48	51	58	86	81	99	47	84	107
AAEL009199	68	43	71	142	127	92	69	92	126	102	56	115
AAEL009203	1	4	0	0	1	1	3	0	0	2	1	0
AAEL023997	3	4	1	3	7	3	4	10	6	12	4	18
AAEL009204	3	0	0	0	1	1	0	5	1	1	2	4
AAEL009207	0	0	0	0	0	0	0	5	0	0	0	0
AAEL009193	1	0	0	1	0	1	0	5	2	3	3	0
AAEL009194	64	49	44	41	39	63	51	1021	518	705	21	41
AAEL009200	657	467	422	488	385	581	362	489	623	353	572	642
AAEL009202	184	166	156	165	181	221	98	113	152	117	159	136
AAEL009201	8928	6305	8860	7927	14560	7577	5350	5307	6532	6034	5680	5330
AAEL009205	261	112	174	232	164	182	230	109	365	185	246	295
AAEL009195	255	211	284	259	242	186	194	296	257	219	204	381
AAEL009198	1366	686	741	1371	1351	954	763	893	758	907	800	1006
AAEL009206	578	125	189	1036	1306	485	205	338	292	380	606	920
AAEL021487	1	6	0	1	0	1	2	1	4	4	1	5
AAEL020832	0	0	0	0	0	0	1	0	0	0	0	0
AAEL000633	5	1	2	0	0	1	17	4	10	13	4	14
AAEL000665	0	0	0	1	0	0	0	4	3	0	0	0
AAEL026831	3	1	0	4	1	2	0	0	0	0	0	1
AAEL000636	513	409	548	342	372	383	267	913	502	540	480	1515
AAEL022391	0	0	0	0	0	0	0	0	0	0	0	0
AAEL020089	1	0	2	1	1	0	2	1	0	2	0	0
AAEL000650	582	473	394	1595	1834	1180	377	486	1069	914	1763	1961
AAEL000671	65	24	22	5	0	19	106	96	116	73	100	109
AAEL000637	0	1	0	3	1	3	2	3	6	1	1	4
AAEL000656	84	62	42	22	55	116	199	171	171	132	142	229
AAEL000644	214	144	126	107	268	172	183	219	216	240	183	220
AAEL000669	95	73	64	121	196	98	72	112	144	107	108	94
AAEL000658	13	13	22	10	11	9	10	23	15	23	22	21
AAEL000663	592	626	403	801	1363	1083	533	902	888	560	666	567
AAEL000645	250	146	198	189	220	229	204	165	212	176	159	188
AAEL000660	101	73	82	68	103	63	78	40	63	63	55	89
AAEL000670	1982	1467	885	2754	1561	946	1675	1527	1301	1198	1948	2013
AAEL023786	506	332	270	396	468	446	294	412	392	484	369	531
AAEL026741	941	668	991	759	1444	829	729	1162	893	1117	940	1472
AAEL022685	0	0	1	0	0	0	0	0	1	0	0	3
AAEL000677	343	358	398	358	441	349	271	200	286	342	242	346
AAEL025260	27	24	9	20	11	3	7	32	6	20	25	15
AAEL024227	0	0	0	0	0	0	0	0	0	0	0	0
AAEL000635	775	639	671	750	860	687	481	631	693	546	607	688
AAEL000651	535	682	366	399	667	533	281	632	347	434	311	597
AAEL000642	537	602	654	28	46	35	275	737	744	352	176	159
AAEL000647	3309	2299	1408	1631	2188	3324	2013	6332	4045	3396	2149	2219
AAEL000667	3692	3072	2184	1785	2052	3158	2104	4281	3955	3088	2566	2034
AAEL000678	84	73	66	15	27	17	20	70	24	48	9	21
AAEL000634	1269	901	910	997	906	1189	811	707	879	1001	1144	1876
AAEL000661	611	434	399	244	221	414	417	524	487	297	296	632
AAEL000668	85	121	124	2714	3908	6621	235	337	643	873	1518	4565
AAEL020948	8	7	2	0	1	0	36	21	48	17	19	36
AAEL000643	486	276	332	197	258	327	347	586	538	298	342	432
AAEL025844	0	2	0	0	1	0	0	2	0	2	3	6
AAEL000652	39	22	18	17	11	22	19	35	27	16	28	31
AAEL000674	760	587	555	539	634	722	453	499	683	361	534	591
AAEL000641	25647	21881	18370	12089	15885	18086	5339	12587	13109	6028	10386	12322
AAEL021927	1	6	0	4	0	2	4	3	3	6	4	2
AAEL000649	446	398	328	209	129	273	407	361	550	316	468	697
AAEL026231	615	760	564	974	1441	1430	340	608	578	415	404	571
AAEL025734	79	64	77	38	49	43	54	52	71	37	88	167
AAEL027318	1178	872	614	291	240	828	1335	1416	1316	679	967	1779
AAEL000672	3951	3378	3059	1797	1518	2287	2933	4270	3222	2921	2040	5620
AAEL000659	556	346	376	380	456	359	274	204	306	341	217	301
AAEL000654	834	562	512	771	700	1198	623	1793	1698	966	808	1039
AAEL000666	306	221	229	230	235	154	190	158	269	285	207	211
AAEL021450	697	367	363	534	604	868	419	1980	1689	1152	601	599
AAEL000646	0	0	0	1	1	2	4	3036	1539	1278	5	67
AAEL028835	0	0	0	2	0	0	0	2	1	0	0	1
AAEL028894	3	1	9	3	3	0	4	4	11	5	2	9
AAEL000673	406	294	350	341	300	406	210	355	367	337	271	470
AAEL028120	0	1	2	1	2	2	1	2	2	3	0	0
AAEL026490	70	26	40	28	55	71	81	103	132	94	147	105
AAEL025968	3	0	0	0	1	0	0	4	0	1	2	2
AAEL023592	0	0	0	1	1	1	4	0	0	0	3	0
AAEL006349	1	3	1	4	1	2	5	5	10	1	8	3
AAEL026013	17	19	21	44	57	26	24	21	41	22	40	35
AAEL006328	14	30	8	22	26	13	17	9001	353	57	15	22
AAEL006337	595	465	623	577	641	525	291	526	601	415	393	680
AAEL006361	44	75	77	137	118	111	38	30	40	46	56	180
AAEL006355	114	88	100	344	337	296	59	85	91	82	129	443
AAEL006352	83	62	49	53	57	116	83	105	116	102	75	115
AAEL006342	1342	933	1150	2159	2673	1338	572	526	814	769	979	945
AAEL006350	7	3	14	8	8	17	6	9	17	10	3	12
AAEL006354	326	298	319	250	177	242	323	216	296	387	233	460
AAEL006360	136	81	120	80	79	110	76	68	83	90	74	224
AAEL025176	2	0	0	0	0	3	1	0	16	0	2	11
AAEL023818	6	27	11	10	2	9	2	0	0	0	8	3
AAEL018118	845	642	555	609	423	751	519	866	716	441	545	830
AAEL006343	155	142	120	177	225	174	85	135	103	161	134	287
AAEL026210	215	131	107	94	56	125	159	137	219	147	167	180
AAEL006329	27	12	34	64	72	27	24	215	141	159	38	99
AAEL006346	1030	894	896	875	763	930	625	802	774	818	742	1056
AAEL006356	414	288	303	410	407	397	261	314	432	295	373	394
AAEL020815	0	0	0	0	0	0	0	0	0	0	0	0
AAEL006340	166	175	124	47	63	153	170	205	251	140	131	238
AAEL006327	22	30	37	6	13	23	26	22	51	15	4	32
AAEL006334	18	11	24	27	24	20	5	2	13	19	15	35
AAEL006338	333	279	306	228	199	292	275	214	258	228	203	276
AAEL006359	265	305	295	249	247	200	173	213	215	205	184	180
AAEL006344	206	177	137	125	177	109	99	166	203	117	94	127
AAEL006353	332	449	369	269	480	473	92	238	68	241	176	307
AAEL006341	98	69	61	62	58	57	102	243	279	145	71	100
AAEL024568	2	1	0	0	0	0	1	0	0	1	0	0
AAEL006348	19	7	12	0	2	1	13	14	11	8	3	3
AAEL006326	1	0	0	0	0	0	1	0	0	0	0	0
AAEL006347	1809	1677	1510	977	2171	2447	1719	2766	2815	1589	2061	1308
AAEL006330	1769	1478	1104	521	486	1337	1862	2139	2207	1133	1775	2705
AAEL028968	0	0	0	0	0	0	0	0	0	0	0	0
AAEL006339	40	19	19	29	25	22	29	256	121	84	61	132
AAEL024615	11	2	2	0	2	3	55	31	27	28	24	48
AAEL006335	0	0	4	2	1	10	2	2	3	0	5	7
AAEL022430	275	405	201	1003	911	537	191	91	446	264	566	393
AAEL006351	178	119	146	138	161	177	82	212	199	99	36	39
AAEL006333	281	346	246	189	281	277	215	376	444	237	136	150
AAEL019585	0	0	1	0	0	0	5	4	1	1	0	3
AAEL019584	18	27	28	20	29	21	15	5	13	10	28	38
AAEL000387	0	0	2	5	8	2	1	1	0	2	1	8
AAEL022224	0	0	2	1	1	0	1	1	2	0	0	3
AAEL021309	3	0	2	1	0	1	9	5	1	2	2	8
AAEL028847	0	0	0	0	0	0	0	0	0	0	0	0
AAEL017539	219	240	159	211	257	151	43	93	40	96	44	204
AAEL000405	441	305	156	27	38	306	902	975	1180	461	964	1919
AAEL026923	0	0	0	0	0	0	0	0	0	0	1	2
AAEL000396	333	265	212	197	113	255	257	307	407	184	276	336
AAEL000394	670	490	604	552	619	508	498	419	453	575	416	570
AAEL000397	58	169	102	63	23	115	79	107	188	87	142	172
AAEL000386	2073	1269	1242	1179	784	1551	1479	1656	1997	1286	1845	2273
AAEL000406	103	34	32	109	106	123	120	83	149	98	136	95
AAEL027096	351	204	209	43	39	93	226	547	392	268	264	455
AAEL027626	14	12	9	12	16	15	12	16	49	21	32	35
AAEL000385	449	340	372	299	299	373	360	343	539	370	400	429
AAEL016039	0	0	0	0	0	0	0	0	0	0	0	0
AAEL018899	0	0	0	0	0	0	0	0	0	0	0	0
AAEL024740	13	8	4	9	12	8	9	9	13	13	15	12
AAEL026437	13	8	12	20	17	8	8	8	10	11	4	6
AAEL022866	0	0	0	0	0	0	0	0	0	0	0	0
AAEL016041	0	0	0	0	0	0	0	0	0	0	0	0
AAEL021439	0	0	0	1	0	0	0	0	0	1	0	2
AAEL019728	2041	1425	1227	2588	2594	3573	1445	1608	1923	1528	3738	6808
AAEL004090	551	645	455	1760	1833	1408	259	342	394	528	680	920
AAEL022032	0	3	9	1	3	1	0	1	4	0	1	0
AAEL004119	1158	954	974	841	852	857	864	1096	1118	850	738	993
AAEL004103	3	0	0	0	0	1	2	1	4	7	1	4
AAEL004092	499	354	417	2	10	23	23	23	17	18	33	44
AAEL019812	473	356	272	261	352	654	785	783	1158	462	788	848
AAEL004088	4338	3158	3690	2823	4420	2708	2972	5520	4134	4197	2512	3234
AAEL004096	347	356	313	198	271	305	266	322	426	299	248	300
AAEL004104	363	474	558	262	181	231	407	354	308	427	251	661
AAEL004102	1010	716	815	557	711	674	648	618	690	516	488	573
AAEL004118	1178	1072	1220	990	906	799	567	1265	1151	958	450	827
AAEL004095	55	24	70	33	49	52	78	38	108	77	52	70
AAEL004086	269	203	254	202	274	207	218	189	285	215	212	247
AAEL019408	11439	9618	9750	9021	12727	10768	5911	9775	6346	7990	6901	12410
AAEL024778	14	9	12	9	14	13	12	15	8	28	29	9
AAEL004110	795	605	531	625	713	756	472	661	764	429	549	738
AAEL004113	364	284	332	295	382	286	218	250	231	301	207	302
AAEL004117	1865	1460	1010	843	620	1641	1558	1913	2339	1215	1782	1990
AAEL004107	336	191	257	263	353	206	261	171	338	272	215	239
AAEL021278	1	0	0	1	0	2	10	0	6	2	4	2
AAEL004097	269	216	146	69	82	170	156	124	187	119	121	109
AAEL004091	29	17	17	17	14	14	15	14	28	19	49	9
AAEL004098	949	528	650	703	826	823	651	934	1034	848	871	1418
AAEL021994	5	1	0	2	0	2	8	5	1	1	2	8
AAEL004114	304	159	118	80	131	74	155	144	177	80	99	129
AAEL019770	900	717	667	472	298	620	567	915	871	498	553	993
AAEL017209	20	13	16	24	41	34	9	12	10	20	27	19
AAEL004106	34	30	15	39	48	30	32	24	57	18	48	26
AAEL018310	1265	960	985	969	901	1140	699	1037	1053	838	947	1526
AAEL027314	0	0	0	0	0	0	0	0	0	0	0	0
AAEL024624	0	0	0	0	0	0	0	0	0	0	0	0
AAEL021047	0	0	0	0	0	0	0	0	0	0	0	0
AAEL026788	26	19	20	14	14	25	31	13	35	17	27	22
AAEL018716	0	0	0	0	0	0	0	0	0	0	0	0
AAEL004083	2143	1363	1456	2101	1789	1782	1415	1623	1911	1477	1609	1988
AAEL026193	0	0	2	0	0	1	3	0	0	1	0	1
AAEL004120	3098	3697	4109	9831	10770	7848	807	638	874	1686	4502	7020
AAEL019693	46	23	14	27	19	18	33	24	35	20	29	119
AAEL004105	19	13	7	4	4	5	71	49	28	28	14	64
AAEL022768	0	0	2	0	1	0	0	2	2	0	1	2
AAEL019570	562	519	269	94	142	449	470	347	452	340	442	681
AAEL005556	335	453	243	121	138	254	343	266	446	219	409	677
AAEL027362	5	6	10	10	17	4	8	12	5	5	6	1
AAEL023882	4	5	2	9	1	2	3	6	11	1	2	1
AAEL019661	136	173	88	37	61	180	92	146	219	76	136	250
AAEL019630	675	599	476	450	434	500	414	417	587	490	500	526
AAEL027638	0	1	1	0	0	1	2	1	1	0	0	1
AAEL019346	0	0	0	0	0	0	0	0	0	0	0	0
AAEL019345	0	0	0	0	0	0	0	0	0	0	0	0
AAEL005568	131	79	68	60	57	99	104	76	129	79	102	119
AAEL024047	6	0	1	1	5	0	2	2	1	8	5	2
AAEL020796	208	176	131	128	146	249	182	220	177	139	207	215
AAEL005582	55	65	60	26	24	33	101	79	141	48	81	126
AAEL005592	256	189	216	173	177	178	133	202	167	134	134	190
AAEL005585	223	120	86	41	77	140	171	111	159	63	167	146
AAEL005577	91	143	252	148	175	181	71	162	173	157	71	173
AAEL005584	64	85	61	30	50	75	43	57	87	64	45	81
AAEL005583	648	526	459	263	452	671	610	1018	1083	542	594	802
AAEL005590	3	0	0	0	0	0	1	7	1	1	0	5
AAEL005593	2542	1323	1342	2259	3077	3864	2627	3115	4025	2286	4503	3583
AAEL020683	0	0	0	0	0	0	1	0	1	0	0	0
AAEL019458	2562	1653	1470	1828	1532	2693	2315	2065	2734	2009	3490	5309
AAEL005575	2108	1762	2009	2667	4342	2819	1851	2265	3054	1983	2341	2552
AAEL018343	635	294	264	315	298	268	463	592	636	362	540	513
AAEL005580	1045	760	717	540	533	660	843	969	972	835	868	1229
AAEL026717	1194	934	870	917	619	833	861	1168	1268	723	924	1239
AAEL027606	405	242	357	359	438	362	305	261	419	451	320	492
AAEL005554	237	215	201	111	110	137	192	181	209	177	130	211
AAEL005579	1524	1104	1232	1366	1537	1237	1105	1017	1320	1023	1037	1052
AAEL005588	218	334	115	0	0	4	97	2	5	4	8	137
AAEL005558	7277	4725	6199	6983	10188	6191	3500	4321	4962	3705	4710	6737
AAEL021315	1	0	2	0	0	0	8	1	10	0	5	3
AAEL005573	561	435	465	531	568	493	357	359	513	417	398	451
AAEL005581	129	70	68	137	158	101	125	125	134	203	147	175
AAEL025867	1	1	0	0	4	1	0	0	1	0	0	0
AAEL026410	997	777	526	389	456	1164	1324	2706	2586	1369	1489	1624
AAEL026503	0	0	2	1	0	5	4	1	0	0	0	0
AAEL027331	163	152	96	54	66	181	232	220	315	206	238	293
AAEL022849	313	160	168	226	262	232	267	244	451	374	246	241
AAEL001146	69	46	24	100	48	85	22	6717	2641	2206	37	91
AAEL001151	803	480	541	619	596	620	420	7702	3322	2438	501	700
AAEL025347	31	16	15	1	1	10	50	49	97	20	66	63
AAEL019951	803	429	484	478	318	594	799	787	1072	534	744	862
AAEL021787	0	0	1	0	0	0	1	2	4	4	2	2
AAEL001113	14338	7530	7574	14110	12963	14117	13910	10733	16284	12976	12990	14970
AAEL027415	0	0	0	0	1	1	0	0	0	0	0	0
AAEL001131	101	79	49	36	58	42	22	46	43	44	20	39
AAEL001101	1223	900	837	831	880	1378	728	804	1173	461	913	1023
AAEL001112	2127	1670	1689	1602	1584	1741	1050	1570	1596	1123	1339	1655
AAEL001100	16931	10083	15563	8226	15127	3851	854	610	524	852	1070	1817
AAEL027731	691	343	460	610	579	465	448	557	503	544	366	625
AAEL001140	43	42	23	17	30	64	61	46	73	31	38	72
AAEL001139	30	43	17	3	9	36	81	68	122	56	84	106
AAEL020302	224	131	108	79	127	219	180	226	360	173	257	185
AAEL001123	6	5	5	7	6	8	1	7	12	3	2	4
AAEL001104	254	217	171	480	591	607	164	701	319	312	483	664
AAEL001116	86	89	66	20	31	64	133	102	127	62	110	202
AAEL018174	542	424	339	222	303	461	432	452	499	407	598	927
AAEL019594	4136	3601	2564	1100	881	2703	4989	4439	4097	2544	3239	7336
AAEL022109	7	13	20	9	21	4	43	21	26	15	18	27
AAEL020402	0	3	0	0	0	0	1	1	0	2	0	4
AAEL001102	5275	3355	4083	3299	4674	2615	2860	2514	3692	2595	2632	2601
AAEL001124	664	406	448	488	479	482	421	359	482	360	427	444
AAEL001103	508	451	411	529	621	712	341	418	485	405	406	550
AAEL027189	1401	1045	930	852	842	1655	1459	1868	2031	821	1406	1549
AAEL007674	10	3	2	2	1	0	3	6	6	5	1	3
AAEL007673	5	6	3	11	11	4	6	16	9	16	8	13
AAEL026011	2	0	2	3	1	0	0	0	0	3	0	4
AAEL019707	1071	801	671	520	549	588	489	908	800	596	552	678
AAEL024149	6	10	20	3	6	9	6	10	5	4	16	9
AAEL007672	843	627	553	637	504	638	422	496	634	485	516	668
AAEL007677	175	139	165	147	196	132	124	150	180	144	128	196
AAEL024139	2	2	0	1	1	1	4	2	4	0	0	2
AAEL007395	512	400	482	409	348	482	301	375	382	319	347	554
AAEL028220	2647	2010	1859	1374	1074	1761	1671	2727	2471	1544	1732	2795
AAEL007391	156	90	85	110	112	203	144	181	249	204	144	180
AAEL007397	2248	2403	1662	369	355	936	1776	2518	1627	868	1161	2428
AAEL007393	45	26	20	25	24	47	10	23	18	28	19	87
AAEL007401	82	38	61	39	25	37	129	122	177	55	129	152
AAEL007398	3	19	4	5	0	2	4	2	8	1	0	7
AAEL007392	2712	2216	1720	1817	2232	2747	2005	2115	3085	1786	2178	2103
AAEL007403	371	291	248	440	450	796	182	226	282	279	444	608
AAEL007404	1238	929	696	423	471	1148	1180	1107	1470	758	1262	1672
AAEL007390	1405	1021	1069	1676	1710	1489	768	2765	1433	2218	1205	2712
AAEL007394	433	321	386	201	420	225	311	344	452	306	289	280
AAEL027737	42	30	83	27	38	57	45	29	41	52	35	46
AAEL027870	2	0	0	0	0	1	0	0	2	0	0	1
AAEL019881	78	65	44	40	30	93	99	139	154	101	106	149
AAEL010302	263	196	113	69	113	315	158	244	298	143	289	236
AAEL010323	141	169	112	49	48	206	125	176	194	138	153	188
AAEL010303	319	345	247	109	126	380	238	323	316	198	337	330
AAEL010312	2720	2250	1757	1403	1084	2255	2175	3027	2953	1892	2290	3599
AAEL023144	296	254	214	148	145	401	275	288	374	171	303	330
AAEL027499	0	0	0	0	0	0	2	0	0	0	0	0
AAEL010326	270	226	204	20	31	58	201	566	517	137	206	197
AAEL010322	2	2	2	0	3	2	2	1	1	2	0	1
AAEL019561	683	849	639	232	307	747	789	715	707	859	904	1910
AAEL022977	37	20	32	30	59	59	40	38	52	47	42	58
AAEL027372	0	0	0	0	0	0	0	0	0	0	0	1
AAEL026263	0	0	0	0	0	0	5	0	0	3	1	0
AAEL010327	434	313	264	356	494	627	205	114	232	160	316	406
AAEL010324	122	74	67	63	68	84	139	109	117	148	135	135
AAEL010308	107	122	59	18	58	170	177	181	262	124	241	376
AAEL010299	15278	10212	11541	12978	19742	13248	11372	7395	13916	9046	10575	9577
AAEL010315	6	7	6	5	7	15	11	5	9	0	4	7
AAEL010316	511	309	366	386	513	355	325	327	372	332	382	468
AAEL010306	75	50	92	59	99	101	80	65	74	115	86	103
AAEL010321	817	571	624	542	666	650	498	479	604	490	470	559
AAEL010300	1860	1332	1348	1074	1257	1306	1253	1293	1744	1314	1341	1628
AAEL010317	762	732	563	493	483	1102	543	678	978	372	708	706
AAEL019713	1039	1050	706	327	344	912	1053	1162	1454	1033	1203	1492
AAEL010314	0	0	0	0	0	0	0	0	0	1	0	0
AAEL020234	0	0	0	0	0	0	0	0	0	0	0	0
AAEL024539	0	0	0	0	0	0	0	0	0	0	0	0
AAEL026520	0	0	0	0	0	0	0	0	0	0	0	0
AAEL010310	12	2	2	5	4	8	9	12	18	5	9	13
AAEL024150	2	2	4	18	5	16	3	0	1	3	7	10
AAEL010311	1184	1037	742	459	356	948	1137	1292	1597	857	1213	1732
AAEL024127	31	37	17	8	20	28	50	40	87	42	46	68
AAEL010318	21562	21839	14706	4202	4985	16399	25765	25203	34512	12444	27552	27821
AAEL020532	30	12	22	1	7	25	4	4	23	4	6	10
AAEL027741	2	2	1	0	0	1	0	0	1	2	0	1
AAEL012102	116	80	73	50	94	116	90	159	224	105	108	230
AAEL012106	48	15	21	4	8	23	108	57	133	80	120	140
AAEL012094	841	725	692	673	891	940	730	673	835	665	722	839
AAEL021681	5	2	3	0	2	3	1	1	3	1	1	1
AAEL012098	1012	670	676	753	685	778	903	971	1010	941	680	977
AAEL012109	122	78	90	62	80	100	138	123	199	128	149	121
AAEL012104	11	5	7	4	2	7	18	19	27	17	15	29
AAEL026799	125	119	105	47	134	90	106	120	141	93	101	128
AAEL012103	71	110	77	14	31	70	130	104	179	94	98	117
AAEL017167	41	51	33	15	13	30	79	61	114	48	61	82
AAEL012110	916	780	628	305	620	1038	1206	1133	1998	1403	1562	1335
AAEL012101	55	46	68	64	82	52	51	43	47	51	45	51
AAEL012107	890	833	1117	630	497	610	797	491	632	1154	429	897
AAEL012095	2376	1882	2169	3016	3116	2910	1273	1647	1691	1549	1849	2611
AAEL012105	361	271	290	296	363	225	219	194	256	319	233	329
AAEL012096	8	13	4	9	7	6	5	3	3	8	8	4
AAEL012099	1291	723	633	2934	2466	2895	1106	1656	1982	2127	3973	5745
AAEL027035	12	16	11	24	9	9	10	15	18	9	7	28
AAEL012100	808	880	544	413	574	1092	439	511	893	340	484	573
AAEL022538	244	236	153	71	186	284	289	229	475	338	311	395
AAEL014130	689	531	655	585	624	469	633	602	559	696	598	867
AAEL014134	57	42	29	53	53	39	66	74	91	29	94	121
AAEL025548	0	1	0	0	0	0	2	0	0	0	0	0
AAEL021855	0	0	0	0	0	0	0	0	0	0	0	0
AAEL026394	0	0	0	0	0	1	2	0	2	0	1	0
AAEL025713	0	1	0	0	0	2	1	0	4	0	0	2
AAEL017048	6	5	6	5	5	3	10	7	9	6	8	13
AAEL023318	0	1	3	0	0	1	0	0	1	0	0	0
AAEL012796	56	54	40	42	51	34	52	49	57	45	50	79
AAEL011388	255	159	198	192	187	228	137	187	182	140	143	209
AAEL020295	0	0	0	0	0	0	0	0	0	0	0	0
AAEL011390	666	470	524	607	796	503	360	456	465	433	440	411
AAEL011377	29	45	31	34	53	14	34	42	42	36	30	41
AAEL011381	9429	6034	7094	7998	10218	6811	4644	5974	7707	4810	5627	5097
AAEL011389	287	184	240	322	403	257	156	209	214	249	272	343
AAEL011382	1231	874	935	908	826	888	624	993	1111	775	666	1014
AAEL025124	2	1	4	7	2	2	0	0	7	7	0	3
AAEL013369	235	221	262	192	309	247	149	165	166	208	128	243
AAEL011386	251	217	221	199	353	189	169	151	215	126	225	216
AAEL011383	589	424	413	340	433	518	191	410	494	392	259	564
AAEL011379	363	309	376	452	793	395	289	280	337	366	329	312
AAEL011385	513	407	558	395	348	367	299	386	354	339	293	536
AAEL012233	7872	6584	5149	3347	3123	7691	7445	7168	11851	4663	7356	8301
AAEL019446	260	246	220	262	298	269	169	182	313	245	241	250
AAEL018922	0	0	0	0	0	0	0	0	0	0	0	0
AAEL024873	0	0	0	0	0	1	5	2	0	2	0	3
AAEL005278	6	3	5	1	1	4	25	40	43	34	32	43
AAEL005279	104	114	85	99	102	95	57	58	95	79	61	86
AAEL005281	882	754	831	459	363	570	515	838	706	615	380	885
AAEL005271	1143	797	742	1045	914	1361	686	1265	1200	866	1407	1766
AAEL023272	16	32	13	11	14	12	20	11	3	11	7	40
AAEL023010	9	7	1	4	2	3	0	1	2	9	2	5
AAEL005266	30445	19731	23004	26388	43126	25208	18626	14182	24962	20022	20157	19903
AAEL005254	497	337	396	467	556	478	308	474	466	423	439	656
AAEL025726	0	0	0	0	0	0	0	0	0	0	0	0
AAEL005261	971	807	593	481	502	926	928	998	1418	802	1060	1178
AAEL011201	603	464	423	510	379	539	527	496	646	441	537	494
AAEL019866	1060	879	685	307	219	704	697	739	826	513	527	1162
AAEL011196	751	546	572	376	332	434	496	685	628	491	591	764
AAEL011206	3097	2561	3570	1908	2012	1852	999	931	1702	1258	943	1561
AAEL022464	0	3	0	1	1	0	1	0	0	0	0	0
AAEL011200	307	258	278	270	259	242	207	239	230	226	200	275
AAEL027070	14	14	7	5	7	14	7	3	6	11	2	11
AAEL023568	15	2	9	8	5	17	12	5	4	16	4	25
AAEL011199	368	333	268	357	332	449	181	203	443	188	262	351
AAEL011202	1321	930	1089	1012	1216	1043	1808	5002	3715	4207	1043	6942
AAEL028222	0	39	4	15	1	4	9	0	12	5	14	32
AAEL011197	30356	20873	19245	40716	44244	56021	15967	32839	34581	24866	43838	54412
AAEL023161	0	0	0	0	0	0	3	0	0	0	0	2
AAEL026435	2	0	0	0	0	0	0	0	0	1	0	0
AAEL023562	18	5	3	31	24	28	18	23	34	27	15	22
AAEL011198	892	651	679	731	883	767	576	650	717	509	598	619
AAEL011204	1434	1073	1027	943	779	990	1003	1280	1248	1062	1194	1663
AAEL011203	209	72	71	375	370	244	65	726	361	396	194	185
AAEL028219	1	3	0	0	0	0	0	15	0	1	0	4
AAEL009762	912	634	714	876	650	810	164	29	109	240	374	865
AAEL009764	1882	1279	1742	3784	3498	2234	540	629	814	924	1081	1283
AAEL009767	247	242	285	296	353	253	115	186	168	240	194	335
AAEL009769	127	106	140	146	211	144	103	54	102	121	131	168
AAEL009765	1516	902	1051	1382	1208	1127	1074	806	1157	959	1006	1294
AAEL009766	3174	2683	2559	4310	4464	2406	696	646	892	719	923	1351
AAEL009763	6	1	7	0	1	7	62	47	40	34	21	66
AAEL000250	86	51	31	34	81	57	97	90	145	85	93	94
AAEL000254	44	19	22	20	29	31	35	30	49	33	37	65
AAEL000230	193	183	145	138	153	158	100	84	137	164	92	171
AAEL019737	2318	1729	1407	897	1006	2294	1886	2319	2673	1412	2315	3665
AAEL000223	2496	2329	2480	779	1900	498	281	148	311	335	302	246
AAEL000241	581	396	474	427	533	461	365	415	482	400	307	506
AAEL024733	2	5	2	3	0	5	7	7	9	7	3	7
AAEL000242	76	37	43	30	17	70	196	173	168	62	130	145
AAEL024531	0	0	0	0	0	0	0	1	0	0	0	0
AAEL021157	0	0	0	0	0	2	1	3	5	6	2	4
AAEL000249	105	72	72	102	144	54	78	65	94	87	93	82
AAEL000247	0	0	0	1	0	3	1	1	1	2	3	0
AAEL000231	1615	1092	1189	1452	1400	1343	1011	1266	1810	1025	1285	1203
AAEL000219	735	479	633	724	903	690	411	410	566	616	508	641
AAEL000244	256	144	144	361	361	424	201	200	251	318	234	281
AAEL000251	105	62	34	5	6	57	164	157	273	93	160	184
AAEL000239	378	319	226	48	110	367	509	533	799	431	526	584
AAEL022677	0	0	0	0	0	0	0	0	0	0	0	0
AAEL000229	539	420	603	240	578	574	351	641	419	348	243	392
AAEL026268	0	0	1	0	0	0	0	0	0	2	0	2
AAEL000243	28	25	27	4	4	12	120	85	78	97	39	156
AAEL000252	860	592	624	456	281	585	161	153	403	285	20	936
AAEL029073	199	28	135	499	298	117	125	191	268	112	194	222
AAEL029072	425	100	395	2715	2155	634	217	220	615	447	516	606
AAEL023861	0	0	0	0	0	0	1	0	1	0	0	0
AAEL005530	342	198	291	94	110	103	106	229	202	146	73	157
AAEL029035	0	0	0	0	0	0	0	0	0	0	0	0
AAEL023500	0	0	0	0	0	0	0	0	0	0	0	0
AAEL005531	457	292	491	339	417	273	246	287	258	255	301	321
AAEL005527	1059	749	875	1132	1263	959	787	827	1094	880	1024	1236
AAEL005515	33664	27659	23550	20903	18126	30504	20866	29505	31901	20255	24302	33084
AAEL005528	2436	2391	1600	1748	1309	3104	1773	2598	4180	1616	2099	3075
AAEL025436	117	181	104	39	92	237	137	123	188	115	160	249
AAEL018059	836	709	488	235	188	529	1042	1255	1022	562	753	1717
AAEL005520	1420	773	1033	880	1049	858	593	595	812	832	682	763
AAEL022943	3	2	0	0	2	2	1	0	2	1	2	3
AAEL005522	2328	1586	1739	2086	2092	1990	1219	1758	1976	1483	1592	2085
AAEL005524	2615	1366	1142	2354	2088	3886	2679	2650	4804	2631	3674	3392
AAEL005521	1608	976	1301	1460	1874	1472	576	508	687	815	1202	1816
AAEL025076	14	6	9	7	3	6	45	38	38	26	26	60
AAEL027790	190	150	117	21	39	191	268	256	333	129	383	1528
AAEL026500	0	0	1	0	0	0	1	0	0	2	0	1
AAEL027456	1	0	0	1	0	1	1	0	0	2	0	2
AAEL020837	0	0	0	0	0	0	1	0	0	0	0	0
AAEL020980	11	2	19	0	12	21	13	15	4	25	12	7
AAEL005526	1423	1087	795	588	495	1053	1201	1153	1109	831	942	1868
AAEL024086	16	11	16	17	58	41	20	28	29	29	21	29
AAEL005518	125	75	59	117	110	167	163	172	295	126	150	76
AAEL027542	12	10	4	5	12	5	5	2	4	9	5	1
AAEL002357	411	296	274	258	316	367	484	612	781	474	520	682
AAEL022760	4	1	8	1	1	4	1	6	2	2	8	4
AAEL002346	3833	2473	2039	1344	1471	2921	2465	3314	3836	1942	3568	4917
AAEL002321	101	46	51	45	73	79	64	71	122	79	82	117
AAEL024855	0	0	1	1	1	1	1	3	11	2	1	13
AAEL027240	363	184	163	154	185	311	351	428	759	429	360	370
AAEL023649	5	3	0	4	3	1	13	1	13	15	7	7
AAEL020042	199	140	136	215	214	287	177	182	333	149	190	241
AAEL002335	108	70	69	41	61	106	135	194	222	137	160	255
AAEL002348	45	42	33	85	51	40	50	35	72	29	55	68
AAEL028030	4	11	7	34	9	9	3	8	11	11	20	14
AAEL018057	1419	1146	903	866	928	1037	904	973	1371	748	1183	1000
AAEL022777	0	0	0	0	0	0	2	1	3	1	0	1
AAEL002343	70	28	36	37	51	72	48	57	79	68	43	72
AAEL019424	2151	1591	1501	1726	1524	2030	2282	3411	3081	2385	2959	5618
AAEL002331	2040	990	1982	1044	1570	725	469	535	633	542	490	710
AAEL002354	43	22	17	8	6	17	44	53	31	14	97	118
AAEL018821	0	0	0	0	0	0	0	0	0	0	0	0
AAEL024537	1	0	0	0	0	0	2	0	1	0	0	0
AAEL004167	1428	1223	1116	1009	1493	1258	1086	1501	1741	998	1207	1524
AAEL019821	59	39	32	27	44	54	52	67	77	64	53	74
AAEL007657	17056	13798	14413	12283	7891	11302	9910	11044	14553	8998	9146	11351
AAEL020425	1	1	3	0	0	0	0	0	1	0	0	1
AAEL021777	0	0	1	0	0	0	0	0	0	0	1	0
AAEL007661	480	335	475	288	232	212	326	461	344	360	249	531
AAEL007662	2529	2293	1521	785	1048	2803	2088	2612	3711	1367	2443	2908
AAEL007652	94	90	106	105	113	79	76	126	79	124	76	174
AAEL027128	0	1	4	0	1	1	1	0	0	2	1	0
AAEL017987	93	49	26	18	20	25	45	100	85	45	34	51
AAEL007648	2	0	0	0	0	0	0	0	0	1	1	0
AAEL025616	0	0	0	0	0	0	0	0	0	0	0	0
AAEL007651	2264	1370	1388	1248	1100	1342	1648	2345	2883	2029	1611	2440
AAEL020058	0	5	0	0	6	1	1	2	1	4	3	0
AAEL007660	1674	1072	1363	1615	1772	1227	1018	1158	1545	1322	1369	1572
AAEL007656	587	333	296	440	403	659	275	304	645	262	320	362
AAEL007650	4767	3101	3342	4444	4112	4470	2930	3039	4176	2887	3462	3363
AAEL017515	1965	1176	1093	991	745	1475	997	1414	1607	971	1406	1803
AAEL028085	0	2	3	0	3	5	5	2	11	8	4	0
AAEL007659	1134	760	820	648	816	856	811	1166	1414	843	785	972
AAEL007653	2038	466	1881	69	96	113	795	1573	1826	1375	1078	147
AAEL007658	2306	1779	1795	1303	1027	1481	1681	2372	2569	1905	1573	2769
AAEL007655	229	173	216	215	254	299	103	159	197	128	128	153
AAEL007654	344	270	261	264	247	226	209	268	289	235	208	227
AAEL023139	1	1	1	0	0	0	1	3	2	4	0	1
AAEL027380	257	221	223	136	142	182	142	196	198	219	100	219
AAEL022586	3	3	0	0	0	2	3	0	2	3	1	6
AAEL021365	2714	1975	1944	941	865	1571	2272	2483	2572	1770	1712	3748
AAEL011293	265	190	209	207	309	178	213	398	313	301	236	167
AAEL027190	2540	1727	1988	2638	2291	2483	1427	2237	2118	2105	2021	3336
AAEL020939	1	0	0	0	2	0	2	1	3	4	0	1
AAEL011289	1763	1058	1293	1599	1355	1548	874	1003	1247	822	1182	1325
AAEL011288	32376	19936	20576	22982	27456	24318	23491	17417	30803	15184	24069	19387
AAEL021597	0	0	0	0	0	0	0	0	0	0	0	0
AAEL011287	2688	1973	2070	1560	1069	1848	1600	2073	2334	1478	1779	2430
AAEL022946	0	0	0	0	0	0	0	1	0	0	0	2
AAEL024194	1	0	0	1	0	0	1	0	0	0	0	0
AAEL011292	173	172	162	340	663	178	98	106	138	116	292	157
AAEL012217	6552	5317	6158	4775	4621	3477	4589	6992	5285	5073	3766	7448
AAEL021530	11	9	8	8	2	1	11	2	15	5	2	17
AAEL022631	1133	902	838	683	777	1045	917	1076	1311	1028	1166	1495
AAEL026084	0	0	0	1	0	2	0	0	1	1	0	1
AAEL004193	448	280	263	274	241	450	409	661	739	526	371	635
AAEL026599	0	0	0	0	1	0	3	1	0	1	0	0
AAEL004195	3348	2580	2132	2425	2501	2991	3183	3784	4534	2797	4573	5582
AAEL004163	274	140	206	190	183	149	132	204	168	168	177	202
AAEL004155	31	11	22	10	39	41	35	32	36	34	29	42
AAEL020868	0	1	0	0	0	0	0	1	2	0	1	3
AAEL022285	106835	78425	62112	27302	36590	76139	162132	161550	239482	119249	134572	184375
AAEL004169	245	133	133	226	245	289	261	336	286	288	252	394
AAEL004180	347	312	345	449	379	336	245	330	379	348	316	359
AAEL004179	78	40	43	81	95	76	59	60	70	92	61	116
AAEL027428	0	1	0	0	0	0	0	3	4	0	1	0
AAEL027919	4	0	3	0	1	1	3	0	6	1	3	3
AAEL011361	493	398	379	415	410	502	186	324	345	239	343	321
AAEL011359	1149	696	643	494	303	787	1132	947	1335	919	941	1626
AAEL024248	0	0	0	0	0	1	0	0	0	0	0	4
AAEL011355	380	267	352	310	343	311	163	261	338	310	214	409
AAEL023136	0	0	0	0	0	0	0	0	0	0	0	0
AAEL026699	0	0	1	3	0	0	0	0	2	1	0	1
AAEL020364	0	0	0	0	0	0	0	0	0	0	0	0
AAEL011353	26	23	23	36	68	14	21	33	25	10	44	30
AAEL011354	19	5	12	20	20	13	11	41	27	13	43	16
AAEL021866	68	41	62	57	34	39	46	97	59	54	27	61
AAEL011352	675	494	544	575	748	503	313	406	514	354	412	535
AAEL011362	274	193	144	125	148	150	118	210	198	137	167	199
AAEL011356	138	86	128	70	124	71	50	119	88	44	50	61
AAEL011357	1187	987	738	1021	1035	1423	613	657	1316	640	788	598
AAEL021736	849	816	686	549	694	844	549	584	735	597	551	854
AAEL013847	1271	811	791	569	474	846	1149	1170	1502	835	847	1272
AAEL022710	8	5	5	12	13	16	9	3	13	23	25	12
AAEL004824	230	144	161	178	311	272	248	290	366	203	243	224
AAEL013894	343	206	264	248	328	224	207	246	302	192	160	196
AAEL004809	519	290	394	1329	1944	538	218	300	744	758	1519	1481
AAEL018005	2	4	2	2	7	3	2	0	0	0	0	3
AAEL015150	0	1	0	0	4	0	1	0	1	0	0	1
AAEL015149	0	0	0	0	1	0	1	0	0	0	2	0
AAEL025000	0	0	1	0	1	0	1	0	1	0	1	2
AAEL014686	0	1	0	2	0	0	1	0	0	0	0	0
AAEL003353	0	0	0	0	0	6	0	0	2	0	0	0
AAEL027719	0	1	0	1	0	0	0	1	0	0	0	0
AAEL003340	0	0	1	0	0	0	1	0	0	0	0	0
AAEL003329	0	0	0	0	0	0	1	0	0	0	0	0
AAEL003341	0	0	0	3	0	0	2	0	0	0	0	0
AAEL023867	0	0	0	0	0	0	0	0	0	0	0	0
AAEL023424	0	0	0	0	0	0	0	0	0	0	0	0
AAEL023326	0	0	0	0	0	0	0	0	0	0	0	0
AAEL028203	0	0	0	0	0	0	0	0	0	0	0	0
AAEL028238	0	0	0	1	0	4	2	0	0	1	0	0
AAEL016969	157	130	142	142	166	215	73	51	150	123	77	137
AAEL025363	6651	4525	4706	8269	7626	7197	5016	6130	7599	5610	5842	7305
AAEL024049	2	2	0	0	4	8	2	0	0	4	0	1
AAEL013844	1978	1444	1934	1341	1457	1615	1011	915	1209	1407	799	1476
AAEL013842	280	199	238	225	192	243	146	299	254	228	214	369
AAEL013839	581	523	470	423	427	405	374	528	551	396	460	665
AAEL013840	596	516	489	866	1078	872	348	732	644	465	1209	1501
AAEL026649	0	0	1	0	0	4	0	4	6	2	0	0
AAEL024429	525	447	304	160	106	350	531	591	614	351	472	755
AAEL024616	938	692	794	546	634	546	624	515	669	734	487	868
AAEL013841	970	817	920	1234	1756	1156	501	784	919	712	783	902
AAEL012718	31	9	7	1	5	10	40	44	40	44	48	70
AAEL027538	13	8	3	1	6	6	5	3	6	9	15	25
AAEL025291	0	0	0	0	0	0	1	0	4	1	0	0
AAEL021719	0	0	0	3	1	0	0	0	0	1	0	4
AAEL014201	660	496	529	548	689	518	359	481	638	439	394	365
AAEL014198	1620	1151	1315	1296	1839	1051	1232	956	1573	1114	1230	1001
AAEL022275	0	0	0	0	0	0	0	0	0	0	0	0
AAEL012717	25	21	16	15	17	28	23	28	21	33	27	31
AAEL026743	2	2	1	7	2	1	7	0	5	7	1	2
AAEL008299	49	9	33	31	41	9	23	30	13	10	30	14
AAEL021318	1252	1041	790	513	575	1074	714	966	1091	650	966	1366
AAEL020454	54	43	30	54	56	43	23	12	21	50	26	56
AAEL025198	668	363	484	513	358	405	392	394	541	442	350	405
AAEL021032	24	19	13	0	62	52	31	20	39	32	3	0
AAEL015411	872	566	515	507	473	696	662	846	906	547	728	802
AAEL020941	85	42	67	113	53	71	135	178	189	120	129	148
AAEL026955	7178	8500	7425	7958	15111	7433	5780	3837	6514	2881	9195	6613
AAEL022315	32	17	5	10	17	40	22	17	16	8	26	27
AAEL027848	4	0	4	1	0	3	0	0	0	3	4	3
AAEL019787	2157	1728	1489	1066	721	1398	1508	1705	1844	1111	1295	1874
AAEL023238	0	0	0	0	4	3	3	0	0	0	0	0
AAEL019786	5	8	2	17	18	8	11	16	10	5	4	5
AAEL020407	1	0	1	0	0	0	1	0	0	0	0	0
AAEL025204	8	0	0	0	2	3	0	3	2	1	1	8
AAEL010711	806	382	506	208	144	402	592	796	661	545	418	969
AAEL027739	0	0	0	0	2	1	0	0	1	0	0	4
AAEL004404	949	822	1253	1294	1708	1150	707	816	853	1137	784	889
AAEL022199	0	0	0	0	0	0	0	0	0	0	0	0
AAEL026875	0	4	0	3	0	0	1	0	0	0	1	0
AAEL022108	1	6	0	0	1	0	1	1	0	0	5	0
AAEL004410	1196	864	881	622	364	802	996	1049	1189	847	952	1593
AAEL025130	3912	2818	2702	1697	1138	2436	2961	3252	3741	2549	3263	5294
AAEL024472	10	3	3	4	2	2	2	1	5	4	2	4
AAEL025637	1	0	0	0	0	1	1	2	3	0	0	2
AAEL024887	127	126	116	114	219	152	180	130	133	178	128	122
AAEL015586	6	11	11	26	29	14	15	34	5	20	16	11
AAEL012595	815	514	618	952	1377	993	457	488	730	603	660	874
AAEL023629	1142	970	835	906	1176	1256	593	995	1162	855	902	1029
AAEL028743	0	0	0	0	0	0	0	0	0	0	0	0
AAEL028854	0	0	0	0	0	0	0	0	0	0	0	0
AAEL027209	116	100	141	75	85	57	71	139	103	75	68	148
AAEL023705	0	0	0	0	0	1	0	0	0	0	0	0
AAEL020236	4329	3013	2819	2244	1538	2708	2624	2322	3033	2250	2723	4295
AAEL028021	4879	3988	5124	5071	7661	4805	2158	3125	3150	3245	5842	11498
AAEL022589	75	42	37	24	46	22	30	44	53	64	27	91
AAEL023940	0	0	0	0	0	0	0	0	0	0	0	0
AAEL027257	90	53	79	114	137	71	67	56	112	65	128	174
AAEL026246	0	0	0	0	0	0	0	0	0	0	0	0
AAEL026973	0	0	0	0	0	0	0	0	0	0	0	0
AAEL025814	246	243	253	166	153	147	199	224	186	327	178	308
AAEL024606	118	47	235	88	13	142	1	178	175	99	4	1
AAEL021277	0	0	0	0	0	0	0	0	0	0	0	0
AAEL021649	10	1	2	0	0	6	1	1	6	0	0	5
AAEL021022	7	7	7	7	8	6	8	5	16	7	2	2
AAEL024421	6	3	4	1	1	2	2	5	6	3	0	1
AAEL024497	5223	5356	4768	3539	3397	3153	1907	2245	3019	1446	2057	3159
AAEL025863	13	15	8	5	3	3	11	1	4	8	13	9
AAEL005832	4897	3502	2773	1349	1483	3907	3841	3743	6556	2614	4095	3985
AAEL015458	5069	5078	7720	42481	94181	15168	1030	2920	16903	11444	15494	36801
AAEL005826	679	246	321	861	945	483	240	229	294	185	279	356
AAEL005825	670	461	477	479	619	447	316	340	420	381	320	421
AAEL005839	2627	1677	1064	3248	2660	4046	2654	4121	2607	3717	6489	21821
AAEL024997	1	1	0	1	0	0	0	3	0	0	0	0
AAEL028091	4	0	0	1	2	3	1	3	0	0	0	1
AAEL020998	1885	1768	1415	812	1033	1019	1713	2711	2913	2312	1378	1743
AAEL020642	545	369	443	357	372	486	400	392	443	462	391	560
AAEL022930	1549	1042	1229	1027	972	1592	1240	1735	1788	1221	1323	1754
AAEL021024	682	344	513	429	346	443	275	437	379	284	246	425
AAEL015265	1	0	0	0	3	0	3	3	0	0	0	1
AAEL020714	1	0	0	4	0	1	3	0	2	3	3	6
AAEL015267	0	0	1	0	0	0	5	1	0	0	1	1
AAEL015079	5	10	7	0	0	5	8	0	6	4	2	1
AAEL015077	1080	655	627	876	870	991	631	810	1098	680	810	950
AAEL012964	10692	6958	7906	7601	7394	7874	7173	9036	10622	8125	7798	10532
AAEL020862	65	34	21	20	36	17	18	14	46	13	29	28
AAEL025329	5	6	2	1	0	0	2	4	3	2	2	7
AAEL021816	2	0	0	0	0	2	1	0	1	0	1	0
AAEL026256	207	181	157	139	144	235	165	119	150	191	222	184
AAEL011387	672	473	492	353	438	450	424	471	679	461	534	508
AAEL012962	376	301	300	266	345	302	194	295	389	210	263	278
AAEL021162	276	189	263	155	166	147	203	241	164	214	108	353
AAEL019990	4367	3249	2071	920	1068	2914	3463	3659	5159	1727	3765	4453
AAEL023598	1	3	3	4	1	1	19	13	11	10	30	16
AAEL014720	560	333	389	385	392	404	262	369	451	282	377	592
AAEL022712	716	600	633	646	902	769	401	593	801	454	562	498
AAEL027287	123	110	113	111	160	139	113	116	107	141	90	159
AAEL014719	733	636	727	725	843	564	519	2821	832	580	674	1195
AAEL026758	157	83	112	116	136	101	94	75	73	111	82	104
AAEL022839	20	23	26	13	10	12	20	21	22	22	25	39
AAEL023069	2438	1790	2464	3106	3673	2989	892	1644	1609	1508	1753	2266
AAEL026639	5	11	3	2	0	4	0	0	0	6	0	1
AAEL013679	575	368	494	563	672	677	345	390	362	434	430	578
AAEL023023	0	0	0	0	0	0	0	0	0	0	0	0
AAEL011728	2744	1804	1816	1828	1564	2281	1404	2049	2457	1714	2073	2956
AAEL011730	180	131	134	80	85	49	82	136	76	64	51	51
AAEL011727	27	24	23	12	10	11	42	43	45	28	23	26
AAEL011718	221	183	177	216	346	198	182	193	280	197	212	216
AAEL022615	269	263	158	910	800	438	75	78	74	130	218	182
AAEL011719	568	393	449	359	457	376	283	382	419	363	288	484
AAEL014389	383	277	407	410	551	346	184	325	333	257	267	365
AAEL023366	7	1	4	2	7	3	5	1	3	2	1	6
AAEL019539	1297	866	1022	776	637	862	950	1258	1220	800	891	1556
AAEL025601	0	0	0	0	0	0	1	0	0	0	0	0
AAEL025449	17	5	20	0	0	2	37	22	35	37	54	49
AAEL021676	364	271	279	257	186	193	246	281	336	233	237	342
AAEL015559	6	2	10	5	3	6	6	12	14	9	5	1
AAEL022060	98	97	96	75	116	81	80	59	84	101	61	93
AAEL022855	870	627	741	647	526	544	448	629	685	644	468	666
AAEL015095	128	83	78	107	121	127	146	193	197	179	157	181
AAEL027829	96	72	67	1868	2043	2349	157	970	695	316	1555	1569
AAEL014551	1567	530	936	3376	3676	2170	452	363	435	862	3242	4174
AAEL020599	140	212	235	87	77	16	69	171	280	16	56	41
AAEL026728	0	0	0	0	0	0	0	0	0	0	0	1
AAEL022233	3	5	1	1	0	0	0	2	1	0	0	6
AAEL008118	78	74	78	55	91	84	127	66	108	61	100	89
AAEL008109	78	49	71	53	70	47	77	67	78	91	74	109
AAEL008101	563	640	633	393	446	413	545	574	518	498	431	718
AAEL001008	373	238	306	354	536	313	199	279	265	207	250	369
AAEL002153	14	4	2	1	12	9	7	8	6	11	5	10
AAEL027812	8	0	2	4	3	4	2	0	2	10	4	1
AAEL002159	235	147	163	157	198	200	118	168	225	114	147	161
AAEL002139	309	172	218	269	329	206	175	211	261	192	212	269
AAEL002175	1842	1099	1176	1902	1788	1913	847	1553	1456	1038	1417	1856
AAEL020161	8	0	1	0	1	1	0	0	1	0	0	6
AAEL024933	6	5	3	0	9	2	0	0	1	0	0	8
AAEL002170	1024	719	678	1067	1534	1602	426	664	714	770	679	1131
AAEL022090	0	0	0	0	0	0	0	0	0	0	0	0
AAEL025780	0	0	0	0	0	0	0	0	0	0	0	0
AAEL021078	0	0	0	0	0	2	0	1	0	0	0	3
AAEL002158	5911	4087	4920	6108	7740	5674	4427	6040	6529	7690	6409	10843
AAEL024183	62	7	49	41	4	11	16	15	6	41	4	27
AAEL002152	1131	674	578	727	677	916	692	914	1014	742	883	1328
AAEL002176	410	339	396	276	655	261	191	236	241	217	188	310
AAEL002161	489	366	476	459	612	388	282	324	395	379	313	353
AAEL002157	578	429	384	480	541	516	420	418	628	483	449	445
AAEL002135	342	251	316	576	820	667	156	223	267	286	379	468
AAEL002148	460	372	463	468	806	450	283	378	485	370	399	416
AAEL002163	1664	1182	1080	1802	1947	2719	1080	1679	1643	1596	2305	3143
AAEL022440	0	0	0	0	0	0	3	0	3	1	0	2
AAEL020697	10	6	1	4	7	5	6	8	8	3	15	7
AAEL002287	1474	875	872	931	804	1023	911	1957	1466	912	1082	1106
AAEL023630	1	9	1	3	28	7	14	0	1	6	11	22
AAEL021698	11	6	14	2	8	10	29	15	36	23	22	32
AAEL028126	0	1	0	0	1	1	1	0	1	0	0	1
AAEL027370	0	0	0	0	0	0	0	0	0	0	0	0
AAEL014655	10	6	6	9	6	12	7	11	16	11	10	22
AAEL026744	190	166	227	325	218	316	62	40	62	184	368	613
AAEL020841	0	0	0	0	0	0	0	0	0	0	0	0
AAEL014656	0	3	0	0	1	0	7	0	0	1	1	0
AAEL014657	1227	879	1108	2468	3215	1410	589	643	683	942	911	1168
AAEL024769	2	0	1	2	1	0	2	2	1	0	0	0
AAEL024484	29	22	28	22	20	16	19	35	32	20	16	30
AAEL015128	3	0	0	2	1	0	1	0	1	0	0	1
AAEL015127	595	429	475	307	326	262	445	443	386	473	345	673
AAEL021103	603	392	381	380	401	499	388	505	644	331	538	528
AAEL023395	36	29	17	3	0	53	149	130	150	33	70	112
AAEL013823	1334	1073	900	665	533	1135	802	1124	1238	667	732	1178
AAEL017391	10496	6707	5023	2604	2234	6288	8589	8996	9599	5066	7467	12700
AAEL013600	1489	815	1034	1030	710	953	1190	1431	1685	1238	1479	1979
AAEL023829	861	678	564	401	337	800	849	1039	1299	664	851	1097
AAEL026819	75	34	52	100	128	143	54	58	64	63	111	118
AAEL025035	1	1	9	4	1	1	0	3	0	3	0	5
AAEL020508	4868	3077	2413	2039	1667	3712	3616	4712	4677	2614	3675	6252
AAEL022743	538	510	383	230	236	446	512	456	639	544	540	1066
AAEL010712	474	305	229	43	90	373	896	982	1236	504	967	1131
AAEL020321	0	0	0	0	0	0	1	0	1	1	0	0
AAEL010710	113	26	162	14	29	89	144	70	81	61	156	84
AAEL021121	0	0	0	0	0	0	1	0	0	1	0	0
AAEL020100	0	0	0	0	0	0	0	0	0	0	0	0
AAEL027520	28	22	26	32	46	35	20	32	55	19	28	40
AAEL001094	982	772	669	920	1081	1312	803	1063	1206	860	1357	2576
AAEL001099	2366	1602	1565	1220	973	1636	1378	1816	1913	1375	1463	2089
AAEL001086	293	258	265	275	189	217	152	196	227	182	170	243
AAEL025612	8	30	16	6	16	13	1	3	6	18	7	16
AAEL022505	989	631	809	806	1007	692	446	627	637	592	535	782
AAEL001080	207	203	207	241	299	255	131	179	324	161	187	175
AAEL021491	1653	1186	1338	912	611	1010	1340	1343	1760	1564	1133	2421
AAEL020806	0	0	1	1	0	0	0	0	0	0	1	0
AAEL027383	0	1	1	1	7	5	1	1	1	6	0	2
AAEL001439	694	576	710	717	944	680	345	432	585	448	452	481
AAEL001433	244	144	133	82	167	189	216	207	345	164	212	352
AAEL024862	0	0	0	0	0	0	0	0	0	0	0	0
AAEL024804	2	3	14	1	4	11	7	17	34	4	41	113
AAEL024396	137	53	52	63	30	44	195	321	289	125	200	254
AAEL025892	0	0	0	0	0	0	4	1	2	1	0	4
AAEL001427	409	197	282	625	681	321	141	180	237	195	245	238
AAEL020190	0	0	0	0	0	1	0	1	0	1	0	0
AAEL021728	790	707	742	1126	1513	856	353	397	337	533	369	958
AAEL024917	0	2	0	1	2	1	0	0	4	1	0	1
AAEL026142	639	473	753	407	611	398	314	469	398	379	347	533
AAEL021179	108	148	125	388	1146	429	45	46	59	106	318	331
AAEL014518	366	214	277	155	131	167	255	293	297	301	203	309
AAEL027083	6	2	1	1	0	1	2	4	5	0	4	4
AAEL028194	0	0	0	0	0	0	4	0	0	0	0	3
AAEL009016	130	48	61	94	112	82	36	43	59	58	54	100
AAEL009017	421	415	536	623	658	497	289	304	301	248	230	414
AAEL025929	427	360	427	468	367	289	197	271	276	228	190	391
AAEL017081	1785	1069	1185	1641	2255	1400	1204	1269	1431	1493	1354	1561
AAEL014295	419	311	440	344	480	420	275	391	353	385	291	486
AAEL022448	12	16	27	11	15	9	5	6	10	11	7	11
AAEL012552	9262	5816	7052	7928	9684	6872	5794	7568	8864	6073	7039	6433
AAEL018212	1575	1373	1668	1033	946	1078	966	1392	1162	996	963	1578
AAEL012551	254	208	276	162	194	178	124	236	215	222	128	276
AAEL028232	0	0	0	1	0	3	0	0	1	0	0	1
AAEL012549	1212	705	713	2261	2115	1974	919	897	1654	1633	2032	1802
AAEL014853	61	52	20	29	35	50	69	95	98	68	60	97
AAEL026305	6	5	4	18	4	3	6	5	3	9	5	4
AAEL022862	6	0	2	0	0	0	2	0	2	1	0	8
AAEL028236	64	20	19	41	48	59	39	425	72	47	34	51
AAEL021231	54	35	39	39	80	40	22	73	52	30	42	39
AAEL025093	0	0	0	0	0	0	0	4	0	0	0	0
AAEL026915	282	129	142	73	311	229	200	285	287	301	156	313
AAEL028087	122	123	72	37	66	158	145	116	253	87	196	284
AAEL027088	1323	851	950	655	675	861	634	989	1088	649	767	1192
AAEL022244	0	0	1	0	0	0	0	0	0	0	0	0
AAEL028176	0	0	0	0	0	1	1	1	0	1	0	4
AAEL027809	382	355	253	519	598	172	100	118	360	171	98	146
AAEL014583	63442	43548	51254	53865	88288	53201	40788	27694	51802	40203	37765	33182
AAEL017843	0	0	0	3	0	1	0	0	0	0	1	0
AAEL020909	4	2	11	1	6	5	3	1	1	3	2	5
AAEL015640	413	265	332	288	316	230	247	477	345	319	242	457
AAEL021566	11	20	9	16	7	23	14	5	7	17	9	17
AAEL023617	470	411	384	403	493	464	245	423	464	315	337	374
AAEL021570	14	11	19	11	23	15	9	9	14	5	18	11
AAEL019733	2445	1661	1706	1068	808	1391	2510	1800	2399	1816	1885	2787
AAEL020482	92	46	61	66	111	61	52	76	99	71	75	68
AAEL028129	217	140	110	116	117	180	158	106	161	75	158	248
AAEL023628	1	2	0	0	72	2	2	0	0	2	0	4
AAEL020033	707	483	446	271	244	543	574	3576	1887	875	789	1500
AAEL013076	1984	1422	1613	1264	1249	1321	781	1354	1358	927	1071	1319
AAEL013075	7883	6912	4987	4644	4379	10247	4213	4975	7901	3601	5904	5026
AAEL013077	229	232	205	315	580	451	386	392	527	390	353	454
AAEL013078	1900	976	1489	924	1111	1002	583	724	928	544	759	821
AAEL028002	16	15	5	15	2	13	39	36	47	35	52	70
AAEL019087	0	0	0	0	0	0	0	0	0	0	0	0
AAEL019086	0	0	0	0	0	0	0	0	0	0	0	0
AAEL026089	371	790	354	285	343	415	304	279	499	633	599	389
AAEL013263	266	247	372	156	123	144	105	107	84	173	85	279
AAEL013265	286	231	229	263	357	376	149	209	296	192	190	292
AAEL013262	320	231	262	3325	1993	2829	189	173	188	586	1129	4768
AAEL027043	0	0	0	0	0	0	1	0	0	0	0	0
AAEL020559	3492	2734	2257	4611	3814	4880	2872	2964	4426	2720	4684	6854
AAEL024179	2549	2129	1700	2021	1874	2759	1505	3314	2322	1522	1921	2405
AAEL026769	174	84	108	96	232	134	105	89	128	60	96	139
AAEL022443	259	206	228	186	194	176	166	186	212	228	137	256
AAEL014000	236	173	153	162	175	177	151	183	167	159	130	218
AAEL024205	0	0	0	0	0	0	1	0	3	0	2	0
AAEL021100	47	73	25	16	10	20	103	50	56	79	60	106
AAEL025315	0	0	1	0	0	0	0	0	0	0	0	0
AAEL027112	1	0	0	0	0	0	0	0	0	0	0	0
AAEL021654	1	5	2	5	2	3	2	0	0	1	1	1
AAEL022178	0	0	0	0	0	0	0	0	0	2	0	0
AAEL020619	62	34	24	21	12	33	72	124	141	66	84	22
AAEL022603	0	0	0	0	0	0	0	0	0	0	0	0
AAEL022481	0	0	0	0	0	0	0	0	0	0	0	0
AAEL028024	0	1	0	1	0	0	2	2	2	0	3	2
AAEL025107	0	6	1	0	1	0	0	0	3	1	1	3
AAEL023663	0	0	0	0	0	0	2	2	2	0	2	0
AAEL024777	3	18	13	2	7	2	17	39	64	10	58	65
AAEL020094	0	13	4	6	3	2	2	12	22	11	40	12
AAEL023728	1	19	3	5	0	7	5	3	18	15	38	11
AAEL021101	0	1	3	0	0	1	2	0	0	1	0	1
AAEL027338	4	23	24	10	4	16	2	63	105	3	38	276
AAEL021467	0	9	1	2	2	4	0	1	6	3	11	6
AAEL025085	0	1	0	0	0	0	0	1	6	0	0	1
AAEL024103	0	0	0	0	0	0	0	0	0	0	0	0
AAEL026630	0	15	1	6	7	4	12	12	27	9	29	18
AAEL024231	1	3	4	1	1	1	0	5	17	1	23	32
AAEL021310	0	7	7	4	1	2	1	8	20	0	17	35
AAEL024822	0	0	0	0	0	0	0	0	0	0	0	0
AAEL021747	0	0	0	0	0	0	0	0	0	0	0	0
AAEL020086	0	0	0	0	0	0	0	0	0	0	0	0
AAEL024403	0	0	0	0	0	0	0	0	0	0	0	0
AAEL024749	3	4	2	2	0	0	5	2	3	2	4	7
AAEL027800	1	0	2	6	0	1	3	0	1	5	2	1
AAEL021791	10	4	10	11	19	6	10	17	8	10	3	8
AAEL024123	1	0	7	0	1	0	7	0	3	2	0	2
AAEL027311	26	42	36	15	45	11	9	19	34	12	7	10
AAEL001290	0	2	0	0	0	0	0	0	2	0	0	1
AAEL022681	2	0	0	0	0	0	0	0	0	0	0	0
AAEL001319	136	115	214	48	108	79	39	56	73	43	30	82
AAEL020899	7	0	0	0	2	1	8	2	3	7	2	7
AAEL021370	0	3	8	5	7	1	0	1	1	7	2	0
AAEL020203	2734	1993	2122	1529	1147	1584	2412	2745	2420	2403	2015	4606
AAEL023806	0	0	1	0	0	1	0	0	0	0	1	0
AAEL010987	0	1	1	1	0	0	1	0	0	2	0	5
AAEL020864	0	0	0	0	0	0	0	0	0	0	2	0
AAEL009250	542	300	360	310	316	387	361	485	529	388	388	528
AAEL024431	0	1	0	2	0	0	5	1	0	0	1	0
AAEL009249	391	267	223	387	281	691	337	261	361	410	1052	1597
AAEL020359	1983	1711	1636	1215	1197	1061	1224	1660	1374	1374	1136	1673
AAEL022389	2	1	4	1	0	2	7	1	3	2	5	9
AAEL015238	549	347	411	643	753	694	346	301	491	468	447	610
AAEL027002	1379	993	775	770	542	1169	1284	1495	1750	1091	1480	2054
AAEL025506	0	0	0	0	0	0	0	0	0	0	0	0
AAEL025090	0	0	0	0	0	0	0	0	0	0	0	0
AAEL021061	70	54	67	75	65	64	38	37	53	55	61	72
AAEL010206	3371	1826	2194	1555	1691	1249	1070	1591	2635	952	1401	973
AAEL013818	801	544	615	525	585	587	429	608	617	438	523	710
AAEL013816	966	705	872	647	777	587	557	820	820	748	607	949
AAEL013814	104	75	79	59	52	56	51	68	54	84	48	99
AAEL023635	798	482	562	464	406	474	375	449	468	494	433	658
AAEL020503	0	0	0	0	0	1	0	0	0	2	3	1
AAEL024896	0	1	0	0	0	0	0	0	0	0	1	1
AAEL013822	655	471	582	417	422	320	444	355	445	512	281	480
AAEL024989	0	0	0	0	0	0	0	0	0	0	0	0
AAEL026489	0	1	0	0	0	2	0	0	1	0	0	0
AAEL013813	1350	1027	1226	1090	973	1018	773	582	1031	868	743	969
AAEL014749	1218	1040	839	1367	1462	1682	604	1071	1267	776	1366	2124
AAEL025184	0	0	0	1	1	1	5	0	3	2	5	9
AAEL014752	0	0	0	2	1	0	0	0	0	1	0	2
AAEL025907	2	2	0	4	0	4	2	5	3	4	0	12
AAEL025820	0	0	0	0	0	0	0	0	0	0	0	0
AAEL023228	0	2	0	0	0	0	0	0	0	0	0	0
AAEL020854	2	2	0	1	0	3	6	3	2	1	0	1
AAEL024519	110	112	87	88	111	129	118	148	185	136	116	125
AAEL024661	4	2	2	1	3	0	3	1	2	4	1	0
AAEL020641	8	14	4	0	0	7	13	11	14	10	7	7
AAEL002211	11	4	1	2	0	1	17	1	1	0	4	0
AAEL022024	0	0	0	2	0	0	0	2	2	0	0	0
AAEL019626	1639	1027	1141	1038	686	1244	1436	1706	1549	1189	1074	1694
AAEL028131	0	0	0	0	0	0	0	0	0	0	0	0
AAEL021514	0	0	14	0	13	2	1	3	4	6	1	0
AAEL015356	522	451	528	582	450	415	357	264	463	411	354	575
AAEL012737	46	28	63	20	16	16	4	3	3	21	9	28
AAEL012740	53215	41150	34579	27779	45252	45886	34425	42330	63918	29928	35613	35280
AAEL025553	50816	29275	41428	41122	66377	37273	30135	21270	36643	29861	29827	26426
AAEL012741	203	144	142	127	109	138	151	168	164	121	177	236
AAEL024982	529	383	430	377	370	430	259	295	413	327	373	588
AAEL023750	483	286	416	257	118	285	285	246	371	328	328	512
AAEL013653	3065	2333	1934	1249	1016	2227	2498	2735	3158	1708	2576	3237
AAEL026742	3	8	4	4	0	6	14	3	7	10	2	10
AAEL022336	0	0	1	0	0	0	0	0	0	0	0	0
AAEL026894	2021	1190	1325	1906	1780	1475	1185	1698	1852	1425	1629	2425
AAEL013652	920	591	687	684	863	672	494	541	740	572	519	608
AAEL020982	1	0	0	0	0	0	0	0	0	0	0	0
AAEL026779	3	3	0	0	0	0	0	0	5	0	4	7
AAEL025493	1	0	1	0	0	0	0	1	1	1	1	4
AAEL019481	782	606	518	168	125	613	2231	1550	2004	693	1538	2475
AAEL021973	1	2	3	1	4	1	6	3	6	5	5	6
AAEL009531	594	190	321	2404	1157	1433	420	95	263	373	1380	1228
AAEL009530	1640	968	1087	1677	1510	1484	1124	942	1352	1288	1406	1864
AAEL019656	5614	3742	4496	4369	4658	3843	2703	2812	4080	2991	2989	5191
AAEL021412	0	0	0	0	0	0	0	1	1	0	0	0
AAEL025943	0	0	0	0	0	0	1	0	0	0	0	0
AAEL012861	1331	1005	928	1106	724	918	898	1063	1472	903	1134	1197
AAEL024432	0	0	0	0	0	0	0	0	0	0	0	0
AAEL021234	0	0	0	0	0	0	0	0	0	0	0	0
AAEL023911	11	14	14	15	15	23	12	14	16	5	13	14
AAEL009538	456	317	356	314	378	381	255	375	408	315	279	363
AAEL004397	843	558	403	740	626	817	511	748	821	528	673	950
AAEL020065	0	0	0	0	0	0	0	0	2	0	0	0
AAEL026603	49	37	13	21	16	84	13	31	72	31	158	206
AAEL004392	436	110	230	175	187	96	121	156	254	98	106	141
AAEL014197	0	0	0	0	0	0	0	1	0	1	0	0
AAEL019038	0	0	0	0	0	0	0	0	0	0	0	0
AAEL019039	0	0	0	0	0	0	0	0	0	1	0	1
AAEL014196	51	58	49	92	145	69	41	42	48	37	50	105
AAEL026398	0	0	0	0	1	0	0	0	0	0	0	0
AAEL023376	0	1	0	0	8	1	8	192	201	286	252	2016
AAEL022453	102198	87312	123547	3680	15229	3211	10922	1273	485	5855	4149	20310
AAEL027068	152234	129808	225511	7677	31674	4255	24293	10043	3373	20115	7258	42237
AAEL021226	1	0	1	0	0	0	0	0	0	0	0	0
AAEL022823	0	0	0	0	4	0	0	0	1	0	0	0
AAEL024438	1131	1085	1284	1895	1751	914	477	174	494	488	1578	1315
AAEL026472	0	0	0	0	0	0	0	0	0	0	0	0
AAEL020983	49	28	35	25	39	26	20	155	63	60	70	61
AAEL023359	0	0	0	0	0	0	0	0	0	0	0	0
AAEL027294	1	0	0	2	1	4	0	0	0	0	6	0
AAEL007619	727	736	479	651	686	1100	819	1831	1636	828	1320	1927
AAEL007607	29	14	19	37	69	38	44	27	32	67	29	71
AAEL021909	1	3	0	2	0	0	2	0	4	0	2	2
AAEL027869	0	0	3	3	2	1	1	1	0	3	1	3
AAEL026004	0	0	1	2	6	0	6	1	0	4	3	0
AAEL010620	274	142	235	301	407	250	202	176	230	203	203	254
AAEL019521	884	581	519	691	601	921	628	654	904	768	990	1284
AAEL010609	1	7	1	3	9	1	2	2	0	4	7	7
AAEL007615	0	0	0	0	0	0	0	0	1	0	0	1
AAEL019520	0	0	0	0	0	0	2	0	1	2	0	0
AAEL026297	671	522	494	428	430	566	479	952	695	615	710	1482
AAEL026478	223	169	181	86	88	122	276	257	371	178	231	171
AAEL023603	10841	9699	8908	4976	5259	6781	5577	8938	7584	6732	5593	9468
AAEL023377	5	0	0	0	1	2	3	0	1	0	0	4
AAEL015216	1855	1362	1422	1413	1600	1554	1254	1166	1455	1231	1306	1314
AAEL013656	2482	2022	2467	5497	6691	3987	1394	1637	2343	1924	3064	6153
AAEL023748	8	3	1	12	0	3	10	8	12	13	11	14
AAEL023745	815	559	569	156	98	310	769	598	688	713	730	1303
AAEL010214	7	4	2	3	3	2	1	4	4	3	1	4
AAEL021387	1038	829	819	439	414	471	607	1026	809	660	480	1273
AAEL025993	3732	3073	3268	2204	3336	1785	1332	1613	1577	1695	1617	3101
AAEL020588	0	1	0	0	0	0	0	0	0	0	0	0
AAEL018189	33	6	53	37	54	25	37	18	40	26	25	46
AAEL023752	0	0	0	0	0	0	0	0	1	0	0	1
AAEL010205	6721	5783	3824	3743	5381	9258	8351	8750	11990	6809	7526	9085
AAEL022184	128	64	67	144	171	92	104	172	151	102	63	104
AAEL020960	1367	1094	1299	717	1258	720	569	749	818	618	668	679
AAEL023198	6	2	2	0	1	5	1	0	1	2	1	2
AAEL003781	317	239	270	181	194	208	108	160	189	117	169	209
AAEL022119	2	0	1	4	1	1	1	3	2	0	3	0
AAEL003809	6	1	1	0	2	1	1	2	0	1	5	1
AAEL003810	7	1	2	3	1	4	1	0	0	2	0	1
AAEL008232	1241	978	904	1158	1102	895	927	1212	1341	1315	989	1190
AAEL003774	720	511	752	634	871	702	361	457	527	503	404	608
AAEL003806	54	23	13	7	6	15	55	46	95	132	54	56
AAEL026572	4	3	5	2	37	4	1	2	0	3	2	8
AAEL003791	764	521	542	485	624	604	266	397	445	275	382	449
AAEL027410	8	5	2	9	12	4	1	3	5	14	4	4
AAEL026062	2	10	5	9	5	10	5	3	4	4	3	6
AAEL024928	8	5	4	11	16	2	3	2	1	1	9	5
AAEL022914	40	21	41	8	13	15	27	37	58	24	28	39
AAEL003812	2022	1532	1517	1477	1208	1676	1496	2188	2346	1419	1372	2369
AAEL024128	11	7	13	9	3	4	4	11	17	5	14	20
AAEL003782	100	56	44	65	92	129	119	140	153	107	115	122
AAEL027894	0	0	0	0	0	0	1	0	0	0	0	1
AAEL003803	223	92	84	46	70	26	150	151	277	133	73	69
AAEL018919	0	0	0	0	0	0	0	0	0	0	0	0
AAEL024045	0	0	0	0	0	0	0	0	0	0	0	0
AAEL003789	2332	1583	1607	1255	946	1755	1893	2722	2609	1880	1818	3229
AAEL026068	0	3	1	1	5	1	2	1	2	1	1	2
AAEL022774	8	30	36	48	47	72	1	4	4	2	11	42
AAEL003813	13	49	44	53	24	49	17	20	13	4	16	21
AAEL021952	356	133	207	166	284	98	94	185	144	185	153	184
AAEL023552	309	88	98	130	182	160	140	93	193	162	143	145
AAEL021175	347	239	299	332	584	323	196	198	184	271	183	271
AAEL003776	467	396	403	465	571	461	245	336	381	385	351	427
AAEL020563	15	30	42	15	15	17	46	30	45	53	42	32
AAEL027914	606	463	372	281	323	587	367	424	469	397	485	612
AAEL019900	1109	1246	692	310	279	1064	1218	1826	1278	590	915	2030
AAEL014704	865	701	786	771	879	889	484	793	886	540	661	680
AAEL014702	3497	2658	3032	4183	5944	4076	2164	2162	3116	2138	2802	2702
AAEL019425	1156	981	850	884	848	1032	989	962	1200	808	910	1386
AAEL014705	420	316	295	417	559	455	199	328	361	283	275	358
AAEL020437	14	9	8	15	10	3	8	4	6	5	3	7
AAEL012431	235	314	283	190	163	173	173	570	191	436	138	465
AAEL023736	0	0	0	0	0	0	0	1	0	0	0	1
AAEL022545	0	0	0	0	0	0	1	0	0	1	0	0
AAEL010858	0	0	0	0	2	2	0	1	1	2	0	3
AAEL010853	19	5	25	6	1	4	13	19	11	10	8	18
AAEL012430	155	95	93	295	234	317	123	107	136	155	235	250
AAEL007465	893	394	375	346	172	692	1335	2113	1970	887	1385	2492
AAEL007455	94	74	153	76	57	115	38	59	83	58	126	245
AAEL007461	260	149	169	180	184	209	97	182	183	140	129	177
AAEL007464	193	154	140	132	164	124	117	149	124	158	116	147
AAEL027533	154	119	104	89	68	78	94	162	169	83	129	162
AAEL007468	448	305	322	297	262	358	280	253	331	254	253	313
AAEL024905	6	0	1	0	18	4	3	0	2	0	0	0
AAEL007469	1486	1149	1339	1172	1196	938	836	952	948	1002	748	1072
AAEL007456	106	82	161	73	144	117	117	65	100	110	60	91
AAEL023625	1137	936	979	954	739	980	681	981	927	746	761	896
AAEL023222	0	0	0	0	2	2	4	0	1	2	0	0
AAEL020458	0	0	0	0	0	0	3	0	2	0	0	1
AAEL026054	0	0	0	0	0	0	0	0	0	0	0	0
AAEL024875	0	0	2	2	0	0	1	1	0	0	0	0
AAEL007476	1881	1463	1448	882	790	1299	1333	1657	1904	1133	1352	1918
AAEL020543	799	654	692	682	592	568	507	579	700	518	520	602
AAEL028710	0	0	0	0	0	0	0	0	0	0	0	0
AAEL007458	640	342	540	190	196	198	472	210	228	585	207	831
AAEL023976	5	4	1	2	4	6	5	5	2	2	2	2
AAEL028216	0	0	0	0	0	0	0	0	0	0	0	0
AAEL024210	578	444	317	225	316	543	706	785	1010	504	800	1424
AAEL027512	127	93	103	84	101	86	81	156	130	96	73	153
AAEL005638	1842	1035	1131	1598	1710	1636	1852	1215	2564	1384	1848	1034
AAEL024005	65	49	41	19	18	65	119	77	106	85	103	100
AAEL023515	0	0	0	0	2	0	0	0	0	0	0	0
AAEL005628	1795	1229	1190	1309	1508	1688	1125	1116	2068	868	1327	937
AAEL005629	35049	23579	28164	31217	47614	29933	21335	15019	25449	23108	21339	19234
AAEL005635	1438	1077	1227	1284	1265	1217	691	776	983	756	838	1054
AAEL005631	426	395	376	371	303	218	180	447	377	328	314	577
AAEL022407	8	2	0	0	1	1	3	5	3	0	6	4
AAEL019735	819	622	717	870	1092	822	379	537	711	450	483	701
AAEL019736	8	10	17	26	9	9	29	10	12	7	12	5
AAEL005626	772	595	726	596	645	553	391	709	661	499	555	874
AAEL005639	1095	818	919	931	1103	822	568	877	1061	776	854	915
AAEL005634	2177	1300	1127	1314	769	1159	1243	2481	2097	1172	1023	1569
AAEL005633	65	24	32	11	10	31	145	91	121	72	50	135
AAEL023571	7	4	3	8	2	7	19	22	13	14	19	16
AAEL023200	0	0	0	0	0	0	0	0	0	0	0	0
AAEL022025	373	211	244	194	321	298	178	183	214	208	178	242
AAEL027455	1	1	0	0	0	5	1	0	0	0	1	1
AAEL005630	4	0	0	0	1	0	1	0	0	0	0	0
AAEL017238	5	0	1	2	1	9	7	7	5	2	9	10
AAEL027901	3	1	8	2	3	4	10	9	8	8	13	5
AAEL024164	90	40	61	61	97	64	79	100	194	115	107	76
AAEL007668	955	879	974	945	1357	802	485	741	828	624	704	746
AAEL025045	1751	1300	1307	1321	1076	1324	1167	1430	1760	1151	1396	1433
AAEL007667	335	117	75	24	7	61	254	215	210	146	140	435
AAEL027760	0	0	0	0	0	0	0	0	0	0	0	0
AAEL007664	287	80	175	129	26	161	174	134	195	92	125	284
AAEL010564	1	0	0	0	0	1	1	1	1	2	1	2
AAEL023367	0	0	0	2	0	3	0	0	7	0	0	0
AAEL020958	0	0	0	0	0	0	0	0	0	0	0	0
AAEL010558	958	538	550	1637	1904	2570	499	573	750	1229	2914	3057
AAEL010567	141	292	108	7	9	172	603	609	916	206	546	635
AAEL010570	72	55	47	13	32	93	84	92	152	57	108	84
AAEL010563	343	236	270	309	316	272	143	289	279	145	211	242
AAEL010569	653	453	580	658	653	584	368	537	544	408	580	827
AAEL026067	1	0	2	1	3	1	2	0	2	0	0	0
AAEL020768	15	6	0	9	13	8	0	11	11	6	1	12
AAEL022011	0	0	0	0	0	0	0	0	0	0	0	1
AAEL021286	0	0	0	0	0	0	0	0	2	2	0	0
AAEL010571	14	20	16	15	30	20	20	14	24	31	12	20
AAEL022205	0	0	0	0	0	0	0	0	0	1	0	0
AAEL010568	1230	984	908	838	498	955	606	940	918	584	574	1132
AAEL024184	4461	2206	3592	3018	3645	2204	1868	1762	2489	1705	2142	3562
AAEL018781	0	0	0	0	0	0	0	0	0	0	0	0
AAEL010559	648	426	519	801	831	742	332	468	459	507	525	874
AAEL021111	6	7	1	1	0	1	3	0	0	1	0	0
AAEL010561	522	485	351	348	426	661	359	434	642	470	668	851
AAEL010557	5	13	4	2	1	1	2	2	1	3	8	4
AAEL008031	118	96	75	46	49	119	113	130	210	135	148	203
AAEL025234	34	33	37	16	51	1	1	4	1	2	8	13
AAEL020762	11	41	48	23	12	14	59	59	33	15	12	52
AAEL022517	0	0	3	1	0	0	0	3	1	1	0	1
AAEL027909	4	1	3	3	1	1	0	0	0	0	1	0
AAEL026005	0	0	0	0	0	0	4	0	0	0	0	3
AAEL008029	250	187	221	159	170	159	167	156	157	247	119	200
AAEL008025	1718	1145	1370	2556	3220	1608	1160	1237	1664	1175	1226	1078
AAEL026492	0	0	0	0	0	1	0	0	0	0	0	0
AAEL028817	0	0	0	0	0	0	0	0	0	0	0	0
AAEL008027	1877	1559	1701	1212	939	1617	1471	2163	1753	1277	1309	3074
AAEL008032	157	102	94	121	128	180	181	197	243	218	216	271
AAEL008028	2080	1900	1761	1195	983	1521	812	589	1129	718	1183	2598
AAEL006825	284	206	163	103	289	363	308	362	520	346	391	440
AAEL023885	0	1	0	0	0	0	0	0	0	0	0	0
AAEL025084	4	2	2	7	3	2	2	1	2	6	0	0
AAEL021102	1	0	4	3	4	0	0	3	3	2	3	0
AAEL006823	824	528	923	877	519	576	295	131	293	265	285	422
AAEL006819	302	199	234	290	332	256	171	145	214	225	160	216
AAEL006832	182	92	148	43	47	95	143	126	134	122	105	162
AAEL006820	25637	18355	21301	15873	15008	14462	14069	13257	14776	15632	14682	25295
AAEL006826	11	9	3	9	9	8	5	516	247	118	13	12
AAEL006829	2723	2263	2650	4199	4825	3072	998	2113	1654	1626	1770	2015
AAEL006818	12	16	18	93	162	51	6	20	29	26	47	203
AAEL025627	1	1	2	1	0	6	5	5	1	3	1	1
AAEL025894	6	3	2	47	52	44	6	9	3	10	28	12
AAEL008468	3646	2346	2328	1508	1978	860	544	237	509	636	740	1411
AAEL025154	2	3	6	1	2	1	2	2	1	6	3	5
AAEL008467	137	78	103	293	205	56	5	20	8	77	15	15
AAEL026107	4	5	2	2	11	12	19	8	4	16	12	11
AAEL008462	1363	1068	743	706	557	1073	743	1090	1206	656	985	1356
AAEL008459	567	464	422	380	256	465	357	556	559	391	434	567
AAEL008465	381	401	388	316	282	357	249	433	330	317	322	572
AAEL008461	3908	3198	3002	2294	2958	3097	1663	3164	3362	1970	2324	3197
AAEL008458	193	183	199	213	249	166	107	114	193	168	183	193
AAEL022106	19	10	3	11	10	17	1	9	3	2	7	9
AAEL024043	0	1	0	0	0	0	0	0	0	0	0	0
AAEL021454	0	0	0	0	0	0	0	0	0	0	0	0
AAEL008466	33	39	33	40	34	58	53	44	75	43	36	43
AAEL025003	1	12	0	0	4	3	1	1	6	13	2	4
AAEL021766	0	0	0	0	1	0	4	0	0	0	0	0
AAEL020142	0	0	0	0	0	0	0	0	0	0	0	0
AAEL028010	0	0	0	0	0	0	0	0	0	0	0	0
AAEL008463	517	340	337	331	362	387	287	306	470	282	271	355
AAEL010856	72	34	52	61	106	83	48	72	105	82	65	85
AAEL010861	159	99	159	174	241	147	81	118	140	166	115	201
AAEL010863	8	9	11	4	4	8	15	14	8	13	7	35
AAEL010860	560	489	460	390	336	441	518	775	588	534	420	999
AAEL028039	5	2	0	0	0	0	1	4	6	2	2	1
AAEL010851	22	11	23	14	13	20	31	41	42	25	37	27
AAEL010850	6043	4469	4711	6114	7867	6666	4688	6389	6651	5136	4557	6062
AAEL026133	0	0	0	0	0	0	0	0	1	1	0	0
AAEL018786	0	0	0	0	0	0	0	0	0	0	0	0
AAEL010864	182	126	127	147	174	185	119	139	233	158	164	220
AAEL027158	0	0	0	0	0	0	0	0	1	0	0	0
AAEL010854	473	397	278	195	266	590	546	562	832	385	657	625
AAEL024441	1648	1246	1086	1148	993	1469	1083	1082	1552	820	1325	1791
AAEL010855	129	133	123	96	88	75	149	213	106	187	77	263
AAEL009324	1434	1036	1326	1022	1470	1158	745	646	845	713	889	715
AAEL024343	2780	2172	1929	1495	1586	2562	1863	2354	3039	1676	2063	2940
AAEL009328	24	12	16	0	9	2	5	7	20	16	9	7
AAEL009325	22	3	4	2	0	6	3	12	9	5	5	2
AAEL025647	521	548	507	907	1082	633	607	831	916	823	601	1002
AAEL021233	2	3	0	3	0	4	0	2	1	2	2	0
AAEL022652	7	0	0	2	0	0	0	0	3	0	1	0
AAEL009330	4812	3193	2591	2574	3180	5016	3064	1811	3178	2807	1692	2771
AAEL009323	505	306	205	448	377	552	722	278	531	495	329	386
AAEL023088	53	176	17	15	60	49	55	19	43	83	79	38
AAEL009326	2756	2196	1752	736	711	2211	1675	2342	2708	1342	2205	2698
AAEL026677	0	0	0	0	3	0	0	6	0	0	2	1
AAEL009327	77	26	33	8	10	22	105	87	110	69	96	81
AAEL027714	0	1	0	0	0	0	6	1	9	2	3	4
AAEL019876	73	44	62	78	67	64	51	71	77	48	72	107
AAEL014684	7	4	7	6	4	1	3	5	2	7	0	12
AAEL014678	0	0	0	0	0	0	0	0	0	1	0	0
AAEL025850	0	0	0	0	0	0	0	0	0	0	0	0
AAEL019877	538	319	409	601	523	471	205	324	389	266	291	450
AAEL024766	0	0	0	0	0	0	0	0	0	0	0	0
AAEL019072	0	0	0	0	0	0	0	0	0	0	0	0
AAEL020151	1996	1543	1582	974	510	1070	1282	2168	1835	1451	1284	2568
AAEL009469	101	42	51	19	38	67	32	34	76	31	58	35
AAEL009458	127	77	87	305	418	312	100	97	140	174	241	212
AAEL009464	33	16	17	34	54	36	9	11	15	13	19	28
AAEL009471	20	9	11	18	40	23	16	13	10	18	12	17
AAEL025913	2	0	0	0	0	0	2	1	3	1	2	3
AAEL009463	6	20	9	22	26	26	29	14	10	28	14	8
AAEL023991	1156	768	829	4043	2352	3293	719	1113	1992	624	4394	8324
AAEL009473	15	11	9	5	12	15	20	15	27	17	28	39
AAEL009466	902	620	493	580	749	805	937	976	1205	728	865	1001
AAEL025964	4	0	0	6	1	1	5	3	6	0	0	4
AAEL025906	1008	726	837	707	973	774	535	555	727	557	529	664
AAEL009467	1526	658	613	1622	1443	1803	666	1320	1599	1228	1892	2543
AAEL009465	770	751	834	753	751	671	515	581	598	640	533	655
AAEL020079	0	0	0	0	0	0	0	0	0	0	0	0
AAEL021953	836	474	591	559	596	576	476	577	667	460	503	668
AAEL027821	1125	876	611	229	338	1097	789	931	1388	538	1044	1055
AAEL026227	2121	1478	1478	1289	731	1258	1300	2064	2072	1341	1429	2244
AAEL014009	0	2	3	0	3	2	1	1	0	1	0	1
AAEL014010	4	2	1	0	2	2	2	0	1	0	0	0
AAEL026323	168	72	101	42	39	93	166	212	211	118	106	142
AAEL027595	1	0	1	1	2	1	5	18	4	2	7	10
AAEL024866	1	1	0	2	1	0	0	0	3	0	0	1
AAEL002047	37852	23619	31867	32126	54043	27838	23019	15447	26745	23036	22028	19483
AAEL002084	1464	1021	1066	1281	1237	1176	922	1115	1337	991	1001	1175
AAEL002048	2009	1805	1749	1453	1346	1727	918	1505	1653	1089	1432	1575
AAEL002078	450	351	378	422	416	477	326	316	398	505	416	498
AAEL026571	1388	1025	966	895	812	1282	741	1422	1325	726	1082	1315
AAEL002072	2	1	2	11	2	6	2	1	0	2	0	14
AAEL002077	1987	1451	1631	1718	1510	2052	1127	1783	2028	1229	1613	1898
AAEL013959	226	164	103	75	126	215	190	210	333	183	211	238
AAEL027963	0	0	0	0	0	0	0	0	0	0	0	0
AAEL009018	4401	1265	3020	2753	3016	3691	2161	4606	3229	2462	4196	1745
AAEL027109	0	0	4	0	0	0	3	0	1	0	1	1
AAEL025438	410	230	252	293	333	318	427	433	552	411	314	401
AAEL018948	0	0	0	0	0	0	1	0	0	0	0	0
AAEL021928	0	0	0	0	0	0	1	0	0	0	0	0
AAEL026486	2693	1857	1971	1569	1034	1783	1861	1867	2264	1603	1734	2887
AAEL020950	224	126	138	163	262	289	225	307	475	280	294	288
AAEL012809	249	149	167	171	161	197	100	126	177	165	125	210
AAEL020095	1840	1209	1454	1405	1531	1486	987	1512	1510	1052	1157	2074
AAEL025503	114	40	55	100	57	96	50	99	110	74	119	179
AAEL024977	50	56	61	28	86	39	18	26	29	30	67	11
AAEL012298	131	46	81	76	109	135	111	90	143	128	133	124
AAEL012297	582	353	428	739	717	410	396	401	466	421	452	735
AAEL001236	930	651	669	801	947	1182	615	670	721	772	1069	1434
AAEL021704	3	7	2	7	18	1	0	2	2	9	12	26
AAEL028056	669	241	310	175	102	292	482	355	431	440	351	707
AAEL014333	5	2	3	3	3	7	4	6	5	1	3	7
AAEL027069	93	51	50	43	31	53	66	86	88	65	34	53
AAEL014331	1043	713	737	1015	1200	942	564	693	851	654	710	961
AAEL025658	296	220	260	659	542	588	191	512	345	654	1272	1106
AAEL021548	2907	2138	2245	1853	1483	1957	2002	1914	2556	1669	1930	2361
AAEL025656	653	471	577	858	808	754	330	439	541	440	459	760
AAEL014505	2678	1745	2514	1976	3023	1730	1506	1734	2251	1831	1683	1713
AAEL014501	358	280	298	406	471	377	167	296	288	275	277	392
AAEL017994	247	154	112	290	164	275	259	1413	664	428	281	221
AAEL023041	2	10	3	8	4	8	5	6	13	12	4	12
AAEL026253	3139	2078	2206	2861	2380	2642	1713	2685	2500	2282	2665	4374
AAEL022053	1	0	0	0	2	0	1	1	0	2	2	0
AAEL009657	0	0	0	0	0	0	0	0	0	0	0	0
AAEL009650	217	120	149	167	121	145	108	183	138	106	112	152
AAEL009649	1298	988	1325	1122	1040	917	872	878	1096	1042	785	1326
AAEL009646	8483	6365	5988	6188	5205	7553	5573	6585	8117	4991	7155	8938
AAEL009656	2	1	0	1	0	5	3	0	4	1	0	3
AAEL009645	4142	2726	2767	6144	8393	8313	2823	3523	3639	3319	5163	7295
AAEL024053	1726	1137	1152	1052	868	1199	1193	1308	1544	1087	1280	1608
AAEL007388	58	37	41	33	62	70	57	63	116	71	70	73
AAEL007268	617	292	371	145	143	303	921	532	561	579	597	1554
AAEL024913	1989	1111	1235	2774	2547	2243	1131	1719	2020	1511	1790	2308
AAEL027877	5	4	1	4	3	0	0	3	1	0	1	6
AAEL020162	215	129	179	185	137	129	107	122	194	159	255	243
AAEL013802	3	0	1	0	2	3	3	96	46	31	1	6
AAEL013803	205	159	278	178	172	129	156	242	211	206	164	252
AAEL011818	83	47	62	27	50	61	54	113	97	65	63	70
AAEL025815	270	235	314	333	333	258	199	271	332	235	247	282
AAEL008095	613	544	497	569	443	434	313	463	396	318	258	508
AAEL008096	911	533	882	1193	2599	925	187	236	336	308	562	611
AAEL013627	745	518	520	278	528	271	442	672	859	528	512	534
AAEL008084	1297	1007	1050	904	1102	1478	897	1064	1583	1048	1060	1350
AAEL021868	293	262	228	285	273	258	132	211	260	225	168	241
AAEL026226	0	4	0	0	0	2	1	0	0	0	2	1
AAEL008080	173	119	108	549	844	643	82	213	167	283	402	400
AAEL008079	5780	2932	1760	11797	5443	11090	1459	2159	2784	4945	3884	5798
AAEL013633	1060	809	825	661	635	827	824	909	1072	784	820	1148
AAEL013623	4736	2442	3408	5521	4467	8732	2769	1722	4625	2861	2355	1424
AAEL013628	3629	1883	2503	3369	3692	5204	2642	1294	3937	2903	2412	1394
AAEL008097	520	269	290	4250	3642	2158	207	137	346	976	1378	1352
AAEL027744	0	0	0	0	0	0	0	0	0	0	0	0
AAEL008088	647	638	694	502	524	407	415	659	501	642	410	732
AAEL008078	2921	1817	1762	1115	815	1676	2414	2799	3097	1769	2103	3483
AAEL020238	63756	36594	48471	49447	76614	46227	42168	23266	51133	37405	38675	27864
AAEL008090	27	10	12	1	2	6	45	37	40	33	29	44
AAEL008094	5	5	3	1	2	1	2	4	2	2	2	1
AAEL022595	248	198	243	245	315	213	164	171	186	201	143	241
AAEL027889	0	0	0	0	1	7	1	1	0	2	5	1
AAEL013692	5451	4183	4586	3709	2893	3188	2739	2693	3581	2659	2724	2724
AAEL025535	0	0	0	0	3	0	1	0	0	1	4	3
AAEL008098	1439	837	1034	715	892	540	1166	1285	1757	1274	1127	966
AAEL004217	56	38	32	43	84	66	59	81	79	91	86	80
AAEL024176	6	5	25	37	15	26	3	4	11	0	3	0
AAEL024095	0	0	0	0	0	0	0	0	0	0	0	0
AAEL027598	0	0	4	1	1	3	7	4	8	13	2	4
AAEL027138	6	8	20	9	11	13	9	12	16	33	6	13
AAEL007892	1124	1031	1439	1434	1484	1137	497	333	638	593	687	1064
AAEL026440	5530	3754	4439	7491	8317	4696	1422	2447	2074	1780	1744	3734
AAEL021715	6	4	4	3	11	11	2	3	4	0	7	2
AAEL007904	900	682	732	768	598	728	551	656	819	569	633	608
AAEL021640	0	1	3	6	3	3	1	3	1	1	6	0
AAEL007915	6664	4433	3844	3419	3236	7128	4293	8302	8628	4671	9237	11542
AAEL008542	5344	4079	3293	2841	2380	4843	3791	4392	5527	3301	4724	6878
AAEL026934	3	1	5	1	0	2	1	4	4	2	7	6
AAEL008530	978	715	884	919	835	779	521	622	764	705	566	830
AAEL024656	2	3	1	2	4	6	6	5	5	0	6	2
AAEL008551	487	363	392	587	530	474	228	392	369	254	473	488
AAEL008545	154	150	131	131	152	135	91	147	127	128	94	119
AAEL008539	409	332	220	243	222	298	225	390	327	210	275	378
AAEL008536	191	141	132	159	93	213	71	113	117	61	105	164
AAEL027672	245	255	175	151	171	191	164	211	227	154	157	336
AAEL023261	227	169	188	131	115	246	177	214	223	163	169	243
AAEL014406	246	195	198	169	200	212	161	191	245	156	147	228
AAEL020786	0	0	0	0	0	0	0	0	0	0	0	0
AAEL008540	177	173	172	118	130	277	175	211	244	136	195	218
AAEL023095	59	71	37	59	39	107	75	112	110	58	73	139
AAEL027239	906	768	838	708	734	669	419	779	742	564	544	684
AAEL008533	118	82	64	82	86	102	42	67	88	49	64	48
AAEL019840	93	58	63	45	54	71	46	40	74	30	70	77
AAEL019839	122	74	93	56	45	89	46	44	89	28	50	61
AAEL008547	318	222	219	216	206	256	169	256	219	211	210	254
AAEL008524	19	27	13	9	16	19	14	52	40	13	25	26
AAEL021303	199	174	129	70	82	128	89	154	220	94	129	156
AAEL026574	154	193	141	101	129	125	114	121	170	130	124	204
AAEL008538	141	108	82	113	86	209	90	189	184	128	155	165
AAEL008535	239	236	234	179	135	193	141	270	205	178	136	392
AAEL027897	307	215	233	258	208	275	149	229	232	193	197	325
AAEL008521	2107	1639	2043	2157	2303	2010	1062	1760	1885	1496	1694	2270
AAEL019853	897	548	594	2832	2833	1190	546	690	881	683	1596	2082
AAEL023888	1	0	0	0	0	0	0	0	0	0	0	0
AAEL004524	177	107	91	221	200	140	161	182	301	184	258	222
AAEL027343	151	423	234	6	32	4	1934	922	430	2942	245	2381
AAEL022680	1132	947	970	683	536	830	695	2514	1649	1518	884	1433
AAEL013682	409	289	333	371	400	321	235	327	402	271	203	305
AAEL004528	107	172	148	193	212	107	73	132	133	108	129	147
AAEL013683	2	0	1	2	4	2	7	4	6	4	7	5
AAEL013684	1831	1511	1243	440	492	1451	1668	2181	2786	1195	1925	2177
AAEL027863	3	2	0	0	1	0	7	2	7	1	3	3
AAEL026960	202	143	112	73	34	160	386	371	535	230	353	389
AAEL024784	158	152	208	186	237	180	129	211	256	183	89	102
AAEL024918	0	0	0	0	0	0	0	0	0	0	0	0
AAEL008921	2105	1579	1952	3402	3868	2719	1555	1891	1841	2911	2783	4358
AAEL024405	0	0	2	10	3	6	1	2	9	0	0	0
AAEL026264	0	4	2	4	5	2	1	3	4	3	0	3
AAEL026186	25	49	10	24	21	15	31	20	49	35	41	37
AAEL020542	150	98	158	109	111	88	76	174	132	133	98	118
AAEL021200	309	121	173	104	97	117	64	1656	1016	836	101	119
AAEL023703	9	15	16	17	12	7	13	8	8	7	19	8
AAEL020709	577	427	662	506	500	476	349	396	468	427	414	673
AAEL003883	2087	1553	1567	2165	2080	2264	1095	1350	1641	1465	2124	2892
AAEL015393	304	194	249	240	273	196	223	179	241	249	188	266
AAEL021959	9	5	3	3	3	2	4	4	4	10	9	4
AAEL014357	86	42	50	53	45	52	63	63	158	65	69	95
AAEL021471	825	572	693	487	467	547	663	771	849	701	607	1128
AAEL020614	1556	1092	1111	908	805	1036	1215	1138	1454	1103	1157	1580
AAEL024879	2	0	0	1	0	3	7	4	1	6	14	10
AAEL025723	2	3	3	1	4	1	22	6	10	17	8	42
AAEL025120	2	13	9	4	7	6	17	16	9	21	4	32
AAEL019953	153	77	80	230	281	132	97	206	155	122	449	161
AAEL023125	82	20	20	314	171	203	54	133	129	65	519	417
AAEL024518	1	0	0	0	0	0	0	0	1	0	0	0
AAEL024543	0	0	0	2	0	1	1	2	1	1	0	8
AAEL009782	1314	977	1093	826	807	1154	652	971	940	899	1041	1828
AAEL026010	1226	1063	1175	668	463	565	984	1367	1134	1004	897	1746
AAEL027244	0	0	0	0	0	0	0	0	0	0	0	1
AAEL009779	201	199	209	178	232	268	141	139	193	173	142	159
AAEL009777	48	28	40	37	27	36	38	65	90	47	51	49
AAEL027461	10	12	9	10	2	0	4	7	12	7	6	9
AAEL020789	705	352	259	1556	892	1090	418	537	890	710	932	890
AAEL025609	2	2	1	1	3	2	6	3	2	2	5	21
AAEL023918	1	1	0	0	10	0	2	0	1	1	1	1
AAEL009776	942	593	740	607	553	607	720	773	800	753	697	838
AAEL009772	1492	1311	1256	1417	1748	1560	951	1151	1382	963	1231	1622
AAEL009773	1544	1559	1421	961	921	1122	879	1101	1174	1205	972	1641
AAEL025387	1	0	3	0	0	0	2	2	1	0	0	3
AAEL009778	93	80	99	103	106	81	68	74	80	101	88	104
AAEL027903	1270	838	710	527	674	1207	718	1055	1120	572	741	967
AAEL027748	3	1	4	7	3	4	1	4	2	5	4	6
AAEL020230	645	408	450	361	356	451	522	716	860	499	461	660
AAEL020075	637	573	648	507	725	497	432	556	622	544	515	629
AAEL024849	4595	3625	2474	1189	906	3062	3411	3621	4559	2175	3434	5158
AAEL025623	4	1	5	0	1	3	15	10	3	7	2	18
AAEL026329	5	31	5	23	25	36	6	5	23	39	16	4
AAEL026468	481	385	396	426	470	536	348	345	453	350	282	304
AAEL013608	894	641	750	744	939	625	685	886	1038	1259	624	1046
AAEL023159	3373	2198	2588	2131	1357	2150	1978	2527	2634	2058	2060	3123
AAEL021770	0	0	0	0	0	0	0	3	1	2	2	1
AAEL013611	3281	2058	2510	1295	1317	1476	368	205	398	468	610	1177
AAEL024258	346	203	304	81	193	291	170	449	392	268	117	202
AAEL010957	3	2	4	2	7	0	1	6	5	5	0	3
AAEL010959	3	1	1	1	3	5	3	0	0	4	2	8
AAEL022083	0	0	3	0	2	0	1	1	0	0	0	1
AAEL019943	3	3	4	5	5	2	8	2	1	2	5	2
AAEL017142	4	3	5	4	5	0	1	7	5	7	7	3
AAEL019942	0	0	0	1	0	0	3	2	0	1	6	1
AAEL021254	14	82	13	0	4	33	18	15	10	27	34	10
AAEL010960	1050	527	644	717	721	674	660	756	983	556	743	760
AAEL003599	267	151	241	357	436	229	150	138	167	219	169	364
AAEL003606	20418	20036	24290	30803	44901	15556	1609	1714	2311	2861	3354	6516
AAEL003581	9645	6800	9124	10122	12854	5650	1917	1508	1927	1604	2112	2767
AAEL003605	3104	2277	2511	2597	2535	2562	1906	2702	3091	2411	2357	2963
AAEL003597	295	251	263	635	780	496	233	280	360	394	531	542
AAEL003582	36278	25412	28932	32196	47771	32396	24885	16934	32613	22994	26303	23348
AAEL021438	0	2	0	0	1	5	0	0	1	2	1	5
AAEL019997	1577	1140	1170	889	692	1082	1172	1468	1615	969	1167	1527
AAEL025451	0	1	3	0	0	0	11	0	4	10	0	7
AAEL019996	140	141	115	84	111	99	77	142	89	85	45	163
AAEL022638	204	141	153	106	201	279	205	209	199	130	244	150
AAEL003600	1998	1649	1808	1475	2614	1884	1319	1751	2201	1650	1590	1105
AAEL003601	786	765	928	498	1009	828	588	871	709	531	637	394
AAEL007872	89	45	88	54	80	53	29	75	63	43	26	23
AAEL021850	0	0	0	0	0	0	0	0	0	0	0	0
AAEL025763	47	23	16	26	21	36	21	36	45	29	22	32
AAEL014729	844	624	724	615	614	697	410	591	643	453	469	671
AAEL014731	22	12	16	10	10	12	9	10	1	6	9	8
AAEL019586	2836	1590	1557	676	570	1367	2386	2054	2672	1372	2159	3575
AAEL027927	306	135	196	232	257	184	227	493	382	308	181	237
AAEL024540	880	610	719	1470	984	780	593	567	662	647	1096	2485
AAEL019980	846	745	586	439	526	863	628	705	1000	594	909	1261
AAEL007754	0	1	2	0	0	0	0	1	1	1	0	3
AAEL007758	978	493	705	485	532	541	553	567	893	671	389	555
AAEL007744	73	49	54	69	66	54	56	60	77	71	52	69
AAEL026026	0	0	0	0	0	0	1	0	0	0	0	0
AAEL028245	0	0	0	0	0	0	1	6	2	1	0	7
AAEL007760	623	564	598	561	733	552	375	403	401	466	406	562
AAEL025966	251	149	132	70	91	158	224	319	427	199	290	359
AAEL015571	182	138	124	121	100	131	164	154	185	216	138	175
AAEL015180	83	46	47	59	46	87	131	112	121	77	145	205
AAEL007741	0	0	1	0	2	3	2	1	0	2	0	0
AAEL020753	549	672	420	99	108	404	562	719	884	405	579	912
AAEL025693	0	4	7	1	1	5	2	4	4	5	3	0
AAEL007757	230	191	260	127	125	196	183	219	191	226	136	259
AAEL007750	114	75	64	69	112	52	66	72	77	54	46	54
AAEL025134	2031	1683	1297	1034	1335	2273	1525	1846	2432	1542	2533	3474
AAEL007752	5453	4093	5384	4930	7623	4897	3096	2673	3550	3348	3026	2921
AAEL024878	0	0	0	0	0	0	0	0	0	0	0	0
AAEL024631	0	0	0	0	0	0	1	0	0	0	0	0
AAEL007762	235	183	151	239	277	235	135	211	211	204	99	203
AAEL026777	299	213	181	219	159	202	145	224	347	169	210	277
AAEL013890	375	234	286	329	364	333	242	219	253	301	200	316
AAEL013888	1502	1277	1035	1054	976	1127	803	1442	1402	1020	982	1843
AAEL013887	763	585	638	541	505	557	545	887	838	579	597	798
AAEL019465	576	457	518	315	282	345	399	552	536	431	469	869
AAEL028781	0	0	0	0	0	0	0	0	0	0	0	0
AAEL021054	1187	793	786	610	454	784	769	1044	1102	699	660	998
AAEL014251	246	267	310	176	259	161	190	220	159	261	152	276
AAEL014248	2296	1193	1369	1803	1677	1143	1054	1435	1527	1625	1546	2375
AAEL019975	539	365	367	174	91	272	331	497	474	321	293	734
AAEL019976	568	424	406	223	221	437	384	516	507	394	329	726
AAEL014250	501	546	659	377	480	407	291	521	371	348	277	582
AAEL012466	2199	1629	1570	3515	2828	3854	1496	2116	2248	2224	4534	6859
AAEL022525	0	0	0	0	0	0	0	0	0	0	0	0
AAEL024925	173	138	111	154	104	112	89	158	181	125	144	188
AAEL026642	0	0	0	0	0	0	0	0	0	0	0	0
AAEL026857	0	0	0	0	0	0	0	0	0	0	0	0
AAEL027300	1	0	1	0	0	0	0	3	0	0	3	4
AAEL025784	101	39	42	37	27	35	73	106	118	69	140	215
AAEL020748	23	14	14	10	17	4	9	42	17	13	29	35
AAEL023028	634	461	582	519	587	485	246	388	388	311	369	361
AAEL028155	509	308	351	265	294	204	176	208	237	363	182	363
AAEL024629	2	1	2	1	0	2	2	2	6	1	1	4
AAEL005602	270	50	104	34	78	62	133	53	91	23	60	36
AAEL022869	0	0	0	0	1	0	0	0	0	1	0	0
AAEL024284	8	9	6	12	11	8	19	27	15	18	12	16
AAEL020908	0	0	0	0	0	0	2	0	0	0	0	0
AAEL005606	132	7	112	6	48	25	192	133	183	68	16	9
AAEL020550	16	31	33	24	7	27	19	28	15	11	30	28
AAEL005615	408	261	348	209	156	222	266	217	249	221	189	248
AAEL022807	0	0	0	0	0	0	0	0	0	0	0	2
AAEL011019	2381	1680	1660	1386	1441	2066	1559	1974	2308	1505	2068	2613
AAEL023433	2	1	1	1	2	0	11	0	3	3	3	2
AAEL022186	1	0	0	1	2	18	4	13	6	4	5	23
AAEL021342	2191	1173	1453	2016	1768	1421	1640	1729	2507	1716	2128	2005
AAEL011013	28	15	27	16	5	7	42	284	116	69	36	102
AAEL023646	209	173	163	111	114	163	113	214	172	137	130	245
AAEL011021	349	253	374	250	246	216	145	226	262	204	194	268
AAEL017566	1113	909	868	676	576	923	517	720	721	469	600	944
AAEL011017	1201	765	838	1267	1326	1171	733	794	824	843	859	1295
AAEL011012	452	322	328	253	236	500	371	394	711	328	498	438
AAEL018208	820	508	474	626	513	640	430	1000	937	552	571	1105
AAEL025866	0	4	1	4	0	1	1	7	1	1	2	33
AAEL023307	6	1	0	0	1	1	2	0	2	0	0	3
AAEL011022	1540	960	1087	1047	1523	925	1027	1205	1522	1276	916	934
AAEL028103	4	7	5	4	10	6	5	3	3	0	2	3
AAEL011014	3	1	0	2	1	0	1	1	5	1	2	3
AAEL011023	2788	2046	2094	1653	1045	1708	1578	2444	2139	1536	1312	2444
AAEL008021	1316	797	796	674	667	670	999	1176	1127	1038	948	1631
AAEL008017	90	65	95	42	75	112	39	55	64	57	34	91
AAEL008018	20	14	18	56	65	23	26	29	40	29	34	76
AAEL023260	4	0	0	0	0	2	0	0	4	2	0	1
AAEL025214	6	1	3	4	15	6	3	8	6	1	9	4
AAEL008022	150	73	101	64	61	99	252	144	211	169	168	487
AAEL008024	1169	447	497	1120	839	1081	885	1128	1216	964	983	976
AAEL008014	15	10	8	21	17	18	14	16	27	16	10	15
AAEL027654	1917	1256	1241	2185	2697	2227	1143	1167	1570	1786	2093	1593
AAEL008020	1109	827	863	740	496	780	827	1035	1135	893	905	1166
AAEL025105	0	0	0	2	3	0	0	0	0	1	0	4
AAEL008015	2678	2229	1930	1601	1376	2444	2355	3257	3203	1837	2425	4200
AAEL022809	102	165	147	78	98	32	56	192	138	45	101	112
AAEL029068	39	9	19	6	6	16	143	84	77	90	77	173
AAEL018930	0	0	0	0	0	0	0	2	0	0	0	0
AAEL019620	0	0	0	0	0	0	0	0	0	0	0	0
AAEL019621	567	322	371	306	316	363	400	499	494	483	430	628
AAEL021567	0	6	4	2	1	3	2	3	2	8	11	5
AAEL025978	0	0	0	2	0	5	0	3	1	1	0	2
AAEL012260	645	525	420	514	519	725	321	409	594	310	452	405
AAEL022539	13	8	3	2	3	14	24	22	36	24	18	26
AAEL027345	0	0	0	0	0	0	0	0	0	1	0	0
AAEL012258	307	307	315	192	247	232	246	278	316	316	230	423
AAEL008909	89	72	128	58	105	114	89	88	129	78	84	184
AAEL028885	0	0	0	0	0	0	0	0	0	0	0	0
AAEL028681	1	0	0	0	0	0	0	0	0	0	0	0
AAEL024638	26	14	20	18	22	10	8	2	9	5	7	9
AAEL009729	25	8	1	51	13	11	68	29	34	10	37	43
AAEL024067	0	0	0	0	2	0	3	0	4	0	1	0
AAEL027517	0	0	0	0	0	0	0	0	0	0	0	0
AAEL022888	0	0	0	1	0	0	0	0	0	0	0	0
AAEL005431	209	162	145	1809	3187	3084	78	149	284	301	1840	1560
AAEL023365	477	358	471	452	447	382	310	383	480	362	309	383
AAEL021556	2330	1583	1318	870	617	1487	2819	3265	3438	2014	2462	4846
AAEL017005	37	52	45	76	44	245	87	104	102	63	51	128
AAEL017015	10	6	10	13	5	8	23	11	10	10	7	16
AAEL026161	485	319	295	779	452	994	288	771	603	368	434	455
AAEL005440	66	38	35	16	20	46	138	371	141	109	164	385
AAEL005437	199	155	174	186	304	175	201	229	450	245	248	240
AAEL028740	0	0	0	0	0	0	6	1	0	8	0	1
AAEL028938	20	1	7	4	6	2	61	23	20	48	5	24
AAEL028682	14	4	3	1	6	3	21	16	1	10	10	36
AAEL019332	63	10	20	2	6	11	108	53	19	87	21	129
AAEL019333	13	0	1	0	0	0	41	16	7	40	6	9
AAEL019334	0	0	0	0	0	0	0	0	2	0	0	0
AAEL005444	141	90	107	131	321	241	141	135	223	165	198	223
AAEL023379	95	51	36	12	32	55	83	94	128	90	133	92
AAEL023738	0	0	0	0	0	1	0	1	3	0	0	2
AAEL022735	51	46	52	79	126	63	42	36	70	53	47	60
AAEL005432	5114	2112	2275	23054	19007	18856	2884	2695	5299	9190	18440	23289
AAEL005429	1222	960	1013	866	1239	665	333	244	848	373	341	329
AAEL021183	7	3	1	2	0	2	3	3	7	0	0	3
AAEL005438	183	99	143	106	80	129	124	79	127	130	154	162
AAEL008940	173	136	159	179	231	166	246	218	316	191	238	237
AAEL026449	14	15	12	14	9	13	17	11	23	23	18	33
AAEL008942	593	411	377	509	688	680	253	372	581	280	406	338
AAEL008938	1402	1153	1133	1182	954	1257	911	1386	1284	882	1060	1276
AAEL019533	2584	1632	1656	2103	1925	1731	1700	1846	2132	1832	2059	2612
AAEL008944	449	319	255	299	192	293	253	261	276	218	259	333
AAEL008943	3	4	0	4	2	4	2	1	2	4	1	2
AAEL008952	2265	1765	1746	1486	1331	1878	1445	2070	2152	1426	1626	2121
AAEL024417	3	2	0	1	2	2	2	0	2	3	3	3
AAEL008962	275	217	259	355	466	275	162	190	231	240	260	334
AAEL026060	53	23	25	16	38	26	28	38	52	37	28	39
AAEL008947	407	333	398	351	494	307	232	404	454	294	284	360
AAEL008960	1346	1128	1116	871	848	956	720	1240	1089	907	841	1354
AAEL008958	4815	3937	3230	1618	1702	4216	3890	5382	5869	3262	3935	5362
AAEL008953	4909	3903	2580	7747	7203	8662	4758	6110	8054	4443	7093	10172
AAEL022079	25	6	16	31	12	56	60	17	25	78	78	329
AAEL026028	937	766	660	523	458	765	624	888	883	593	922	1398
AAEL008956	868	640	742	470	450	674	615	1041	867	521	716	1152
AAEL023158	15	26	26	2	20	39	17	42	49	29	32	52
AAEL008963	7104	6934	7137	8487	12785	7449	2883	2290	2086	3704	2639	6886
AAEL008945	137	137	161	104	231	104	80	109	131	142	80	119
AAEL008941	469	359	330	329	398	425	197	285	373	262	294	311
AAEL008959	652	454	458	315	412	503	474	631	621	607	572	897
AAEL022572	2	1	1	2	0	0	0	0	1	1	1	0
AAEL021626	0	1	1	1	0	0	1	1	1	4	2	3
AAEL008948	0	1	1	0	1	0	0	2	3	1	0	3
AAEL024870	0	0	0	3	13	1	0	0	0	0	1	7
AAEL008957	1	0	0	0	0	0	0	0	0	0	0	0
AAEL027194	7	11	5	6	4	5	7	4	8	3	3	0
AAEL008939	0	0	0	0	0	0	0	0	2	0	0	3
AAEL022137	33	64	41	95	7	56	14	31	17	31	12	56
AAEL027712	44	18	19	23	37	36	19	25	19	16	13	19
AAEL026195	3	0	2	0	0	0	2	2	2	2	0	9
AAEL027822	9	16	6	9	6	1	17	18	25	15	26	19
AAEL019549	2566	1767	1758	1848	1417	2748	2295	3564	3509	2522	3764	5627
AAEL019548	0	1	0	3	0	3	20	4	7	13	8	43
AAEL023965	0	0	0	0	0	0	1	0	0	0	0	0
AAEL008341	6835	4293	4855	10514	20729	7126	3836	2598	5619	2539	4943	4612
AAEL008342	226	84	129	141	193	134	150	138	146	124	166	72
AAEL008347	711	387	441	403	416	612	416	479	507	419	554	617
AAEL008350	0	0	0	0	0	0	1	0	0	3	0	0
AAEL022378	4	6	1	0	0	0	1	3	1	6	5	8
AAEL023304	1	4	8	0	1	4	3	0	3	1	1	1
AAEL008346	2	2	1	4	5	9	3	1	4	2	3	7
AAEL006824	4507	3721	5467	4727	6323	3999	3481	4853	6163	3271	4373	4062
AAEL006817	1	0	2	0	3	1	0	1	0	0	0	0
AAEL006830	5676	5151	4641	3464	2997	3494	5186	4271	3763	4985	3362	8811
AAEL023507	0	1	0	0	0	0	1	1	1	1	0	0
AAEL006827	312	248	276	144	159	149	285	557	276	376	154	673
AAEL006822	424	299	216	135	156	309	596	695	1004	420	569	721
AAEL026255	0	0	0	0	0	0	0	0	0	0	0	0
AAEL025294	6	5	10	2	2	3	24	18	13	6	6	14
AAEL014273	1128	808	817	1734	2350	1543	740	736	803	1012	1206	2187
AAEL027647	0	0	2	0	2	0	3	0	2	0	0	2
AAEL014272	807	611	718	1138	1292	901	491	407	642	743	718	909
AAEL014275	1900	1996	2098	4146	5998	3014	1105	2216	2377	1654	2096	3062
AAEL014274	733	424	436	183	305	360	804	1279	1168	690	668	650
AAEL022973	0	0	0	0	0	1	0	0	0	1	0	0
AAEL015477	0	0	3	2	1	5	2	5	1	1	0	1
AAEL021785	20	17	24	2	9	6	21	101	41	32	18	25
AAEL023438	7	7	2	3	1	0	4	2	8	1	3	1
AAEL026233	2	1	2	0	3	0	9	1	4	5	1	1
AAEL000609	29	14	22	21	19	20	35	17	43	35	41	28
AAEL029047	88	21	13	452	921	1392	8	72	329	260	831	226
AAEL029038	0	0	0	0	0	0	0	0	0	0	0	0
AAEL025196	0	0	0	0	0	0	0	0	0	0	0	0
AAEL025975	0	0	0	0	0	0	0	0	0	0	0	0
AAEL029044	0	0	0	0	0	0	0	0	0	0	0	0
AAEL029046	2	0	0	126	116	157	0	17	25	85	169	84
AAEL029041	9	0	2	144	7	1541	2	29	33	105	385	59
AAEL001351	1081	820	1067	1587	2522	1397	577	788	921	832	1024	1134
AAEL022089	0	0	1	5	1	3	1	0	1	0	3	5
AAEL022208	53	20	31	41	56	47	40	62	91	45	81	65
AAEL000626	127	42	63	522	701	292	84	83	125	184	147	244
AAEL026560	18	4	8	0	3	9	46	35	51	27	32	53
AAEL027798	25	23	10	33	43	25	20	13	33	8	12	27
AAEL027941	14	11	8	26	6	11	6	10	15	3	9	24
AAEL002943	58	41	54	34	46	67	50	83	69	50	45	80
AAEL002925	672	543	450	348	256	562	534	790	720	427	501	834
AAEL021396	3	0	0	0	1	2	1	1	0	2	4	3
AAEL002930	17	18	14	14	7	23	16	17	20	14	15	29
AAEL002935	376	212	199	225	244	291	289	367	318	296	333	437
AAEL002948	286	221	271	259	372	232	160	162	183	241	163	237
AAEL002934	403	317	227	336	237	385	207	203	255	215	199	332
AAEL002924	1373	1074	829	722	655	1295	1052	1636	1803	981	1380	1739
AAEL002922	13	21	9	15	9	9	18	18	34	18	31	21
AAEL002944	788	518	472	477	506	705	420	533	505	467	568	843
AAEL020166	0	0	0	0	0	0	0	0	0	1	0	0
AAEL002938	574	431	448	560	443	704	353	497	542	478	790	1010
AAEL020942	14	9	6	25	9	21	11	12	15	17	54	27
AAEL024786	4	5	5	2	5	8	4	6	7	4	3	11
AAEL024800	535	452	348	221	177	515	285	491	553	221	453	678
AAEL028183	1	5	7	18	2	6	5	1	12	5	0	41
AAEL002921	232	306	205	205	154	324	159	271	289	193	260	291
AAEL002929	2	0	1	1	0	2	0	1	0	1	4	2
AAEL020544	0	2	0	0	0	0	4	0	0	0	0	1
AAEL008464	1	1	3	3	0	1	2	0	2	0	0	3
AAEL002940	1	0	0	4	3	1	0	4	1	1	0	3
AAEL002933	747	525	598	793	980	778	439	420	599	676	601	757
AAEL019831	206	150	161	215	208	188	181	90	119	150	185	134
AAEL002932	11	8	14	12	14	7	25	17	35	16	13	25
AAEL019303	0	0	0	0	0	0	0	0	0	0	0	0
AAEL028783	0	0	0	0	0	0	0	0	0	0	0	0
AAEL026450	2	0	0	0	0	0	0	0	0	0	0	0
AAEL027399	165	137	106	73	123	195	145	190	292	130	215	216
AAEL021206	192	196	191	200	217	207	140	216	203	196	157	337
AAEL013883	766	410	488	490	522	535	443	544	656	562	562	606
AAEL021763	3	4	4	1	3	2	4	3	4	0	2	2
AAEL013884	1362	1054	1550	865	800	806	361	312	270	384	563	1229
AAEL021126	16	15	20	20	16	24	18	23	43	14	26	38
AAEL028174	0	0	0	0	0	0	0	0	0	0	0	0
AAEL024950	1275	863	802	1193	1117	1422	1010	1233	1390	1080	1438	2046
AAEL027772	101	149	144	51	63	110	149	139	94	63	107	72
AAEL025396	0	0	2	0	0	1	3	0	2	3	0	3
AAEL002537	63	27	27	37	20	19	17	25	47	23	34	22
AAEL002524	52	94	86	378	226	329	94	121	84	110	251	165
AAEL002520	200	65	147	45	96	41	158	129	175	125	99	114
AAEL022080	2777	2226	1875	1371	985	1902	2273	2480	2779	1766	1997	3313
AAEL002523	367	326	385	300	416	272	260	278	253	289	158	304
AAEL002503	419	293	367	270	317	317	254	443	432	385	312	537
AAEL002534	52848	33937	42876	47112	81374	44621	27196	21378	44204	26004	34949	30072
AAEL002538	97	70	74	96	102	64	57	109	94	85	69	120
AAEL002506	570	292	314	535	530	437	342	709	739	422	431	546
AAEL002518	450	589	351	193	450	349	208	260	493	234	237	780
AAEL022875	0	0	0	1	0	0	0	0	0	0	1	1
AAEL022196	265	134	163	261	267	201	163	208	276	269	221	189
AAEL024557	0	0	0	0	0	0	0	0	0	0	0	0
AAEL002529	281	237	224	247	246	235	171	274	262	195	200	244
AAEL002525	1266	809	857	1027	1338	1035	890	1440	1863	931	888	1420
AAEL021554	1592	1350	908	510	431	1449	1629	1773	2178	1243	2159	2984
AAEL002531	262	193	215	231	244	252	133	265	246	174	181	308
AAEL002508	2020	1596	1802	2432	2666	2489	1002	1475	1539	1297	1499	1894
AAEL002514	420	368	332	324	303	374	223	403	347	287	331	392
AAEL002510	22197	19947	26891	38316	53732	24582	6469	4080	6161	6805	7665	10782
AAEL026448	34	44	58	92	142	61	31	44	50	42	76	93
AAEL024693	0	0	0	0	0	0	0	0	0	0	0	0
AAEL002504	9939	6758	8817	7576	12732	6954	5080	4902	6739	6376	5408	4978
AAEL002501	4406	3133	3605	4035	4728	4379	2169	2743	3285	3568	3081	4909
AAEL002526	1664	1300	1785	1300	2147	1271	1037	1082	1201	1122	933	927
AAEL002502	611	446	499	232	272	392	465	631	588	487	411	839
AAEL019422	1398	1168	1195	826	471	1006	1505	2043	2099	1334	1474	2436
AAEL016208	0	0	0	0	0	0	0	0	0	0	0	0
AAEL027527	1197	830	1034	583	560	690	1109	920	1029	924	705	1430
AAEL027981	7	4	3	0	0	2	24	17	19	7	18	14
AAEL002499	581	468	442	385	473	614	538	642	627	557	833	1376
AAEL015326	217	151	190	97	375	191	195	133	254	263	191	187
AAEL018846	0	0	0	0	0	0	0	0	0	0	0	0
AAEL002512	182	141	196	156	284	192	166	182	134	252	180	331
AAEL002527	10532	7199	8449	7621	9470	6225	6299	7533	8497	7174	5910	6539
AAEL012941	902	583	706	1836	2919	1414	495	613	581	880	900	1383
AAEL025063	3	2	3	1	2	1	1	2	1	5	0	1
AAEL023242	1233	812	949	1117	1197	1102	623	997	1072	815	828	1103
AAEL012931	349	319	519	325	408	293	185	247	336	212	213	223
AAEL012940	200	77	94	67	71	117	148	128	164	196	148	116
AAEL012937	2	0	1	0	0	0	0	1	0	0	1	1
AAEL023386	175	151	138	135	152	153	96	147	162	121	121	144
AAEL023574	1004	671	711	632	532	592	595	820	779	778	584	1030
AAEL012939	4723	3021	3787	8138	14228	7366	2184	2665	2670	3529	3854	4913
AAEL025729	3839	2838	3197	2358	1583	2553	2071	2820	2880	2299	2317	3638
AAEL020572	6	5	3	0	1	2	47	13	10	32	6	43
AAEL009873	65	24	26	5	1	16	177	91	98	111	70	179
AAEL020331	3	0	5	0	0	2	7	1	5	10	2	1
AAEL009871	1388	1201	1092	1168	891	1043	759	1015	1309	964	949	1338
AAEL009876	141	107	111	127	164	104	68	229	242	131	66	159
AAEL009877	1334	987	890	909	862	953	884	1360	1495	899	1016	1532
AAEL024410	1537	960	831	859	763	1127	701	4380	2036	1479	1182	1567
AAEL028144	9952	6457	10596	17602	22997	9199	941	395	708	541	2002	4425
AAEL023421	39	28	26	17	9	7	1	2	0	2	2	5
AAEL009872	6017	4235	4041	3659	3356	4183	4179	17269	8199	5844	4916	5621
AAEL025002	70	26	39	100	26	24	25	28	48	36	29	38
AAEL009869	2041	1389	1360	1040	853	1513	2232	3622	3936	2415	2575	6553
AAEL009878	1734	1193	1445	1217	1108	1200	1188	1183	1448	1158	1113	1968
AAEL009874	1242	908	689	330	371	1210	986	1360	1527	813	1229	1840
AAEL024299	0	1	3	0	0	0	1	0	0	3	0	4
AAEL020757	474	357	458	371	525	313	236	280	328	418	292	452
AAEL009647	1740	1019	1273	1184	1577	1357	991	1089	1189	923	945	919
AAEL009653	36364	25010	33326	31561	50653	27331	23863	16278	26863	22695	21387	19135
AAEL024211	3	0	4	1	0	0	1	0	0	0	1	1
AAEL028791	0	0	0	0	0	0	0	0	0	0	0	0
AAEL028676	0	0	0	0	0	0	0	0	0	0	0	0
AAEL012711	188	111	145	87	142	64	84	99	148	101	111	140
AAEL024895	0	3	0	4	2	2	0	2	1	1	0	1
AAEL012713	4	5	4	10	3	13	5	6	9	5	8	10
AAEL012712	292	237	272	1060	1106	528	197	370	385	353	551	1218
AAEL012709	141	119	192	154	199	112	68	144	115	143	134	271
AAEL027910	1090	687	783	1439	1929	1446	569	673	886	842	1091	1368
AAEL022307	40	30	26	72	39	52	45	44	51	34	46	59
AAEL012715	27	24	31	30	27	4	16	15	25	33	25	27
AAEL012710	422	337	406	377	485	340	252	428	338	296	261	278
AAEL012708	1060	816	770	514	459	715	614	844	879	527	514	1007
AAEL025969	1033	781	710	531	459	567	732	755	827	721	650	883
AAEL008397	1385	1002	1445	1008	1765	851	1061	949	1228	1256	1001	946
AAEL008401	49	10	28	13	10	34	141	102	121	60	94	134
AAEL026763	1	1	0	0	1	1	1	0	2	1	1	2
AAEL008410	323	125	128	216	255	225	212	269	455	272	309	284
AAEL023723	0	0	0	1	1	0	1	0	0	0	4	0
AAEL008408	721	473	515	1687	2957	1406	354	452	495	850	1037	1666
AAEL022916	0	2	0	3	0	3	4	6	6	3	4	5
AAEL008403	296	219	314	313	353	337	153	229	233	216	175	280
AAEL008398	1462	1075	1183	1005	919	1017	1103	1101	1440	1213	1148	1426
AAEL022775	113	46	42	571	577	409	32	42	61	54	629	777
AAEL012845	389	223	152	280	227	318	175	334	289	178	221	319
AAEL023839	2219	1634	1620	1149	1048	1751	1733	1513	2029	1354	1490	2200
AAEL021017	394	246	215	178	131	227	265	274	383	203	269	413
AAEL011366	58	75	63	65	99	75	72	107	158	81	76	95
AAEL025251	0	0	0	0	3	0	3	5	1	7	5	0
AAEL011365	84	75	62	55	57	68	71	93	123	103	111	114
AAEL011367	143	44	89	85	116	63	71	52	72	73	73	100
AAEL026194	3	0	0	0	0	0	1	4	4	0	2	4
AAEL026914	15	7	5	2	2	8	25	14	22	16	22	30
AAEL012089	620	551	454	508	732	571	506	775	1039	681	527	489
AAEL025343	0	0	0	0	0	0	0	0	0	0	0	0
AAEL022182	0	0	0	0	1	0	0	0	0	0	0	0
AAEL021367	69	76	71	50	125	51	60	52	79	84	48	267
AAEL008306	1040	847	757	876	760	1044	732	701	900	756	787	1069
AAEL023258	278	120	165	216	223	173	218	182	329	262	270	258
AAEL008303	2891	1773	2390	2056	2192	2137	1177	1371	1264	2516	1566	3966
AAEL021230	347	178	289	146	217	122	175	167	235	221	96	130
AAEL017800	0	0	1	0	0	0	0	2	0	0	0	0
AAEL008316	216	151	242	105	145	107	163	269	169	271	86	270
AAEL029037	0	0	0	0	0	0	0	0	0	0	0	0
AAEL021996	3	1	0	0	1	1	1	0	0	1	0	1
AAEL026235	0	0	0	0	0	0	0	0	0	0	0	0
AAEL024221	16	20	12	8	15	16	19	4	38	27	18	12
AAEL025719	1	2	0	0	0	2	2	3	0	0	0	1
AAEL020390	132	85	69	58	29	91	136	145	170	89	88	130
AAEL029036	0	0	0	0	0	0	0	0	0	0	0	0
AAEL008308	15	6	6	3	6	2	6	2	7	7	7	7
AAEL023201	0	0	2	0	0	0	1	2	0	0	1	3
AAEL008313	1	1	0	3	0	0	2	0	0	1	0	0
AAEL008305	950	736	984	533	951	778	764	996	809	604	652	759
AAEL028042	2	1	2	1	0	0	1	4	0	2	0	2
AAEL018339	1093	784	764	566	420	763	767	868	1108	607	727	1142
AAEL022073	0	0	0	0	0	0	0	0	0	0	0	0
AAEL021276	530	300	357	506	441	636	362	509	759	416	721	718
AAEL009476	144	164	153	944	696	633	106	90	127	418	508	733
AAEL026834	160	135	129	377	260	239	37	17	56	216	203	343
AAEL009480	98	69	65	79	103	47	87	103	124	117	80	202
AAEL009483	375	304	325	1117	1243	1809	340	369	437	792	1054	1787
AAEL009493	1	0	1	1	0	0	1	0	2	2	4	4
AAEL009481	62	33	49	78	72	90	50	131	88	101	77	75
AAEL009475	4056	2763	2683	1938	1813	2056	2778	2300	3439	1946	2226	2330
AAEL009477	488	280	260	606	539	536	282	264	392	357	484	638
AAEL027371	389	292	223	207	152	236	262	434	495	348	223	522
AAEL020201	0	0	0	0	0	0	0	0	0	0	0	0
AAEL029042	0	0	0	0	0	0	0	0	0	0	0	0
AAEL009486	1436	803	847	913	795	1108	1155	1168	1547	1213	1247	1932
AAEL009489	6	3	6	5	3	4	8	4	8	8	2	10
AAEL009474	83	185	121	367	902	804	61	102	374	147	343	359
AAEL009487	2624	1135	880	1760	1441	1697	5323	3278	6879	3323	4096	1996
AAEL025610	302	131	79	168	168	232	314	241	327	242	289	216
AAEL021019	2	0	3	1	6	3	2	2	2	3	4	6
AAEL009484	2	1	1	0	2	3	2	5	5	2	1	0
AAEL026330	2	2	12	1	5	1	3	0	1	2	0	0
AAEL009488	0	0	2	0	0	0	0	0	0	0	0	0
AAEL020843	1	0	2	3	0	1	3	2	0	1	1	0
AAEL017115	8	5	2	3	8	4	5	5	4	2	5	3
AAEL023356	0	1	0	0	0	1	0	0	0	2	0	2
AAEL024520	581	231	221	358	374	288	793	443	1242	558	517	183
AAEL009479	34	42	49	66	95	119	19	30	33	25	49	39
AAEL010565	3377	2336	2094	2005	1839	2772	2887	3013	4160	2369	2803	3276
AAEL021489	121	98	118	56	94	60	109	124	99	137	82	230
AAEL023673	0	0	0	0	0	1	0	0	0	0	0	0
AAEL002455	4263	3334	3042	2187	1259	2715	3237	3576	4460	2489	3264	4541
AAEL020398	4	3	3	2	1	1	5	2	5	12	0	4
AAEL023223	861	397	532	524	533	773	831	437	1114	690	579	657
AAEL002450	230	160	189	150	160	161	147	173	208	173	147	216
AAEL002436	1409	869	1016	1120	1313	965	1330	1241	1636	1334	999	1037
AAEL017562	476	340	288	256	297	359	353	396	451	437	387	590
AAEL002435	2217	1995	1765	1432	1496	2163	1706	2194	2595	1690	1784	2644
AAEL025117	5	0	0	0	0	0	2	2	0	4	0	1
AAEL002453	236	223	184	139	223	211	210	304	275	174	233	302
AAEL021384	603	498	407	373	330	482	331	622	472	399	352	671
AAEL019967	148	122	134	144	153	163	128	159	220	106	117	147
AAEL019968	181	159	206	113	199	144	170	233	202	187	152	250
AAEL002454	65	18	36	13	29	32	12	16	23	25	30	51
AAEL002438	10	4	14	17	16	8	4	11	10	18	10	26
AAEL002451	780	658	515	380	252	497	716	815	983	531	841	1757
AAEL023153	0	0	0	0	0	0	0	1	1	0	0	0
AAEL024282	0	9	6	1	1	0	0	0	4	0	0	0
AAEL018826	0	0	0	0	0	0	0	0	0	0	0	0
AAEL016198	0	0	0	0	0	0	0	0	0	0	0	0
AAEL016199	0	0	0	0	0	0	0	0	0	0	0	0
AAEL016200	0	0	0	0	0	0	0	0	0	0	0	0
AAEL028714	0	0	0	0	0	0	0	0	0	0	0	0
AAEL016435	0	0	0	0	0	0	0	0	0	0	0	0
AAEL021536	0	0	0	0	0	0	0	0	0	0	0	0
AAEL016434	0	0	0	0	0	0	0	0	0	0	0	0
AAEL016461	0	0	0	0	0	0	0	0	0	0	0	0
AAEL018920	0	0	0	0	0	0	0	0	0	0	0	0
AAEL018921	0	0	0	0	0	0	0	0	0	0	0	0
AAEL006377	184	216	150	512	504	896	173	512	664	106	369	283
AAEL025716	1	0	0	0	0	0	0	0	0	1	0	2
AAEL020501	0	0	0	0	0	0	0	0	0	0	2	0
AAEL021898	0	0	0	0	0	0	0	0	0	0	0	0
AAEL022972	1	0	1	0	1	0	1	0	1	0	3	0
AAEL024582	0	0	0	0	0	0	0	0	0	0	2	0
AAEL016465	0	0	0	0	0	0	0	0	0	0	0	0
AAEL025902	0	0	0	0	0	0	0	0	0	0	0	0
AAEL006363	917	729	761	665	747	826	628	792	909	799	712	1136
AAEL006372	2377	1096	1247	1027	953	1407	2321	2033	3744	2168	1804	1321
AAEL006384	55	45	56	419	369	191	10	21	11	56	11	57
AAEL023375	0	1	0	1	0	1	0	0	1	0	2	2
AAEL006378	1	9	2	38	31	18	1	0	2	2	0	9
AAEL006368	0	23	3	39	15	16	2	0	0	2	0	1
AAEL028940	0	0	0	0	0	0	0	0	0	0	0	0
AAEL020584	0	0	0	0	0	1	0	0	0	0	0	1
AAEL006365	9	2	10	11	21	9	3	0	7	0	1	5
AAEL006376	23	79	20	6	84	22	75	6	53	21	7	12
AAEL006382	44	29	31	35	94	24	13	2	60	1	4	11
AAEL006383	3	2	4	1	0	1	2	0	2	1	4	4
AAEL027429	64	48	53	56	88	53	6	8	2	8	30	30
AAEL006381	6648	3323	5642	3511	6561	4976	179	96	119	311	696	490
AAEL009111	12	10	11	6	14	7	8	1	2	2	2	5
AAEL002413	1304	909	1063	721	1415	703	352	195	399	236	637	296
AAEL026274	84	60	77	80	105	129	102	112	147	122	151	149
AAEL027972	9	3	8	1	1	1	6	3	2	1	0	3
AAEL006362	4334	2128	2963	3029	4382	2272	1611	1796	1940	1579	1851	2400
AAEL006367	275	251	291	218	306	226	202	232	249	312	205	348
AAEL006370	245	187	199	226	252	279	180	194	214	191	207	309
AAEL006364	1591	946	1087	1062	772	1480	836	4052	2469	2682	1461	3263
AAEL006373	404	222	347	306	361	223	189	269	322	254	243	433
AAEL021495	320	283	218	306	289	310	267	353	375	302	285	337
AAEL006374	532	373	392	272	145	363	261	452	419	344	267	583
AAEL002178	4752	4651	3192	1582	1476	4279	4155	4011	6048	2286	4888	5415
AAEL023135	6	1	3	2	2	2	9	4	11	9	9	4
AAEL027078	277	198	206	177	87	169	272	984	571	529	301	872
AAEL022602	0	0	0	0	0	0	2	2	0	1	2	0
AAEL022806	1449	1247	870	602	529	1344	919	1313	1476	831	1151	1676
AAEL002174	3765	2751	3685	2972	3472	2504	1268	1498	1786	1646	1754	2672
AAEL002155	1072	907	794	1162	1177	1425	589	871	940	893	1187	1789
AAEL002160	4593	2775	3148	3259	3691	3073	3527	2645	4484	2524	3146	2653
AAEL027143	19	10	18	6	26	10	20	18	30	44	17	36
AAEL012404	43	22	40	24	29	31	48	56	62	33	39	40
AAEL018031	2066	1599	1657	1283	907	1684	1124	1830	1796	1120	1233	1575
AAEL007838	664	673	509	319	388	614	574	1023	822	632	594	934
AAEL007830	202	181	202	1349	1329	559	97	115	247	143	264	206
AAEL022771	374	232	195	128	91	241	325	505	368	259	306	546
AAEL013845	3137	2242	2194	2705	2390	3113	1421	1896	2083	1820	2455	3442
AAEL022433	1	0	0	1	0	0	0	0	0	0	0	0
AAEL026198	1	1	1	4	4	1	0	0	2	3	0	0
AAEL022742	0	0	0	0	0	0	0	0	0	0	0	0
AAEL024399	4	1	3	4	3	2	2	2	4	2	0	1
AAEL023759	1093	1045	669	419	464	993	925	942	1140	523	1020	1141
AAEL004233	35	25	23	14	41	38	43	73	68	31	50	65
AAEL026731	251	149	243	121	153	121	97	127	126	110	125	173
AAEL011822	59	124	125	7	77	19	17	11	22	12	30	14
AAEL004240	568	451	476	38	164	53	25	6	29	15	8	67
AAEL004231	7	1	2	5	6	6	3	7	7	8	4	4
AAEL021174	0	0	1	0	0	1	0	0	0	0	0	1
AAEL004243	1045	770	680	717	559	806	563	726	755	511	625	757
AAEL004237	487	357	347	568	607	655	302	455	468	420	568	928
AAEL004228	3170	2199	2084	1354	1492	1925	1526	1624	1790	1276	1656	2374
AAEL004239	294	117	192	25	1	21	5	15	6	25	19	21
AAEL004236	2104	1428	1274	949	738	1546	1873	1918	2185	1466	1954	3113
AAEL004234	3102	2383	2222	2091	2587	2279	1931	2195	2362	2095	2253	3282
AAEL020477	1135	693	626	537	1553	824	443	283	468	277	861	768
AAEL004227	3510	1870	1765	2922	2471	4185	2707	3648	3937	3153	4211	5821
AAEL026099	5	1	1	0	2	1	1	0	0	1	1	0
AAEL028187	0	1	5	0	1	2	1	5	6	4	2	3
AAEL027036	403	266	305	340	349	287	207	269	317	251	231	310
AAEL004238	69	42	64	63	63	60	93	61	127	111	82	90
AAEL004235	3083	2517	2088	1842	1303	2529	2033	3053	3232	1885	2340	3271
AAEL004244	466	298	348	279	191	281	298	388	363	272	306	442
AAEL004242	1493	886	1071	911	1475	888	1024	1626	1598	991	922	1025
AAEL004229	2559	751	1505	505	636	426	1236	384	708	476	1629	632
AAEL022495	6	1	1	0	0	0	10	1	0	2	5	3
AAEL026432	96	69	89	53	92	62	54	70	106	55	107	114
AAEL020674	0	0	0	0	0	0	0	0	0	0	1	0
AAEL025312	0	0	0	0	0	0	1	0	0	1	0	1
AAEL004245	15	8	8	4	0	5	41	21	24	84	59	54
AAEL021643	0	0	0	0	0	2	0	0	0	0	0	1
AAEL025638	14	2	5	0	4	0	105	75	50	80	24	111
AAEL027507	0	0	2	0	0	0	1	0	1	0	1	0
AAEL015451	1307	2068	2633	1757	7468	1565	186	11	3	15	282	167
AAEL022695	8230	9207	12601	7910	27961	7277	2613	453	733	3100	3531	1895
AAEL002895	688	461	442	560	412	594	494	551	666	562	609	732
AAEL017139	51	75	63	229	338	127	41	27	83	63	129	94
AAEL002896	40	55	30	8	23	77	129	92	133	68	126	147
AAEL002916	0	1	0	0	0	0	0	0	0	0	0	2
AAEL021084	73	86	39	17	5	58	214	175	240	124	212	216
AAEL002888	439	344	279	245	377	562	272	276	479	214	339	411
AAEL002910	621	450	548	418	383	403	477	392	591	512	431	622
AAEL016999	1202	810	778	668	444	769	657	820	723	574	732	1016
AAEL002903	1871	1378	1067	1037	676	1379	1134	1429	1733	1140	1703	2551
AAEL002918	461	365	320	259	192	311	411	508	525	411	420	704
AAEL024657	31	26	17	37	29	14	24	24	35	32	33	44
AAEL002890	776	599	625	460	381	570	510	676	698	530	506	796
AAEL002886	8320	5435	5999	13627	15842	11738	5640	5066	6886	5826	7541	8258
AAEL015653	529	403	461	632	853	644	320	253	336	350	372	563
AAEL002917	299	111	197	249	112	299	435	486	461	297	429	341
AAEL002904	16	17	9	6	5	15	15	15	12	17	13	13
AAEL002887	2538	1757	1875	1778	1816	2885	1999	2738	3260	2731	3489	5209
AAEL002905	379	314	296	231	204	205	278	232	227	304	163	462
AAEL002906	2971	2346	2945	3220	3617	2921	1533	2298	2143	2020	2443	3406
AAEL002892	1545	965	1151	620	514	873	1329	1036	1272	837	1325	1229
AAEL002893	41	8	10	129	182	104	33	31	30	36	54	62
AAEL027103	7	0	3	6	11	5	25	12	12	14	13	19
AAEL002898	2795	2639	3720	1685	2553	1784	925	1328	1021	1470	960	2004
AAEL002891	291	304	361	192	197	183	154	247	199	324	156	390
AAEL002913	2045	1440	1626	2119	2547	2067	1052	1675	1674	1264	1578	1700
AAEL025618	639	758	805	363	774	480	446	659	391	785	283	764
AAEL002912	668	546	643	624	791	573	364	423	479	409	406	477
AAEL002900	1094	652	726	2816	2532	2557	539	727	813	873	1602	3679
AAEL026043	225	129	141	126	226	169	185	261	262	218	271	300
AAEL024538	0	0	0	0	0	0	0	0	0	1	0	0
AAEL026820	1	0	1	2	2	0	2	2	5	3	5	5
AAEL026617	1	0	1	0	1	0	1	0	0	2	2	1
AAEL020163	5	1	0	0	0	1	14	9	14	5	6	19
AAEL028831	0	0	0	0	0	0	0	0	0	0	0	0
AAEL025636	9	0	5	2	1	2	10	10	5	5	6	4
AAEL022138	0	0	0	0	0	3	1	0	0	0	0	0
AAEL001461	1	0	0	2	18	2	0	1	2	2	2	14
AAEL001447	916	973	669	259	485	1161	1122	1247	1518	977	1910	2392
AAEL023497	1039	702	787	882	1061	855	807	833	1069	968	774	994
AAEL027592	1	0	1	1	0	0	0	0	0	0	0	0
AAEL018235	2708	2084	1484	938	580	1845	2311	2694	3050	1550	2311	3303
AAEL001449	57	55	53	38	71	51	48	63	64	69	43	57
AAEL024973	500	337	323	361	341	413	241	313	297	273	300	452
AAEL001446	982	583	738	652	645	952	812	949	1022	853	1041	1826
AAEL001442	342	273	398	161	217	257	794	909	1150	498	721	1100
AAEL027247	2	2	1	1	0	4	1	1	3	2	0	2
AAEL022657	258	172	156	123	141	156	87	129	121	87	76	167
AAEL001451	220	185	245	120	195	131	135	300	193	191	166	300
AAEL025447	0	0	1	1	0	0	2	0	0	0	0	3
AAEL001448	2083	1696	1639	1074	934	1421	1345	1601	1741	1306	1400	2122
AAEL001457	282	118	153	163	194	215	163	176	236	197	232	207
AAEL001464	310	376	331	164	145	304	156	271	231	241	252	417
AAEL001459	303	197	162	167	158	164	225	466	245	228	238	424
AAEL021235	74	57	62	36	32	34	51	52	53	69	28	111
AAEL020264	1048	717	574	346	61	424	913	1062	1080	882	928	1485
AAEL025183	0	1	1	0	0	0	0	0	0	0	0	2
AAEL025981	0	0	0	0	0	2	0	0	0	0	0	0
AAEL009151	38411	24504	28982	31337	45517	30080	27387	17962	30472	22023	25262	21854
AAEL009153	42	78	29	29	34	86	42	63	75	51	73	55
AAEL023309	84	79	67	41	88	71	58	68	123	51	88	81
AAEL024110	20	2	19	38	10	24	22	19	19	4	14	5
AAEL025687	98	78	65	45	38	179	36	49	59	29	51	93
AAEL009149	74	57	58	90	78	114	26	36	60	24	19	74
AAEL009160	4153	3193	2969	3656	4340	4892	2296	3648	3596	2749	3381	4084
AAEL009155	238	124	123	790	881	647	125	87	159	279	448	526
AAEL009158	26	38	35	13	47	17	34	21	25	31	22	23
AAEL009150	3765	2310	2149	1631	1261	2404	2246	2700	3164	2065	2847	5095
AAEL025633	11	2	6	2	3	7	8	12	5	12	10	17
AAEL009154	1009	666	791	1237	859	1122	567	621	756	819	866	1596
AAEL022328	1184	805	1039	431	277	698	1399	2130	1406	1017	1249	3175
AAEL020694	0	0	0	1	0	0	0	0	0	1	2	1
AAEL009156	311	227	207	282	192	288	181	186	229	205	223	290
AAEL009157	1651	1359	1041	618	380	1488	1690	1908	2088	1192	1604	2339
AAEL020206	0	0	0	0	0	0	0	0	0	0	0	0
AAEL017149	1	0	0	0	0	2	0	0	0	0	0	2
AAEL024404	2	2	1	1	2	4	3	4	1	5	1	2
AAEL001229	0	0	0	0	0	0	0	0	0	0	0	0
AAEL001228	49	31	25	30	65	59	70	66	75	52	65	67
AAEL017296	0	0	1	0	0	0	0	0	0	0	0	0
AAEL021496	0	0	0	0	0	0	0	0	0	0	0	0
AAEL026835	38	26	16	29	41	56	45	39	72	52	47	67
AAEL028829	0	0	0	0	0	0	0	0	0	0	0	0
AAEL001231	27	15	15	12	4	19	157	135	150	75	80	176
AAEL018743	0	0	0	0	0	0	0	0	0	0	0	0
AAEL022461	0	0	0	0	0	0	0	0	0	3	2	0
AAEL026167	0	0	0	0	0	0	0	0	0	0	0	0
AAEL015051	332	438	662	93	149	123	246	212	224	174	183	302
AAEL021466	15	18	10	11	14	21	22	17	24	16	18	17
AAEL015052	377	281	282	259	380	332	195	254	238	266	214	334
AAEL020191	3663	2935	2399	1964	1240	2743	2218	2907	3319	2232	2430	3104
AAEL027459	168	117	131	114	120	213	174	145	225	181	209	237
AAEL005829	165	87	115	127	153	155	137	172	189	175	168	207
AAEL005827	765	679	534	297	225	563	651	1008	809	505	571	1090
AAEL005831	473	335	304	363	397	397	240	342	364	364	248	392
AAEL018353	42	35	12	47	47	50	45	36	42	43	29	56
AAEL005837	729	476	597	543	571	533	460	485	531	528	489	790
AAEL005830	1221	942	1139	1464	1874	1492	513	656	724	659	801	1173
AAEL025523	0	0	0	0	0	0	0	0	0	0	0	0
AAEL022610	5	0	1	2	4	6	10	4	12	9	8	14
AAEL027286	0	1	0	0	0	2	4	0	6	3	0	8
AAEL005834	2	1	1	1	1	2	16	12	8	13	7	18
AAEL025068	0	0	0	0	0	0	2	0	1	0	0	1
AAEL012805	8	0	8	5	2	6	3	19	8	6	0	27
AAEL027718	10	10	41	10	4	38	31	55	17	16	11	68
AAEL005838	218	150	149	134	142	163	104	188	153	135	123	166
AAEL017572	141	84	185	52	91	84	103	80	123	113	219	268
AAEL027418	0	1	1	0	1	4	0	3	0	2	0	0
AAEL005840	33	26	16	16	28	32	51	40	46	38	38	57
AAEL025706	0	0	0	0	0	0	0	0	0	0	0	0
AAEL004705	0	4	1	1	0	0	0	0	1	0	1	4
AAEL024430	2	2	1	0	5	1	5	0	0	2	1	1
AAEL023974	0	0	0	0	0	0	0	0	0	0	0	0
AAEL018723	0	0	0	0	0	0	0	0	0	0	0	0
AAEL004701	183	170	158	96	121	127	103	158	369	31	127	54
AAEL004692	33	17	21	16	10	34	31	46	67	46	30	39
AAEL026954	0	0	0	0	0	0	0	1	1	0	0	2
AAEL025650	393	117	129	102	71	195	396	264	566	343	261	252
AAEL004691	2075	1809	2119	2026	2520	1823	1440	1687	1898	2307	1420	2325
AAEL004702	2017	1550	1446	1237	947	1617	1322	2070	2267	1202	1628	2305
AAEL004688	1667	1215	1013	1235	1427	2762	1503	1453	1744	1883	3615	4896
AAEL026452	733	549	618	624	602	618	479	583	668	513	524	697
AAEL004698	621	583	636	356	345	374	324	673	433	457	287	711
AAEL003103	5738	5567	3946	2147	3337	6606	4656	5593	7313	4395	5271	7094
AAEL022268	288	251	257	99	116	114	282	317	234	370	142	515
AAEL026922	1998	1613	1633	1345	1339	1457	1121	1740	1827	1279	1330	2239
AAEL013866	1422	1040	946	896	693	1338	1065	1486	1586	1014	1399	2053
AAEL013870	223	221	136	146	163	195	217	206	228	192	204	255
AAEL013869	1021	761	858	861	824	813	761	662	951	821	688	825
AAEL014695	1406	1176	843	479	395	1072	1479	1642	1474	886	1268	2069
AAEL027589	1748	1269	1132	1023	624	1165	1125	919	1432	1075	1157	1549
AAEL018994	0	0	0	0	0	0	0	0	0	0	0	0
AAEL024424	10	4	4	7	0	2	16	14	26	8	23	26
AAEL018967	0	0	0	0	0	0	0	0	0	0	0	0
AAEL028896	0	0	0	0	0	0	0	0	0	0	0	0
AAEL016841	0	0	0	0	0	0	0	0	0	0	0	0
AAEL021819	0	0	0	0	0	0	1	0	0	0	0	0
AAEL016840	0	0	0	0	0	0	0	0	0	0	0	0
AAEL024353	0	0	2	33	66	26	0	0	4	88	35	65
AAEL016838	0	0	0	0	0	0	0	1	1	0	0	0
AAEL011586	18	8	9	8	1	6	12	18	25	13	28	18
AAEL016837	0	0	1	0	0	0	0	0	0	0	0	0
AAEL018971	0	0	0	0	0	0	0	0	0	0	0	0
AAEL016781	1	0	0	0	0	0	1	1	1	0	0	0
AAEL025378	138	48	61	53	10	47	91	62	119	66	107	115
AAEL027781	2	0	0	0	0	0	0	0	0	0	1	1
AAEL011580	50	70	85	93	151	88	50	36	65	59	55	65
AAEL026076	1	0	0	2	0	0	0	0	0	0	0	1
AAEL011578	405	142	175	190	138	325	108	181	148	99	70	398
AAEL022235	0	2	0	0	0	0	1	3	0	0	0	0
AAEL020996	0	0	0	0	0	0	0	0	0	0	0	0
AAEL011583	5	9	3	6	4	5	10	4	4	9	8	5
AAEL022050	0	0	0	0	0	0	1	0	0	0	0	0
AAEL024547	3	1	1	1	0	1	2	2	0	0	0	0
AAEL024283	2388	1725	1686	1434	889	1684	2834	2801	3608	2385	2133	3359
AAEL024219	0	3	0	0	0	0	8	0	2	1	2	2
AAEL022397	373	293	257	112	153	265	288	329	340	275	283	463
AAEL006287	0	2	5	0	0	1	0	0	5	6	0	5
AAEL028805	0	0	0	0	0	0	0	0	0	0	0	0
AAEL006293	22	10	20	20	16	19	14	13	11	19	18	25
AAEL028686	0	0	0	0	0	0	0	1	0	0	0	0
AAEL016454	0	0	0	0	0	0	0	0	0	0	0	0
AAEL028913	0	0	0	0	0	0	1	0	0	0	0	4
AAEL016456	0	0	0	0	0	0	0	0	0	0	0	0
AAEL016457	0	0	0	0	0	0	0	0	0	0	0	0
AAEL028933	0	0	0	0	0	0	0	0	0	0	1	2
AAEL016458	0	0	0	0	0	0	0	0	0	0	0	0
AAEL016459	0	0	0	0	0	0	0	0	0	0	0	1
AAEL018876	0	0	0	0	1	1	0	0	0	0	0	0
AAEL006294	403	317	422	276	373	240	263	398	281	345	219	469
AAEL021386	1728	1438	1644	1211	1334	1342	1013	1275	1248	1325	1076	1544
AAEL027241	5	0	2	4	0	1	0	0	0	0	0	0
AAEL027213	161	105	74	66	55	135	54	94	92	91	111	172
AAEL005790	50380	6923	17032	3412	2757	2542	28710	20915	17766	24977	27898	4810
AAEL016413	8	0	3	0	0	0	6	0	0	3	5	1
AAEL005777	73	50	18	10	19	21	10	56	21	46	69	72
AAEL005768	3059	2123	2366	1692	2260	1693	2430	2889	3125	1733	2181	2331
AAEL005787	119	78	84	93	128	59	34	57	63	74	127	112
AAEL005789	141	50	79	142	102	82	104	97	154	80	129	81
AAEL026430	189	304	332	277	603	297	251	127	163	240	803	1423
AAEL005773	14	5	9	4	22	18	11	11	15	11	14	24
AAEL005770	446	258	363	222	330	309	95	56	76	126	463	463
AAEL005772	7880	6924	7995	3446	7250	4054	1198	1067	846	3093	4929	3581
AAEL023110	2	0	0	3	1	5	4	6	2	3	1	9
AAEL028800	0	0	0	0	0	0	0	0	0	0	0	0
AAEL005774	536	248	211	311	166	286	313	182	269	206	161	396
AAEL023462	0	2	0	1	0	2	2	1	0	1	0	0
AAEL012458	53	30	28	29	15	19	38	67	134	33	48	30
AAEL016807	0	0	0	0	0	0	0	0	0	0	0	0
AAEL020378	534	466	405	355	363	474	481	500	619	445	530	738
AAEL019747	830	643	493	374	321	593	616	770	863	544	649	870
AAEL012460	881	604	640	617	614	795	540	626	679	539	616	791
AAEL012453	571	467	428	370	324	533	371	423	425	346	396	497
AAEL012463	1328	980	920	557	412	796	1506	1405	1696	926	1408	2008
AAEL025589	0	0	0	0	0	0	1	1	4	3	0	1
AAEL028013	2036	1968	2128	487	701	561	1470	2123	1172	1138	885	481
AAEL012456	1141	978	816	411	434	744	1080	1391	1278	1035	1042	1981
AAEL021904	60	27	25	26	56	85	47	50	52	27	75	147
AAEL012465	269	245	153	188	126	265	180	240	284	179	260	275
AAEL012457	161	143	162	1516	639	771	108	255	239	286	306	746
AAEL012455	206	190	214	171	216	201	98	265	172	160	148	237
AAEL005726	1218	843	714	677	480	949	1260	1345	1527	1102	1327	1948
AAEL005719	611	507	518	443	448	490	378	487	580	383	460	618
AAEL005717	192	168	138	121	124	135	120	192	168	129	127	231
AAEL025445	0	1	1	0	1	1	1	1	1	0	2	1
AAEL021969	0	0	0	0	0	0	0	0	2	0	0	1
AAEL005722	64886	45787	52322	61461	96113	58842	41798	31015	59579	38347	45803	38712
AAEL023014	1	2	0	2	0	1	2	0	0	2	0	3
AAEL022542	53	43	32	14	54	66	69	55	88	55	76	115
AAEL025039	4	0	0	0	0	2	2	1	0	0	0	9
AAEL021344	2	0	0	1	1	0	8	1	4	1	0	3
AAEL026762	0	0	0	0	0	0	1	1	0	0	0	0
AAEL005714	0	0	0	0	0	0	0	0	0	0	1	0
AAEL014335	414	246	322	709	981	890	245	1348	933	806	657	1080
AAEL024746	53	46	68	48	80	78	56	225	116	98	60	182
AAEL006159	0	0	0	0	0	3	0	10	9	0	0	0
AAEL006157	0	0	0	1	1	0	3	3062	1575	723	1	5
AAEL022260	0	0	0	0	1	0	0	4	1	0	0	5
AAEL018112	69	63	25	10	22	39	65	108	104	59	65	126
AAEL025428	1	0	0	0	0	4	3	0	0	1	0	2
AAEL006169	7171	5576	7308	8803	10587	8259	3081	2913	4303	5088	7370	13515
AAEL006166	264	223	259	162	162	205	162	196	191	226	212	299
AAEL006158	6837	6718	5453	3135	5124	7176	5801	6543	6936	6524	6041	10390
AAEL006161	128	89	67	536	479	654	45	75	137	116	578	646
AAEL006168	323	231	217	1336	2066	1108	60	43	67	302	942	1887
AAEL006167	8	5	10	14	21	10	16	14	25	16	19	21
AAEL021550	1	1	3	0	0	1	0	0	0	0	0	0
AAEL028054	1	1	3	0	2	5	5	3	3	4	0	2
AAEL006164	2	5	0	4	3	2	0	4	1	1	1	1
AAEL006160	14	10	15	20	27	33	31	31	42	43	31	47
AAEL019809	2	0	1	0	0	0	4	3	2	7	2	9
AAEL018130	490	337	270	310	349	429	314	421	497	329	433	661
AAEL007040	18	32	27	30	34	35	28	20	24	15	24	112
AAEL007030	2035	1612	1665	2098	1808	2903	768	1170	1046	991	1097	2396
AAEL027019	129	130	119	45	92	159	83	222	125	126	120	199
AAEL007038	425	353	323	323	464	455	269	431	547	301	382	552
AAEL007034	849	711	547	283	371	996	866	926	1258	798	1032	1363
AAEL017524	3	0	1	11	26	13	6	5	2	4	39	29
AAEL023808	1	0	1	2	4	0	1	0	0	3	1	0
AAEL007029	1865	1115	1055	926	1151	1407	1561	2119	2496	1673	1693	2151
AAEL007039	69	42	40	303	425	100	6	25	8	25	41	73
AAEL017056	58	45	38	213	272	82	11	19	11	37	18	46
AAEL021618	571	361	326	175	141	290	525	598	563	449	525	949
AAEL026636	2	6	2	0	1	0	13	1	4	3	4	1
AAEL023166	607	515	509	516	608	767	549	656	897	577	724	778
AAEL003032	1068	1085	747	533	471	1153	997	1193	1455	684	1065	1343
AAEL003039	3493	2165	2266	2507	2610	3038	4088	2567	5522	2696	3749	2768
AAEL027555	1	0	1	2	10	4	4	0	1	4	0	3
AAEL024372	0	0	0	0	0	0	0	0	0	0	0	0
AAEL023049	0	0	2	0	0	0	1	0	2	0	4	2
AAEL021920	4	0	0	1	0	0	1	0	0	0	0	2
AAEL026584	0	0	0	0	0	0	1	0	1	0	0	0
AAEL003046	11033	8882	9154	12594	10902	17857	8376	12927	14195	10171	24952	36938
AAEL020005	3	6	3	0	10	10	4	3	4	8	1	4
AAEL020006	91	83	53	43	94	86	108	109	165	90	156	142
AAEL020007	4	5	7	0	2	3	1	3	3	4	1	2
AAEL020589	29	32	29	407	590	254	20	106	58	96	264	688
AAEL003043	51	38	41	37	44	49	77	101	89	64	86	121
AAEL003026	377	188	111	34	18	172	327	380	538	323	476	526
AAEL026862	39	29	27	28	60	45	47	40	67	68	38	33
AAEL003047	197	195	111	49	89	177	252	253	345	238	292	310
AAEL003045	0	0	0	0	0	0	0	0	1	0	0	0
AAEL020613	6	1	8	6	4	8	11	15	12	11	9	15
AAEL016282	0	0	0	0	0	0	0	0	0	0	0	0
AAEL003035	1217	891	1149	1504	2242	1439	1441	1110	1820	1695	1368	1141
AAEL027482	68	45	55	38	40	52	62	70	93	76	69	102
AAEL025550	0	0	0	0	0	0	0	0	0	0	0	0
AAEL003036	380	340	248	151	145	369	429	413	539	389	479	581
AAEL023790	2	1	3	1	3	7	6	0	0	6	3	6
AAEL020816	4	4	6	1	1	5	4	4	3	6	0	6
AAEL003019	542	385	415	331	430	364	442	483	479	425	336	376
AAEL003034	380	339	334	300	250	329	254	308	335	263	286	420
AAEL003022	604	642	538	286	372	653	609	902	1029	817	750	1261
AAEL017455	2028	2594	1324	1079	1656	11207	1895	1860	3537	2311	4549	6560
AAEL027824	1	2	0	0	0	1	0	0	0	0	0	0
AAEL003049	39	38	64	33	32	27	9	7	11	19	31	22
AAEL003020	1	0	0	0	0	0	1	1	1	0	0	0
AAEL024102	3	1	3	0	0	2	3	0	0	0	0	2
AAEL020607	0	0	0	0	0	0	0	0	0	0	0	0
AAEL003041	40	34	41	35	23	12	27	49	41	37	24	36
AAEL022352	116	54	57	13	23	28	25	43	60	24	35	33
AAEL026977	4	0	7	0	0	0	2	3	4	4	1	3
AAEL022522	1	0	2	0	0	1	4	0	1	0	1	1
AAEL026796	7	2	9	9	3	2	8	3	2	15	8	6
AAEL013434	225	185	202	284	328	311	199	387	335	289	381	529
AAEL013433	142	163	64	237	312	264	128	169	216	88	501	868
AAEL002740	165	255	105	247	75	272	157	229	280	200	194	266
AAEL002745	40	7	14	4	5	2	65	45	72	40	46	62
AAEL022967	0	0	3	1	0	1	0	0	0	0	1	2
AAEL028908	0	0	0	0	0	0	1	0	0	0	0	0
AAEL025842	0	1	0	0	1	2	2	1	0	1	0	0
AAEL021220	0	0	0	0	0	0	0	0	0	0	0	0
AAEL026511	0	0	0	0	0	0	0	0	0	0	0	0
AAEL002754	37	19	19	5	1	19	86	69	78	59	73	95
AAEL024699	0	0	1	0	0	0	6	0	0	1	1	6
AAEL026214	60	17	19	21	27	29	19	39	39	15	19	18
AAEL010598	350	280	260	236	236	426	265	292	510	224	360	411
AAEL028942	0	0	0	0	0	0	0	0	0	0	0	0
AAEL028751	3	0	0	1	5	0	5	0	0	0	0	0
AAEL022960	0	4	0	1	1	2	2	2	1	2	0	3
AAEL022931	6031	4040	4939	3745	3828	3622	2512	3700	3999	2860	3622	4853
AAEL022548	1	0	1	0	0	0	2	0	0	0	0	0
AAEL020850	75	78	85	108	196	123	44	82	95	102	58	249
AAEL021988	2	0	0	0	1	0	0	0	0	0	0	0
AAEL027067	88	42	31	28	48	106	68	50	139	61	93	100
AAEL022816	1	0	0	0	0	0	1	0	0	1	0	0
AAEL004075	400	419	278	395	342	593	277	357	627	228	427	343
AAEL021045	0	0	0	0	0	0	0	1	3	1	0	0
AAEL004057	396	249	284	239	198	230	244	332	344	276	216	364
AAEL004071	2350	1647	2013	3059	4239	3012	1802	2009	2387	2342	2477	2695
AAEL004069	646	511	675	595	884	506	428	408	518	506	391	385
AAEL004067	879	529	546	1658	2289	1965	402	598	732	807	917	1473
AAEL004063	692	440	527	556	562	590	511	435	652	511	486	473
AAEL004065	1163	924	883	814	1160	915	688	918	1076	752	731	788
AAEL004064	660	545	531	359	287	433	557	450	591	448	444	729
AAEL004043	200	298	354	107	171	207	166	146	143	191	161	269
AAEL022257	5	0	0	1	5	3	5	0	2	1	6	7
AAEL024655	1067	830	733	732	643	1070	891	1206	1253	806	1130	1619
AAEL004055	697	489	551	460	440	446	443	409	530	530	499	526
AAEL022486	355	357	354	239	200	196	314	242	402	281	265	346
AAEL026538	1	1	2	0	0	0	6	1	6	2	3	1
AAEL004056	181	173	187	141	229	144	152	155	149	182	136	191
AAEL022954	0	0	0	0	1	0	0	0	0	1	0	0
AAEL004053	889	783	817	603	548	571	728	667	693	813	543	846
AAEL004052	587	513	464	331	421	750	481	681	673	603	646	846
AAEL004042	1963	1318	1739	830	1172	825	1303	1543	1847	1888	1160	1326
AAEL020053	0	0	0	0	0	0	6	2	0	3	0	1
AAEL004076	887	535	730	528	659	494	414	481	537	573	374	562
AAEL004054	9274	6281	6933	8059	8202	9733	8108	9719	14341	6180	10707	11388
AAEL004046	33	36	20	20	28	41	27	23	43	23	26	83
AAEL004068	808	770	559	363	367	1276	604	872	991	382	802	873
AAEL025778	1	0	3	0	0	1	3	0	0	3	0	0
AAEL017198	36884	26555	33433	32672	57409	31976	28233	15670	27185	26975	24087	21834
AAEL026508	0	0	0	0	0	0	0	0	0	0	0	0
AAEL021479	11	35	52	5	1	6	42	40	65	21	15	51
AAEL023301	7	4	4	0	1	9	15	15	13	9	13	14
AAEL004048	1056	521	756	692	761	557	1141	867	2255	943	1076	1070
AAEL004060	5931	4451	5771	5039	7626	4289	3130	3124	3408	3365	3263	3141
AAEL004050	255	191	200	188	268	215	131	119	159	176	205	238
AAEL028173	1	1	0	3	3	8	7	2	5	3	2	6
AAEL026169	315	248	228	133	140	251	615	420	688	384	476	517
AAEL004070	99	110	79	182	215	246	97	84	112	106	213	315
AAEL004074	819	576	501	592	690	878	535	948	706	665	1029	1489
AAEL026414	0	0	0	0	0	0	2	0	2	1	0	0
AAEL023760	0	0	0	0	1	0	0	2	1	0	0	1
AAEL023572	3	0	0	0	0	0	3	3	3	1	2	2
AAEL015598	252	176	226	226	336	191	129	169	170	195	146	288
AAEL025030	138	68	69	46	60	64	98	293	180	86	128	114
AAEL004059	9920	5138	5808	9433	11702	4820	4824	4042	7797	3115	3938	3142
AAEL004081	1311	993	1152	987	1440	907	635	943	809	1004	869	981
AAEL001616	1536	1049	1087	1064	952	1287	1326	1368	1725	1595	1736	2403
AAEL023527	14	6	6	0	0	7	35	37	40	13	26	45
AAEL021006	217	58	91	34	11	78	418	377	388	230	290	458
AAEL028708	0	0	0	0	0	0	0	0	0	0	0	0
AAEL001619	428	353	368	377	386	380	270	235	306	367	285	330
AAEL001631	199	116	132	131	112	103	67	90	114	112	89	158
AAEL019987	547	431	460	503	494	501	397	532	624	457	459	806
AAEL019988	529	367	386	1075	1647	992	331	367	390	667	864	1115
AAEL001622	1002	770	762	717	648	714	700	620	783	731	676	938
AAEL001600	123	110	125	73	102	78	74	109	102	91	81	107
AAEL020974	2	0	1	0	1	2	5	4	2	4	1	0
AAEL001625	62	38	44	54	60	45	54	43	43	41	45	33
AAEL001601	407	203	268	295	375	317	286	267	263	357	230	392
AAEL025607	592	382	431	263	229	404	796	1288	1459	808	1173	2890
AAEL001623	3872	2716	2932	3277	3002	3425	3654	2585	4448	3121	3212	3068
AAEL001628	54	35	28	17	21	38	64	27	66	50	34	86
AAEL001626	1108	913	1094	534	590	555	715	870	785	1022	607	1659
AAEL001612	322	309	208	40	69	292	409	458	430	211	301	574
AAEL027922	0	0	0	0	0	0	1	0	0	0	0	0
AAEL001627	770	748	677	174	208	251	248	842	523	359	229	437
AAEL001607	3033	1972	2185	1439	1406	558	731	699	691	576	931	944
AAEL025425	84	44	58	59	88	42	48	41	54	39	45	89
AAEL001610	232	139	195	165	216	169	184	188	203	160	115	230
AAEL001615	593	487	497	502	643	488	498	416	562	486	445	405
AAEL001624	131	129	106	79	104	143	95	108	111	87	85	102
AAEL001597	74	71	78	36	45	49	51	59	51	105	59	71
AAEL001604	639	504	382	175	181	497	670	611	747	509	590	842
AAEL013702	973	878	537	266	367	887	938	1079	1368	639	864	1338
AAEL020318	6	7	6	3	1	0	7	1	5	4	1	5
AAEL023648	0	0	0	0	0	0	0	0	0	0	0	0
AAEL010932	1958	1533	1471	1301	1071	1185	1594	3777	2329	1834	1397	3153
AAEL010931	144	130	141	159	223	193	109	117	144	122	144	180
AAEL019957	959	559	614	778	931	776	583	704	799	856	870	1595
AAEL010938	242	206	287	183	143	164	65	55	96	75	134	162
AAEL020441	136	129	138	58	119	54	24	31	44	19	36	73
AAEL028927	0	0	0	0	0	0	0	0	0	0	0	0
AAEL020617	629	416	395	421	234	466	715	688	881	556	839	1410
AAEL022296	43	27	14	24	15	87	54	80	119	83	87	56
AAEL010933	790	529	578	297	215	534	755	581	799	533	635	912
AAEL023623	0	0	0	0	0	0	0	0	0	0	0	0
AAEL010939	1129	727	888	661	538	640	647	922	936	796	722	1099
AAEL010941	81	72	44	18	19	78	160	119	185	102	144	179
AAEL020085	3	2	0	0	3	3	0	0	0	2	1	0
AAEL026383	55	28	27	31	66	23	54	52	28	34	98	62
AAEL025404	1195	693	781	676	636	736	789	1184	1165	934	974	1529
AAEL013808	1763	1574	1108	586	549	1271	1074	1642	1502	878	1385	2580
AAEL024331	0	0	0	0	0	0	0	0	0	0	0	0
AAEL021658	3	7	15	3	8	0	8	12	14	6	8	5
AAEL013812	848	476	290	906	1124	1962	152	120	358	560	2627	2418
AAEL023664	255	267	219	145	138	214	186	249	181	237	224	347
AAEL010089	212	142	189	127	165	135	113	142	186	171	115	209
AAEL026267	40	32	25	16	18	48	71	56	102	73	84	82
AAEL024592	221	135	110	41	35	124	341	309	480	269	359	421
AAEL005165	15355	10275	9593	11124	11239	13553	10862	16406	20762	9347	13483	13755
AAEL028105	5876	3962	4960	4004	4873	3632	3201	2650	2674	4945	2485	4889
AAEL020940	0	2	0	0	0	0	0	0	2	0	0	0
AAEL009515	466	300	224	125	109	291	586	473	425	342	384	602
AAEL020795	0	0	0	0	0	0	2	0	0	0	1	0
AAEL009517	20	4	4	1	2	7	63	33	38	28	30	51
AAEL027487	0	0	0	0	0	0	0	0	0	0	0	0
AAEL009514	0	0	0	0	0	0	0	1	0	0	0	1
AAEL009513	233	61	109	82	62	125	108	466	386	239	225	181
AAEL019522	825	638	519	604	374	867	593	829	868	544	712	898
AAEL019874	95	50	39	18	18	84	326	147	529	358	296	36
AAEL019873	0	2	0	0	0	1	1	1	1	0	4	0
AAEL021432	837	542	558	357	402	493	572	701	627	578	640	1008
AAEL021015	15	25	4	8	14	22	11	19	39	11	13	23
AAEL012135	365	178	147	928	991	688	226	184	281	421	501	477
AAEL012140	371	279	287	239	202	331	190	294	339	268	281	298
AAEL012137	648	550	541	593	435	612	490	641	665	577	587	877
AAEL012139	107	80	59	91	156	183	79	127	159	90	131	154
AAEL012138	279	208	160	271	404	244	330	121	234	174	178	169
AAEL012143	410	310	377	156	154	154	252	357	296	356	270	710
AAEL013108	703	507	517	675	605	737	481	585	618	517	590	1109
AAEL027982	54	24	13	29	33	46	43	93	106	56	60	72
AAEL026661	0	0	0	0	28	13	0	33	0	0	6	3
AAEL013111	934	436	530	684	964	745	785	765	1044	816	983	1302
AAEL013109	113	64	77	68	95	71	59	131	173	126	95	160
AAEL013107	191	197	144	183	231	227	169	180	250	192	205	251
AAEL013110	457	379	288	226	174	318	273	316	306	249	312	445
AAEL013115	337	210	238	174	152	203	402	310	437	305	334	449
AAEL013114	339	247	301	232	365	287	190	231	330	193	145	329
AAEL013116	1254	857	1024	1093	1287	1086	828	814	1071	813	749	697
AAEL013113	250	176	203	243	299	216	123	194	217	187	181	292
AAEL023905	14	14	16	7	17	22	20	18	23	26	19	20
AAEL014040	237	129	159	141	162	155	116	112	132	109	132	172
AAEL017435	450	276	256	252	214	305	305	394	451	371	340	570
AAEL014038	358	299	276	162	182	264	256	217	335	181	254	350
AAEL023296	3	2	1	1	1	0	6	1	1	0	2	3
AAEL014037	422	337	338	380	453	398	394	304	478	280	330	330
AAEL014039	4781	3852	4172	4496	6378	4589	3414	3050	4123	3313	3114	2822
AAEL026668	1499	1482	904	513	465	1644	1481	1814	1842	902	1387	2022
AAEL021395	642	435	457	531	463	633	482	633	695	686	769	1268
AAEL025496	0	0	0	0	0	0	0	0	0	1	0	2
AAEL028246	0	0	0	0	0	0	0	0	0	0	0	3
AAEL013405	5	4	9	10	15	4	11	16	16	20	14	10
AAEL013406	19	15	36	76	143	32	5	7	17	46	28	42
AAEL014125	15	3	9	11	5	8	13	29	21	18	11	17
AAEL013528	1929	1394	1804	1673	2449	1467	751	842	940	1021	944	1006
AAEL013527	756	583	635	765	1016	661	463	452	593	591	533	642
AAEL013522	475	470	356	222	237	527	310	437	475	279	393	582
AAEL013521	1365	895	1051	982	1049	885	750	680	824	740	733	902
AAEL013526	271	154	219	244	341	377	201	523	359	286	448	870
AAEL004544	107	53	55	11	16	42	213	194	258	157	195	264
AAEL013525	1200	1416	1403	2373	2867	1767	764	580	520	5172	8581	20200
AAEL024126	0	0	0	0	1	0	2	0	0	1	0	1
AAEL004571	235	179	165	186	154	206	148	160	176	189	197	226
AAEL004551	1453	1227	878	851	755	1646	1012	1521	1806	738	1250	1499
AAEL004577	274	259	256	191	237	212	187	140	237	247	181	271
AAEL022687	417	315	292	288	237	312	300	243	341	344	304	449
AAEL004579	571	380	428	290	331	366	343	484	460	327	344	476
AAEL004562	355	377	298	209	181	356	276	326	387	276	341	446
AAEL015603	961	631	688	339	316	443	654	619	785	611	566	814
AAEL025769	2165	1772	2054	1459	1935	1949	1050	2036	1568	1687	1430	2354
AAEL004552	88	109	103	53	111	88	93	116	103	146	103	140
AAEL004567	1080	754	622	408	633	1032	1167	1616	2136	1138	1363	1698
AAEL025048	6	3	3	1	7	3	28	9	12	13	2	11
AAEL004580	340	257	456	402	389	262	93	85	140	171	172	377
AAEL004575	471	375	334	236	207	311	197	209	289	151	447	573
AAEL004582	1762	2502	3297	341	714	443	193	977	447	380	192	375
AAEL026944	1	0	1	0	0	0	0	0	0	1	0	0
AAEL021258	61	70	67	61	75	63	39	56	73	69	51	91
AAEL004563	1886	1391	1742	2109	2496	2009	887	1186	1156	1248	1293	1924
AAEL004558	296	268	238	249	269	345	218	198	248	242	219	296
AAEL004554	487	444	446	447	428	456	404	372	386	445	370	498
AAEL004570	265	257	249	240	258	259	230	208	233	219	212	319
AAEL004546	2701	1853	1798	1596	1423	1971	1685	2470	2797	1790	2028	2630
AAEL004547	1029	487	564	626	853	511	614	604	631	586	611	648
AAEL022851	0	1	0	0	2	2	0	1	0	0	0	1
AAEL004553	129	91	109	152	120	247	103	143	130	151	190	201
AAEL004555	121	85	77	56	66	52	115	145	104	183	85	458
AAEL004566	403	241	287	466	525	462	276	311	296	355	509	660
AAEL004576	92	41	63	29	40	58	68	59	39	58	86	103
AAEL004543	11	17	9	12	12	17	8	10	11	9	7	28
AAEL004559	1083	1204	845	390	536	1105	1563	1408	2262	1233	1828	2568
AAEL004574	269	204	184	159	191	169	174	243	205	222	155	242
AAEL004569	201	76	112	149	147	208	122	365	131	205	206	368
AAEL024264	815	499	611	394	340	313	451	711	480	547	362	659
AAEL004581	322	226	339	237	344	269	205	603	410	360	253	397
AAEL004707	1	2	0	1	0	3	0	0	1	5	1	8
AAEL004696	1	1	0	3	3	1	1	3	0	1	2	1
AAEL025043	0	0	0	0	0	0	0	0	0	0	0	0
AAEL020830	1762	912	996	666	278	880	2228	2046	2511	1215	1744	2449
AAEL022388	13	25	10	16	10	5	39	66	61	15	10	51
AAEL022706	2	1	11	6	3	5	5	8	1	2	2	3
AAEL004703	4	11	5	2	8	2	2	4	3	3	2	7
AAEL004690	263	267	230	215	250	219	267	344	499	286	384	291
AAEL022473	1	0	1	0	2	1	1	2	0	0	0	6
AAEL004694	1318	801	785	2051	2087	1604	764	1140	1205	1158	2010	2443
AAEL004685	592	529	552	279	348	425	405	424	649	528	547	449
AAEL027356	58	39	8	48	46	51	61	36	182	40	62	73
AAEL022817	0	0	0	0	0	0	0	0	1	3	4	0
AAEL012616	3752	2687	3534	2385	2574	2225	1298	1490	2088	1173	1873	2501
AAEL028182	9	7	7	5	4	5	6	20	15	7	7	15
AAEL024447	412	291	265	306	341	378	237	291	389	244	277	276
AAEL020185	2	1	0	0	2	0	3	1	0	0	2	0
AAEL012618	778	661	461	405	454	970	443	440	766	343	735	404
AAEL024564	0	0	0	2	0	0	5	2	0	1	2	3
AAEL023193	1166	911	560	222	241	985	1295	1342	1652	617	1394	1300
AAEL019473	765	425	395	308	322	728	1033	948	1398	761	1140	1532
AAEL023392	10	3	3	1	0	6	10	9	7	11	16	23
AAEL012613	111	114	67	24	59	169	238	190	342	102	198	270
AAEL016967	445	195	273	275	231	255	479	682	723	539	457	361
AAEL012242	97	92	89	70	83	112	100	87	119	104	72	104
AAEL012237	593	486	484	364	454	486	493	665	739	588	507	887
AAEL012238	1116	1213	1877	849	1676	702	390	372	381	518	420	752
AAEL026714	861	662	580	481	335	546	579	805	683	459	528	856
AAEL027011	1	0	0	1	0	1	0	0	0	0	0	0
AAEL025078	1525	1092	1329	1167	1342	1116	570	1156	1041	898	805	1162
AAEL012243	4766	3965	3557	2559	2396	3601	3491	3469	4477	3309	3672	5466
AAEL025414	1	0	0	1	0	1	4	2	2	4	0	1
AAEL012247	715	557	577	513	422	458	595	620	691	687	594	804
AAEL022492	0	1	2	14	7	29	5	1	6	0	31	26
AAEL027837	0	0	2	0	0	0	1	0	0	0	0	0
AAEL022143	0	0	0	0	0	1	0	0	0	0	0	0
AAEL027026	260	204	165	250	218	418	173	223	340	133	250	202
AAEL021113	1036	636	731	1507	1869	1525	776	1237	1146	1306	1273	2218
AAEL012234	2460	1925	1793	1730	1599	2218	1656	2543	2496	1905	2200	3286
AAEL012239	0	1	0	1	0	2	2	0	1	0	0	1
AAEL012245	50	28	22	37	39	26	24	38	26	25	67	19
AAEL022243	0	1	0	0	0	0	2	1	2	8	1	4
AAEL024028	2	0	0	1	1	1	9	9	4	3	4	7
AAEL009580	7	4	10	2	10	1	3	14	14	6	5	5
AAEL009585	238	156	194	76	128	79	223	267	310	122	179	221
AAEL021517	1	3	0	1	0	0	0	0	0	2	0	1
AAEL027489	2	6	1	3	4	5	3	11	3	1	2	5
AAEL011750	958	679	776	1248	1161	1264	518	891	882	854	1039	1815
AAEL024068	1	0	1	0	0	2	0	2	0	0	1	0
AAEL020867	8	7	5	1	10	1	4	2	7	4	8	1
AAEL019670	516	395	417	381	326	410	331	472	493	347	356	607
AAEL023969	0	1	0	0	0	0	1	1	0	1	0	0
AAEL011753	310	240	282	186	214	187	178	186	208	187	199	260
AAEL023265	574	675	528	244	135	466	371	378	353	305	434	378
AAEL024463	8	3	3	0	0	2	22	7	17	12	19	22
AAEL011758	46	30	25	23	33	35	32	37	18	27	22	29
AAEL011757	24	35	27	43	40	42	43	17	63	34	26	16
AAEL027336	277	975	1138	554	1956	427	68	26	154	168	68	94
AAEL020474	1	33	16	1	12	9	12	3	11	18	1	1
AAEL026374	0	0	0	0	0	0	0	0	0	0	0	0
AAEL020060	0	0	0	0	0	0	0	2	0	0	0	0
AAEL011748	1	3	2	1	3	1	1	1	1	1	0	1
AAEL028207	2	0	0	0	2	0	0	1	1	1	0	1
AAEL011752	522	322	471	341	503	289	354	366	368	330	298	436
AAEL023977	363	262	364	290	286	318	221	187	235	254	272	397
AAEL022938	365	418	485	296	471	263	324	311	378	418	127	356
AAEL024705	0	4	0	3	0	11	0	0	0	0	0	0
AAEL021268	3	0	0	2	0	0	1	0	0	0	2	0
AAEL027089	2	2	5	0	3	0	0	0	0	0	0	1
AAEL014051	355	377	373	291	267	443	272	389	462	253	330	366
AAEL014055	1249	918	949	631	860	966	829	1021	812	1114	917	1716
AAEL025786	12	128	116	9	18	9	85	44	77	118	1	19
AAEL014053	1479	1088	1355	673	660	727	1302	1345	1654	1232	985	1373
AAEL026784	7	8	0	2	4	11	5	4	8	3	3	0
AAEL025816	2	5	2	9	10	2	4	1	8	3	0	3
AAEL008425	728	644	809	1217	1573	1108	398	426	454	683	638	1073
AAEL008426	72	46	32	8	17	11	111	44	107	57	91	149
AAEL020444	2	0	1	2	2	2	0	1	0	1	4	0
AAEL008424	550	371	355	440	584	421	174	177	316	312	388	707
AAEL022374	1	0	0	0	0	0	0	3	3	1	2	0
AAEL008431	3813	3416	2725	1571	1572	3276	4026	3809	5083	3076	3725	4567
AAEL022276	0	0	0	1	0	0	0	0	0	0	0	0
AAEL027398	40	41	29	11	43	16	2	53	26	23	80	222
AAEL007822	323	294	286	361	440	305	231	222	286	271	245	376
AAEL023541	11	8	3	1	11	6	10	4	3	9	10	8
AAEL007820	679	564	472	389	518	684	565	631	682	561	561	660
AAEL021476	3	1	2	2	0	0	6	3	5	2	3	4
AAEL023388	0	0	0	3	0	0	0	0	1	0	0	2
AAEL014820	41	50	33	45	77	77	44	44	61	42	96	114
AAEL007825	278	250	251	227	254	240	205	253	205	287	181	272
AAEL022230	3	1	0	2	0	2	0	0	0	1	1	2
AAEL014821	1005	1000	1115	1846	2113	1267	292	199	295	409	482	987
AAEL007824	23925	19580	22268	21890	37301	19864	14029	10044	14545	16745	14043	14838
AAEL014822	156	150	196	101	131	144	161	163	148	193	129	210
AAEL020687	0	0	0	4	0	5	0	7	3	3	0	5
AAEL014823	12	3	10	1	8	6	5	11	6	6	3	5
AAEL011643	392	308	169	26	46	290	798	593	904	459	715	1159
AAEL011644	13	1	8	1	2	0	21	32	27	9	18	35
AAEL022947	3	9	4	5	0	36	0	1	0	0	7	22
AAEL014523	262	190	140	89	79	202	412	333	565	416	402	547
AAEL014522	433	389	270	205	246	369	309	306	363	327	288	347
AAEL005500	1211	898	872	849	868	881	805	840	768	911	854	1138
AAEL022920	10	17	25	8	42	13	14	18	23	20	11	30
AAEL023953	10	5	4	2	2	5	15	6	18	5	6	5
AAEL026979	5	4	2	0	0	3	16	5	3	5	15	15
AAEL005510	349	435	328	79	98	377	376	426	408	322	319	553
AAEL005504	246	242	210	150	195	231	189	211	230	200	197	318
AAEL005507	15	61	12	6	13	5	34	21	40	12	12	17
AAEL020797	1	0	0	0	0	0	6	3	2	2	5	5
AAEL024677	0	0	0	0	9	1	0	0	0	7	0	0
AAEL017437	2146	2663	1721	879	1160	3594	1829	1880	3556	1395	2269	2042
AAEL022036	0	0	0	0	0	0	3	2	0	0	0	0
AAEL005508	2501	1784	2240	1867	2785	2129	1473	1688	1773	1631	1537	1697
AAEL017331	40	20	23	21	38	26	37	37	56	43	35	38
AAEL021079	3	2	1	2	1	1	0	0	0	0	0	3
AAEL029040	3	15	30	4	15	7	13	19	15	15	5	31
AAEL025476	0	0	0	0	0	0	0	0	0	0	0	0
AAEL020385	0	0	0	0	0	0	0	0	0	0	0	0
AAEL025015	27	7	37	12	14	14	6	8	21	12	11	31
AAEL026283	0	0	0	0	0	0	0	1	0	0	2	0
AAEL020975	0	0	0	0	0	0	0	1	1	0	1	1
AAEL024704	0	1	0	0	0	1	0	0	0	0	0	1
AAEL025301	0	0	0	0	0	0	0	0	0	0	0	0
AAEL022861	0	0	0	0	0	0	0	0	0	0	0	0
AAEL024271	0	0	0	0	0	0	2	1	0	0	1	0
AAEL021838	0	0	0	0	0	0	0	0	0	0	0	0
AAEL022711	0	1	1	1	4	6	1	4	3	0	5	7
AAEL023834	0	0	0	0	0	0	0	0	0	0	0	0
AAEL025698	0	0	0	0	0	0	0	0	0	3	0	0
AAEL025579	0	1	0	0	4	0	0	0	0	0	0	0
AAEL024697	0	0	1	0	0	1	2	1	0	0	0	0
AAEL026407	0	0	0	0	0	0	0	0	0	0	0	0
AAEL026925	0	0	0	0	0	0	0	0	0	0	0	0
AAEL022756	0	0	0	10	9	3	0	10	0	0	5	3
AAEL023316	1	0	0	0	0	1	1	0	2	0	1	0
AAEL022112	0	0	0	0	0	0	0	0	0	2	0	0
AAEL024877	0	6	10	0	4	1	5	0	0	1	4	1
AAEL020813	0	0	0	0	0	0	0	0	0	0	0	0
AAEL022114	0	0	0	0	0	0	0	0	0	0	0	0
AAEL022070	0	1	0	0	0	0	1	0	1	0	0	0
AAEL020580	12	14	4	4	12	12	3	1	4	7	1	1
AAEL026346	0	0	0	0	0	0	0	0	1	0	0	0
AAEL025669	20	78	17	26	18	31	33	49	38	12	57	72
AAEL023751	2	0	0	1	0	5	1	0	1	3	0	6
AAEL022912	0	0	0	0	0	1	2	0	0	0	0	0
AAEL028699	0	0	0	0	0	0	0	0	0	0	0	0
AAEL022894	0	0	2	0	0	1	0	0	0	0	0	1
AAEL025485	0	0	2	0	0	1	1	0	0	0	0	0
AAEL021974	0	0	0	0	0	0	0	0	3	3	0	0
AAEL022321	0	1	0	1	0	0	0	0	0	1	0	2
AAEL025316	0	0	0	1	0	0	1	3	0	1	0	0
AAEL024555	0	2	2	1	0	1	0	1	2	2	0	0
AAEL023836	0	0	0	3	0	0	1	0	1	0	0	1
AAEL022649	0	0	0	0	0	0	0	0	0	1	0	2
AAEL022650	8	2	4	0	2	3	6	3	9	8	16	17
AAEL021077	9	16	9	10	6	4	4	33	12	18	6	25
AAEL022411	0	1	3	2	2	0	0	1	1	2	1	2
AAEL014760	389	350	257	205	382	307	349	370	333	399	297	508
AAEL028113	1	0	0	0	0	0	13	7	1	5	0	5
AAEL026785	4	4	4	1	4	3	10	4	1	8	4	12
AAEL026445	0	0	1	0	0	1	3	1	3	4	2	7
AAEL026768	0	0	0	0	0	0	0	0	0	0	0	0
AAEL028070	6	0	6	0	5	1	12	10	11	5	3	16
AAEL015064	4998	4854	4859	3096	4232	4003	3616	3545	3586	4575	3166	4420
AAEL024907	0	0	0	0	0	0	0	0	0	0	0	0
AAEL028165	0	0	0	0	2	0	1	0	0	0	0	0
AAEL022173	4	3	0	1	0	0	1	1	0	2	0	0
AAEL021446	0	0	0	0	0	0	0	0	0	0	0	0
AAEL011830	465	444	447	373	545	503	378	449	496	414	454	512
AAEL023283	3	0	0	0	0	2	10	3	4	4	2	5
AAEL021859	62	30	34	41	46	62	26	33	20	21	49	65
AAEL020379	0	0	0	0	0	0	0	0	0	0	0	0
AAEL021955	74	83	55	24	49	52	69	67	77	89	54	103
AAEL022343	0	0	0	0	0	0	0	0	0	0	0	0
AAEL025137	10	1	0	3	4	3	10	6	7	8	2	9
AAEL021596	0	0	2	0	3	1	8	9	3	3	1	4
AAEL026391	0	0	0	1	0	0	0	0	4	2	0	0
AAEL022437	4	0	0	0	0	3	4	3	5	2	1	8
AAEL011832	1043	1167	1037	683	1163	1182	996	821	967	1119	815	1094
AAEL027768	1	0	0	0	0	0	0	0	0	1	3	1
AAEL022952	0	0	0	0	0	0	0	0	0	0	0	0
AAEL026034	0	0	0	0	0	0	0	0	0	0	0	0
AAEL025512	0	0	0	0	0	0	1	0	1	0	0	0
AAEL021978	18	6	5	16	26	7	4	5	18	6	7	10
AAEL022041	0	0	0	0	0	0	0	0	0	0	0	0
AAEL026035	0	1	0	0	0	0	0	0	0	0	0	0
AAEL021343	0	0	0	0	1	0	3	1	0	2	0	0
AAEL023944	21	52	34	11	10	20	25	10	32	18	21	37
AAEL015305	34	47	54	18	26	45	40	18	48	22	12	41
AAEL020467	146	128	98	88	144	175	122	173	202	154	153	291
AAEL025033	0	0	0	1	0	3	0	0	1	1	4	1
AAEL027065	2	0	0	0	0	0	2	1	0	0	1	0
AAEL008072	144	102	130	111	180	125	92	85	99	88	73	104
AAEL020198	0	0	0	0	0	0	0	0	0	1	0	0
AAEL021569	0	0	0	0	0	0	0	0	0	0	0	0
AAEL020310	0	0	0	0	0	0	0	0	0	0	0	0
AAEL023403	4	5	4	4	2	7	1	4	3	0	2	12
AAEL008071	80	150	62	15	43	130	136	129	161	97	146	179
AAEL021109	0	0	0	0	0	0	0	0	0	0	0	0
AAEL021062	0	1	0	0	8	0	6	0	3	1	0	1
AAEL023504	0	0	0	0	0	0	0	2	0	0	0	0
AAEL025757	0	0	1	0	0	0	0	0	0	0	0	0
AAEL020209	0	0	0	0	0	0	0	0	0	0	0	0
AAEL027827	0	0	0	0	0	0	0	1	1	1	0	1
AAEL025010	0	0	0	0	0	0	0	0	0	0	0	2
AAEL027481	1	0	0	0	0	0	0	0	0	0	0	2
AAEL013402	313	215	201	136	153	248	255	298	268	180	228	308
AAEL027558	18	15	19	9	23	10	24	19	17	25	9	30
AAEL023859	0	0	0	0	1	1	0	1	1	0	0	2
AAEL023128	0	2	0	0	0	0	2	1	0	4	0	1
AAEL021086	9	3	4	0	0	3	4	3	7	2	2	7
AAEL023660	0	0	0	0	0	0	0	0	0	0	1	0
AAEL022715	1	0	7	0	6	1	5	2	4	1	0	4
AAEL027979	14	5	1	12	18	8	8	4	5	1	1	5
AAEL028036	57	26	48	18	32	115	51	31	43	33	53	46
AAEL021545	8	10	9	5	16	9	13	2	14	12	13	19
AAEL020274	2	0	0	0	0	0	2	1	0	1	0	2
AAEL025777	0	1	0	0	0	0	0	0	0	0	1	1
AAEL021068	10	35	28	53	44	14	23	6	74	28	24	19
AAEL013404	268	190	189	122	149	167	336	290	274	258	313	364
AAEL027064	0	0	0	0	1	0	2	1	0	1	0	0
AAEL021076	0	0	0	0	0	0	2	0	0	1	0	0
AAEL013661	978	1449	1011	521	1109	1551	950	1986	1465	1738	1557	3083
AAEL024558	0	0	2	0	0	1	2	0	1	1	1	6
AAEL023190	0	0	0	0	0	0	2	2	0	0	0	1
AAEL013662	77	54	62	49	148	93	46	29	69	48	112	67
AAEL018263	1813	2145	1798	556	495	1189	1789	2253	2014	1695	1183	2743
AAEL027462	25	6	9	6	5	8	6	6	2	7	4	19
AAEL018226	1192	1078	788	403	350	1185	1227	1010	1567	834	1419	1682
AAEL025833	5	2	2	5	9	5	8	1	5	6	2	4
AAEL026237	26	19	32	3	13	29	51	108	112	38	22	49
AAEL027730	14	11	4	7	13	5	11	7	9	26	8	15
AAEL023220	5	4	1	0	0	1	0	0	3	0	1	6
AAEL028247	3	1	2	14	32	20	3	3	3	12	29	54
AAEL009562	14	10	4	2	12	7	17	2	19	5	3	3
AAEL020219	2	1	1	4	5	4	2	1	0	3	9	15
AAEL011848	648	624	476	381	475	611	463	479	657	413	492	820
AAEL011850	237	198	152	274	250	362	108	236	228	258	288	415
AAEL025089	30	22	15	17	19	16	13	17	15	23	26	57
AAEL013304	834	724	950	290	493	341	169	592	203	276	327	725
AAEL023350	45	12	13	8	8	26	140	89	103	76	87	160
AAEL025325	0	0	1	0	0	0	11	2	1	13	0	1
AAEL013305	858	783	871	525	611	704	688	863	832	1059	674	1189
AAEL020822	1470	1307	1239	907	781	1468	1569	1997	2154	1406	1964	2643
AAEL027853	3	1	0	4	4	6	2	4	6	1	4	8
AAEL009167	230	168	162	85	150	203	279	229	362	198	280	472
AAEL020256	130	78	53	41	24	89	137	173	195	103	191	217
AAEL024916	0	0	0	0	0	0	0	0	0	0	0	0
AAEL006937	147	198	112	30	49	262	230	311	330	87	257	328
AAEL006957	86	115	78	49	27	72	131	105	169	124	142	192
AAEL018127	382	381	352	205	273	417	449	465	581	325	460	612
AAEL018054	742	523	446	456	449	576	711	577	817	550	781	790
AAEL020205	690	519	553	909	1341	572	445	302	481	293	419	630
AAEL006950	352	273	196	193	180	323	196	239	303	210	251	324
AAEL021219	0	0	0	0	0	0	0	0	0	0	1	1
AAEL022314	0	0	0	0	0	0	0	0	0	0	0	0
AAEL006948	745	733	535	277	430	859	921	920	1333	842	974	1385
AAEL006951	1408	862	979	1140	1330	1127	1098	1271	1329	1212	1111	1302
AAEL021156	1	0	0	1	0	0	0	1	0	1	0	0
AAEL006956	3272	3046	2020	1769	1503	3773	2784	3978	4691	1783	3375	3821
AAEL006958	1255	1027	740	450	395	962	1079	1212	1167	894	1335	2610
AAEL023804	3	0	0	0	0	1	0	0	1	0	0	2
AAEL021613	2	6	15	5	1	0	3	22	8	5	5	4
AAEL006949	384	463	372	191	227	364	326	451	384	403	352	618
AAEL006936	118	112	71	61	74	48	118	68	180	76	104	45
AAEL006944	5	6	2	13	10	8	7	6	14	10	6	11
AAEL006947	44	40	33	36	20	23	47	36	63	57	60	63
AAEL019338	0	0	0	0	0	0	0	0	0	0	0	0
AAEL006955	53	47	21	44	28	71	55	125	103	179	115	416
AAEL027955	2	0	0	0	0	0	0	9	8	10	9	30
AAEL021877	132	132	95	39	80	144	177	239	250	140	180	243
AAEL013828	257	216	316	603	727	641	242	219	372	340	402	711
AAEL026747	60	61	75	48	102	81	60	96	99	78	53	103
AAEL022820	0	0	0	0	0	3	0	1	0	0	2	0
AAEL019095	0	0	0	0	0	0	0	0	0	0	0	0
AAEL022628	2804	1960	1797	901	348	1510	2243	1279	2264	1565	2624	3090
AAEL013826	1047	1640	1611	448	562	1010	992	1469	1468	983	916	1762
AAEL013825	640	485	460	487	448	508	382	449	571	390	482	608
AAEL004689	442	270	259	258	222	388	359	1315	927	554	538	701
AAEL026770	0	4	1	3	2	1	2	2	3	2	0	3
AAEL004700	167	77	92	108	102	196	90	78	91	82	130	140
AAEL004697	1580	1128	1113	845	867	1219	956	1195	1296	1038	1169	1767
AAEL022975	8	0	3	4	1	2	2	3	3	0	1	5
AAEL020562	14	0	0	1	0	7	2	2	5	5	7	17
AAEL004699	10092	5820	5186	3523	1837	5977	9610	10778	11842	6811	10701	13749
AAEL026242	0	0	0	0	0	0	0	2	0	0	0	0
AAEL004686	569	486	493	446	407	593	373	564	633	374	443	575
AAEL026332	29	32	12	19	15	19	19	13	31	42	30	57
AAEL014426	6795	7128	6645	6438	7102	3163	663	128	671	414	1591	2599
AAEL022949	6	0	0	2	0	2	0	0	0	0	2	0
AAEL014425	85	53	23	26	11	38	95	91	96	66	134	147
AAEL014428	377	305	222	120	164	155	421	448	349	339	208	466
AAEL025628	0	1	0	3	0	2	1	2	2	1	0	0
AAEL010045	69	48	44	75	158	100	72	73	149	36	30	93
AAEL010048	66	63	83	80	199	91	53	37	37	57	13	53
AAEL022213	94	33	35	54	22	105	13	43	14	39	72	79
AAEL020391	1	0	0	0	0	0	0	0	0	0	0	0
AAEL010052	197	184	149	162	316	348	145	170	193	162	226	358
AAEL017421	3220	2502	2560	2317	2425	2927	2103	1818	3063	1597	1909	2311
AAEL010053	211	152	191	134	167	160	144	163	182	191	160	274
AAEL010046	514	498	461	281	291	426	536	424	503	603	483	638
AAEL027412	7	3	2	0	2	4	3	6	5	11	20	17
AAEL010051	1100	849	811	843	903	1091	961	948	1187	874	928	1032
AAEL019612	24	1	1	2	0	1	1	3	5	1	3	1
AAEL021505	1	0	0	0	1	0	0	1	1	0	0	1
AAEL019613	0	0	0	0	0	0	0	0	0	0	0	0
AAEL010050	13	16	5	2	6	9	3	10	10	6	16	34
AAEL010047	1634	1267	1405	1303	1270	1174	1062	1691	1692	1328	1610	2513
AAEL021853	30	15	17	18	9	23	25	43	19	20	20	35
AAEL012209	291	245	280	149	139	199	255	346	322	317	202	488
AAEL025537	0	0	0	0	0	0	0	0	0	0	0	0
AAEL012208	264	311	217	339	577	650	287	640	449	376	531	695
AAEL026102	0	2	0	2	3	0	2	1	1	0	1	2
AAEL027041	0	0	0	0	0	0	0	0	0	0	0	0
AAEL012211	336	307	279	236	267	373	244	327	441	232	260	296
AAEL012212	243	127	111	82	44	102	526	463	483	326	411	600
AAEL028987	0	0	0	0	0	0	0	0	0	0	0	0
AAEL012207	11542	8341	8342	9407	13092	10688	11802	12416	15631	10477	11306	11064
AAEL012206	297	413	283	81	169	294	438	468	632	459	463	652
AAEL015271	279	269	243	116	188	359	284	278	358	373	466	648
AAEL019672	1144	842	672	435	450	999	1519	1349	1919	1036	1402	1584
AAEL027098	0	0	0	0	0	0	1	0	0	0	0	0
AAEL024742	0	0	0	0	0	0	2	1	2	1	0	0
AAEL020403	70	99	49	18	29	71	258	167	265	111	183	235
AAEL019514	952	646	637	987	1349	825	779	1169	1634	1486	1426	1912
AAEL019619	181	147	107	19	23	142	311	375	455	204	346	523
AAEL020460	0	0	0	1	0	0	3	0	1	5	0	1
AAEL003613	15	10	11	14	15	20	14	18	23	20	16	30
AAEL026109	113	89	107	88	102	109	78	90	61	70	102	160
AAEL025569	1592	1185	941	618	369	1123	1448	1901	2199	1130	1582	2163
AAEL026018	614	421	416	360	443	418	554	621	622	547	542	609
AAEL024502	0	0	1	0	0	0	0	0	0	1	0	3
AAEL024155	0	0	0	0	2	0	5	4	0	1	4	4
AAEL028872	2	4	11	0	1	3	45	23	11	47	7	32
AAEL028895	1441	530	847	347	463	18	4606	167	2295	3145	50	145
AAEL028849	13	22	29	16	82	15	46	28	21	76	7	67
AAEL027773	0	1	0	0	0	0	0	0	0	0	0	0
AAEL017227	0	0	0	0	0	0	0	1	0	0	0	0
AAEL020738	0	0	0	0	0	0	0	0	0	0	0	0
AAEL013766	41	50	57	39	39	30	32	76	105	80	76	123
AAEL021889	0	0	0	0	0	0	1	0	0	0	0	0
AAEL013018	58	37	65	18	40	24	19	40	24	34	21	29
AAEL009449	100	48	53	64	55	69	53	84	80	86	67	66
AAEL020497	0	0	1	4	0	2	0	0	5	0	0	4
AAEL008010	18	33	17	2	3	10	62	44	74	55	46	72
AAEL024559	0	0	0	0	0	0	2	0	0	0	0	1
AAEL026293	0	0	0	0	0	0	0	0	0	0	0	0
AAEL028012	0	0	0	0	0	0	0	0	0	0	0	0
AAEL022177	3	5	4	3	2	5	1	0	11	7	0	2
AAEL008012	10	6	6	5	4	4	1	1	1	4	6	4
AAEL008013	22	17	29	13	17	15	9	11	11	31	6	13
AAEL024293	0	0	0	0	0	0	1	0	0	0	0	0
AAEL027546	0	0	0	1	1	0	0	0	0	0	0	0
AAEL027704	0	0	0	0	2	0	0	0	0	0	0	0
AAEL025244	5	0	7	0	22	8	6	1	7	8	8	14
AAEL024603	0	0	2	0	5	0	2	4	1	3	16	2
AAEL019917	74	53	51	51	46	91	133	118	164	104	122	208
AAEL028023	7	1	1	1	1	5	1	3	3	3	0	3
AAEL028065	0	0	0	0	0	0	0	0	0	0	0	0
AAEL022342	0	0	0	0	0	0	0	0	0	0	0	1
AAEL020866	0	0	0	0	0	0	0	0	0	0	0	0
AAEL025420	0	0	0	0	0	0	0	0	0	0	0	0
AAEL020944	0	0	0	0	0	0	1	0	0	1	0	0
AAEL027297	0	0	0	0	0	0	1	3	1	1	2	13
AAEL006711	2169	1965	1277	992	1319	1706	1994	1791	1853	1606	2900	3570
AAEL020989	2	0	0	0	1	0	7	1	0	4	0	3
AAEL006708	39	24	16	63	37	145	24	10	32	41	147	191
AAEL028877	0	0	0	0	0	0	0	0	0	0	0	1
AAEL025280	33	44	70	33	20	49	38	57	64	91	40	74
AAEL006707	203	145	163	150	149	232	190	280	322	313	304	481
AAEL021972	3	0	0	0	0	0	1	0	3	0	0	1
AAEL024625	4	1	7	2	6	3	3	1	2	5	10	7
AAEL006713	1373	1122	1379	957	1221	1038	813	985	1030	1093	735	1348
AAEL022215	6	0	0	0	0	0	4	2	6	5	6	1
AAEL006715	593	579	405	297	265	678	505	790	732	507	623	725
AAEL006712	902	875	849	479	521	503	635	837	730	975	420	1112
AAEL027900	2	0	1	1	0	0	0	0	0	0	0	0
AAEL024076	0	0	0	0	0	0	0	0	1	0	0	0
AAEL022413	1620	1471	1108	559	405	1370	1348	1654	1755	1040	1373	1765
AAEL025758	0	0	0	0	0	0	0	0	0	0	0	0
AAEL025796	170	59	102	114	126	94	79	72	123	83	112	107
AAEL019921	1043	892	934	524	488	755	777	985	1080	789	685	1173
AAEL023564	0	0	0	1	1	0	0	0	0	0	0	0
AAEL029114	0	0	2	0	0	0	3	0	3	3	1	0
AAEL026006	1	0	0	1	1	0	6	1	0	0	0	1
AAEL026484	0	0	0	0	0	0	0	0	0	0	0	0
AAEL025704	221	238	200	84	182	318	153	135	278	187	222	220
AAEL005162	474	412	356	382	570	521	287	401	457	298	423	356
AAEL023306	54	34	52	50	70	35	35	11	49	26	61	16
AAEL005160	315	282	205	175	222	186	584	1086	839	705	822	660
AAEL005163	325	322	305	253	375	365	239	234	318	236	220	299
AAEL005169	703	550	556	542	492	600	480	534	583	539	514	866
AAEL029045	0	0	0	0	0	0	0	0	0	0	0	0
AAEL029043	0	1	0	0	0	1	0	0	1	0	2	0
AAEL022001	216	226	289	289	389	267	213	308	391	317	121	312
AAEL008749	62	43	32	31	32	50	2	9	11	12	21	44
AAEL008751	117	99	134	151	192	177	12	86	58	84	116	155
AAEL027134	16	17	5	15	11	14	15	13	17	14	15	24
AAEL023780	1	0	0	0	0	1	3	0	3	5	4	0
AAEL020949	0	0	0	0	0	0	0	1	1	0	0	0
AAEL027115	0	0	0	0	0	0	2	0	0	0	0	0
AAEL020932	2	4	1	0	0	1	13	7	9	13	7	17
AAEL025407	0	0	0	0	0	0	4	0	0	0	0	0
AAEL022552	1	0	0	3	0	0	2	3	0	1	0	0
AAEL022852	0	0	4	0	0	2	0	12	0	0	0	10
AAEL000123	6	0	5	3	2	3	26	13	11	16	14	35
AAEL000137	173	123	159	129	187	124	96	49	178	99	126	217
AAEL008450	105	130	118	45	54	42	66	373	188	186	55	77
AAEL027890	14	5	7	11	9	12	9	21	12	15	7	10
AAEL023560	165	80	89	11	12	62	526	408	509	224	375	672
AAEL027207	0	0	0	0	0	0	0	0	0	0	0	0
AAEL027406	169	301	314	220	537	174	138	146	195	232	5	256
AAEL008451	1	2	0	0	3	1	1	1	2	1	0	1
AAEL008452	281	319	117	760	936	930	199	319	478	404	1134	1532
AAEL008456	31	10	27	494	996	594	9	11	9	164	392	391
AAEL021096	6	16	0	2	1	9	0	0	0	0	3	1
AAEL025210	0	0	0	0	0	0	0	0	0	0	0	0
AAEL007579	0	3	1	3	2	3	17	132	17	15	2	7
AAEL019779	474	324	311	362	241	374	294	368	436	360	366	458
AAEL018942	0	0	0	0	0	0	2	0	0	1	0	1
AAEL024111	0	2	2	2	3	6	1	0	0	6	2	3
AAEL008419	331	299	254	184	184	394	241	320	394	213	364	404
AAEL008420	69	73	68	51	49	67	71	119	93	78	83	94
AAEL023739	0	0	0	0	0	0	0	0	0	0	0	0
AAEL020479	2	2	8	0	4	3	0	0	0	2	0	2
AAEL027761	0	0	0	1	0	0	0	0	0	1	1	2
AAEL008415	277	189	238	164	183	243	181	171	200	192	153	229
AAEL018929	0	0	0	0	0	0	0	0	0	0	0	0
AAEL008421	59	56	36	7	14	30	57	656	407	150	68	274
AAEL023129	0	0	0	0	0	0	2	1	0	0	0	1
AAEL008418	395	410	388	316	293	335	320	342	432	375	288	292
AAEL025971	5	11	23	5	13	7	6	2	15	20	3	2
AAEL028177	1	1	0	0	0	2	0	1	0	0	0	0
AAEL022499	8	12	10	5	2	4	11	10	10	10	7	5
AAEL008414	9	8	20	3	2	2	17	9	9	3	5	20
AAEL027597	1017	687	579	493	262	667	992	998	1257	731	859	1115
AAEL021899	0	0	0	0	0	0	0	0	0	0	0	0
AAEL022527	0	1	0	0	0	1	1	0	0	0	3	1
AAEL021833	1	1	0	2	1	3	4	0	1	3	2	3
AAEL002410	14	8	19	1	2	4	122	55	66	68	31	103
AAEL018788	0	1	0	0	0	0	0	0	0	0	0	0
AAEL025152	0	0	0	1	0	0	0	1	2	0	0	0
AAEL020410	2	0	0	0	0	0	2	1	0	0	0	0
AAEL021839	1161	946	733	448	509	1019	915	1311	1212	873	911	1401
AAEL002427	162	119	101	65	72	173	93	169	157	93	117	192
AAEL002428	1358	1153	885	324	412	955	1602	1742	2142	1343	1795	2275
AAEL002412	548	401	344	346	288	608	357	454	471	405	684	1132
AAEL027805	0	0	0	0	0	0	0	0	0	0	0	0
AAEL002423	44	10	27	47	40	64	29	25	34	21	48	43
AAEL016192	0	0	0	0	0	0	0	0	0	0	0	0
AAEL028752	0	0	0	0	0	0	0	0	0	0	0	0
AAEL018823	0	1	0	0	0	0	0	0	0	0	0	0
AAEL016195	0	0	0	0	0	1	0	0	0	0	0	0
AAEL002416	1303	1230	1146	2728	2233	2491	792	1920	1043	1009	1146	2087
AAEL002432	462	350	497	101	127	114	27	37	21	31	35	147
AAEL002419	459	360	312	228	262	360	343	438	530	362	409	555
AAEL027185	7	4	2	3	4	1	31	13	18	15	18	27
AAEL002411	4033	2492	3129	4290	4463	3650	2887	2526	3799	3273	3671	4187
AAEL002415	235	180	180	223	304	291	206	289	274	276	236	365
AAEL002430	646	468	522	319	423	496	433	450	541	593	449	722
AAEL025237	351	270	265	195	221	409	170	264	348	180	244	301
AAEL002417	2101	1900	1577	1564	2532	3050	1923	3018	3677	1728	1717	2434
AAEL024163	0	0	0	0	0	0	0	3	0	0	1	0
AAEL002433	140	109	130	130	143	118	96	142	140	126	106	195
AAEL002422	6777	5542	4463	2449	1510	4232	5026	2778	5728	3746	5103	6509
AAEL002408	211	164	136	67	42	89	164	194	184	187	208	238
AAEL002425	4	1	1	4	15	3	0	2	5	0	2	0
AAEL002426	1292	1151	1417	872	851	722	713	416	623	694	646	872
AAEL002418	315	259	345	252	375	250	183	216	193	259	156	231
AAEL002407	3543	2708	2515	2497	1986	3113	2642	2974	3932	2434	3299	3556
AAEL024294	1	0	5	1	1	1	5	2	0	3	1	3
AAEL009981	497	353	356	474	522	534	331	390	574	286	316	439
AAEL024412	171	174	147	182	211	168	130	153	172	111	129	199
AAEL023919	213	211	252	134	116	147	141	143	127	150	118	160
AAEL009990	191	246	245	69	48	157	152	219	186	219	265	168
AAEL002733	195	168	132	132	155	195	147	114	172	160	177	207
AAEL009989	110	108	145	79	45	46	65	72	79	60	65	83
AAEL002742	1149	1187	1460	1340	1598	554	225	27	45	276	541	1140
AAEL002741	43	40	36	49	64	49	40	30	41	31	41	66
AAEL022174	40	9	13	8	8	15	5	8	17	4	20	33
AAEL021724	18	6	2	2	0	6	42	43	39	30	34	55
AAEL010789	267	191	191	223	307	241	239	209	329	331	334	316
AAEL020573	60	106	118	62	100	123	67	62	112	109	66	81
AAEL020860	0	0	0	0	0	0	0	0	0	0	0	0
AAEL025556	0	0	0	0	0	0	1	0	1	0	0	0
AAEL010784	428	555	455	192	203	403	326	376	423	289	383	617
AAEL010793	269	183	238	244	246	254	279	276	259	256	172	246
AAEL010794	942	778	883	1105	1266	1120	710	882	889	1143	965	1280
AAEL010790	171	110	118	95	55	101	117	79	109	119	102	95
AAEL010791	767	687	624	575	549	637	670	819	784	912	640	934
AAEL027657	4	0	1	1	3	2	1	5	2	1	0	12
AAEL010787	30497	16680	15375	20721	18486	20696	43115	32573	55130	27806	36081	25368
AAEL010788	6	4	4	2	6	15	9	8	7	7	7	11
AAEL010785	18	20	11	8	28	18	17	4	28	12	11	10
AAEL028793	0	0	0	0	0	0	0	0	0	0	0	0
AAEL006589	1807	1157	1161	928	766	1215	1245	1574	1546	1186	1584	2202
AAEL022871	0	0	0	0	0	0	0	0	0	0	0	1
AAEL006593	116	48	71	40	60	73	52	62	83	54	55	67
AAEL026990	0	0	0	0	0	0	0	1	1	0	0	1
AAEL022421	0	0	1	0	0	0	1	0	0	1	0	0
AAEL027237	0	0	0	0	0	0	0	0	0	1	0	0
AAEL020459	2	2	1	5	0	4	4	2	1	3	0	4
AAEL006597	0	3	3	1	8	7	6	2	5	3	9	11
AAEL005247	10	8	10	11	14	22	32	12	11	11	16	23
AAEL019666	8	4	20	11	6	18	15	32	15	3	13	5
AAEL019665	1	0	0	0	0	1	10	0	1	1	1	4
AAEL022087	6	17	6	14	24	19	22	22	33	31	15	14
AAEL025895	38	81	51	7	27	73	35	16	63	20	16	33
AAEL025488	14	16	7	3	6	4	10	29	24	9	9	30
AAEL021883	0	0	0	0	0	0	0	0	0	0	0	0
AAEL026542	0	0	0	0	0	0	0	0	0	0	1	0
AAEL023613	0	0	0	0	0	0	0	0	0	0	0	0
AAEL018334	758	435	510	414	290	432	772	1967	1318	874	781	1269
AAEL020659	1	2	0	0	0	1	0	0	0	0	0	2
AAEL021926	177	138	115	218	335	206	166	317	251	197	152	225
AAEL023863	93	260	118	691	1330	168	73	264	390	143	42	1893
AAEL023784	0	0	0	0	0	0	4	1	1	0	0	1
AAEL005242	189	131	112	135	202	264	201	231	387	185	436	615
AAEL005243	58	41	46	66	64	57	85	82	119	79	63	116
AAEL006071	621	572	478	185	200	438	661	728	982	568	679	1055
AAEL024691	2	0	0	2	0	0	0	1	0	2	0	0
AAEL006065	839	743	628	743	910	745	693	785	930	589	585	714
AAEL025199	7998	7514	7396	5504	5901	2837	1480	940	2187	1008	1244	2257
AAEL006077	8	4	7	5	0	3	16	10	14	16	11	25
AAEL025582	0	1	0	0	0	0	0	0	0	0	0	0
AAEL024083	0	1	1	0	0	0	8	8	15	6	4	9
AAEL006067	261	171	226	205	300	191	144	217	167	190	116	242
AAEL023054	1	0	1	1	1	1	1	1	1	0	0	0
AAEL020892	0	2	1	2	0	3	3	3	1	1	2	1
AAEL013916	63	2	3	1	5	23	2	11	1	5	1	24
AAEL006070	4011	2102	2671	2383	3321	2332	2522	3576	2937	2869	2304	2455
AAEL006073	986	899	694	449	364	813	946	1110	1067	602	878	1164
AAEL006087	2096	1648	1266	1093	848	1816	1379	1857	2145	1032	1716	1797
AAEL026509	0	0	0	0	1	1	0	1	1	0	2	0
AAEL023362	1	1	0	0	0	0	0	1	1	0	0	0
AAEL025013	189	287	275	147	225	286	294	298	321	153	121	322
AAEL006066	826	634	728	748	648	685	642	527	629	579	542	653
AAEL022183	570	552	413	433	438	636	404	605	578	519	555	828
AAEL028845	1	5	3	0	11	0	0	4	1	3	1	1
AAEL028983	0	0	0	0	0	0	1	0	0	0	0	0
AAEL006064	1	7	3	0	0	1	3	1	2	3	6	7
AAEL006069	251	192	136	704	932	1172	249	156	347	291	692	865
AAEL026364	16	13	5	0	3	15	38	34	38	22	42	41
AAEL006075	121	74	117	78	82	64	85	91	87	86	74	141
AAEL021592	423	266	318	279	202	259	272	275	450	290	316	339
AAEL006063	48	73	78	68	116	74	77	74	71	46	43	59
AAEL023514	5	3	11	1	1	1	3	5	2	5	1	3
AAEL027361	285	239	248	319	378	326	216	203	247	254	261	366
AAEL006080	443	317	399	276	301	338	212	301	260	297	259	356
AAEL024207	150	314	84	151	17	225	129	319	87	162	139	220
AAEL019499	1320	965	806	375	392	729	1241	1657	1517	941	1130	1882
AAEL028999	0	0	0	0	0	0	0	0	0	0	0	1
AAEL024979	1	0	0	0	1	1	3	6	2	0	2	3
AAEL001065	279	211	265	295	266	247	151	205	189	254	184	266
AAEL001085	0	0	0	0	0	0	0	0	0	0	0	0
AAEL001089	0	0	0	0	0	0	0	0	0	0	0	0
AAEL001088	581	505	391	245	282	524	618	551	687	543	509	824
AAEL001060	64	37	16	24	27	34	115	89	145	76	132	183
AAEL020074	183	64	29	46	196	184	47	39	52	76	106	51
AAEL027072	0	0	0	0	0	0	1	0	0	0	0	0
AAEL013732	60	37	42	21	24	25	29	45	52	37	30	72
AAEL013733	988	968	735	356	254	748	855	1029	1072	643	726	1177
AAEL007641	7	7	0	1	1	4	1	2	8	4	9	8
AAEL007646	33	54	39	14	27	54	92	93	109	58	76	113
AAEL007644	59	24	24	184	109	158	23	17	21	60	130	132
AAEL025905	0	0	0	0	0	0	0	0	0	0	0	0
AAEL022229	614	470	419	427	494	824	403	729	743	386	564	742
AAEL027751	1173	960	863	589	478	828	1044	1172	1220	813	893	1238
AAEL026389	0	0	0	0	0	0	0	0	0	0	0	0
AAEL023812	13	5	6	4	9	5	4	4	3	3	11	8
AAEL007647	244	205	179	204	179	238	166	191	277	183	190	239
AAEL007642	377	310	237	324	250	344	215	261	330	313	306	373
AAEL026958	0	0	0	0	0	0	0	0	0	0	0	0
AAEL028982	0	0	0	0	0	0	0	0	0	0	0	0
AAEL028824	0	0	0	0	0	0	0	0	0	0	0	0
AAEL020347	33	29	37	59	77	33	20	31	34	40	63	56
AAEL022171	0	0	1	0	1	0	0	0	0	0	0	2
AAEL020016	7	8	15	5	4	6	105	60	65	21	49	41
AAEL020017	0	0	0	0	0	0	0	0	0	0	0	0
AAEL026518	0	0	0	0	7	1	27	7	1	12	0	9
AAEL010907	19	27	26	17	15	14	92	56	60	68	37	58
AAEL015637	1	8	22	4	19	7	3	0	1	5	7	6
AAEL019767	1331	710	755	5089	5666	2995	625	1196	1567	1347	3987	3657
AAEL019768	39	17	21	154	287	174	13	14	50	17	79	297
AAEL022578	2082	1281	1262	3448	5212	2115	1249	1288	1925	1575	3754	2753
AAEL003632	15	6	2	262	245	131	6	8	21	46	226	260
AAEL015465	313	204	195	1738	3537	1601	145	285	383	401	1053	1890
AAEL003631	130	29	38	140	213	280	71	165	88	194	339	398
AAEL003628	67	16	32	49	32	48	20	17	40	32	52	44
AAEL023317	0	0	0	0	0	0	0	0	0	0	0	0
AAEL003629	0	0	0	0	1	1	1	3	0	2	2	1
AAEL020126	79	40	54	42	36	64	43	46	55	47	40	63
AAEL003634	1553	1042	1247	1332	1282	1251	972	961	1429	955	1107	1306
AAEL024760	1	3	3	1	3	0	5	1	1	4	0	0
AAEL003645	1807	724	693	3542	4985	3228	1069	1604	1736	2305	3220	3546
AAEL003611	709	450	673	991	1139	875	612	792	1038	523	683	1022
AAEL024754	4	0	0	0	0	1	0	0	0	0	0	0
AAEL003622	80	32	32	50	68	49	56	74	70	81	89	84
AAEL004573	2	0	0	3	3	0	0	0	6	1	0	2
AAEL003203	62124	21964	30113	17370	26074	20989	29383	18032	26048	17751	36374	17566
AAEL024681	142	94	146	129	96	110	85	95	104	74	92	94
AAEL022377	0	0	0	0	0	0	0	0	0	0	0	0
AAEL019417	29	11	2	7	1	21	27	23	36	18	21	30
AAEL021664	346	170	323	195	446	367	284	180	205	121	175	60
AAEL003190	43	22	6	109	134	100	11	20	38	40	65	99
AAEL021813	141	170	112	123	133	207	175	144	283	189	176	148
AAEL027183	0	0	1	0	1	1	2	0	0	0	3	0
AAEL025899	0	0	0	0	0	0	0	1	0	0	0	0
AAEL021194	0	0	0	0	0	0	0	0	0	0	0	0
AAEL021106	45	30	60	28	31	21	30	30	44	35	35	50
AAEL003198	0	0	0	0	0	0	0	0	0	0	0	0
AAEL003201	0	0	0	0	0	0	0	0	0	0	0	0
AAEL003187	0	0	0	0	0	0	0	0	0	0	0	0
AAEL003181	0	0	0	0	0	0	0	0	0	0	0	1
AAEL003196	0	0	0	0	0	0	0	0	0	0	0	0
AAEL023346	0	0	0	0	0	0	0	0	0	0	0	0
AAEL027013	793	304	516	216	86	247	30	22	78	46	107	137
AAEL022368	0	0	0	0	0	0	0	0	0	0	0	0
AAEL003180	732	662	602	744	818	867	481	554	656	652	627	732
AAEL003206	1314	804	1208	1213	1429	1091	690	708	850	806	670	879
AAEL018296	283	256	202	164	177	241	212	316	314	176	222	349
AAEL021423	27	17	34	10	7	14	13	8	4	31	18	11
AAEL003183	37	27	25	23	58	36	40	25	45	31	25	24
AAEL024824	6	1	6	0	3	6	0	2	2	6	3	12
AAEL029111	0	0	0	0	0	0	0	0	0	0	0	0
AAEL020178	0	1	1	3	3	0	1	0	1	0	1	14
AAEL026775	22	8	29	21	25	10	6	3	31	10	20	24
AAEL022637	1286	698	739	711	614	971	1065	1058	1171	821	830	1286
AAEL021428	0	0	0	0	0	0	0	0	0	0	0	2
AAEL025544	0	0	0	0	0	0	0	0	0	0	0	0
AAEL021901	32	30	11	67	17	26	69	53	60	6	13	21
AAEL024684	5	4	6	20	13	19	34	17	28	3	15	10
AAEL028084	0	0	0	0	0	0	0	0	0	0	0	0
AAEL026065	0	0	1	0	0	0	0	0	0	0	2	0
AAEL003184	714	400	480	569	734	831	629	384	807	641	744	1467
AAEL021630	0	0	0	0	0	0	0	0	1	0	0	0
AAEL022873	1	0	1	0	0	1	1	2	1	1	1	1
AAEL026608	0	0	0	0	0	0	2	0	0	0	0	0
AAEL021085	0	2	0	0	0	0	0	1	0	0	0	0
AAEL024958	49	62	73	154	458	90	42	113	96	112	97	157
AAEL003194	319	177	184	261	343	266	231	466	469	432	481	931
AAEL003193	3573	2497	2980	3296	4518	2988	1770	1860	2430	2141	1978	2673
AAEL028649	4	1	5	1	11	1	10	3	0	9	1	0
AAEL021940	0	0	0	0	0	0	1	0	0	0	0	0
AAEL021542	422	356	247	74	211	495	562	582	954	437	648	748
AAEL003182	666	555	750	275	580	851	673	954	947	602	614	603
AAEL028935	0	0	0	0	0	0	0	0	0	0	0	0
AAEL028702	0	0	0	0	0	0	0	0	0	0	0	0
AAEL026734	12	11	15	17	13	5	6	14	10	8	10	6
AAEL019028	0	0	0	0	0	0	1	0	0	0	0	0
AAEL019029	0	0	0	0	0	0	0	0	0	0	0	0
AAEL028722	0	0	0	0	0	0	0	0	0	0	0	0
AAEL028788	0	0	0	0	0	0	0	0	0	0	0	0
AAEL027906	9	5	3	3	5	1	2	8	4	3	1	8
AAEL013334	3269	2462	1865	1273	1118	2896	2729	3270	3709	1895	3137	4192
AAEL013336	42	44	55	52	60	63	45	47	46	53	31	65
AAEL013335	518	248	328	186	145	279	438	444	490	452	530	999
AAEL019006	0	0	0	0	0	0	0	0	0	0	0	0
AAEL003154	596	355	410	189	480	279	708	408	356	471	397	694
AAEL003156	0	2	5	0	2	3	2	0	10	1	0	4
AAEL020500	16	13	1	3	0	6	2	0	6	0	1	14
AAEL016286	0	0	0	0	0	0	0	0	0	0	0	0
AAEL003161	4969	2655	3197	3461	2775	2645	3739	3494	4964	3178	3202	2869
AAEL003179	5369	4231	3553	2686	2477	4749	4465	4761	6242	3976	4410	5285
AAEL009999	132	108	114	92	108	72	81	162	102	132	65	184
AAEL010015	959	872	814	530	560	738	769	1622	1083	804	715	1189
AAEL009994	101449	63614	73992	87848	116004	78686	54440	45476	89669	44969	69370	55043
AAEL010003	336	292	236	244	341	371	182	251	326	200	237	282
AAEL026622	4	1	0	1	0	2	0	0	1	1	0	5
AAEL020002	1630	815	743	427	217	1025	1186	1746	1853	744	1359	1725
AAEL020001	2	9	4	0	2	6	3	12	4	1	1	6
AAEL015644	369	226	210	337	345	466	183	117	211	223	476	754
AAEL017329	1125	1013	819	159	220	415	1441	2771	1448	978	892	2305
AAEL023785	0	0	0	0	1	0	0	0	0	0	0	0
AAEL006859	404	233	341	643	396	323	201	188	237	307	263	363
AAEL020527	0	0	0	0	0	0	0	0	0	1	0	0
AAEL006860	30148	21253	25139	27582	45076	26575	21131	13950	23744	24354	19629	19058
AAEL020130	0	1	2	0	1	0	0	0	0	0	0	0
AAEL020036	0	1	0	0	0	0	0	0	2	0	2	1
AAEL024107	0	0	0	0	0	0	0	0	0	0	0	0
AAEL025042	528	481	441	320	262	369	352	410	494	371	332	534
AAEL017213	2594	1744	1882	1679	1641	1705	1742	1872	2227	1676	1891	2678
AAEL003160	3860	5808	4362	2871	4578	5069	5854	7387	7221	5999	4765	6122
AAEL026858	92	71	37	62	53	88	103	50	81	55	49	126
AAEL015442	365	278	287	244	216	274	214	376	331	213	206	397
AAEL003165	67	40	47	99	85	36	41	37	30	32	30	47
AAEL003176	168	88	52	90	90	170	93	91	140	51	75	192
AAEL021475	250	163	153	165	245	203	169	179	191	147	166	285
AAEL010007	887	602	550	617	489	721	532	709	890	475	756	814
AAEL009995	1207	872	942	753	681	1044	721	719	704	684	689	944
AAEL015575	3416	2391	2393	2825	3420	2753	2390	2431	3406	2656	2416	2501
AAEL010004	4346	2793	2925	3491	3345	3679	2673	3280	4124	2551	2703	2972
AAEL023489	0	0	0	0	0	0	0	0	0	2	0	0
AAEL023961	0	1	0	0	4	0	0	0	0	1	0	0
AAEL010005	331	311	323	363	349	336	259	485	433	303	306	524
AAEL026984	1	0	1	3	2	5	1	2	1	1	0	1
AAEL023654	1	1	0	0	0	0	0	0	0	0	0	0
AAEL010012	3765	2639	2686	3266	3414	3642	2237	3241	3318	2825	2771	3987
AAEL010006	167	146	137	102	89	144	91	162	147	121	113	178
AAEL026373	4	3	0	0	0	0	0	0	0	1	0	2
AAEL010011	402	297	284	301	244	246	206	312	331	296	200	346
AAEL010010	351	278	258	242	185	342	241	332	389	248	307	342
AAEL023467	0	0	0	0	0	0	0	0	1	0	0	0
AAEL027430	0	0	0	0	0	0	0	0	0	0	0	0
AAEL010001	328	234	207	157	115	287	165	245	264	187	207	298
AAEL025682	10	4	6	6	0	18	2	7	4	2	14	21
AAEL000122	369	416	289	174	170	480	297	381	448	231	333	385
AAEL026384	0	0	0	0	0	0	0	0	0	0	0	0
AAEL000140	414	315	294	254	271	320	232	339	390	228	301	363
AAEL000148	115	102	83	65	64	108	59	99	81	78	93	155
AAEL022574	492	329	428	334	364	335	312	360	374	382	237	454
AAEL000134	65	52	44	48	97	89	53	94	95	74	50	110
AAEL000107	251	180	154	158	169	231	181	180	216	167	201	195
AAEL000157	458	422	362	239	242	506	395	424	567	312	471	561
AAEL018111	581	444	431	418	441	388	338	370	410	381	306	587
AAEL028112	340	247	283	199	185	227	156	260	273	164	221	304
AAEL000138	2111	1456	1841	1818	2792	1588	1116	1398	1481	1448	1290	1219
AAEL022012	0	0	0	0	0	0	0	0	0	0	0	0
AAEL027562	410	325	308	235	234	438	460	484	673	308	603	698
AAEL020612	15	12	20	15	31	20	14	11	14	10	7	28
AAEL018110	425	529	657	438	718	441	136	57	89	122	113	235
AAEL020098	1	0	0	0	0	2	0	0	0	0	0	2
AAEL000109	106	118	48	5	22	65	109	163	128	26	54	245
AAEL000147	443	345	422	1040	1718	905	242	220	240	422	524	646
AAEL000116	264	228	201	187	188	243	161	219	225	173	189	286
AAEL000118	662	581	543	467	440	526	365	503	538	379	464	675
AAEL000154	235	331	135	26	99	310	238	344	232	106	169	433
AAEL000108	5	5	2	6	3	3	3	1	4	2	3	1
AAEL000149	719	706	817	492	521	580	540	625	656	881	464	933
AAEL000115	314	270	258	240	337	401	240	243	352	248	269	307
AAEL000106	332	267	257	195	230	220	213	206	217	271	191	351
AAEL000119	268	135	161	118	129	141	100	167	248	89	163	212
AAEL017533	44	18	18	8	7	12	11	8	10	10	18	48
AAEL017443	24	15	14	38	14	34	25	25	38	61	38	28
AAEL000101	555	343	476	183	110	347	229	230	270	233	193	170
AAEL000127	77	5	22	49	25	98	16	10	31	26	39	32
AAEL024138	7	1	1	0	0	1	0	9	6	4	2	4
AAEL017236	0	0	0	0	0	0	0	0	0	0	0	0
AAEL020570	40	29	13	8	0	4	94	57	79	50	55	61
AAEL026200	0	0	0	0	0	0	0	0	0	0	0	0
AAEL020897	0	0	0	0	0	0	0	0	0	0	0	0
AAEL024590	0	0	0	1	0	2	0	1	0	1	0	0
AAEL017375	1	1	0	2	0	0	1	3	0	1	0	0
AAEL000146	29	57	22	1	22	35	8	26	13	30	20	30
AAEL000143	735	616	700	426	591	502	382	361	626	460	458	470
AAEL027575	1592	2320	2741	2466	1455	1686	728	1621	1049	644	650	1478
AAEL000111	1196	944	1122	1540	1423	1330	719	1899	1762	1017	1002	1172
AAEL000102	1473	847	837	4280	4742	3546	1035	1417	1766	1713	2262	2375
AAEL009385	422	256	336	116	191	151	266	735	413	232	247	348
AAEL000113	0	0	0	3	0	5	0	0	1	0	0	0
AAEL007518	591	714	421	222	278	614	1024	854	1653	625	958	1206
AAEL023877	33	39	26	26	91	19	58	44	59	74	37	67
AAEL027689	0	0	0	0	1	0	2	0	1	0	0	3
AAEL007507	1	0	2	2	4	3	3	1	0	2	4	5
AAEL018754	0	0	3	0	0	0	2	0	1	4	0	0
AAEL007512	675	550	507	499	530	607	420	523	616	383	469	592
AAEL007509	398	287	312	573	620	670	223	329	375	364	443	631
AAEL018141	184	92	124	94	98	103	161	117	244	164	179	198
AAEL007511	27	29	13	17	18	24	17	20	24	22	31	62
AAEL007514	5	2	3	0	0	3	5	2	5	5	2	1
AAEL007508	38	17	15	21	11	19	8	16	13	6	22	15
AAEL007519	410	86	149	79	42	99	29	23	30	36	155	377
AAEL026347	68	67	64	251	247	178	48	58	75	134	174	261
AAEL014567	7	10	12	42	53	30	7	9	15	43	62	79
AAEL014571	0	1	0	0	3	0	0	0	0	0	0	4
AAEL014568	1	1	0	0	0	0	2	0	1	0	0	0
AAEL013026	32	27	26	21	51	31	24	34	55	39	41	35
AAEL027166	5002	6251	5918	4565	8699	2745	590	318	701	781	954	1561
AAEL024256	190	123	122	165	112	174	85	183	189	224	181	164
AAEL028939	0	0	2	0	0	0	0	0	0	0	0	0
AAEL028204	0	0	3	0	0	0	1	0	2	0	0	2
AAEL017135	1559	1127	1090	954	712	1144	944	1567	1497	1054	1286	1958
AAEL009317	3098	3003	2088	1649	2565	4811	2527	3710	4042	2251	4029	5801
AAEL009309	0	0	0	0	0	1	1	2	1	0	0	0
AAEL009308	556	458	540	506	460	459	436	393	554	351	404	505
AAEL009313	10984	6798	6578	6983	7779	7248	7518	5763	9974	5475	6608	5973
AAEL009320	4878	3096	3452	4312	3931	4359	2874	2918	4285	2762	3764	3604
AAEL022942	1	0	1	3	0	0	1	0	2	0	0	0
AAEL009311	1104	616	650	967	788	909	607	802	876	686	724	1043
AAEL020896	0	0	0	9	2	1	1	1	5	0	1	6
AAEL028224	55	40	43	44	42	44	53	51	55	49	44	39
AAEL009307	1130	817	768	748	593	848	849	842	1150	806	942	1131
AAEL019734	243	176	160	167	95	217	241	272	296	188	309	338
AAEL023202	10	7	7	4	9	10	10	5	9	5	9	7
AAEL021135	31	60	71	38	96	76	82	56	72	51	57	59
AAEL005817	38806	28903	32236	36029	58901	36617	29389	18614	36607	24989	26784	22265
AAEL005811	153	75	81	60	51	109	86	91	82	89	96	143
AAEL021304	0	0	0	0	0	0	0	0	0	0	0	0
AAEL005798	4203	2851	2647	2113	2492	3870	3963	3601	6016	2765	4358	4829
AAEL027102	1	0	0	0	0	0	1	0	2	0	0	0
AAEL026465	0	0	0	0	0	0	1	0	0	0	0	0
AAEL022008	552	481	270	291	211	560	381	505	592	276	431	548
AAEL005822	895	603	540	543	689	967	481	551	601	478	809	1202
AAEL005803	30	17	22	25	17	27	22	46	37	36	26	40
AAEL027285	3	0	0	1	2	0	3	1	8	3	1	1
AAEL005793	470	366	441	861	761	588	332	465	432	481	657	775
AAEL022305	0	0	0	0	0	0	0	0	2	0	0	1
AAEL005813	2001	1824	1170	738	667	1828	1797	2252	2476	1109	1743	2309
AAEL005802	1236	1135	863	862	697	1495	756	1431	1642	648	1168	1262
AAEL023850	6120	3948	4125	5226	4858	4445	2570	2954	4227	2395	3175	4091
AAEL005816	658	482	464	466	482	555	648	725	1002	568	626	596
AAEL005796	1080	839	808	928	937	1092	686	769	888	779	740	1014
AAEL026710	117	80	47	46	33	81	178	106	177	91	130	194
AAEL005799	737	626	449	360	545	761	605	810	1001	494	730	719
AAEL005819	630	254	378	873	1447	860	449	380	634	454	590	1148
AAEL005792	53	21	35	233	327	275	25	38	162	109	393	637
AAEL019781	152	147	196	942	1190	789	90	78	122	191	827	1810
AAEL005808	390	237	207	488	468	440	298	531	508	498	392	751
AAEL015247	1014	418	383	3010	2879	1483	603	303	673	719	802	657
AAEL026928	224	119	74	79	58	98	188	223	296	246	216	199
AAEL013240	232	149	233	184	205	152	112	158	134	174	127	224
AAEL005791	1048	772	776	623	701	818	932	899	1040	936	722	1398
AAEL023915	0	0	0	0	0	0	0	0	0	0	0	0
AAEL027924	7	0	2	4	1	2	1	3	3	5	2	0
AAEL024332	562	355	288	134	200	294	364	737	759	443	727	985
AAEL023432	0	0	0	0	0	0	0	0	1	0	0	0
AAEL022903	0	0	0	0	0	0	2	1	1	1	0	0
AAEL013244	66	36	54	81	107	68	48	50	55	71	108	150
AAEL013243	158	168	112	199	220	166	86	93	114	101	182	124
AAEL022101	1	2	1	1	0	1	1	0	0	2	1	2
AAEL000384	7	2	5	5	28	11	8	2	13	12	7	5
AAEL013245	175	139	209	501	654	222	82	33	205	216	611	338
AAEL023035	0	0	0	0	0	0	0	0	0	0	0	0
AAEL025542	0	0	0	0	0	0	1	0	0	0	0	0
AAEL019601	340	263	163	33	38	145	208	107	207	99	237	376
AAEL013546	1299	735	882	651	419	514	796	978	1056	899	732	1289
AAEL013545	77	47	47	94	49	95	56	57	98	74	87	84
AAEL026044	490	322	556	171	277	112	194	146	214	289	191	130
AAEL012704	94	75	91	65	107	77	85	97	120	116	81	91
AAEL026023	2182	2867	3672	436	1200	384	185	74	50	284	255	376
AAEL025252	0	0	3	24	171	20	0	0	0	100	146	35
AAEL012703	0	0	0	2	31	1	0	0	2	6	16	3
AAEL018247	5	2	0	1	10	4	0	1	5	14	18	8
AAEL021449	42	7	12	35	10	10	6	1	5	27	74	41
AAEL003777	1708	1354	1370	672	539	1139	2965	3542	2922	1838	2224	3239
AAEL003801	1124	898	875	1068	1276	1201	793	952	1199	855	1050	883
AAEL020930	0	0	0	0	0	1	1	0	1	0	0	0
AAEL003794	104	104	58	61	42	93	131	144	219	158	165	149
AAEL024720	2312	1734	1560	1358	940	1925	1676	1876	2644	1549	1936	2107
AAEL018307	196	188	178	142	136	174	147	228	215	142	163	180
AAEL020819	5	10	8	6	28	8	11	10	15	8	6	10
AAEL027937	118	14	46	47	5	48	19	20	33	25	36	99
AAEL023584	0	10	4	4	45	11	19	13	25	9	9	4
AAEL003785	2314	1579	1953	2081	1765	1994	1453	1751	2119	1694	1997	2552
AAEL003797	40	13	7	12	24	18	32	27	21	24	16	46
AAEL022767	12	19	17	6	16	10	1	5	9	8	5	18
AAEL024960	1	0	2	0	0	0	1	1	1	2	0	2
AAEL025468	6	15	14	4	1	3	2	13	7	4	12	11
AAEL019560	3218	2527	2043	1524	1148	2333	2517	3349	2935	1888	2268	4547
AAEL003773	98	100	96	30	23	44	68	33	40	51	49	74
AAEL023770	1	0	0	0	0	0	1	0	0	0	0	4
AAEL003779	1467	1202	1035	676	492	960	1102	1459	1446	992	1045	1836
AAEL010465	368	241	290	337	505	339	174	197	260	238	293	353
AAEL010474	357	261	241	246	248	319	247	427	464	216	305	255
AAEL010472	43	15	9	9	14	26	17	14	30	20	30	35
AAEL010470	1258	1269	1180	518	784	1096	1180	1337	1452	1093	1009	1613
AAEL021990	2	0	0	0	0	1	0	0	0	0	0	1
AAEL010473	635	476	592	310	392	419	381	450	492	516	350	773
AAEL010464	20890	13443	13089	10658	10029	10639	8741	5590	11271	7371	9284	10108
AAEL023327	260	200	260	246	414	268	224	297	330	233	218	352
AAEL010469	484	356	633	357	428	378	559	556	577	390	474	452
AAEL023675	658	563	472	615	539	715	766	838	1002	658	841	1073
AAEL025487	0	0	0	0	0	0	0	0	0	0	0	0
AAEL027464	0	0	0	0	0	0	0	0	0	0	0	0
AAEL023831	13	4	31	21	28	17	3	12	8	32	4	23
AAEL026328	0	0	0	0	0	0	0	0	0	0	0	0
AAEL022885	0	0	1	0	0	0	0	0	0	0	0	0
AAEL021917	0	0	0	0	0	0	0	0	1	0	0	0
AAEL023383	6	8	8	4	3	9	6	6	13	8	4	8
AAEL010468	231	264	326	244	541	308	306	286	285	226	164	249
AAEL010467	5013	4522	2906	1362	1938	4726	3194	4955	5959	2491	4074	5799
AAEL015355	8	4	0	1	0	3	1	2	6	3	3	0
AAEL028161	273	245	223	196	245	244	324	259	476	256	314	346
AAEL020215	42	36	37	15	44	29	19	23	24	30	7	31
AAEL010471	44	9	7	2	1	6	78	71	68	47	50	95
AAEL010462	50	28	43	0	0	23	186	112	216	108	127	199
AAEL022870	0	0	0	0	0	1	9	2	0	4	0	0
AAEL021582	7	15	8	3	12	3	4	4	6	11	4	2
AAEL025806	36	6	12	6	7	3	9	19	16	10	27	21
AAEL024359	93	43	41	10	6	45	238	181	318	140	219	262
AAEL008422	555	565	479	196	246	343	469	697	661	532	514	920
AAEL008428	1392	465	383	1659	1936	1644	1456	1276	1480	2052	770	873
AAEL008427	517	483	371	294	420	729	420	402	789	327	470	413
AAEL015151	676	719	940	544	874	646	764	594	823	819	502	739
AAEL028724	1	0	0	0	0	0	17	3	1	4	0	9
AAEL028707	0	0	0	0	2	1	2	2	0	2	0	1
AAEL028790	2	0	0	0	0	4	5	1	1	5	3	27
AAEL028650	0	0	0	0	0	0	0	0	0	0	0	0
AAEL028762	1	0	1	0	0	0	9	2	0	10	1	3
AAEL028644	0	0	0	0	0	1	0	0	0	0	0	0
AAEL028980	0	0	0	0	0	0	0	0	0	0	0	0
AAEL028695	0	0	0	0	0	0	0	0	0	0	0	0
AAEL028803	0	0	0	0	0	0	0	0	0	0	0	0
AAEL028852	0	0	0	0	0	0	0	0	0	0	0	0
AAEL028665	0	0	0	1	0	0	0	0	0	0	0	0
AAEL028994	0	0	0	0	0	0	0	0	0	0	0	0
AAEL028853	0	0	0	0	0	0	1	0	0	1	0	1
AAEL028736	0	0	0	0	0	0	0	0	0	0	0	0
AAEL028906	0	0	0	0	0	0	0	0	0	0	0	0
AAEL028912	0	0	0	0	0	0	0	0	0	0	0	0
AAEL028925	0	0	0	0	0	0	0	0	0	0	0	0
AAEL028738	0	0	0	0	0	0	0	0	0	0	0	0
AAEL028907	0	0	0	0	0	0	1	2	0	1	0	0
AAEL028865	0	0	0	0	0	0	0	0	0	0	0	1
AAEL028769	11	0	1	0	6	2	37	0	7	15	3	9
AAEL028659	0	0	0	0	0	0	0	0	0	0	0	0
AAEL028985	0	0	0	0	0	0	4	1	1	4	2	0
AAEL028663	0	0	0	0	0	0	0	0	0	0	0	0
AAEL028856	0	0	1	0	0	0	0	0	0	0	0	0
AAEL028689	0	0	0	0	0	0	0	0	0	0	0	0
AAEL028658	0	0	0	0	0	0	0	0	0	0	0	0
AAEL028952	0	0	0	0	0	0	0	0	0	0	0	0
AAEL028798	0	0	0	0	0	0	0	0	0	0	0	0
AAEL028813	0	0	0	0	0	0	0	0	0	0	0	0
AAEL028742	1	0	3	0	1	0	0	3	1	3	0	1
AAEL028996	29	9	18	8	14	7	167	71	26	118	25	62
AAEL028884	0	0	0	0	0	0	0	0	0	0	0	0
AAEL028858	0	0	0	0	0	0	1	0	0	0	0	0
AAEL020329	4	7	2	10	3	6	7	6	12	8	8	21
AAEL012926	43	50	23	24	33	41	83	87	114	88	130	99
AAEL012924	496	407	460	372	540	366	301	305	348	394	336	398
AAEL012925	1323	943	743	519	478	1094	1130	1398	1674	721	1127	1331
AAEL013462	114	81	108	72	71	82	93	101	110	90	65	156
AAEL021081	0	1	0	0	0	0	8	0	1	0	2	1
AAEL027966	0	0	0	0	0	0	0	0	0	0	0	0
AAEL013461	981	655	768	774	989	940	592	935	872	948	885	1407
AAEL027201	0	0	0	2	0	3	0	0	0	0	0	0
AAEL028648	3	0	0	0	0	0	1	0	3	1	0	1
AAEL013458	6322	4883	5361	5069	5530	5013	4890	6543	5985	6147	5013	7644
AAEL013460	912	685	545	237	150	593	973	1087	1195	604	867	1474
AAEL013463	359	317	297	295	300	426	237	244	328	180	312	302
AAEL009911	584	436	568	536	544	414	313	346	320	400	304	407
AAEL009912	979	810	625	812	770	1270	764	934	1479	652	981	778
AAEL023347	4093	2687	2974	3622	3405	2931	2544	2342	3486	2132	2754	3255
AAEL020387	544	396	323	375	273	348	339	366	474	296	377	408
AAEL020396	1	10	4	0	11	2	4	5	2	4	4	9
AAEL009918	494	349	435	254	351	235	293	389	395	399	221	401
AAEL009913	1914	1475	1319	1311	1118	1578	1082	1537	1914	1068	1346	1441
AAEL016733	0	0	0	0	0	0	0	0	0	0	0	0
AAEL009908	455	333	360	342	398	393	171	288	354	273	302	287
AAEL016732	1	0	0	0	0	0	0	0	0	1	0	0
AAEL016731	2	0	0	0	0	0	0	0	0	0	0	0
AAEL016730	0	0	0	0	0	0	0	0	0	0	0	0
AAEL009915	23	14	18	15	8	40	65	61	130	25	43	39
AAEL009916	687	481	494	480	375	453	382	541	561	479	395	669
AAEL016729	0	0	0	0	0	0	0	0	0	0	0	0
AAEL009899	4856	2187	2732	1605	1711	1147	2898	3414	4290	1938	3558	1732
AAEL017702	1	0	0	0	0	0	1	0	0	0	0	0
AAEL016728	0	0	0	0	0	0	0	0	0	0	0	0
AAEL016727	0	0	0	0	0	0	0	0	0	0	1	0
AAEL016726	0	2	0	0	0	0	0	0	0	1	1	0
AAEL019534	3874	3279	4187	2532	2342	2390	3270	3614	2497	2997	1972	4802
AAEL018773	1	0	0	0	0	0	0	0	1	0	0	0
AAEL018772	0	0	0	0	0	0	0	0	0	0	0	0
AAEL018187	2455	2052	1646	1462	960	1993	1515	1915	2355	1260	1749	2053
AAEL019439	2229	1220	1105	2024	2036	1754	1990	1812	2628	1723	1967	1965
AAEL019438	761	356	362	437	636	549	640	877	1347	562	769	860
AAEL025069	0	1	0	0	0	0	1	0	0	0	1	0
AAEL009904	642	257	312	426	496	372	250	259	234	279	332	485
AAEL009906	788	649	584	1178	1156	990	788	1021	1282	792	786	938
AAEL020472	4	6	5	3	12	3	6	0	7	3	6	2
AAEL009898	1162	907	1123	1533	1986	1435	696	628	826	893	953	1223
AAEL009914	716	547	600	571	645	599	434	430	501	410	417	596
AAEL025119	4	11	3	1	9	10	0	2	1	4	12	20
AAEL009909	1282	982	1121	749	727	622	631	481	693	655	499	761
AAEL028094	37	11	13	2	2	11	92	45	65	38	47	77
AAEL002999	124	106	84	82	101	98	110	206	170	107	120	155
AAEL003018	661	304	248	450	456	403	543	670	1054	593	584	517
AAEL021117	29	10	9	2	6	2	5	3	1	2	1	6
AAEL028229	45	24	33	9	6	8	32	34	30	24	26	7
AAEL002996	690	453	631	384	398	269	237	237	292	268	293	401
AAEL003000	22	18	33	28	52	42	17	21	20	40	25	33
AAEL028976	0	0	0	0	0	0	0	0	0	0	0	0
AAEL028943	0	0	0	0	0	0	0	0	0	0	0	0
AAEL018843	0	0	0	0	0	0	0	0	0	0	0	0
AAEL016280	0	0	0	0	0	0	0	0	0	0	0	0
AAEL016279	0	0	0	0	0	0	0	0	0	0	0	0
AAEL016277	0	0	0	0	0	0	0	0	0	0	0	0
AAEL016276	0	0	0	0	0	0	1	0	0	0	0	0
AAEL016275	0	0	0	0	0	0	0	0	0	0	0	0
AAEL003012	349	12	355	107	179	49	231	320	365	130	141	38
AAEL003002	33	23	35	21	45	26	20	36	39	16	14	20
AAEL016274	1	0	0	0	0	0	0	1	1	0	0	0
AAEL020634	1257	755	651	740	532	1109	1110	1377	1567	1007	1299	1949
AAEL016273	0	0	0	0	0	0	0	0	0	0	0	0
AAEL018844	0	0	0	0	0	0	1	0	0	0	2	0
AAEL026157	3	3	0	0	6	5	0	2	0	0	2	5
AAEL015609	59	22	38	75	208	63	81	76	122	59	56	66
AAEL023182	2697	1852	1566	1128	926	2191	2059	2456	2800	1353	2247	2780
AAEL026455	3	6	0	6	3	2	2	4	1	3	1	1
AAEL024703	1	0	1	1	0	1	0	2	0	2	0	1
AAEL026183	6	5	3	11	8	7	10	5	7	4	23	6
AAEL002989	274	272	241	179	257	222	191	242	266	231	191	304
AAEL016271	0	0	0	0	0	0	0	0	0	0	0	0
AAEL003004	184	292	369	184	269	228	180	352	275	251	258	300
AAEL021617	1	0	0	0	0	0	1	0	0	0	0	0
AAEL026789	37	82	103	52	111	95	56	119	86	70	95	60
AAEL027953	0	0	0	0	0	0	0	0	0	0	0	0
AAEL022145	0	0	2	0	0	0	0	0	0	0	0	0
AAEL002993	0	0	0	0	0	0	0	0	0	0	0	0
AAEL003016	19	4	2	16	2	8	6	10	9	5	8	12
AAEL003008	359	339	215	185	165	476	274	274	467	184	333	298
AAEL028049	78	46	54	49	36	48	53	41	44	82	49	61
AAEL012038	372	298	272	291	356	327	254	245	406	255	194	353
AAEL012040	330	308	317	236	270	180	191	263	242	258	183	379
AAEL012037	270	135	252	562	374	280	112	186	193	210	245	346
AAEL012036	206	129	190	255	289	192	129	436	333	334	236	500
AAEL012041	1006	968	1514	838	796	718	549	384	492	674	590	1273
AAEL012039	762	637	546	418	284	623	764	804	955	638	705	718
AAEL024707	0	0	0	0	0	0	0	0	0	0	0	0
AAEL009722	1408	1026	1034	2857	3741	1864	619	892	1422	895	2104	2920
AAEL020362	211	144	159	1220	1472	855	116	164	240	279	643	963
AAEL009719	2162	1665	1371	1459	1416	2017	1565	1785	2092	1342	2287	2798
AAEL009720	683	455	543	437	315	455	464	654	591	497	421	779
AAEL021238	0	0	0	1	0	1	0	0	0	1	0	1
AAEL009724	2	21	6	2	0	1	12	1	16	14	2	1
AAEL009725	483	353	400	287	303	330	302	339	350	323	292	409
AAEL009727	274	214	232	209	240	208	177	185	195	180	154	255
AAEL023391	293	292	198	269	265	210	183	203	227	222	194	276
AAEL000982	405	315	367	329	338	305	270	316	322	318	246	422
AAEL016982	4894	3711	3896	2706	2809	3533	2922	4617	4302	3008	2823	4924
AAEL026867	119	139	86	12	63	154	158	156	273	110	195	160
AAEL001005	26334	22851	23818	17480	18010	25342	8042	25595	21072	15677	14656	21998
AAEL025040	18	16	12	2	3	18	20	6	13	14	24	22
AAEL018816	0	0	0	1	0	0	0	0	0	0	0	0
AAEL020286	28	26	26	13	6	30	54	50	69	33	95	158
AAEL001009	2570	2095	1796	1710	1126	2160	1810	2493	2773	1535	2100	2895
AAEL000983	687	402	504	530	590	540	378	443	502	536	442	606
AAEL021520	243	279	96	20	25	211	699	689	990	283	596	721
AAEL023811	4	0	1	0	0	1	11	5	0	10	3	3
AAEL025088	3	1	2	0	0	3	11	6	2	18	5	9
AAEL027252	0	0	0	0	0	0	2	0	0	2	0	0
AAEL024440	0	0	0	0	0	0	0	0	0	0	0	0
AAEL026992	0	0	0	0	0	0	0	0	0	0	0	0
AAEL028186	0	0	0	0	0	0	0	0	0	0	0	0
AAEL000997	0	0	0	0	0	0	0	0	0	0	0	0
AAEL025290	0	0	0	0	0	0	4	0	1	2	0	3
AAEL000980	389	309	342	259	252	274	238	405	303	256	198	355
AAEL021007	0	0	3	2	2	0	1	4	1	0	0	0
AAEL025533	462	313	364	477	461	474	297	330	487	394	394	362
AAEL021176	921	729	788	1460	1507	1248	692	741	721	1028	1086	1761
AAEL019505	62	31	29	7	2	30	84	72	82	58	63	89
AAEL019506	3415	2591	2529	2319	1756	2487	2254	2857	2946	2299	2247	3056
AAEL020934	4	0	1	2	0	2	2	0	3	1	10	4
AAEL026287	77	43	39	32	42	53	103	128	127	88	89	103
AAEL007078	5674	3700	4074	5480	5716	5907	3077	3794	5377	3139	4542	5116
AAEL024897	0	0	1	0	0	0	0	0	0	0	0	0
AAEL021980	0	0	0	0	1	0	3	1	0	0	0	0
AAEL022194	13	3	5	7	4	5	2	5	2	7	4	6
AAEL021734	44	66	45	16	17	10	26	37	60	26	26	18
AAEL026589	78	35	35	21	13	45	56	39	47	36	58	47
AAEL014763	9	0	6	14	4	12	7	2	26	14	54	10
AAEL014761	110	42	46	64	91	63	71	62	97	81	76	76
AAEL016931	0	0	0	0	0	0	0	0	0	0	0	0
AAEL014762	5504	3670	5180	6339	4872	4395	1839	2101	2311	2744	4391	6727
AAEL025131	0	0	0	0	0	0	0	0	0	0	0	0
AAEL028873	0	0	0	0	0	0	0	0	0	0	0	0
AAEL028915	6	3	4	2	9	3	10	8	3	9	11	1
AAEL020431	186	95	128	89	43	70	139	133	134	145	106	177
AAEL020628	0	1	0	0	4	0	0	0	0	2	0	1
AAEL014408	1026	757	805	488	441	693	766	781	831	718	710	1025
AAEL012437	1694	1388	1248	917	702	1102	1107	1538	1639	1160	1053	1444
AAEL012447	3	6	0	2	2	3	2	3	4	1	1	1
AAEL024953	1565	1041	1749	628	443	590	881	1140	1410	806	795	1010
AAEL021288	4558	3322	2416	1444	1004	3459	3753	4383	4905	2171	3658	5348
AAEL012443	387	141	237	14	9	26	379	151	149	160	159	271
AAEL012438	133	118	131	101	163	128	89	75	101	111	89	159
AAEL012439	801	724	773	1477	1678	1205	402	763	524	732	737	1018
AAEL012440	2604	1570	2807	2082	2385	1359	899	720	1039	1200	1905	1827
AAEL024070	449	449	516	386	477	402	238	266	215	247	267	389
AAEL012448	296	249	232	228	266	285	224	266	304	182	242	311
AAEL012442	1152	842	848	637	480	810	909	740	1108	741	788	1229
AAEL012446	4431	2684	2905	1682	1376	2679	4273	4442	4350	3427	3665	7039
AAEL027262	0	0	0	0	0	0	3	0	0	0	0	0
AAEL014946	501	328	478	337	442	320	307	337	345	421	313	547
AAEL014945	63	56	93	46	121	83	35	35	64	59	58	105
AAEL022490	1130	970	988	1307	1829	1140	982	1063	1399	1201	1058	1348
AAEL024602	439	320	304	236	212	278	296	660	479	356	298	446
AAEL015048	708	721	606	390	335	610	440	789	705	451	485	744
AAEL009579	223	211	218	144	213	250	126	221	207	171	132	200
AAEL009584	642	455	404	595	530	571	476	500	653	462	604	605
AAEL023148	3817	2439	2482	2931	2488	3230	3441	5574	5899	3954	4670	9671
AAEL020483	0	0	0	0	0	0	2	2	5	0	1	2
AAEL022911	0	0	0	0	0	0	0	0	0	0	0	2
AAEL021905	0	0	0	0	0	0	0	0	0	0	0	0
AAEL025602	0	0	0	0	0	0	0	0	0	0	0	0
AAEL026027	841	442	555	493	361	436	594	843	1011	739	753	1172
AAEL003100	162	185	121	57	36	245	108	312	217	91	94	147
AAEL003107	248	130	201	162	218	242	106	207	150	142	138	124
AAEL003109	4885	3436	3143	3102	2937	3388	2916	4233	4365	2718	3267	4437
AAEL020196	348	204	181	133	24	172	160	192	270	177	275	230
AAEL021950	2097	1675	1732	1507	1401	1662	1438	1884	2181	1441	1663	2146
AAEL011261	1245	1011	753	570	505	1091	843	1253	1353	729	845	1233
AAEL023091	1	0	0	0	0	0	1	0	2	1	0	0
AAEL011264	1339	1590	2257	1270	2975	1131	1084	778	941	1269	798	1166
AAEL011263	598	491	504	346	521	292	362	405	417	393	256	264
AAEL011260	0	0	0	0	2	0	0	142	3	0	0	0
AAEL027581	0	0	0	1	0	0	0	0	2	0	1	0
AAEL011268	8	1	5	2	5	4	11	12	3	3	3	0
AAEL022734	231	140	174	201	223	150	182	1334	583	387	220	429
AAEL027424	124	64	140	144	190	89	82	507	352	380	136	256
AAEL021524	0	0	0	0	0	0	0	2	0	0	0	2
AAEL026218	1410	950	1001	1168	954	1089	856	4176	3009	2061	990	874
AAEL021560	0	0	0	0	0	0	0	0	0	0	0	0
AAEL020345	0	0	0	0	0	0	0	0	0	0	0	0
AAEL007483	15	9	8	7	11	9	10	19	14	8	15	16
AAEL007493	88	69	103	98	164	149	129	141	181	152	130	158
AAEL007501	956	803	803	878	826	814	625	677	843	640	706	855
AAEL007494	2693	1415	1680	1401	1767	1996	1778	1834	2802	2000	1879	1708
AAEL007484	4817	3069	3446	3288	3282	3147	1886	2965	3136	2528	2569	3658
AAEL007482	303	183	262	222	223	243	190	153	179	225	177	294
AAEL007500	188	117	111	113	182	132	136	1018	530	401	160	262
AAEL022232	218	198	121	149	222	244	110	110	197	109	189	168
AAEL015338	650	440	510	553	534	751	379	402	542	396	427	461
AAEL026845	46	11	39	5	13	8	19	28	32	22	13	19
AAEL027930	0	2	0	0	0	0	0	0	0	0	0	0
AAEL007480	726	444	583	541	474	486	453	719	629	572	471	669
AAEL007481	135	95	130	177	249	128	93	62	91	140	155	216
AAEL007492	114	92	92	74	99	89	74	110	105	85	79	123
AAEL022065	0	0	0	0	1	0	0	0	0	0	0	0
AAEL024337	359	217	233	336	301	399	362	434	534	327	510	632
AAEL007487	558	412	415	269	254	382	366	543	496	338	315	532
AAEL021513	27	35	19	16	39	38	31	20	31	29	41	54
AAEL026565	13724	8946	12567	11731	19297	10617	7688	7736	9094	9469	8713	7753
AAEL023156	30	0	2	12	1	21	14	15	27	13	20	19
AAEL026281	3	0	0	0	4	1	0	0	4	1	0	4
AAEL007495	595	264	327	515	735	601	212	207	298	308	453	737
AAEL024535	1588	857	776	2915	2106	3040	882	915	1288	1610	2356	3452
AAEL021555	1201	838	1204	1279	1939	783	698	669	952	839	661	1241
AAEL026113	6	0	0	0	0	0	0	0	0	0	2	0
AAEL019433	21	13	12	7	46	11	25	38	15	13	19	8
AAEL022347	3	0	0	0	0	0	0	1	4	0	0	3
AAEL014544	28	33	29	22	10	7	49	11	28	19	28	28
AAEL026836	0	0	0	0	0	0	0	0	0	0	0	0
AAEL027769	0	0	0	0	0	0	0	0	0	0	0	0
AAEL020384	1	1	0	0	0	1	0	0	0	1	0	0
AAEL010891	159	89	134	131	163	120	104	90	141	159	111	197
AAEL010885	590	442	452	598	501	556	348	483	529	314	427	408
AAEL027816	0	0	0	0	0	1	0	0	0	0	0	0
AAEL025463	0	0	0	0	0	0	0	0	0	0	0	0
AAEL029112	0	0	0	0	0	0	0	0	0	0	0	0
AAEL029113	0	0	0	0	0	0	0	0	0	0	0	0
AAEL010892	750	527	559	441	324	548	618	666	769	627	586	895
AAEL010895	623	383	572	480	433	444	337	355	419	502	467	597
AAEL010884	30861	17810	15272	22964	27907	18184	22100	24568	32546	22683	19734	18393
AAEL010893	1597	1526	1402	1155	1811	1303	886	890	1074	1286	1239	1801
AAEL010894	44	16	89	56	78	93	12	31	30	52	19	29
AAEL021322	1	1	1	1	0	1	1	0	1	2	1	0
AAEL022259	0	0	0	0	1	0	2	1	0	0	0	0
AAEL010898	344	177	215	192	183	212	248	2408	1184	906	312	542
AAEL010896	457	326	428	368	374	390	298	333	436	355	354	424
AAEL022113	2884	2279	1986	1496	1127	2227	2304	2931	3113	2050	2403	3616
AAEL022693	512	320	392	193	169	293	376	539	487	405	392	683
AAEL023903	0	0	0	0	0	0	0	0	0	0	0	0
AAEL027025	0	0	0	0	0	0	0	0	0	0	0	0
AAEL021330	0	0	0	0	0	0	0	0	0	0	0	0
AAEL025992	0	0	0	0	0	0	0	0	0	0	0	0
AAEL020414	0	0	0	0	0	0	0	0	0	0	0	0
AAEL024297	0	0	0	0	0	0	0	0	0	0	0	0
AAEL023907	591	428	423	382	324	395	471	513	512	422	425	666
AAEL009208	1013	640	652	626	457	563	548	634	664	622	562	979
AAEL023582	162	154	196	112	141	97	129	110	97	110	79	165
AAEL027988	1	0	0	0	0	0	6	2	8	5	4	5
AAEL015533	494	362	325	1391	1317	670	314	350	491	335	1028	1406
AAEL019008	0	0	0	0	0	0	0	0	0	0	0	0
AAEL016679	0	0	0	0	0	0	0	0	0	0	0	0
AAEL016682	0	0	0	0	0	0	0	0	0	0	0	0
AAEL016683	0	0	0	0	0	0	0	0	0	0	0	0
AAEL016685	0	0	0	0	0	0	0	0	0	0	0	0
AAEL018999	0	0	0	0	0	0	0	0	0	0	0	0
AAEL023381	1	0	0	0	0	0	1	2	2	1	0	0
AAEL013723	1114	966	637	201	247	778	1488	1538	1877	654	1329	1868
AAEL009209	0	0	0	0	0	0	0	4	0	0	0	0
AAEL016687	0	0	0	0	0	0	1	0	0	2	0	0
AAEL016688	0	0	0	0	0	0	0	0	0	0	0	0
AAEL016689	1	0	0	0	1	0	0	0	0	0	0	0
AAEL016691	0	0	0	0	0	0	0	1	0	0	0	0
AAEL016692	0	0	0	0	0	0	0	0	3	0	0	0
AAEL018909	0	0	0	0	0	0	2	0	0	0	2	0
AAEL013722	11	1	4	1	3	3	3	6	5	3	0	8
AAEL013724	969	553	539	441	252	627	648	859	1003	601	805	1120
AAEL020886	0	0	0	0	0	0	0	1	0	0	2	0
AAEL027373	0	1	2	8	0	2	0	0	1	11	0	4
AAEL024449	18	29	8	16	13	14	11	22	10	29	19	24
AAEL013725	715	493	493	568	281	488	394	600	786	384	407	517
AAEL013721	478	222	239	305	193	306	155	161	144	190	194	337
AAEL019700	2466	2334	1492	531	671	2290	1890	2279	3166	1358	2508	2855
AAEL022069	2	1	1	0	0	5	0	3	0	0	3	3
AAEL014045	344	270	241	564	645	487	160	1016	726	200	361	592
AAEL014044	85	48	77	45	90	42	25	175	60	83	50	98
AAEL014046	491	372	336	313	192	298	379	477	472	424	352	581
AAEL004557	0	0	0	0	4	0	0	0	0	0	0	1
AAEL004564	4	6	2	0	11	2	1	0	1	0	8	4
AAEL004568	18	5	9	12	8	6	13	16	11	18	13	18
AAEL004561	38	33	24	21	71	27	48	12	47	19	25	37
AAEL004572	132	50	74	15	32	52	784	530	486	365	345	1116
AAEL018910	0	0	0	0	0	0	1	0	0	2	0	3
AAEL025168	0	0	0	0	0	0	0	0	1	1	0	1
AAEL022048	0	4	0	4	1	13	3	0	1	5	1	0
AAEL022131	0	0	0	0	0	0	0	0	0	0	0	0
AAEL021796	3	6	1	2	0	0	1	1	3	5	0	3
AAEL012865	4586	4025	3944	2935	3107	4338	2971	3411	3602	3055	2442	3857
AAEL012866	617	443	658	1062	662	609	100	117	199	398	413	648
AAEL012867	99	67	67	68	82	40	13	29	26	17	55	59
AAEL012860	3312	3502	3772	1695	8618	2089	1398	1000	1708	1559	813	1134
AAEL012863	551	348	547	616	855	693	358	284	329	472	540	871
AAEL025095	0	0	0	0	0	0	0	0	0	0	0	0
AAEL013851	173	101	127	57	256	36	43	110	57	76	88	61
AAEL012868	36	23	21	29	26	37	15	18	15	27	33	31
AAEL020571	0	0	0	0	1	0	0	0	0	0	0	1
AAEL012859	160	121	175	1311	607	780	76	185	170	337	417	601
AAEL012870	2	3	6	3	18	6	12	2	17	1	2	0
AAEL012864	81	114	118	67	154	73	65	43	46	36	65	78
AAEL009640	161	147	132	119	138	102	181	367	259	181	152	224
AAEL024551	4	0	1	0	0	0	0	2	3	0	1	6
AAEL020040	0	0	23	0	0	0	6	0	26	36	21	1
AAEL009634	2948	1772	2240	1372	1755	1238	1478	1359	1984	1370	1584	1259
AAEL009637	8019	6935	7315	4101	7172	4442	3238	4407	5337	3519	5631	12793
AAEL009642	20808	17901	24899	4437	5357	2223	2901	881	500	1435	2669	11496
AAEL009636	2028	1427	1381	1153	762	1383	1337	1664	1797	1200	1575	1954
AAEL016703	0	0	0	0	0	0	0	0	1	0	0	0
AAEL020812	1	2	1	0	1	0	1	0	0	4	1	0
AAEL009635	240	183	258	210	264	183	148	198	223	172	134	177
AAEL018926	0	0	0	0	0	0	0	0	0	0	0	0
AAEL020153	2	7	0	1	1	0	3	1	2	2	1	3
AAEL016705	14	20	14	7	11	28	9	6	5	11	5	13
AAEL009639	646	445	416	262	196	516	447	484	608	352	466	705
AAEL018925	0	0	0	0	0	0	0	0	0	0	0	0
AAEL026149	3	1	1	1	2	2	11	5	6	7	3	7
AAEL009644	357	277	326	299	280	269	217	351	327	278	218	368
AAEL011253	124	94	90	57	69	68	245	131	247	150	152	216
AAEL029015	0	0	1	0	0	0	2	0	2	3	1	1
AAEL017570	0	0	0	0	0	0	1	1	1	0	0	0
AAEL027416	0	0	0	0	0	0	0	0	2	0	0	1
AAEL023856	0	0	0	0	0	0	2	1	0	0	0	0
AAEL028969	1	0	0	0	0	0	11	6	12	2	3	1
AAEL028977	1	0	1	0	0	0	2	3	3	0	5	2
AAEL018215	2053	1375	1342	1123	609	1150	1592	1709	1892	1332	1608	2442
AAEL021653	3	0	0	0	1	0	0	0	0	0	0	3
AAEL011251	1288	1023	1321	1055	1243	933	703	1137	860	884	713	1214
AAEL011248	727	526	445	149	250	424	401	716	549	333	587	994
AAEL022386	0	0	0	0	0	0	1	0	0	0	0	0
AAEL021455	0	0	0	0	0	0	0	0	0	0	0	0
AAEL022993	0	0	0	0	0	0	0	0	0	0	0	0
AAEL011255	3717	2331	1937	2693	3199	3465	2915	2321	6271	1873	3833	1561
AAEL024493	6	13	13	14	46	14	19	12	28	28	18	18
AAEL011254	964	699	734	1256	2112	1323	393	528	813	596	763	788
AAEL024793	504	407	409	286	465	339	309	355	364	348	307	296
AAEL021648	1	3	0	0	3	1	3	1	6	5	0	3
AAEL007248	200	155	185	172	203	166	108	154	164	114	141	183
AAEL022093	2	0	1	2	9	0	1	0	4	1	0	0
AAEL025289	1	2	1	1	1	2	1	2	1	2	4	4
AAEL021614	28	10	19	20	27	22	11	21	11	20	8	41
AAEL023952	1	0	0	0	0	0	0	0	0	0	0	0
AAEL020726	0	0	1	1	0	0	1	2	1	0	0	0
AAEL014006	0	0	0	0	0	0	0	0	1	0	0	0
AAEL021039	1	1	0	0	0	0	1	1	0	0	0	0
AAEL014527	150	179	101	6	33	175	321	311	545	231	418	423
AAEL025699	1	0	0	1	1	11	4	3	4	4	0	0
AAEL014526	2921	2172	2070	2280	2808	2079	1796	1070	2261	1269	2100	1535
AAEL027509	5	8	10	4	11	7	6	5	10	1	8	12
AAEL014529	1975	1408	1199	1361	1018	1710	1269	1638	2061	1174	1333	1512
AAEL014528	1943	1418	1693	1495	1666	1404	1118	1839	1854	1296	1173	1688
AAEL011326	466	376	337	159	235	339	321	464	443	305	403	588
AAEL011329	1151	677	881	817	901	630	557	948	932	799	678	1072
AAEL006191	1825	1239	1439	1018	817	941	1011	1226	1207	1027	971	1644
AAEL006209	607	710	445	322	260	284	313	492	453	377	457	590
AAEL006193	280	260	209	217	202	139	157	243	180	192	172	232
AAEL006189	1476	1138	1191	1186	998	1081	1048	1559	1419	1123	1182	1686
AAEL025448	0	0	0	0	0	0	0	0	0	0	0	0
AAEL006208	2193	1629	1790	1006	696	940	1204	1804	1197	1232	1182	2139
AAEL006196	4679	3217	3448	2491	2759	2773	1716	1903	2161	1626	2120	2791
AAEL006197	64	54	46	24	43	19	40	31	32	41	22	51
AAEL019752	95	45	45	8	9	22	297	231	296	127	179	389
AAEL027552	0	0	0	0	0	0	0	0	0	0	0	0
AAEL006202	0	0	0	0	0	0	1	1	0	0	0	1
AAEL013424	58	76	47	10	21	93	188	141	202	108	145	214
AAEL013421	118	49	58	53	37	36	90	48	138	59	138	39
AAEL013418	0	0	0	1	0	0	0	2	1	0	0	2
AAEL013422	6	7	11	12	26	3	19	5	7	10	9	12
AAEL013423	0	0	0	0	0	0	3	0	0	0	0	1
AAEL013420	0	0	0	1	0	1	0	1	0	2	1	1
AAEL021637	4	0	4	1	1	2	7	4	2	1	0	9
AAEL002543	1113	741	766	888	1036	988	882	1448	1379	1118	878	1242
AAEL002547	128	68	100	112	160	147	119	139	188	165	138	145
AAEL002563	574	459	507	486	552	488	318	362	481	357	311	606
AAEL002539	2590	1573	1583	3087	2272	3648	1666	2112	2508	2427	4305	5570
AAEL016217	0	0	0	0	0	0	5	1	0	1	2	1
AAEL016214	0	0	0	0	0	0	1	0	0	1	0	3
AAEL016212	0	1	1	0	0	0	4	1	1	0	1	0
AAEL028647	1	0	0	0	0	0	0	1	0	2	0	2
AAEL016210	0	0	0	0	0	0	2	0	0	0	0	1
AAEL002566	8	10	9	4	6	11	5	5	2	3	5	9
AAEL002551	8139	6129	4614	3152	2751	6862	5694	7138	8911	3450	5533	7375
AAEL002556	316	214	273	216	118	218	210	339	291	227	272	351
AAEL020826	3	0	2	3	1	0	2	4	4	1	3	3
AAEL021764	0	0	0	0	0	0	1	1	3	0	0	3
AAEL002548	1871	1516	1103	1267	1006	1917	1358	1796	2056	1139	1456	1993
AAEL022395	11	9	4	10	15	4	8	7	5	7	10	8
AAEL002564	16	2	1	2	1	1	2	1	5	4	6	2
AAEL002554	5520	3671	3607	3213	2026	3203	3052	1993	3748	2757	2339	3259
AAEL026527	7	1	7	0	11	3	15	3	4	0	1	3
AAEL002562	619	388	517	463	570	489	424	450	498	454	391	505
AAEL002550	1242	1189	932	481	514	1200	1054	1293	1381	1119	1068	1570
AAEL025472	4	9	17	6	16	15	18	8	10	20	13	24
AAEL002560	1562	976	931	1892	1734	2650	428	304	577	523	895	1650
AAEL026949	0	0	0	0	0	3	4	0	2	0	0	2
AAEL002549	254	300	54	207	326	187	140	433	497	190	473	469
AAEL002569	1504	1181	1271	1128	776	1073	835	1255	1188	891	768	1240
AAEL027912	277	151	211	240	267	373	332	1067	447	750	302	298
AAEL002555	233	148	131	255	365	398	234	231	231	271	317	318
AAEL002574	1	0	0	1	0	0	0	0	0	1	0	3
AAEL002565	7205	3336	3104	4266	3667	6102	10436	11656	10825	7462	8343	12747
AAEL027874	0	3	0	0	0	0	4	0	0	3	0	0
AAEL002571	80	40	41	37	44	57	87	88	142	101	87	173
AAEL002575	3	7	8	0	3	3	20	1	10	1	0	1
AAEL027403	17	7	9	5	15	13	10	9	6	8	5	7
AAEL023090	0	0	0	0	3	0	0	0	0	0	0	0
AAEL002544	381	285	346	411	480	418	254	240	327	262	299	340
AAEL002542	6320	4632	5546	2441	4789	2741	3429	4720	4546	3142	2743	3996
AAEL002541	175	130	164	44	41	36	103	108	115	103	57	121
AAEL002557	3443	2674	2687	1359	1366	2008	2150	1816	2045	2819	2411	4373
AAEL024811	20	8	6	1	2	8	8	9	14	8	18	30
AAEL020313	30	20	29	16	13	10	21	5	13	8	4	20
AAEL002567	35	25	53	13	15	18	31	25	11	8	2	21
AAEL025948	0	0	0	0	0	0	0	0	0	0	0	0
AAEL020337	0	0	0	0	0	0	0	0	0	0	0	0
AAEL002546	658	209	361	219	300	230	478	534	556	269	350	401
AAEL002559	978	599	570	2292	3178	772	286	303	694	767	3980	5077
AAEL002572	11510	7912	7143	6598	11483	10124	10834	11094	16330	9778	8672	10185
AAEL003491	1528	1337	1499	951	1845	1030	1069	1078	1908	629	909	940
AAEL003501	2	0	0	0	0	0	1	0	1	0	0	0
AAEL027951	0	0	0	0	0	0	0	0	0	0	0	0
AAEL028874	0	0	0	0	0	0	0	0	0	0	0	0
AAEL028718	0	0	0	0	0	0	0	0	0	0	0	0
AAEL027711	0	0	0	0	0	0	0	0	0	0	0	0
AAEL003504	16	21	13	7	17	19	11	11	12	17	13	16
AAEL003506	45	43	44	65	70	68	53	61	76	38	80	69
AAEL003503	2589	2578	1776	893	1536	3368	2064	2703	3460	2224	3995	6066
AAEL003490	190	125	137	153	155	189	125	218	206	160	162	241
AAEL003495	761	580	438	476	336	648	542	775	836	484	592	755
AAEL021538	200	175	152	53	73	167	164	115	175	97	204	384
AAEL014995	4	6	1	6	4	0	7	0	10	8	5	4
AAEL024037	0	0	0	0	0	0	0	0	0	1	0	0
AAEL022158	0	0	2	0	0	2	2	3	1	0	0	0
AAEL010923	5	1	0	0	0	0	2	0	0	0	1	0
AAEL010924	447	333	374	165	156	161	267	120	202	193	246	523
AAEL021727	0	0	0	0	0	0	1	0	0	0	0	0
AAEL018868	0	0	0	0	0	0	0	0	0	0	0	0
AAEL002766	375	292	306	233	284	260	217	281	245	260	201	315
AAEL021418	161	140	167	161	171	122	114	114	96	152	133	183
AAEL002764	7829	4673	4931	5531	6177	6106	4868	5682	6827	4719	5513	5838
AAEL028700	0	0	0	0	0	0	0	0	0	0	0	0
AAEL028875	1	0	1	0	2	1	1	0	2	4	0	2
AAEL027106	91	39	80	26	40	32	1834	1005	1223	720	656	1368
AAEL026203	0	0	0	0	0	0	0	0	0	0	0	0
AAEL025931	0	0	0	0	0	0	0	0	0	0	0	0
AAEL026721	0	3	0	2	3	6	5	1	2	0	0	5
AAEL019379	0	0	0	2	0	0	0	0	0	0	0	0
AAEL021464	3	2	0	2	2	1	4	0	1	0	6	4
AAEL002769	1269	1050	756	274	256	973	1404	1634	1749	728	1073	1956
AAEL022762	4	9	0	1	0	1	7	8	13	1	2	8
AAEL026232	24	135	34	8	2	81	156	176	256	34	143	187
AAEL009114	610	229	311	118	93	315	1658	1418	1514	966	1157	1078
AAEL024889	4	1	1	0	1	0	35	16	7	10	3	13
AAEL018907	0	0	0	0	0	0	0	0	0	0	0	0
AAEL021440	790	623	503	334	444	837	1407	1434	2137	949	1307	1032
AAEL009108	7	1	11	6	16	20	7	6	7	14	5	16
AAEL009110	1150	872	878	809	618	930	870	1146	1190	893	980	1518
AAEL024776	13	12	2	7	3	2	4	0	13	10	7	4
AAEL009109	178	179	245	189	218	191	138	152	163	158	178	201
AAEL020285	20	13	13	11	10	4	14	11	9	18	5	13
AAEL009112	475	357	259	555	669	312	425	326	580	324	441	334
AAEL018908	0	0	0	0	0	0	0	0	0	0	0	0
AAEL018891	0	0	0	0	0	0	0	0	0	0	0	0
AAEL025031	4	2	2	0	0	2	2	7	19	7	0	10
AAEL028701	0	0	0	0	0	0	0	0	0	0	0	0
AAEL028795	0	0	0	0	0	0	0	0	0	0	0	0
AAEL016640	0	0	0	0	0	0	0	0	1	0	0	0
AAEL016639	1	0	0	0	0	0	1	0	0	0	0	0
AAEL022097	3	2	0	0	0	1	3	0	1	0	0	0
AAEL016638	0	0	0	0	0	0	0	0	0	0	0	0
AAEL028240	0	0	3	12	2	5	10	4	4	7	4	1
AAEL025611	445	312	203	68	92	498	551	831	842	377	773	1269
AAEL023619	0	0	0	0	0	0	7	0	0	0	0	2
AAEL008334	2031	1428	1193	782	631	1827	2328	2280	2900	1587	2442	3634
AAEL026038	12185	9635	11613	6313	4689	5268	6771	3642	5544	5343	5174	10480
AAEL004390	21476	20406	22343	13447	6876	9095	17094	29373	20913	16707	9346	29705
AAEL004386	14774	13673	12901	10031	6356	7668	9675	12223	11865	9427	9137	13961
AAEL004388	7233	5858	7570	3017	1799	2115	4486	8102	4794	6997	1888	11688
AAEL004399	296	117	202	94	65	138	190	151	249	190	179	385
AAEL004396	1716	1230	1262	1042	713	823	993	1138	1248	935	920	1168
AAEL022231	0	0	0	0	0	0	0	0	0	0	0	1
AAEL027051	13	0	2	3	3	5	2	3	3	0	1	5
AAEL004398	2	4	0	2	1	2	2	2	6	1	2	10
AAEL027273	118	71	66	15	11	62	203	241	291	122	219	225
AAEL024481	0	0	0	0	0	0	3	1	0	2	0	1
AAEL004389	264	212	188	164	202	323	450	518	619	372	540	577
AAEL020857	0	0	0	0	0	0	0	0	0	0	0	0
AAEL013739	4290	2644	3470	3008	4297	2655	2064	2730	2880	2320	2410	2216
AAEL013737	0	1	0	1	0	0	1	3	1	3	2	1
AAEL019447	569	352	243	310	263	390	336	391	556	322	415	373
AAEL024782	57	53	48	18	33	16	31	109	34	91	20	146
AAEL017160	518	345	421	631	500	534	320	508	665	628	688	1323
AAEL019927	599	440	471	457	492	568	356	300	454	331	470	808
AAEL022444	4	3	0	0	0	12	1	1	0	2	0	7
AAEL011522	279	256	190	98	98	117	93	734	457	366	111	259
AAEL020268	0	0	0	0	0	0	0	0	0	0	0	0
AAEL024891	0	0	0	0	0	0	0	0	0	0	2	0
AAEL014082	46	74	80	48	68	63	49	74	69	30	49	108
AAEL014080	1494	1534	1467	1338	2032	1232	1023	933	1440	1099	900	1170
AAEL023845	649	512	447	349	313	470	733	803	885	629	739	758
AAEL020865	54	34	34	267	269	177	27	101	129	51	112	243
AAEL021257	107	30	41	381	159	173	71	246	211	110	255	421
AAEL012955	2816	595	1185	383	570	492	1056	392	582	523	1289	388
AAEL027303	0	2	0	0	1	3	1	0	0	2	5	2
AAEL028986	0	0	0	0	0	0	0	0	0	0	0	0
AAEL024508	1271	1064	939	758	709	1054	856	1508	1346	795	854	1524
AAEL010722	92	103	106	80	83	87	75	119	88	99	66	121
AAEL025546	2	3	1	1	0	1	0	2	2	1	0	1
AAEL029048	448	354	394	567	675	507	328	344	437	520	523	675
AAEL025802	5	41	3	63	98	29	6	29	23	2	37	35
AAEL010721	7	2	3	3	2	2	14	14	17	11	10	6
AAEL022009	5	9	5	2	4	1	19	189	10	20	7	58
AAEL026885	0	0	0	0	0	0	0	0	1	0	0	0
AAEL008613	1013	635	822	803	890	631	543	878	761	744	547	972
AAEL018695	3818	2795	2434	1917	1339	2695	2276	3116	3364	1849	2210	3445
AAEL008617	1432	966	596	462	326	932	1308	1197	1513	810	1232	1565
AAEL022467	2483	1886	1568	1523	945	1854	1690	2030	2340	1502	1768	2679
AAEL026296	1	0	2	0	0	0	0	2	2	0	0	0
AAEL005552	2512	1483	1907	1966	2083	1829	895	1621	1264	1012	1191	1512
AAEL005533	2824	1821	2216	377	850	465	630	265	171	219	396	1063
AAEL017481	18905	18123	13453	9444	10057	19614	12855	15142	19354	12936	13690	19034
AAEL022458	5	1	3	7	11	2	3	4	6	2	12	2
AAEL014628	356	215	310	226	267	231	195	275	252	245	190	378
AAEL022786	615	532	391	439	348	495	424	506	751	441	570	576
AAEL016960	1537	1049	1137	893	813	977	760	1207	1247	876	890	1385
AAEL014630	2299	1487	1739	1980	2525	2103	1472	1729	2481	1527	1650	1501
AAEL010513	795	605	542	150	356	607	712	616	1017	398	982	1072
AAEL025186	2	3	0	0	2	0	0	0	0	0	0	0
AAEL022099	1	9	11	1	0	0	0	2	4	0	0	0
AAEL028799	0	1	0	0	0	0	2	2	4	6	3	1
AAEL028696	0	0	0	1	0	1	0	0	4	0	0	0
AAEL023328	2	0	0	0	0	0	0	0	0	0	0	0
AAEL010516	860	609	623	551	456	646	582	668	713	624	619	1099
AAEL022899	0	0	0	0	0	0	1	0	0	0	0	0
AAEL020469	0	0	0	0	0	0	0	0	0	0	0	0
AAEL012826	1665	1239	1450	1409	1439	1488	870	1314	1305	958	1033	1568
AAEL012822	369	402	421	256	237	229	275	356	319	349	219	422
AAEL012825	11992	9966	12776	12283	15330	6219	1692	1264	1972	2472	3904	4801
AAEL012827	9940	9254	9694	14461	12514	11673	3306	7244	8406	4999	9182	12904
AAEL012820	733	447	577	874	1439	757	327	421	557	458	426	548
AAEL000079	3869	2690	2238	1621	1065	2564	3289	3864	3745	2201	2860	4750
AAEL018809	0	0	0	0	0	1	1	1	1	0	0	2
AAEL027208	0	0	0	0	0	0	2	2	2	0	0	0
AAEL000084	1898	1499	1363	1751	1888	2285	1064	1434	1480	1222	1371	1912
AAEL000016	1002	765	944	857	1311	767	649	556	790	684	578	690
AAEL021708	1074	704	699	633	467	684	708	1237	1109	809	804	1287
AAEL000029	3	3	6	1	20	4	5	1	8	3	7	17
AAEL000024	528	724	369	740	1453	731	184	547	332	370	527	680
AAEL000064	2342	1716	1319	3456	6126	2377	779	1168	1562	1263	2659	3790
AAEL002169	5680	4098	2733	1895	1359	4116	4349	4361	4779	2389	3937	5613
AAEL020602	20	5	4	4	0	2	9	3	6	13	15	12
AAEL022656	22	16	13	22	15	16	18	14	14	24	12	17
AAEL002167	0	4	4	2	4	2	8	2	0	9	1	5
AAEL002165	626	234	227	570	528	903	233	568	363	417	315	408
AAEL016176	1	0	0	0	0	0	1	0	0	0	0	0
AAEL024080	0	0	0	0	0	0	0	0	0	1	0	0
AAEL019387	0	0	1	0	0	0	0	0	1	0	0	0
AAEL028675	0	0	0	0	0	1	0	0	0	0	0	0
AAEL018822	0	0	0	0	0	0	0	0	0	0	0	0
AAEL016178	0	0	0	0	0	0	0	0	1	0	0	0
AAEL019388	0	0	0	2	1	2	2	10	4	5	0	5
AAEL002141	355	167	236	109	252	146	277	421	535	186	248	274
AAEL023189	0	0	0	0	0	0	0	1	1	0	0	3
AAEL002177	0	0	0	0	0	0	0	2	0	0	0	0
AAEL016179	0	0	0	0	0	0	0	0	0	0	0	0
AAEL028092	398	180	135	60	52	243	264	368	373	253	260	315
AAEL002137	2294	1596	1540	1523	1725	1356	1337	2025	1931	2178	1496	2892
AAEL027326	405	363	360	375	385	395	305	322	360	426	342	524
AAEL002145	1483	1242	1335	934	878	1090	1111	1734	1657	1127	1019	1771
AAEL023727	3	1	0	0	0	0	0	0	0	0	0	1
AAEL020988	2	1	5	0	0	1	2	2	1	2	3	3
AAEL002173	4	2	5	0	10	6	8	3	6	2	2	7
AAEL002142	1042	815	991	462	338	740	731	868	778	733	542	1223
AAEL002140	444	410	404	355	518	384	363	318	369	481	301	450
AAEL020152	0	0	0	0	0	0	0	0	0	0	0	0
AAEL019706	21	10	10	1	3	5	64	54	50	63	48	73
AAEL023823	0	0	1	0	1	2	1	2	2	3	0	4
AAEL027283	1	1	0	0	0	0	0	1	0	0	0	0
AAEL023754	0	4	2	0	0	3	4	1	0	6	3	2
AAEL027261	35	28	20	45	72	71	50	54	50	25	139	84
AAEL027433	0	0	0	0	0	3	7	9	7	7	1	14
AAEL022859	6	3	2	4	3	2	9	1	9	1	1	6
AAEL005422	6697	4535	4760	3502	3210	3749	4345	5908	4982	3936	3681	5867
AAEL027445	0	1	0	0	5	1	0	0	3	0	3	0
AAEL005401	12124	8241	10717	24205	25812	25302	4134	2374	5702	7377	10457	11432
AAEL005413	478	281	318	288	360	276	213	213	296	253	238	250
AAEL005423	959	759	777	627	700	604	625	871	882	707	644	1034
AAEL026343	634	389	214	275	532	172	492	251	582	239	168	121
AAEL028211	4036	3439	3692	2399	2038	2269	3538	5370	3433	4748	2821	8756
AAEL005405	1002	610	782	916	1120	748	598	767	900	743	730	963
AAEL005402	288	235	161	177	145	177	133	234	228	126	152	188
AAEL005411	1481	1195	1405	664	716	598	1053	4399	3342	2636	1043	1496
AAEL021924	0	0	0	0	0	0	0	0	0	2	0	0
AAEL025444	505	331	422	300	402	321	403	364	353	248	246	236
AAEL020882	0	0	0	0	0	0	1	0	0	4	0	0
AAEL005410	688	435	365	277	315	296	461	571	597	502	370	625
AAEL022292	0	2	1	0	0	0	1	0	2	3	0	3
AAEL005400	4296	3576	2444	1199	1501	3452	3379	3674	5193	1982	3432	4097
AAEL026397	0	0	0	0	0	0	1	0	0	0	0	0
AAEL022791	0	0	0	0	0	0	2	0	0	0	0	0
AAEL023680	137	118	135	167	219	173	178	196	200	190	154	223
AAEL005414	534	337	427	395	674	376	264	227	296	337	253	287
AAEL005403	259	193	216	198	282	181	148	212	172	239	121	299
AAEL005407	1689	775	733	1505	1845	1958	657	963	1090	1151	1510	2579
AAEL005408	956	758	955	1693	2433	1888	734	924	977	1220	1275	1731
AAEL005412	40	24	11	48	54	24	13	13	21	9	22	30
AAEL005426	705	485	460	1166	1433	1146	397	522	580	448	755	1087
AAEL005417	132	82	106	767	989	691	105	138	163	222	435	708
AAEL027245	2	1	1	0	4	0	4	2	2	4	3	2
AAEL005409	1	2	0	0	0	2	1	4	5	1	6	4
AAEL005415	91	68	134	134	101	140	72	91	99	92	137	152
AAEL005406	470	312	420	271	262	228	272	340	320	330	218	407
AAEL005419	866	448	429	479	489	773	426	562	716	529	864	1000
AAEL005425	2055	1457	1325	1010	658	1174	1360	1485	1976	1124	1525	2092
AAEL019639	2987	2996	1415	385	550	848	3623	5922	7800	1892	2617	2025
AAEL023140	1	0	0	0	3	3	1	1	1	3	1	0
AAEL005420	6	1	11	14	6	23	2	4	7	4	4	13
AAEL020967	0	0	0	0	0	0	0	0	0	0	0	0
AAEL021147	182	142	109	89	177	227	151	186	284	189	223	271
AAEL005428	2245	880	946	12700	12923	10228	933	676	1050	5484	8026	8579
AAEL024630	8	8	16	18	22	4	3	3	1	7	2	87
AAEL003743	4933	3127	3355	3985	4108	4006	2657	3242	3629	3423	3965	5986
AAEL003752	401	303	329	345	526	370	357	294	442	307	289	259
AAEL003769	1366	925	1015	2374	2525	1826	769	835	1138	895	1163	1201
AAEL003772	29	38	11	12	3	34	1	4	19	7	18	59
AAEL025554	7	1	0	0	1	0	1	0	0	0	4	1
AAEL003762	449	316	384	504	628	531	248	298	360	259	316	309
AAEL003756	192	173	223	133	146	137	130	127	133	208	139	291
AAEL003770	943	634	778	796	768	807	428	805	694	621	637	825
AAEL018306	312	162	152	147	148	177	419	383	513	329	295	453
AAEL003749	1	0	1	0	0	2	0	5	0	1	2	0
AAEL003755	2	1	1	2	0	2	1	7	2	0	2	2
AAEL003771	8	2	7	4	1	5	1	4	1	3	1	7
AAEL003754	219	193	132	116	134	171	113	191	195	174	202	408
AAEL003768	1797	1588	913	457	420	1566	1904	1592	2398	992	1573	1940
AAEL003750	13231	9933	7847	8046	8602	9454	9233	9524	13143	7531	9684	8807
AAEL003746	4478	3203	3509	2509	2844	2435	2428	4216	3918	2073	2405	3288
AAEL019607	47	57	97	23	35	47	49	63	73	64	44	75
AAEL003764	790	446	361	868	1123	833	278	202	369	403	384	515
AAEL003766	622	490	402	264	476	277	289	13822	6301	3567	367	443
AAEL003748	52	58	45	96	60	111	57	68	198	73	56	74
AAEL003763	317	172	108	125	115	99	92	83	145	120	97	152
AAEL025824	28	10	5	4	1	11	42	25	41	25	19	19
AAEL026856	0	0	0	0	0	0	0	0	0	0	0	0
AAEL028951	0	0	0	0	0	0	0	0	0	0	0	0
AAEL028745	0	0	0	0	0	0	0	0	0	0	0	0
AAEL019437	27	13	10	15	10	9	28	28	52	25	28	29
AAEL003909	480	411	499	280	408	359	399	584	682	409	392	525
AAEL003919	921	648	809	515	446	418	592	573	704	572	483	670
AAEL021869	74	88	78	64	68	68	65	84	68	87	52	234
AAEL024682	7	6	2	4	0	2	12	9	5	5	8	18
AAEL024414	9	10	9	5	0	6	1	7	1	3	1	6
AAEL003913	252	210	143	195	215	159	134	206	179	153	130	187
AAEL003910	130	95	102	96	108	121	74	113	153	112	95	116
AAEL003922	280	222	275	301	290	289	161	185	260	172	205	215
AAEL003912	297	232	263	258	286	247	221	215	217	254	191	294
AAEL020684	0	0	2	0	4	0	2	1	0	1	0	9
AAEL003911	1282	1062	889	788	601	1197	850	1131	1492	763	1023	1340
AAEL003903	2666	1852	2211	1739	1555	1523	1328	1315	1330	1245	1690	2741
AAEL003915	32	7	15	5	9	7	7	13	16	7	7	9
AAEL003906	164	172	123	116	88	115	82	159	149	112	108	142
AAEL023319	0	0	0	0	0	0	0	0	1	1	0	1
AAEL003921	277	283	282	227	342	303	239	190	277	325	217	313
AAEL003916	1450	1016	1160	1036	977	979	947	1253	1212	1028	895	1425
AAEL021919	192	193	64	72	86	205	99	192	115	121	115	237
AAEL025957	0	0	0	0	0	0	0	0	0	0	0	0
AAEL027665	0	0	0	0	0	0	0	0	0	0	0	0
AAEL022324	2	0	4	0	0	0	0	1	0	1	0	0
AAEL003908	802	669	650	606	543	498	408	654	542	461	427	686
AAEL003918	115	77	88	39	32	85	319	216	258	197	168	330
AAEL003905	22	4	11	1	0	1	6	0	2	3	1	7
AAEL024181	11	1	0	0	0	3	26	22	24	6	14	31
AAEL022694	1	0	0	0	0	0	1	0	0	0	1	0
AAEL024027	0	0	0	1	0	1	0	0	0	0	4	2
AAEL026464	1	0	0	0	0	0	0	0	0	0	0	0
AAEL027630	0	0	0	0	0	0	0	0	0	0	0	0
AAEL018713	0	0	0	0	0	0	0	0	0	0	0	0
AAEL003914	543	368	293	174	131	443	470	581	746	344	583	621
AAEL003917	411	266	299	283	372	231	213	217	244	282	128	291
AAEL003907	1192	891	1058	977	894	957	826	1059	1048	839	847	1414
AAEL028130	0	0	1	1	0	0	3	0	1	0	0	3
AAEL013025	1624	1189	1303	1169	854	1129	1191	1235	1611	1400	1205	1381
AAEL023276	1	0	0	0	0	0	0	0	0	2	0	0
AAEL025250	709	465	445	312	300	462	710	737	767	666	676	1233
AAEL023254	4	0	6	1	8	4	3	1	2	1	2	2
AAEL018992	0	0	0	0	0	0	0	0	2	0	1	0
AAEL014924	210	230	203	60	66	63	197	314	235	259	65	332
AAEL002863	498	358	382	412	380	364	267	371	309	342	297	495
AAEL002870	1971	1420	1771	2230	2266	1940	991	1359	1632	1220	1262	1995
AAEL002876	85	46	32	14	14	44	242	195	366	91	255	288
AAEL022176	5	4	4	0	0	0	54	60	48	32	37	79
AAEL002869	556	427	550	516	614	491	387	608	575	690	680	1343
AAEL002880	526	238	281	257	500	261	288	336	374	185	272	251
AAEL002879	2470	3072	1502	221	259	1524	5492	3953	7173	1841	5226	7362
AAEL021443	4	1	3	1	4	4	39	16	26	17	9	49
AAEL002860	2645	1586	1339	865	1120	1140	2245	1907	3406	1699	2139	1243
AAEL002864	581	422	422	363	330	388	295	401	410	319	282	489
AAEL025020	0	0	0	1	0	3	2	0	0	0	0	0
AAEL019992	35	27	18	7	7	9	63	48	83	35	38	70
AAEL026128	18	16	8	15	1	2	7	15	13	11	12	32
AAEL019991	7	6	9	2	0	6	11	23	18	11	14	32
AAEL002856	715	559	665	600	683	515	741	749	679	843	642	925
AAEL019696	404	365	236	157	207	356	498	396	636	433	707	1051
AAEL002878	0	0	0	0	0	0	3	0	1	3	2	1
AAEL002881	13519	9358	10998	12055	18031	10780	7619	8965	11123	9670	9872	9476
AAEL002874	331	395	258	275	288	314	189	159	268	280	260	262
AAEL002877	98	17	18	33	22	46	25	55	40	19	27	32
AAEL021615	325	278	282	308	219	241	217	344	370	256	265	264
AAEL002882	40	29	12	13	24	5	10	6	16	12	4	49
AAEL002861	4634	3780	3829	4383	5590	3771	3101	2969	2384	3485	3403	6007
AAEL002867	2632	1857	2290	2218	2377	1856	1125	1269	2028	1039	1449	1322
AAEL025032	13	33	17	13	24	20	13	13	39	14	16	25
AAEL002866	1801	1315	1374	1490	1473	1763	1814	1764	2472	1788	1752	1998
AAEL018824	0	0	0	0	1	0	0	1	0	0	0	0
AAEL020520	0	0	0	0	0	2	3	1	0	3	0	3
AAEL002859	3411	2433	1918	1217	1111	3128	5606	4932	7550	3789	5096	6775
AAEL020531	2	9	1	0	0	3	0	1	2	2	6	2
AAEL005943	677	484	577	301	222	275	432	618	518	480	391	650
AAEL025750	185	65	84	35	15	112	222	298	262	148	216	309
AAEL027785	0	0	0	0	0	0	0	1	2	1	0	0
AAEL005944	400	335	407	404	505	408	311	258	367	328	246	265
AAEL026301	16	5	17	13	18	16	12	11	28	15	3	29
AAEL005947	4108	3179	3164	2361	2347	3233	2141	3092	3424	2172	2276	3322
AAEL020376	0	0	0	0	1	1	0	1	0	0	0	0
AAEL025490	0	1	0	3	0	6	1	1	1	2	6	0
AAEL005950	1372	917	725	814	778	1219	1072	1350	1683	1059	1211	1635
AAEL020931	0	0	0	0	0	0	0	2	0	0	0	0
AAEL005951	9622	4871	6286	4164	4786	4189	5230	5447	6081	3907	6186	3622
AAEL005946	3005	1813	2760	2476	3738	1983	1361	1591	1832	1675	1428	1653
AAEL028869	0	0	0	0	0	0	0	0	0	0	0	0
AAEL021380	10	11	0	13	16	13	12	3	16	9	10	8
AAEL021583	707	698	529	384	419	434	466	475	603	563	459	571
AAEL005952	464	101	130	89	185	104	123	71	174	165	147	288
AAEL026385	0	0	0	0	0	0	0	0	0	0	0	0
AAEL005945	23	44	16	8	11	27	66	44	42	59	41	92
AAEL021320	0	0	0	0	0	0	0	0	0	0	0	0
AAEL025735	0	0	0	0	0	0	0	2	0	0	1	1
AAEL021603	0	0	0	0	0	0	0	0	0	1	0	0
AAEL007386	30	10	18	8	19	12	19	15	25	14	16	24
AAEL007385	32737	22105	31152	57068	74579	51503	13730	18804	18905	24182	31319	44477
AAEL007383	23548	16778	25471	43454	65932	40693	8623	10234	10172	15493	21958	31132
AAEL007387	618	343	325	619	546	675	360	465	473	437	554	669
AAEL007389	4	0	0	0	1	0	1	2	0	0	0	3
AAEL020340	3556	2689	2256	1936	2758	5299	2267	2192	3787	1742	2883	4326
AAEL028777	0	0	0	0	0	0	1	2	0	0	0	1
AAEL017409	0	1	0	0	0	3	1	11	0	0	0	1
AAEL021665	21	16	13	8	9	12	9	16	20	15	17	7
AAEL002951	2	0	1	1	1	4	3	3	1	1	0	5
AAEL002950	841	680	689	743	762	716	922	1283	1227	1045	751	1350
AAEL002979	136	40	82	99	70	143	97	99	132	119	215	361
AAEL002967	72	13	37	26	13	60	54	76	60	54	98	189
AAEL020106	2170	2138	2252	1312	1804	1276	1477	1653	1344	2905	1164	2637
AAEL024608	11	4	11	15	22	14	15	11	13	6	6	14
AAEL017971	0	0	3	0	0	0	1	3	0	1	0	2
AAEL002972	46	41	45	32	32	16	29	32	49	13	14	44
AAEL002964	958	847	883	3730	4056	1944	204	229	457	430	1265	1983
AAEL002959	292	101	77	1080	1047	524	59	45	107	66	415	502
AAEL002969	370	235	234	1352	1336	1536	213	282	382	275	1387	1211
AAEL027938	1248	1001	815	658	734	1355	1383	2010	2404	1103	1328	1420
AAEL023157	0	2	2	0	1	2	2	2	0	0	0	0
AAEL023330	0	0	0	0	0	0	0	1	0	0	0	0
AAEL023334	0	0	0	0	0	0	0	0	0	0	0	0
AAEL028052	962	710	719	987	983	1080	438	581	725	447	740	706
AAEL002978	7339	6084	6040	12389	13980	10876	4042	5460	4979	5283	4797	7899
AAEL027496	0	0	1	0	0	2	3	0	2	1	1	3
AAEL002955	23	18	10	0	4	2	1	1	0	0	2	2
AAEL002960	0	0	0	0	0	0	1	0	0	1	0	0
AAEL021960	0	0	0	0	0	0	0	0	0	0	0	0
AAEL002965	0	0	0	0	0	0	2	0	0	0	0	0
AAEL018289	45	34	11	10	30	18	39	22	27	28	36	32
AAEL002961	0	2	0	3	1	0	0	0	4	1	0	0
AAEL002949	14	11	14	11	8	2	18	5	8	8	7	8
AAEL002962	0	0	0	0	0	0	0	0	0	0	0	0
AAEL027293	391	408	268	387	323	334	342	304	459	295	382	351
AAEL022804	25	12	7	16	8	20	7	43	11	10	8	46
AAEL027763	2	0	0	0	0	3	1	1	0	0	0	0
AAEL024612	0	0	0	0	0	0	0	0	0	0	0	0
AAEL004298	0	0	0	0	0	0	0	0	0	0	0	0
AAEL004303	5	2	1	1	0	3	5	1	3	0	1	1
AAEL004280	18	42	14	10	3	7	7	4	6	14	3	4
AAEL022300	0	0	2	0	0	0	0	0	0	0	0	0
AAEL028230	4	3	2	1	0	4	0	3	11	9	2	6
AAEL004275	0	0	0	0	0	0	2	0	0	0	0	0
AAEL023292	9	10	8	0	4	2	5	1	5	9	2	11
AAEL025293	0	0	0	0	0	0	1	0	0	0	0	0
AAEL014432	0	0	1	0	6	0	0	0	0	0	0	0
AAEL014433	5	4	5	6	16	5	4	2	11	1	6	51
AAEL020548	1	0	0	0	0	0	0	0	0	0	2	0
AAEL010631	8	0	4	16	53	12	8	1	2	0	4	2
AAEL010628	1	4	3	2	4	1	0	3	4	1	1	13
AAEL010625	6	1	7	3	6	7	2	2	5	8	4	10
AAEL010624	3	1	5	1	1	1	6	1	1	1	0	1
AAEL010623	42	41	27	13	59	29	23	12	35	14	20	47
AAEL010627	38	23	17	17	27	15	31	25	19	19	37	60
AAEL010626	9	6	25	0	1	6	17	22	21	19	14	43
AAEL015156	11	3	3	6	3	2	3	2	3	1	5	0
AAEL025243	0	0	0	0	0	0	0	0	0	0	0	0
AAEL020961	0	0	0	0	0	0	0	0	0	0	0	0
AAEL028076	0	0	1	2	0	0	0	0	0	0	0	0
AAEL022576	0	0	0	0	0	0	0	0	0	0	0	0
AAEL013746	478	468	376	280	337	469	383	372	463	427	470	572
AAEL023561	193	112	86	48	74	141	311	339	428	269	298	334
AAEL023447	3	0	0	0	0	0	0	0	1	0	0	1
AAEL022263	88	71	68	81	125	86	69	60	113	56	90	56
AAEL006120	603	482	396	138	101	351	733	868	664	437	493	1044
AAEL006113	704	575	635	1295	1551	662	571	446	712	811	724	1231
AAEL006118	352	306	389	424	514	355	252	219	260	281	280	315
AAEL006116	824	491	535	370	225	418	854	870	912	768	761	1391
AAEL006114	2	2	3	2	0	0	25	11	9	10	8	22
AAEL020072	0	0	0	0	0	0	0	3	0	1	0	0
AAEL016427	0	0	0	0	0	0	0	0	0	0	0	0
AAEL007205	57	33	41	11	27	53	79	69	97	49	67	100
AAEL007209	1190	937	873	694	853	1432	737	1174	1272	834	1313	1922
AAEL020242	635	511	379	457	420	667	316	610	719	368	618	636
AAEL007203	224	172	188	157	229	238	140	164	205	158	146	203
AAEL023320	0	0	0	0	3	0	0	0	0	0	0	0
AAEL028157	2	5	9	3	8	3	9	8	1	36	5	9
AAEL007202	622	486	494	549	559	715	453	575	590	482	587	775
AAEL020502	666	609	442	325	291	441	1014	2677	1450	868	613	1002
AAEL025190	736	608	585	577	486	467	499	667	689	507	506	753
AAEL019536	6596	4495	5402	11666	13866	9721	3525	3233	5592	4891	6537	7872
AAEL024738	2	0	0	1	0	3	2	0	0	0	0	1
AAEL021292	25	10	2	57	1	70	3	5	0	0	0	63
AAEL007198	17	0	0	0	0	1	2	6	2	0	0	1
AAEL007217	0	0	5	1	0	0	1	0	3	1	2	0
AAEL026926	4	2	0	1	0	2	1	0	1	1	0	1
AAEL026878	255	217	184	313	338	138	527	81	55	1430	330	1831
AAEL007211	466	422	395	369	356	414	356	408	476	412	412	633
AAEL010419	745	535	630	522	659	524	318	454	480	364	425	452
AAEL010404	808	596	668	735	739	879	625	901	821	842	979	1549
AAEL010423	154	125	126	147	159	133	124	132	145	118	111	140
AAEL010406	0	0	0	4	0	3	2	8	14	0	0	16
AAEL010416	957	398	462	988	1274	860	403	451	549	605	660	715
AAEL010407	582	413	486	353	352	292	249	496	342	479	290	649
AAEL010427	215	167	147	114	148	150	116	222	170	142	154	254
AAEL010414	2196	1862	1511	1109	671	1983	1648	2248	2204	1269	1792	2227
AAEL010403	2819	1637	1919	3507	2592	3320	1541	1869	2284	2188	3149	3643
AAEL010413	17	10	2	2	2	9	9	8	8	9	5	4
AAEL010408	100	45	68	20	21	59	112	88	114	116	140	122
AAEL010421	18	17	13	11	27	21	10	13	13	15	10	16
AAEL010401	643	431	433	265	178	295	335	390	413	404	313	566
AAEL022476	0	0	0	0	0	0	0	0	0	0	1	0
AAEL010422	1410	1265	1329	791	831	935	809	1237	963	886	730	1326
AAEL021305	8	1	0	2	1	4	2	0	2	0	7	3
AAEL010412	394	351	366	232	307	228	335	184	256	381	248	457
AAEL010402	4243	2998	3361	2579	2262	2698	2509	3678	3549	2718	2693	4379
AAEL010417	62	71	104	230	471	231	61	34	47	93	132	126
AAEL010411	1311	989	821	1106	1211	1922	861	1104	1086	867	1486	2468
AAEL027258	1	0	0	0	0	0	0	1	0	1	0	1
AAEL015286	1	0	0	1	0	0	0	0	1	0	0	2
AAEL010415	1	1	2	5	0	4	0	0	5	0	5	7
AAEL010418	2	0	2	1	0	0	0	2	0	2	0	4
AAEL010428	1	1	0	1	1	5	1	0	0	0	2	0
AAEL023626	4	2	0	1	0	1	1	0	2	0	0	1
AAEL027292	3	0	0	0	0	0	0	0	0	0	0	0
AAEL017079	10	3	7	3	6	12	2	1	2	4	3	12
AAEL010424	0	1	0	0	0	0	0	0	1	1	0	0
AAEL018080	5	0	1	0	0	0	0	1	1	0	0	0
AAEL010426	0	1	1	0	0	1	0	0	0	1	1	0
AAEL010409	12	3	0	1	1	1	1	0	2	3	4	13
AAEL010405	548	334	380	440	347	519	286	536	518	419	459	449
AAEL007793	77	67	78	60	45	139	64	88	125	56	55	147
AAEL007789	87	69	69	160	166	111	78	78	117	80	72	148
AAEL007788	247	190	228	162	216	217	129	209	186	171	167	246
AAEL007790	309	182	243	227	363	318	215	190	186	263	219	328
AAEL007792	287	133	140	401	430	378	149	161	221	302	376	520
AAEL022951	0	0	0	0	0	0	0	0	0	0	0	0
AAEL026419	4	12	64	0	3	5	2	1	4	6	0	4
AAEL019844	71	64	34	28	22	26	318	215	298	172	195	291
AAEL021779	16	9	3	4	5	6	11	6	3	7	8	16
AAEL024316	3	1	1	2	0	0	0	1	1	0	1	6
AAEL025310	1	1	0	0	2	1	2	0	4	3	0	1
AAEL020380	27	57	17	3	9	42	130	141	202	45	83	131
AAEL012059	227	162	223	195	212	179	122	195	188	197	129	178
AAEL012063	5	2	4	12	10	11	5	3	2	4	3	7
AAEL012060	73	50	81	67	132	118	80	80	110	94	91	93
AAEL012061	42	28	35	42	32	30	33	18	26	32	22	29
AAEL012066	2	8	7	2	2	1	4	1	1	2	0	2
AAEL012064	2305	1461	1912	1280	1939	1099	817	982	1101	1281	1087	1211
AAEL012062	21511	11702	8913	6825	8181	20056	25322	28810	43288	17098	30843	28385
AAEL019018	0	0	1	0	0	0	4	0	0	0	0	1
AAEL027586	1	1	0	0	2	3	1	6	3	2	0	1
AAEL019513	574	460	352	102	136	444	1116	1135	1291	526	885	1079
AAEL023385	0	0	0	0	0	0	0	0	0	0	0	1
AAEL014893	2244	1423	2549	2754	2472	2971	1860	3978	3092	2277	1695	2343
AAEL026582	1119	949	990	1473	1155	1463	507	741	1141	759	720	1214
AAEL017061	792	512	678	691	813	778	308	273	448	545	447	1146
AAEL014891	973	677	542	458	581	536	662	843	1450	904	781	538
AAEL014890	4	23	10	0	1	1	3	1	1	0	0	0
AAEL024267	1366	519	542	8918	6155	6162	160	116	267	591	1807	1430
AAEL027536	2334	1826	2422	1290	1359	1026	2024	1843	2031	2245	1080	3914
AAEL011941	179	121	177	169	359	193	127	149	187	192	139	185
AAEL012489	1289	994	1090	867	729	871	759	862	1076	652	828	915
AAEL018056	950	717	623	390	323	788	610	882	929	526	718	891
AAEL023169	1674	1202	1061	706	560	1338	1157	1662	1705	911	1417	2174
AAEL026429	0	0	0	1	0	0	2	0	0	1	0	1
AAEL007343	1072	759	641	622	664	1025	623	879	983	589	947	1073
AAEL012482	2013	1343	1582	1173	868	1446	1672	1988	2088	1456	1854	2277
AAEL012486	43	33	52	35	39	52	77	57	108	55	66	73
AAEL026207	0	0	0	0	0	0	0	0	0	0	0	0
AAEL023695	1927	1493	1278	849	660	1755	1256	1652	1850	797	1371	1831
AAEL014263	118	106	161	99	148	81	79	106	112	126	112	141
AAEL014264	52	38	79	42	29	39	44	46	35	67	45	72
AAEL014262	595	318	586	602	696	501	361	369	456	450	320	486
AAEL022748	1	1	0	1	2	2	0	5	4	6	6	2
AAEL014511	2789	2419	1504	883	968	2953	3313	3557	4962	1544	3772	4304
AAEL024026	8	0	0	0	0	0	12	9	8	10	1	13
AAEL019830	953	620	620	578	428	709	647	813	957	719	733	965
AAEL014174	7	2	5	0	1	1	5	5	11	4	5	4
AAEL014176	618	481	393	374	294	458	408	510	627	331	539	622
AAEL009759	187	133	121	134	182	106	123	109	111	134	117	108
AAEL029003	0	0	1	0	0	0	1	0	0	0	0	0
AAEL025386	37	21	6	15	12	10	54	40	54	37	38	58
AAEL024118	0	0	0	0	0	0	2	0	0	0	0	0
AAEL021138	91	87	108	89	119	78	132	107	202	122	148	283
AAEL021820	3	1	9	16	0	8	1	0	6	1	2	13
AAEL027387	4	0	1	1	0	0	0	0	0	0	0	0
AAEL020999	0	0	0	0	0	0	4	1	2	3	0	3
AAEL013846	237	120	93	208	60	293	90	198	296	117	179	153
AAEL027664	129	33	24	42	30	50	59	35	95	53	50	126
AAEL026136	3	1	0	0	0	1	11	0	4	2	4	11
AAEL003177	0	1	1	0	0	2	1	0	0	0	2	0
AAEL003173	26	6	8	7	11	9	73	61	33	61	48	113
AAEL003163	30	7	31	1	1	11	193	117	91	115	137	310
AAEL023195	0	0	0	0	0	0	0	0	0	0	0	0
AAEL003170	596	458	380	395	410	532	285	441	495	241	351	413
AAEL019468	1307	859	786	366	346	383	1150	1868	1928	846	901	1609
AAEL015163	0	1	3	1	8	1	14	2	2	1	2	2
AAEL009801	0	0	1	0	1	1	4	0	0	1	0	1
AAEL009796	12	4	3	2	5	0	5	4	17	5	2	4
AAEL009802	1	0	0	0	0	2	5	0	5	1	2	4
AAEL009790	0	0	1	0	3	0	5	0	2	0	0	1
AAEL020010	2	0	0	0	0	1	0	0	4	0	0	0
AAEL020011	3	3	5	6	2	2	4	1	4	3	3	7
AAEL009791	7	7	16	16	35	12	4	3	4	5	2	13
AAEL009783	0	0	1	0	3	1	2	1	1	2	1	8
AAEL009788	3	0	0	1	0	0	0	0	0	0	0	3
AAEL009803	0	0	0	1	0	0	0	3	0	0	0	6
AAEL009784	24	120	19	15	15	7	9	3	4	3	2	31
AAEL009793	0	0	0	0	2	2	0	0	0	2	0	0
AAEL015363	0	0	0	0	0	0	0	3	0	0	0	0
AAEL009807	0	0	0	0	0	0	6	1	0	0	0	0
AAEL009799	278	210	182	206	122	187	235	219	225	199	197	246
AAEL009787	381	358	379	315	279	340	286	256	276	290	219	289
AAEL015307	24	8	21	25	33	30	18	22	32	20	14	24
AAEL023884	181	24	101	47	95	116	304	203	235	194	141	524
AAEL020668	0	0	0	0	0	0	0	0	0	0	0	0
AAEL013757	75	22	633	43	146	9	3	2	9	3	2	8
AAEL013758	38	8	19	2	3	16	39	37	30	29	79	57
AAEL027187	0	0	0	0	0	0	0	0	0	0	2	0
AAEL011169	10	10	9	5	5	2	7	2	6	5	4	4
AAEL022482	0	0	0	0	0	0	0	0	0	0	0	0
AAEL023061	0	0	0	0	0	0	0	0	0	0	0	0
AAEL026625	0	0	0	0	0	0	0	0	0	0	0	0
AAEL025832	1	0	0	0	0	0	1	2	0	0	0	0
AAEL021672	0	0	0	0	0	0	1	0	0	0	0	0
AAEL025745	0	0	0	0	0	0	0	0	2	0	0	0
AAEL022317	0	0	0	0	0	0	0	0	0	0	0	0
AAEL028645	0	0	0	0	0	0	1	0	0	0	0	1
AAEL028899	1	4	3	0	0	0	1	0	0	0	0	0
AAEL026643	0	0	0	0	0	0	0	0	0	0	0	0
AAEL010483	2303	1664	1484	1292	1203	1767	2035	2731	2689	2015	2415	3739
AAEL014816	2407	2031	1607	1334	1065	1739	1296	2124	2226	1246	1512	1854
AAEL010486	836	713	573	477	513	871	532	683	762	544	748	1047
AAEL010477	105	106	164	176	182	87	36	27	34	37	34	64
AAEL010487	600	520	659	390	535	250	333	510	389	492	235	826
AAEL010476	324	207	219	340	472	427	179	203	223	159	243	295
AAEL025393	846	574	687	645	687	621	653	517	807	607	594	865
AAEL010480	717	620	560	1546	1733	846	262	366	388	384	465	860
AAEL026825	1747	1491	841	2755	2841	3814	1836	5040	4691	2732	4286	4691
AAEL021882	0	1	0	0	0	1	0	0	1	0	3	0
AAEL010479	3060	1909	1812	5528	5511	3920	2514	4839	3927	4464	2943	4491
AAEL010485	363	162	180	1060	861	1277	109	124	194	631	1197	783
AAEL010478	26	15	12	44	48	54	31	13	39	39	43	60
AAEL005992	138	102	69	504	508	652	50	161	107	226	508	604
AAEL014344	124	81	95	322	503	337	51	253	157	230	248	784
AAEL025717	1830	1393	1120	1212	919	1598	1366	2031	2084	1121	1598	2624
AAEL024473	5	3	1	2	4	2	3	7	8	3	2	8
AAEL027758	0	0	0	1	1	0	0	0	0	1	0	0
AAEL028839	0	0	0	0	0	0	0	0	0	0	0	0
AAEL028953	0	0	0	0	0	0	0	0	0	0	0	0
AAEL012624	356	255	254	248	405	296	232	214	291	224	240	246
AAEL017508	1807	1221	1373	1447	1782	1290	757	693	968	807	783	1041
AAEL012621	3115	2199	2542	2079	2191	2257	2525	3237	4299	2987	2811	3288
AAEL024311	0	0	0	0	0	0	0	0	0	0	0	0
AAEL024938	0	1	5	5	1	1	2	0	0	1	0	0
AAEL027484	0	0	0	0	0	0	0	0	0	1	0	0
AAEL023247	389	302	252	114	125	117	103	286	210	232	105	238
AAEL023943	47	42	34	12	6	33	57	162	109	55	44	73
AAEL012628	26	23	44	72	48	46	55	42	43	57	83	66
AAEL026260	122	60	84	46	23	93	194	330	242	166	149	218
AAEL023505	48	31	32	21	29	29	35	28	28	42	65	105
AAEL027610	36	19	23	258	488	338	5	3	13	9	39	74
AAEL022253	51	14	7	167	309	197	2	5	25	16	26	30
AAEL017975	36	19	25	128	168	127	14	16	26	20	48	55
AAEL017976	18	5	16	97	69	23	1	2	2	3	14	34
AAEL020330	2	0	3	33	46	20	2	3	2	2	9	8
AAEL023321	47	25	18	98	69	66	59	40	87	58	60	98
AAEL026868	3	2	1	1	0	4	7	2	4	3	5	1
AAEL023423	388	396	423	123	141	143	141	478	350	454	126	319
AAEL021067	19	12	21	13	5	26	28	30	57	25	29	41
AAEL013330	0	1	0	0	2	0	0	0	1	0	0	0
AAEL014993	48	134	27	62	20	31	38	208	21	9	29	71
AAEL014994	4	2	5	3	5	1	11	7	3	5	3	13
AAEL023073	0	0	0	0	0	0	0	0	0	0	0	0
AAEL022344	1	3	2	1	2	2	0	1	0	1	1	3
AAEL013085	421	295	342	314	311	204	238	452	404	341	236	517
AAEL013086	1409	1055	1054	1122	977	1162	921	1183	1385	930	1046	1433
AAEL020631	1000	739	547	341	223	669	1194	1347	1329	799	1064	1782
AAEL018255	547	507	403	322	211	377	411	803	684	388	395	836
AAEL021864	2	1	0	1	1	3	0	3	4	3	3	6
AAEL013083	154	73	69	69	100	130	144	104	253	156	137	77
AAEL021403	3	1	4	4	2	0	2	2	0	3	0	0
AAEL026966	5	5	0	3	6	2	2	1	0	0	0	4
AAEL013415	8	4	0	8	4	5	4	3	8	3	6	5
AAEL025125	67	33	28	13	8	27	71	72	76	56	52	66
AAEL021267	0	0	0	0	0	0	0	0	1	1	0	0
AAEL015147	1	0	2	3	4	0	1	6	3	4	2	6
AAEL027534	0	0	0	0	0	0	0	0	0	0	0	0
AAEL025185	15	9	5	7	3	10	5	6	9	8	21	13
AAEL027242	83	18	47	27	24	85	87	90	86	72	75	102
AAEL022998	0	0	4	0	0	0	4	1	2	3	0	3
AAEL023718	192	175	162	91	138	134	154	77	185	194	115	199
AAEL009574	2551	1272	1428	1821	1078	2215	1690	2082	2133	1820	2203	4225
AAEL024147	1781	1347	1044	385	436	1270	1418	1756	1859	918	1592	2006
AAEL007993	68	36	23	266	244	98	12	14	22	141	221	386
AAEL007992	109	128	124	234	237	194	49	104	144	203	475	436
AAEL008003	3	1	3	31	39	18	5	7	4	20	35	88
AAEL019983	63	27	24	12	6	12	269	203	172	147	100	243
AAEL022732	1	0	1	0	1	4	8	4	6	4	3	9
AAEL012397	439	289	355	153	132	200	235	406	350	309	168	424
AAEL022282	3698	3081	2816	1637	1775	3023	2089	3762	3826	2087	2201	3129
AAEL012388	612	498	487	294	297	285	387	533	489	415	427	748
AAEL012390	849	588	640	2020	2497	2057	426	593	639	638	1279	1908
AAEL021620	0	0	0	0	0	0	3	0	0	0	2	1
AAEL024310	0	0	0	0	0	0	0	0	1	0	0	0
AAEL023183	38	38	27	48	61	44	37	34	32	48	60	33
AAEL012387	1244	835	938	953	1014	981	596	761	1012	739	843	1087
AAEL012391	63	50	45	66	64	114	51	39	51	68	55	66
AAEL012394	2698	2050	2394	1741	1944	2230	974	1511	1810	1165	1665	1832
AAEL012393	854	560	615	397	188	547	658	823	816	571	874	1183
AAEL012398	787	522	611	633	1008	650	452	280	489	551	428	444
AAEL022901	821	658	614	692	1090	942	381	490	736	358	541	606
AAEL012389	369	223	257	271	319	347	219	248	232	290	182	259
AAEL012392	182	132	146	135	153	138	100	126	149	122	63	154
AAEL019848	104	151	63	7	17	112	290	225	467	153	277	324
AAEL019847	46	10	12	38	67	41	22	36	43	5	41	43
AAEL012395	634	305	329	1159	1306	857	216	274	354	302	537	622
AAEL023958	404	198	139	925	953	830	247	242	509	206	529	377
AAEL027539	43	63	20	12	27	57	18	35	36	15	40	26
AAEL012580	57	25	53	17	9	10	30	18	16	17	10	32
AAEL012575	12	6	47	13	48	10	10	3	5	11	23	5
AAEL012578	8350	6600	9202	7613	11280	5273	1457	941	1345	1240	2410	2614
AAEL028235	128	93	93	47	58	70	47	108	91	58	59	107
AAEL014913	16136	6468	7659	6342	7749	8067	8506	16897	13976	13942	9911	10808
AAEL012582	289	180	276	194	266	190	207	244	243	196	164	244
AAEL012577	504	349	324	2472	2706	2218	230	401	540	555	1410	1743
AAEL014909	666	315	460	4868	7135	3362	331	402	744	734	2698	3373
AAEL012567	311	153	170	205	258	139	101	127	189	312	169	246
AAEL014910	335	92	289	338	376	253	179	218	290	482	192	620
AAEL012583	854	542	495	378	311	581	692	1075	1078	698	736	1353
AAEL024479	3565	3240	2555	2570	2113	4051	2547	3394	4616	1744	2937	2628
AAEL012566	164	189	85	120	104	94	75	102	103	145	66	143
AAEL012579	4175	2595	2673	2516	2860	2488	1948	3287	2954	1758	2184	2409
AAEL011982	1050	729	844	1220	1354	1283	492	685	851	714	1058	1573
AAEL011972	1441	1069	1210	2001	2714	1824	675	766	1155	1168	1233	1673
AAEL011985	2165	1652	1193	1594	1644	2404	1427	1548	3013	1201	1768	1165
AAEL011974	294	219	247	230	201	163	178	198	261	229	196	185
AAEL011983	409	384	192	201	225	513	322	363	466	291	412	748
AAEL011979	688	464	634	680	727	682	358	488	486	808	558	1140
AAEL023821	5	4	3	6	10	4	3	7	10	6	8	11
AAEL011986	43	7	17	10	10	25	55	34	33	35	32	44
AAEL014271	1871	1383	1338	989	1423	1101	781	1094	1292	846	803	1155
AAEL011980	464	212	223	1154	1109	1111	136	190	178	565	676	927
AAEL014265	498	283	326	476	569	620	400	317	577	300	416	278
AAEL017503	1139	847	984	1068	1046	1123	574	848	898	850	947	1302
AAEL014267	100	54	49	72	63	56	46	41	70	61	59	62
AAEL025467	14	2	9	9	1	8	8	4	10	3	17	4
AAEL022105	2659	1881	1882	942	712	1280	2394	2820	2456	2134	1912	5662
AAEL011978	1467	935	1135	1751	1399	1293	890	987	1407	1113	1352	2082
AAEL014965	1379	1187	695	122	255	1125	1875	1980	2808	984	2102	2499
AAEL011934	598	431	591	409	621	343	528	362	580	486	459	532
AAEL011936	12	2	5	3	16	5	7	7	5	9	5	3
AAEL011935	5	7	2	0	1	0	0	3	0	0	0	0
AAEL011930	0	0	2	0	0	0	0	0	2	1	0	0
AAEL011931	78	20	13	13	40	58	54	41	41	42	74	24
AAEL014414	1414	1021	1164	1114	1086	1123	806	1026	1224	933	949	1213
AAEL014410	189	111	161	147	308	228	167	142	167	215	179	189
AAEL014413	1539	725	840	928	1383	863	941	1121	1215	831	773	960
AAEL014412	201	365	294	47	148	145	187	138	110	123	90	121
AAEL014411	593	280	568	345	195	225	358	337	430	324	207	570
AAEL018003	8	0	10	2	3	6	2	0	4	2	5	12
AAEL020485	2339	1717	2222	1512	2054	1662	1012	1379	1376	1706	1038	1736
AAEL004881	259	270	152	170	91	185	378	272	453	215	208	381
AAEL004872	0	0	1	0	0	0	0	1	1	0	0	0
AAEL022246	0	0	0	0	0	0	0	0	0	0	0	0
AAEL022744	0	0	0	0	0	0	0	0	0	0	0	0
AAEL025632	0	0	0	0	0	0	0	0	2	0	0	0
AAEL004877	39	7	32	13	7	10	15	19	13	32	14	33
AAEL004883	5	4	3	10	6	10	7	6	6	12	16	16
AAEL026980	3	3	12	7	5	9	8	0	1	9	9	13
AAEL004876	24	23	8	14	29	29	5	18	15	11	25	7
AAEL026488	40	40	33	36	52	62	46	64	81	34	65	66
AAEL021561	1	2	0	0	1	0	0	0	0	1	0	2
AAEL004885	41	7	35	19	11	10	9	7	9	12	10	8
AAEL004873	2611	1996	2473	3211	4826	2663	1612	5540	3266	4454	3210	6517
AAEL025241	0	0	0	0	0	1	0	0	2	0	0	3
AAEL004879	875	362	801	319	499	241	153	206	180	189	185	299
AAEL004863	375	242	303	965	1487	1102	267	226	446	322	829	861
AAEL004874	627	528	375	471	533	662	426	378	517	596	767	1040
AAEL023022	2766	2001	1785	1931	1994	2739	1880	2236	3355	1796	2226	2483
AAEL004867	156	99	100	108	185	141	73	141	124	75	103	99
AAEL004892	824	698	769	632	659	578	533	749	609	643	558	902
AAEL004891	128	113	151	109	142	111	81	90	99	97	70	139
AAEL004869	819	691	580	512	421	751	574	659	783	532	550	770
AAEL004868	475	267	450	582	597	329	224	319	345	337	591	976
AAEL004884	837	950	1011	503	514	435	364	319	331	461	309	769
AAEL004875	2211	1805	1443	1011	587	1506	1590	2138	2469	1294	1763	2731
AAEL004866	779	570	637	515	592	567	433	537	599	487	502	686
AAEL004865	12695	10252	7307	3786	4616	8619	10995	12870	14342	6133	12105	17074
AAEL020325	6	3	12	9	4	1	7	4	7	3	4	6
AAEL004889	527	387	349	328	267	493	295	514	625	330	428	620
AAEL027699	143	60	64	11	6	44	290	311	385	202	294	473
AAEL004870	349	323	450	85	74	187	155	450	228	140	409	760
AAEL027264	101	69	102	64	68	61	59	64	81	85	52	65
AAEL021130	0	0	0	0	0	0	0	0	0	0	0	1
AAEL007835	123	278	101	125	196	140	296	339	370	219	170	289
AAEL007839	298	306	228	307	257	193	245	299	293	247	259	403
AAEL007831	5	5	9	8	5	6	16	7	6	5	10	15
AAEL015038	254	169	205	387	642	373	164	542	411	520	273	468
AAEL007832	5	0	0	1	0	3	15	7	6	5	6	15
AAEL019727	2193	2132	1716	6196	5952	3421	1171	1311	1817	2295	4416	5829
AAEL018249	1650	1098	1339	1182	1207	1460	797	726	983	762	892	1134
AAEL012783	6081	3485	6364	4682	6356	6820	1432	576	1450	1604	1776	2489
AAEL026703	54	14	34	4	14	4	9	12	25	16	14	12
AAEL012778	4487	1967	2343	2093	2621	5009	2607	1878	2618	2593	2906	2199
AAEL012774	81	32	55	148	37	9	80	27	231	42	78	189
AAEL023837	0	0	0	0	5	0	1	0	1	0	2	2
AAEL012776	1200	570	998	65	105	207	179	300	227	221	105	144
AAEL026458	244	135	200	81	60	114	103	90	166	143	142	195
AAEL017244	983	544	658	709	881	574	582	769	1075	665	803	1287
AAEL012782	91	80	100	137	186	86	39	15	52	65	104	253
AAEL012777	209	197	206	441	780	316	137	163	197	197	356	743
AAEL019590	396	288	261	811	1107	620	221	239	358	404	1077	1644
AAEL003238	281	312	337	321	356	339	275	226	350	352	266	491
AAEL003281	203	154	173	272	358	287	151	123	185	184	137	293
AAEL017003	95	86	79	298	509	338	89	84	138	176	334	528
AAEL003233	142	66	65	141	183	127	123	68	87	119	139	139
AAEL003243	1792	1317	1348	2723	3070	1909	1057	1506	1500	1516	1971	2960
AAEL003253	119	110	82	148	140	118	40	147	98	70	108	113
AAEL003279	582	387	376	946	1520	559	267	689	587	545	1038	1184
AAEL028657	0	0	4	0	0	0	14	4	1	4	1	5
AAEL025028	55	17	33	58	54	34	22	52	32	26	64	61
AAEL003257	1	3	1	2	2	4	2	1	1	0	0	6
AAEL003275	1869	1647	937	629	514	2267	1843	1986	2731	889	2151	2223
AAEL003230	423	302	302	354	345	348	185	249	341	225	301	332
AAEL003271	154	72	117	59	80	81	76	67	53	98	87	104
AAEL003262	33	18	24	20	8	12	19	45	55	25	38	49
AAEL019558	111	99	71	75	168	102	66	78	158	101	95	88
AAEL019557	29	28	30	33	32	33	36	59	67	34	40	43
AAEL003267	986	832	792	879	1324	2053	844	1219	1913	1164	2389	2780
AAEL019685	1705	1392	988	886	867	1680	1451	1690	2270	1237	1789	2452
AAEL003260	15	13	16	36	32	24	20	21	20	21	24	24
AAEL019684	0	3	0	4	1	6	2	3	3	7	1	7
AAEL003277	300	261	228	248	241	254	224	205	315	208	238	273
AAEL028179	0	0	2	2	1	0	3	1	3	6	2	4
AAEL003239	3	4	2	2	5	5	1	7	4	6	1	6
AAEL003213	227	136	214	158	191	172	107	185	226	144	168	181
AAEL028917	0	0	0	0	0	0	2	0	0	0	1	0
AAEL028669	0	0	0	0	0	0	1	2	0	0	1	0
AAEL024943	123	66	88	64	95	79	85	113	139	108	95	90
AAEL003228	525	375	423	416	403	435	280	445	528	311	290	496
AAEL003211	559	236	422	628	903	573	401	434	646	403	422	700
AAEL003214	14	4	5	7	18	3	8	9	4	3	0	26
AAEL003237	63	58	45	158	216	150	42	50	103	97	171	152
AAEL018094	1	0	3	0	0	1	2	0	3	0	0	3
AAEL016981	0	0	1	1	0	0	0	0	0	0	0	0
AAEL025793	0	0	0	0	0	0	1	0	0	0	0	0
AAEL025295	513	328	270	178	102	408	634	771	635	395	470	981
AAEL018297	1370	992	962	969	796	975	951	1422	1426	1009	1014	1475
AAEL003283	2847	2557	1564	959	664	2029	3191	2548	3490	1862	3138	5105
AAEL019575	263	334	299	149	272	440	295	230	439	280	360	451
AAEL003229	1537	1242	1058	1288	977	1381	1046	1043	1275	915	1304	2392
AAEL024365	5	4	0	4	1	5	4	2	9	13	9	35
AAEL009070	7328	5353	4935	3928	2694	6475	7393	6645	8719	4739	7295	8759
AAEL021692	0	0	3	0	1	2	6	3	8	0	4	5
AAEL023075	125	82	101	74	104	78	58	40	81	105	51	63
AAEL023145	2	0	1	0	0	0	0	0	0	0	0	0
AAEL009072	106	100	41	3	7	97	306	279	433	82	256	289
AAEL022863	0	0	0	0	0	0	0	0	1	0	0	0
AAEL026988	0	0	0	0	0	0	1	0	0	0	0	0
AAEL023737	0	0	0	0	0	0	0	0	0	0	0	0
AAEL027308	0	0	0	0	0	0	0	0	0	0	0	0
AAEL028902	0	0	0	0	0	0	0	0	0	0	0	0
AAEL023263	2	3	0	1	0	3	6	21	39	3	10	6
AAEL020874	2	0	1	0	0	0	3	2	2	0	3	2
AAEL027742	0	0	0	0	1	0	0	0	1	0	0	0
AAEL005052	1077	578	614	2195	2670	1935	566	729	1140	838	985	1184
AAEL005084	1755	1208	1434	1184	1245	1001	1091	673	1041	1234	929	1525
AAEL005071	2063	1340	1809	2722	3206	1807	1307	1202	1166	1262	1055	2475
AAEL005079	7	4	6	0	3	3	8	0	1	13	4	2
AAEL005073	71	23	35	9	31	85	65	45	153	12	26	53
AAEL005075	348	246	257	273	452	253	200	236	365	203	259	240
AAEL005068	582	450	522	426	534	363	482	529	547	641	363	711
AAEL005058	295	150	150	192	306	234	188	151	306	225	211	257
AAEL018331	698	457	519	491	431	534	395	430	513	399	440	616
AAEL005070	476	326	375	281	241	323	264	328	411	268	254	382
AAEL019563	3904	2265	2035	1400	841	2616	2799	3450	3828	2076	3618	5320
AAEL023722	4	3	5	0	1	5	4	3	7	8	5	9
AAEL005076	99	112	80	43	66	151	154	167	294	139	253	243
AAEL005072	33	42	23	7	9	54	54	70	113	32	51	73
AAEL027541	13	10	8	9	12	12	13	12	13	7	11	8
AAEL019664	76	66	53	59	77	64	45	52	89	52	70	75
AAEL019663	504	394	406	208	251	234	272	467	340	232	189	472
AAEL005053	249	180	190	239	200	206	156	219	234	237	155	303
AAEL025321	5730	4267	5405	5243	8001	4211	2372	3922	3032	2983	3112	2838
AAEL005054	662	436	564	663	912	501	511	333	618	529	469	451
AAEL024837	904	478	526	535	662	586	387	494	867	556	530	444
AAEL022831	10	9	5	9	4	7	5	19	24	5	5	4
AAEL006938	278	181	243	227	245	191	185	201	197	165	178	216
AAEL024980	2556	1301	1382	1146	955	1321	1702	1679	2346	1459	1877	3093
AAEL005069	4252	3652	2869	2332	2871	5593	2491	5262	4769	2738	4692	6962
AAEL026230	0	1	0	0	0	0	1	0	2	1	1	3
AAEL023455	0	1	0	2	0	0	0	0	0	0	1	0
AAEL027427	0	0	0	0	1	0	0	0	0	1	0	0
AAEL024626	5	0	1	0	0	2	1	1	1	0	2	2
AAEL024046	4	4	0	2	10	11	3	5	3	4	5	8
AAEL005061	278	218	215	190	210	203	151	182	253	235	205	330
AAEL005064	1518	1197	1556	4005	4115	1543	776	966	1029	1306	1607	3085
AAEL005060	3	3	5	6	6	1	5	5	5	5	8	2
AAEL005086	570	469	346	234	213	474	352	370	536	326	440	531
AAEL024158	0	0	2	0	0	0	2	0	0	1	2	0
AAEL025256	7	11	6	3	7	6	57	26	37	39	17	48
AAEL005080	1229	820	852	707	554	824	807	904	1084	883	635	1149
AAEL005074	120	128	60	19	39	144	97	87	193	61	124	141
AAEL005047	208	216	224	163	151	116	114	106	164	179	172	226
AAEL005048	331	225	242	522	397	512	292	325	344	437	442	587
AAEL024377	0	0	1	0	0	0	0	0	0	0	2	1
AAEL005049	872	515	585	597	516	1087	383	453	709	373	515	526
AAEL024930	140	117	111	151	71	133	138	107	157	127	189	254
AAEL026442	8	1	5	3	4	4	5	4	4	4	2	4
AAEL015283	353	186	219	224	372	199	325	274	529	310	379	510
AAEL001087	3743	1019	3561	4335	6165	2389	1339	1463	1294	1421	1090	1623
AAEL001092	846	457	620	679	833	514	357	479	676	503	432	532
AAEL001073	0	0	0	2	1	1	1	2	2	0	3	0
AAEL001091	3712	2620	2286	2504	2608	2286	2194	3593	3001	2189	2470	2929
AAEL021376	73	47	76	99	83	98	73	80	140	84	68	98
AAEL021873	0	0	0	0	0	3	1	0	1	0	0	0
AAEL024599	0	0	0	0	0	0	0	0	5	0	0	0
AAEL001082	3557	3877	1715	427	1246	2336	4137	4451	7874	2144	3982	4459
AAEL001077	343	326	331	1130	1279	575	246	380	350	521	990	999
AAEL001098	256	321	292	1328	1803	635	189	370	293	661	1299	1566
AAEL001068	116	119	79	108	79	104	54	102	135	59	68	79
AAEL001084	36	30	61	225	274	90	26	27	59	70	153	139
AAEL020715	3	0	0	0	2	1	0	0	0	1	0	0
AAEL001090	41	37	45	37	51	50	32	30	42	20	52	25
AAEL022728	7	10	9	4	9	6	6	1	14	8	7	1
AAEL001061	13845	11969	15658	12079	12234	8977	8235	11514	8615	13244	6375	20310
AAEL026530	3	6	7	0	6	5	2	1	4	6	9	10
AAEL001071	33	34	53	27	15	31	17	13	20	21	39	31
AAEL001074	525	386	315	278	241	442	424	416	524	315	387	462
AAEL001095	186	149	179	186	226	161	154	76	177	177	147	299
AAEL027099	408	223	303	323	335	327	249	342	434	355	346	402
AAEL001067	101	3	12	8	1	34	20	5	26	15	13	32
AAEL001063	1	0	0	0	0	0	2	0	0	1	0	1
AAEL023033	0	0	0	0	0	0	1	0	0	0	0	2
AAEL021768	0	0	0	0	0	0	0	0	0	0	0	0
AAEL001062	230	101	129	1361	1152	843	167	168	202	452	706	1164
AAEL001054	17	9	3	71	678	37	10	10	6	25	10	7
AAEL001059	3	1	0	0	1	0	3	2	2	0	3	3
AAEL010591	672	462	597	797	657	749	454	527	511	545	524	742
AAEL010582	541	323	545	1090	992	613	117	94	182	180	296	222
AAEL010577	164	151	123	112	173	119	105	141	120	142	106	181
AAEL010596	331	215	315	2045	1762	1126	120	150	226	272	441	731
AAEL010590	757	782	840	593	550	459	368	674	590	412	432	685
AAEL010584	1237	912	792	1326	1481	1566	580	900	1004	811	957	1377
AAEL010592	495	398	434	334	512	289	209	370	300	310	239	343
AAEL010576	22368	18048	16121	15487	13444	17564	12566	18239	18398	12776	13716	19210
AAEL024517	27	21	27	11	17	25	18	32	23	21	29	17
AAEL026521	1	0	0	0	2	0	3	0	0	1	0	3
AAEL004645	64	67	46	39	39	65	36	53	51	47	31	63
AAEL022225	63	41	54	77	115	66	44	44	58	33	67	90
AAEL004624	250	259	178	193	186	228	144	152	182	201	132	205
AAEL004608	148	78	95	104	79	144	106	96	127	110	109	90
AAEL020745	82	44	76	75	68	68	56	43	65	68	65	75
AAEL027211	19	9	18	15	26	19	9	13	29	8	18	14
AAEL004620	2039	1558	1560	1578	1543	2146	1357	1722	2079	1705	2026	2827
AAEL004634	1638	1252	1236	999	798	1225	1065	1294	1575	1018	1082	1515
AAEL018912	0	0	0	0	0	0	0	0	0	0	0	0
AAEL016345	1	0	0	0	0	0	0	0	0	0	0	0
AAEL025755	141	90	116	79	107	80	76	84	113	77	58	97
AAEL022971	3	4	0	0	0	2	3	3	3	3	1	1
AAEL013287	727	551	606	1819	2648	1892	432	654	437	1815	1456	2764
AAEL013291	1347	1086	1105	397	578	756	867	1172	1046	827	782	1687
AAEL025976	2511	1902	1659	1245	994	1686	1809	2488	2409	1503	1775	2865
AAEL023585	1772	1250	1346	1171	1114	1273	1234	1083	1469	1362	1135	1311
AAEL007586	3756	2530	2705	2464	2049	2748	2887	3387	3892	2820	2860	4640
AAEL025419	0	0	0	1	0	0	1	0	0	0	0	2
AAEL021783	6	7	6	1	3	6	7	16	7	8	4	8
AAEL024209	19	25	17	4	1	4	12	15	9	22	8	28
AAEL023547	1474	1045	1128	964	945	1218	1206	1393	1467	1478	1760	2708
AAEL024306	3	6	5	7	9	9	12	9	8	9	16	22
AAEL007595	426	253	244	516	669	506	282	283	508	336	394	445
AAEL011593	79	41	32	53	160	11	45	29	9	44	42	88
AAEL007597	1848	1189	1475	2809	3368	2499	931	1163	1456	1334	1907	2364
AAEL020470	172	88	150	142	188	112	120	194	142	112	120	134
AAEL007593	1916	1362	1454	2182	1978	1259	1251	1012	1388	1416	1119	1243
AAEL028830	0	0	0	0	0	0	1	0	0	0	0	0
AAEL007587	428	270	455	620	421	542	335	386	422	988	562	507
AAEL018747	4	5	1	3	4	0	5	4	3	3	5	5
AAEL018746	4	5	7	2	7	4	6	3	6	5	1	4
AAEL018745	0	0	0	0	0	0	0	0	0	0	1	1
AAEL025097	36	18	18	24	22	46	239	136	114	136	53	168
AAEL020511	0	1	1	4	0	2	3	2	5	2	2	1
AAEL007584	1836	1337	2252	1169	1233	685	1467	1548	1596	3195	896	3064
AAEL007598	11	3	4	5	6	2	3	4	5	2	4	5
AAEL023250	0	0	0	0	0	0	2	0	0	0	0	4
AAEL023120	1	5	0	0	1	3	7	3	7	5	0	11
AAEL007592	346	374	334	261	150	38	114	69	114	76	53	42
AAEL026807	0	0	0	0	0	1	2	0	0	0	0	1
AAEL007591	5034	2037	3834	1115	1019	558	73	41	130	179	132	230
AAEL015137	587	42	187	7	5	3	0	3	0	10	2	2
AAEL015139	26	3	2	3	5	0	5	2	3	2	0	0
AAEL009956	17	3	7	0	4	1	5	4	1	0	1	0
AAEL026174	539	132	286	74	166	36	68	47	50	26	15	13
AAEL015136	1884	1078	1844	3575	3602	1587	569	211	497	534	950	1028
AAEL015140	0	0	1	2	2	0	2	0	2	2	0	0
AAEL025109	101	61	68	127	318	75	45	57	32	129	58	168
AAEL020368	48	22	34	52	95	39	17	12	23	28	14	21
AAEL012347	1837	1059	1327	1026	1056	1100	1227	1793	1773	1264	1152	1868
AAEL021751	7	3	14	1	4	6	4	2	5	8	6	4
AAEL023866	19	31	11	35	22	42	24	27	12	15	11	25
AAEL017646	1	0	0	0	0	0	0	0	0	0	0	1
AAEL012341	665	554	447	4666	3245	4825	305	834	768	1389	3222	4947
AAEL017678	0	0	0	0	0	0	2	2	0	1	0	4
AAEL012350	1	4	4	1	3	1	2	7	10	3	0	13
AAEL022081	0	0	0	0	0	0	0	0	1	0	1	3
AAEL022520	28	159	34	697	505	516	34	97	93	45	702	220
AAEL023211	3	0	0	1	0	0	1	0	1	2	0	3
AAEL012343	36	27	34	23	26	21	60	48	58	30	80	31
AAEL012344	3	3	3	4	13	3	6	4	10	3	0	3
AAEL012340	17	20	12	23	20	18	11	404	15	21	6	25
AAEL012349	275	140	179	149	263	115	169	175	173	131	94	111
AAEL012342	4	5	9	13	12	15	4	17	5	5	5	7
AAEL014916	1	0	0	0	0	2	3	0	0	0	0	5
AAEL014915	1915	1343	1747	2017	2464	1888	861	1336	1216	1127	1081	1628
AAEL028015	1722	1143	1380	1661	1719	1107	1369	1349	2065	1182	1371	1203
AAEL017811	34	26	37	20	30	20	226	92	60	137	43	133
AAEL024922	22	11	4	8	6	6	14	25	23	11	11	24
AAEL003742	1555	1537	1794	537	821	419	293	266	386	255	338	243
AAEL003758	1329	888	918	1608	1465	1818	683	1134	966	1012	1432	2501
AAEL025509	630	555	601	571	530	448	368	546	642	367	464	535
AAEL003757	0	0	0	1	0	0	1	0	0	0	0	0
AAEL022361	18	18	12	13	25	10	7	33	5	14	26	7
AAEL025958	2	0	1	0	0	0	3	2	0	1	0	0
AAEL019426	675	361	327	370	275	509	442	416	526	390	520	1159
AAEL022288	0	2	0	0	0	1	0	0	3	1	0	2
AAEL002813	8512	5197	7429	6697	10947	6109	4322	4631	5322	5428	4650	4520
AAEL002800	1053	1000	1239	481	617	701	542	989	588	685	527	1750
AAEL002785	448	422	516	283	394	244	314	431	394	419	276	601
AAEL028652	0	0	1	0	0	0	0	0	0	1	0	0
AAEL024908	994	839	725	748	739	1315	793	900	1157	818	1071	1837
AAEL020622	4	10	8	2	16	13	10	6	12	11	5	33
AAEL002784	964	592	791	907	921	860	784	810	1087	775	727	565
AAEL028025	1575	974	1307	974	857	856	841	1064	1029	1016	737	1216
AAEL002809	421	277	374	289	334	280	227	227	221	337	245	354
AAEL002792	2	0	3	2	5	0	8	1	2	8	5	12
AAEL002775	80	67	72	64	69	90	53	93	84	53	75	85
AAEL002808	768	592	714	745	769	788	626	554	718	593	551	565
AAEL024501	0	0	0	0	0	0	0	0	0	0	0	0
AAEL002786	7	15	5	19	9	13	19	13	19	7	15	22
AAEL002817	1089	604	834	654	661	633	392	487	559	567	439	695
AAEL002810	1474	1273	1721	539	827	632	954	1094	783	1141	592	1989
AAEL020782	9	4	6	10	3	5	3	10	0	3	1	10
AAEL002804	8277	5339	5409	3970	4216	4853	2417	3130	3895	2358	3473	4559
AAEL002801	221	268	213	192	230	224	194	203	197	207	176	204
AAEL002790	128	87	137	131	168	85	92	91	159	93	76	128
AAEL002811	1011	1070	1110	543	1328	1345	603	845	857	1355	644	921
AAEL002814	189	76	84	112	209	83	84	127	143	80	65	36
AAEL019525	3866	1882	1836	2614	3135	3258	3024	4083	5192	2625	3739	3566
AAEL002803	8	4	1	1	3	1	2	4	2	2	2	2
AAEL002773	3	5	1	2	1	0	0	2	2	0	2	3
AAEL002796	577	304	499	471	1263	321	358	549	537	456	314	186
AAEL002783	771	487	673	687	808	640	475	521	664	464	509	490
AAEL002791	704	477	553	381	442	424	464	368	605	463	503	498
AAEL023323	1004	604	793	1145	1214	1042	583	823	900	721	811	985
AAEL002812	234	215	251	189	265	222	166	220	181	221	186	402
AAEL002816	468	464	597	361	469	344	349	346	315	450	300	730
AAEL024236	604	400	403	211	150	346	474	646	469	410	331	711
AAEL026257	125	85	118	71	93	53	118	107	106	139	85	135
AAEL002805	690	519	698	451	543	372	356	385	447	454	371	649
AAEL022535	2118	1399	1457	1891	1974	2133	1475	1719	2114	1923	1693	2928
AAEL018794	0	0	0	0	0	0	0	0	0	3	0	2
AAEL018796	10	1	0	2	1	2	3	3	2	3	2	9
AAEL021398	1	0	4	0	3	0	0	0	0	0	0	0
AAEL011693	860	545	653	562	553	577	390	539	583	364	574	534
AAEL027635	0	0	0	0	0	0	0	0	0	2	0	2
AAEL011685	6	6	5	2	2	12	7	3	3	6	7	7
AAEL025547	1213	899	960	832	850	897	609	889	981	645	827	842
AAEL011698	0	3	0	0	0	0	2	1	0	0	0	0
AAEL022721	0	2	0	0	0	0	1	2	2	1	0	0
AAEL011684	733	479	539	691	734	653	344	498	610	311	429	512
AAEL011697	785	438	651	723	765	635	425	518	498	563	515	669
AAEL025140	59	44	61	68	59	35	50	29	43	29	49	35
AAEL011690	3	0	1	0	1	0	2	0	0	1	2	2
AAEL024041	0	0	0	0	0	0	0	0	0	0	0	0
AAEL011691	0	0	0	0	0	0	1	0	0	0	0	0
AAEL004646	359	184	386	903	614	652	140	109	177	447	401	775
AAEL004616	1373	808	953	2557	2666	1601	648	600	861	1302	1189	1054
AAEL004631	8271	5166	5416	7164	7599	6482	6022	8972	8749	9166	6017	9769
AAEL004623	1745	1244	1323	1044	822	1158	1253	1657	1699	1247	1399	1969
AAEL020626	26	27	32	16	24	13	14	6	9	21	28	13
AAEL025079	19	35	5	7	19	7	12	5	11	12	14	0
AAEL004603	798	722	722	630	1007	634	286	411	452	498	395	527
AAEL004625	421	356	303	367	455	290	349	268	393	363	280	271
AAEL026656	112	113	88	95	83	113	51	36	93	113	28	123
AAEL021803	6	15	5	1	5	7	3	7	9	6	6	6
AAEL023895	8106	5343	4670	2861	2104	5128	9179	7734	9105	5529	7198	13243
AAEL026466	3180	957	594	266	185	1046	3972	2239	4817	3879	2548	168
AAEL004613	3578	2852	3575	3231	5015	2198	1928	1721	2580	1416	1786	1538
AAEL028967	19	1	4	0	1	3	36	21	11	28	3	16
AAEL028794	0	0	0	0	0	0	2	1	0	3	0	0
AAEL025307	0	3	1	0	0	1	0	3	1	0	0	0
AAEL020732	1	0	0	0	0	0	0	0	2	1	1	0
AAEL004648	0	1	1	0	2	3	2	1	2	2	0	1
AAEL004605	1	0	1	1	0	1	0	1	0	1	1	0
AAEL004602	5	1	10	12	2	12	3	6	5	8	3	2
AAEL025891	0	0	0	0	0	0	0	0	0	0	0	0
AAEL024504	698	469	353	411	347	571	645	616	858	550	613	580
AAEL004630	1006	448	731	490	241	508	399	397	593	579	361	803
AAEL022787	52	34	46	41	42	45	40	43	61	42	30	63
AAEL004643	606	424	493	511	594	598	272	368	478	327	396	403
AAEL021236	12	16	12	6	8	17	26	2	13	24	5	14
AAEL004633	772	585	684	667	804	644	431	620	554	609	669	1126
AAEL027705	7	10	1	3	12	1	7	5	11	4	2	4
AAEL004607	1040	551	618	654	755	674	732	650	1152	766	681	532
AAEL025375	0	0	0	0	0	0	0	0	0	0	0	0
AAEL013286	241	162	194	154	143	155	142	142	187	180	155	165
AAEL017824	2	1	3	0	2	0	0	1	0	2	0	1
AAEL029039	92	204	168	50	93	68	21	73	36	55	21	45
AAEL021151	11	12	11	15	15	7	11	9	19	17	6	9
AAEL028188	4316	3784	3945	5793	7477	6089	2366	6066	5687	4441	6396	8001
AAEL013296	12	6	4	16	10	8	7	7	10	12	5	14
AAEL013295	1446	902	1257	862	908	803	706	644	670	1148	624	967
AAEL024400	1	2	0	0	1	6	8	8	5	5	7	4
AAEL013300	613	489	633	436	422	455	390	293	406	423	303	514
AAEL013288	780	654	719	604	585	572	515	488	435	576	415	555
AAEL020476	1344	893	1111	1976	3123	2619	821	915	981	1392	1299	2165
AAEL014717	3581	2392	2014	1325	1915	3895	2967	3774	4132	2274	3743	4283
AAEL021750	522	397	427	219	176	315	566	707	481	461	428	1101
AAEL024146	26	15	8	14	18	0	6	6	4	8	6	16
AAEL009932	3174	1995	2033	2404	1584	3151	2400	3883	3925	3160	3556	4809
AAEL009927	895	569	646	1826	2640	1914	387	465	771	487	1376	1079
AAEL014531	624	315	543	1134	2049	808	273	378	365	508	389	766
AAEL009926	515	297	447	385	478	322	244	388	422	309	280	482
AAEL025433	20	17	50	38	43	29	18	26	40	67	47	35
AAEL014361	782	544	576	1425	1803	986	503	310	715	394	748	1140
AAEL027199	4455	3602	4299	3727	4572	2690	1219	1097	1440	1561	1145	1784
AAEL021625	2797	1897	1852	1771	1538	2305	2219	2056	2601	1767	2491	2773
AAEL027565	0	0	2	0	0	0	1	0	0	1	2	0
AAEL019686	255	139	155	233	353	212	209	1567	735	376	225	370
AAEL009922	117	94	85	106	128	89	80	83	85	85	65	110
AAEL009924	152	164	104	95	80	146	89	139	164	97	122	162
AAEL009919	283	235	206	219	202	274	176	346	324	214	247	347
AAEL020840	238	163	97	108	62	118	131	153	150	142	159	201
AAEL022811	1	1	0	0	11	0	6	2	2	0	1	2
AAEL025694	65	56	37	10	30	49	90	93	141	61	82	162
AAEL022117	2	5	6	5	1	1	5	2	3	3	2	14
AAEL028887	0	0	0	0	2	3	2	0	0	0	0	1
AAEL009742	364	303	225	128	161	372	393	523	775	290	361	604
AAEL014032	124	112	62	21	27	102	114	186	209	77	110	167
AAEL025500	0	0	0	2	0	0	2	0	0	0	0	0
AAEL020920	3	0	0	1	0	1	3	1	2	3	0	1
AAEL024702	1	3	4	0	4	1	5	4	3	1	1	3
AAEL022179	41	56	28	8	8	47	108	80	161	62	88	146
AAEL009949	56	74	35	26	43	100	156	80	176	135	72	278
AAEL020427	1	1	0	0	0	0	2	4	2	0	0	2
AAEL026823	1	0	0	0	0	0	1	0	0	1	0	0
AAEL025792	2	0	1	0	2	0	10	0	0	0	2	1
AAEL018774	1	0	0	0	0	0	0	0	0	1	0	0
AAEL009950	2	7	3	0	1	4	1	4	5	11	4	9
AAEL022319	0	4	3	1	1	2	2	0	0	2	1	0
AAEL014277	0	0	0	0	0	0	0	0	0	0	0	0
AAEL015111	0	4	0	0	0	0	6	1	2	2	4	2
AAEL005211	803	869	621	311	365	1125	1095	1283	1772	956	1545	1959
AAEL028050	0	0	0	0	0	0	0	0	0	0	0	0
AAEL005195	0	1	0	1	0	3	4	2	3	3	7	5
AAEL005207	14	8	7	0	0	10	33	25	52	26	37	54
AAEL020794	59	62	39	23	51	59	76	52	71	99	53	112
AAEL005171	268	215	241	215	268	270	187	128	155	224	141	194
AAEL005208	545	484	489	485	540	550	376	395	434	383	377	515
AAEL005202	187	165	162	118	127	186	148	193	212	154	161	207
AAEL005206	107	89	48	49	109	172	130	131	158	132	223	479
AAEL005186	0	3	2	0	0	3	9	0	2	1	9	38
AAEL005187	1019	1216	584	141	331	1160	666	916	1152	343	1168	2143
AAEL005177	137	123	82	66	49	333	156	137	266	150	458	794
AAEL005185	225	266	140	79	181	367	133	167	204	178	216	357
AAEL005213	7419	5963	6257	11016	13880	9391	6993	7069	8672	5543	7998	7473
AAEL005197	561	484	514	489	578	470	518	578	534	559	477	742
AAEL005175	1138	1227	890	519	498	1251	1226	1667	1489	919	1270	2155
AAEL005191	503	409	369	402	431	398	363	285	380	359	305	379
AAEL005190	704	503	689	915	1267	633	327	344	463	422	378	482
AAEL005180	439	288	316	210	204	246	253	390	393	335	332	437
AAEL018333	192	45	70	97	114	149	136	130	193	123	134	168
AAEL005201	608	415	395	316	375	483	290	703	685	365	482	635
AAEL005188	724	1610	572	19	56	107	11	33	12	17	6	152
AAEL022497	2643	1802	1984	2185	2280	2424	2002	2215	3384	1893	2524	2894
AAEL005203	264	206	151	334	484	362	101	149	241	166	280	288
AAEL025358	0	1	0	0	0	0	0	0	0	0	0	0
AAEL005183	18	32	12	8	28	25	13	19	20	23	18	27
AAEL021180	57	79	101	89	90	39	63	73	152	70	128	224
AAEL005174	1776	1223	1211	991	893	1448	1831	1762	2525	1454	1777	1883
AAEL005204	524	391	454	232	184	321	563	545	573	401	530	558
AAEL022684	0	0	0	0	0	0	0	0	0	0	0	0
AAEL027409	0	0	0	0	0	0	0	1	0	2	0	0
AAEL026248	2	4	1	3	6	2	3	4	1	3	0	2
AAEL002855	1	1	1	2	0	3	1	0	3	4	3	3
AAEL024223	0	3	0	0	0	0	4	1	1	2	1	1
AAEL005179	622	311	294	3051	4367	4133	391	334	522	886	1930	1590
AAEL005200	976	815	1014	205	186	219	308	170	306	167	315	345
AAEL020054	39	19	21	10	15	2	9	5187	1323	1465	13	61
AAEL023662	0	0	3	0	0	0	5	1	0	0	0	2
AAEL005182	8	6	3	2	5	7	5	79	11	2	1	11
AAEL005199	688	463	514	402	396	171	177	336	315	92	275	116
AAEL027175	1063	814	515	652	656	946	931	1164	1754	931	1011	960
AAEL008683	1348	1029	944	724	626	1025	1042	1170	1294	861	1003	1634
AAEL008681	32	10	18	21	21	2	5	8	23	24	18	12
AAEL020663	0	0	2	0	1	0	1	2	1	1	0	1
AAEL008684	356	281	171	152	127	307	370	355	497	264	371	334
AAEL008678	795	690	895	525	441	455	404	742	521	621	436	721
AAEL008679	1237	813	765	747	746	819	838	935	1274	1051	817	1031
AAEL020915	1261	973	845	712	591	1176	999	1258	1326	944	1149	1538
AAEL018954	0	0	0	0	0	0	0	0	0	0	0	0
AAEL008676	500	401	469	523	588	450	258	341	525	312	327	284
AAEL008674	788	470	583	1237	1448	937	313	348	479	738	626	876
AAEL008680	567	416	374	338	472	569	362	403	485	419	349	431
AAEL021875	0	0	0	0	0	1	0	0	0	1	0	0
AAEL019300	0	0	0	0	0	0	0	0	1	0	2	0
AAEL019299	0	0	0	0	1	1	0	0	0	0	0	0
AAEL008675	166	128	169	12	13	7	110	29	16	140	27	204
AAEL020087	0	0	3	1	0	0	12	4	5	9	4	3
AAEL027677	0	0	0	0	8	0	4	2	2	6	0	1
AAEL023797	0	1	3	0	3	2	4	2	2	1	1	2
AAEL025898	11	7	10	8	5	9	8	4	13	4	9	31
AAEL026543	5	0	0	0	2	0	0	4	1	1	0	0
AAEL025374	0	0	0	0	0	0	2	0	0	0	0	0
AAEL009081	6036	2942	3678	3381	6383	3507	5581	4529	8409	6967	6505	5932
AAEL017916	0	0	0	0	0	0	0	0	0	0	0	0
AAEL009082	270	261	227	292	357	321	239	331	356	317	307	494
AAEL018169	45	62	69	25	26	65	46	76	71	52	58	110
AAEL028181	4	2	0	0	1	0	1	0	7	3	2	1
AAEL009075	274	169	255	145	144	130	148	130	185	262	131	301
AAEL009086	72	46	52	34	108	51	38	26	68	45	45	65
AAEL009088	2164	1792	1328	894	1025	2448	1843	2120	2931	1630	2490	3138
AAEL009077	588	485	470	402	299	317	403	519	368	482	343	604
AAEL009080	9010	7183	5978	6406	5114	8499	7138	6066	10526	5168	7678	7321
AAEL009085	1695	1224	1038	1116	1112	1716	1306	1768	1739	1317	1791	2462
AAEL009078	3785	2594	3420	2980	4549	2652	2058	2469	2781	2062	2116	2245
AAEL009089	76	110	82	107	148	106	79	98	94	99	93	115
AAEL009084	268	353	175	33	105	337	249	326	391	96	243	303
AAEL009074	5624	3484	3362	8564	9749	9343	3792	4487	5503	4558	7375	8657
AAEL027276	0	0	0	0	0	0	3	1	0	3	1	4
AAEL020356	0	8	3	0	0	1	1	4	1	7	1	9
AAEL022700	0	0	0	0	0	0	0	0	0	0	0	0
AAEL021285	0	0	0	0	0	0	0	0	0	0	0	0
AAEL010678	154	116	87	88	236	169	328	156	164	131	103	159
AAEL010653	1068	1937	2560	516	1698	665	169	196	242	188	361	960
AAEL015566	30	16	7	24	40	22	19	13	10	40	20	29
AAEL015567	259	172	199	223	255	208	108	233	197	167	106	124
AAEL011499	36	16	18	18	46	18	16	27	18	17	28	18
AAEL011492	197	136	168	205	292	198	187	189	228	283	199	186
AAEL011494	0	0	0	0	0	0	0	0	0	0	0	0
AAEL022116	0	0	0	0	0	0	0	0	0	0	0	0
AAEL011486	1	4	0	1	4	1	5	1	3	3	0	1
AAEL011483	1	0	0	0	0	0	0	3	0	1	3	0
AAEL020595	0	0	0	0	0	1	0	3	2	0	0	0
AAEL023853	0	0	0	0	0	0	0	0	0	0	0	0
AAEL025018	0	0	0	0	0	0	0	0	0	0	0	0
AAEL027713	0	0	0	0	0	0	0	0	1	0	1	0
AAEL011497	0	0	0	0	0	0	0	0	0	0	0	0
AAEL011487	0	0	0	0	0	0	0	0	2	0	0	0
AAEL011491	2	1	4	4	1	0	1	2154	1692	1222	1	15
AAEL020984	0	0	0	0	0	0	0	14	16	13	0	3
AAEL011481	2	0	0	0	0	1	0	2	0	5	1	0
AAEL025201	0	0	0	0	0	0	0	1	0	3	2	2
AAEL027317	212	452	315	1	2	3	243	248	5	2418	171	4045
AAEL019416	884	747	468	224	167	733	785	1072	1260	487	775	1068
AAEL022719	0	0	0	0	0	0	0	1	0	0	0	1
AAEL018898	0	0	0	0	0	0	0	0	0	0	0	0
AAEL028784	0	0	0	0	0	0	0	0	0	0	0	0
AAEL016625	0	0	0	0	0	0	0	0	0	0	0	0
AAEL018895	0	0	0	0	0	0	0	0	0	0	0	0
AAEL016626	0	0	0	0	0	0	1	0	0	0	0	0
AAEL016627	0	0	0	0	0	0	0	0	0	0	0	0
AAEL016628	0	0	0	0	0	0	0	0	0	0	0	0
AAEL016629	0	0	0	0	0	0	0	0	0	0	0	0
AAEL023358	0	0	0	0	0	0	0	0	0	0	0	0
AAEL018897	0	0	0	0	0	0	0	0	0	0	0	0
AAEL016630	0	0	0	0	0	0	0	0	0	0	0	0
AAEL016631	0	0	0	0	0	0	0	0	0	0	0	0
AAEL008215	0	0	0	0	0	0	0	0	5	0	1	1
AAEL016632	0	0	0	0	0	0	0	0	0	0	0	0
AAEL016633	0	0	0	0	0	0	0	0	0	0	0	0
AAEL022325	0	1	8	0	1	3	3	0	2	4	1	9
AAEL018981	0	0	1	0	1	1	0	0	0	0	0	0
AAEL008219	185	129	139	215	193	234	136	133	197	120	178	209
AAEL028641	0	0	0	0	0	0	1	0	0	0	0	0
AAEL008205	0	0	1	0	0	0	0	0	2	0	0	3
AAEL018982	0	0	0	0	0	0	0	0	0	0	0	0
AAEL008195	504	387	480	465	689	535	358	359	449	440	382	562
AAEL008216	3674	2672	3064	2901	2893	2754	2101	2954	3030	2636	2728	3680
AAEL008210	2076	1443	1436	1014	791	1432	1340	1927	1832	1319	1395	2429
AAEL027949	3170	2518	2108	1997	1813	2836	2480	2872	2841	2655	3714	6485
AAEL008213	162	94	117	160	387	148	136	135	225	128	141	238
AAEL008211	165	92	95	144	301	110	84	57	106	90	95	136
AAEL008220	681	549	425	462	521	985	470	490	879	370	641	456
AAEL023116	1	1	0	0	0	2	2	1	3	4	1	2
AAEL026597	5	7	1	1	1	6	4	1	5	3	6	7
AAEL020863	3	1	3	2	2	5	0	0	2	2	0	3
AAEL017462	1807	1477	1366	879	989	1730	1643	1633	2039	1293	2028	2748
AAEL008208	0	0	0	10	8	18	1	0	3	0	0	14
AAEL008207	0	0	0	6	0	2	4	0	2	1	1	2
AAEL023597	0	0	0	0	0	0	0	0	0	0	0	0
AAEL008221	0	0	0	0	0	0	0	0	0	0	0	0
AAEL008218	1	0	0	1	5	2	5	0	1	1	0	0
AAEL008217	0	0	0	0	2	0	3	0	0	0	0	0
AAEL008206	1	0	0	1	1	0	3	0	0	0	0	0
AAEL008199	1	1	65	1	3	1	1	0	2	0	1	17
AAEL008202	1	1	2	2	8	6	1	4	2	8	2	6
AAEL024250	2	0	0	0	0	0	2	1	2	4	1	0
AAEL008212	0	0	1	0	4	5	5	3	1	0	0	0
AAEL008214	0	0	1	0	0	0	0	0	0	0	0	0
AAEL008201	0	0	1	0	0	0	1	1	0	0	0	0
AAEL023643	3	7	50	3	1	2	0	0	1	7	2	38
AAEL012558	0	0	0	0	0	0	1	0	0	1	0	0
AAEL012560	1	4	9	0	3	3	0	1	4	17	3	4
AAEL012557	0	0	0	0	0	0	0	3	0	0	0	1
AAEL012559	0	0	0	0	0	0	0	0	0	0	0	0
AAEL012564	1	0	0	0	0	0	0	0	1	1	0	4
AAEL012563	0	0	1	0	0	0	0	0	0	0	0	0
AAEL012565	0	1	0	0	0	0	0	0	0	0	0	0
AAEL015593	3165	2383	2080	4177	3145	3883	1707	1662	2621	2331	5084	6686
AAEL026138	1	0	0	0	3	1	1	2	3	3	1	9
AAEL022593	69	22	31	13	11	47	173	185	153	143	88	145
AAEL017029	7690	5449	4884	5442	8361	7492	1557	1994	2226	1862	2177	6150
AAEL005978	204	155	181	100	106	203	341	413	508	289	333	411
AAEL021457	3	6	9	3	14	22	15	3	15	25	11	5
AAEL026163	17	4	3	4	1	5	11	10	19	9	14	13
AAEL015668	0	0	0	0	0	2	3	1	1	1	0	0
AAEL005985	1120	994	806	807	897	1689	1165	2583	2740	1994	1884	2686
AAEL019436	196	73	109	179	234	160	110	144	125	107	136	167
AAEL019435	307	236	204	131	124	142	234	259	382	177	167	212
AAEL026846	2878	2180	1676	950	844	2183	1866	2503	2655	1440	2063	3041
AAEL022022	1	8	24	0	2	2	8	9	12	6	4	6
AAEL005972	113	63	81	84	74	77	95	79	67	100	78	145
AAEL005977	209	172	127	143	231	421	234	288	391	312	396	583
AAEL005976	458	350	384	367	484	432	296	272	406	321	324	463
AAEL005980	39	16	19	23	48	14	29	598	367	346	37	90
AAEL005979	366	216	208	609	649	548	381	329	321	316	521	837
AAEL026828	10	0	6	8	4	6	1	5	13	8	7	5
AAEL025067	0	0	0	0	0	0	2	0	1	0	0	0
AAEL021706	9	3	13	8	6	6	8	6	9	5	12	6
AAEL019044	0	0	0	0	0	0	1	0	2	1	0	1
AAEL019045	3	2	4	0	0	1	9	2	8	6	1	7
AAEL021656	0	0	0	0	0	0	0	1	2	0	1	5
AAEL001010	5	2	8	0	0	2	32	16	21	34	18	48
AAEL026320	0	0	0	0	0	1	0	0	0	0	0	1
AAEL018150	291	137	190	416	528	305	337	407	517	490	516	503
AAEL000984	1342	1238	852	672	343	1172	1045	1203	1512	791	1086	1201
AAEL021093	247	159	198	158	168	150	152	181	134	244	151	278
AAEL000993	709	773	659	64	160	539	776	894	1140	609	1014	1923
AAEL025753	0	0	0	0	0	0	0	0	1	0	0	0
AAEL000999	2664	2115	2712	1482	1570	1430	1820	2328	1721	2457	1334	3245
AAEL000985	1253	807	667	1300	1584	1554	727	756	950	823	1014	1736
AAEL000987	72576	43405	53923	56647	83146	53159	44382	30338	57921	35033	41650	33855
AAEL000994	2041	1577	1363	881	860	1716	2044	2186	2616	1602	2225	3458
AAEL023152	2	1	0	0	0	0	6	6	6	3	6	5
AAEL025281	0	0	0	0	0	0	0	0	0	0	0	0
AAEL026774	0	0	1	2	0	0	0	0	0	0	0	0
AAEL022465	48	20	37	5	1	6	102	90	76	90	65	88
AAEL020289	0	0	0	0	3	0	0	1	1	0	0	0
AAEL007407	4476	3594	1734	1426	2282	4677	4705	7094	8544	3818	5460	6147
AAEL007410	836	689	659	792	810	960	515	716	776	632	921	1207
AAEL021595	196	173	272	167	287	245	164	171	216	185	174	208
AAEL007409	458	323	356	185	127	208	279	478	334	354	307	651
AAEL022559	101	98	39	81	49	85	33	57	46	54	107	49
AAEL008911	110	118	135	81	91	101	85	148	118	144	61	167
AAEL008914	64	57	60	40	46	44	60	78	81	92	53	110
AAEL008906	626	533	580	603	427	573	440	406	502	468	491	687
AAEL021756	204	148	148	134	171	123	166	244	264	140	184	286
AAEL002724	60	29	20	4	15	25	131	103	159	71	101	151
AAEL028639	0	0	0	0	0	0	0	0	0	0	0	0
AAEL002726	28	25	11	301	387	376	16	21	14	171	257	576
AAEL027173	0	0	0	0	0	0	0	0	0	0	0	0
AAEL023060	2356	1783	1543	1438	938	2005	1831	1915	2765	1486	1881	2642
AAEL021259	0	0	0	0	0	0	0	0	0	0	1	0
AAEL025714	0	0	0	0	0	2	0	1	0	1	0	2
AAEL002723	1412	844	858	859	924	1269	846	792	1095	1020	933	1344
AAEL002728	806	671	622	784	833	884	451	633	822	435	640	597
AAEL002722	765	540	712	566	898	463	454	413	517	474	405	404
AAEL002719	837	646	725	607	612	737	411	613	751	496	603	765
AAEL002714	514	415	393	439	293	334	309	502	466	313	312	539
AAEL019529	5292	3522	3343	2669	2447	3612	3147	2677	4241	2289	3455	4036
AAEL024874	0	0	0	0	0	0	0	0	0	0	0	0
AAEL025192	0	0	0	0	0	0	0	0	0	0	0	0
AAEL002721	402	274	262	205	285	455	361	371	443	448	437	464
AAEL016259	0	0	0	0	0	0	0	0	0	0	0	0
AAEL002699	0	5	7	10	43	0	0	0	6	2	12	148
AAEL002720	3388	2770	2495	17069	16782	6600	1206	3292	3503	3666	8099	8053
AAEL002725	4	4	3	4	6	13	3	8	2	8	4	12
AAEL002704	955	731	942	647	956	873	753	1210	860	663	1000	1013
AAEL021048	0	0	0	0	0	0	0	3	0	1	0	0
AAEL002731	174	225	83	191	327	131	75	131	123	99	136	129
AAEL002730	280	202	225	2127	2606	997	135	222	235	392	1031	1525
AAEL024006	1	1	0	0	9	2	0	9	0	2	0	0
AAEL025259	398	304	326	214	175	259	326	367	377	340	379	438
AAEL020341	1966	1616	1333	1061	685	1483	1140	1846	1998	1037	1413	1732
AAEL019896	1634	1441	855	508	445	2291	3540	1970	3399	1316	2512	2239
AAEL019897	1	0	0	0	1	0	14	4	7	2	4	1
AAEL023825	391	319	370	203	222	238	235	368	285	306	216	548
AAEL021436	2	0	0	0	0	0	0	3	0	2	0	0
AAEL026964	0	0	0	0	0	0	0	0	0	0	0	0
AAEL014507	507	341	444	860	900	663	283	471	475	413	586	821
AAEL003452	520	258	271	340	366	292	377	362	602	359	358	390
AAEL003477	335	281	319	296	366	307	237	276	290	274	320	250
AAEL019871	308	284	203	206	225	327	142	202	252	142	216	147
AAEL003462	198	84	96	220	211	131	94	115	100	146	113	164
AAEL003467	2703	2603	1961	5521	6012	4285	1844	5443	5121	2776	2781	2934
AAEL019870	698	724	422	1897	1645	757	290	819	989	330	739	805
AAEL003483	2010	1847	2886	12566	17106	3836	769	792	1111	2255	6200	6194
AAEL003457	1683	308	1314	739	1165	473	495	952	658	647	697	301
AAEL003479	1	0	1	1	7	3	3	6	3	1	0	3
AAEL018302	28	9	17	23	36	30	21	28	20	43	17	22
AAEL024690	132	100	126	134	232	144	103	89	113	162	112	95
AAEL020240	0	0	0	0	0	0	8	1	0	0	0	0
AAEL003454	739	629	605	280	398	660	611	582	678	649	561	1035
AAEL003466	1634	1417	1009	892	786	1677	1179	1603	2005	870	1556	1713
AAEL003487	1375	1080	829	463	426	1382	1163	1163	1440	850	1255	2175
AAEL024700	2378	1633	1514	1611	1210	1869	1435	1919	2586	1412	1541	1894
AAEL024259	66	43	56	77	71	91	97	66	79	48	75	103
AAEL020104	187	146	148	169	142	200	152	174	227	135	146	174
AAEL014863	5061	3700	3699	2717	3233	3232	3523	5633	5443	3569	3077	5101
AAEL014864	355	152	198	219	303	238	160	325	202	245	156	238
AAEL011142	1511	1013	1012	776	519	967	1323	1540	1525	1130	1234	1481
AAEL012731	2904	1871	1865	1649	1774	2146	1829	1394	2274	1735	1482	1522
AAEL024536	47017	32233	37249	43564	65863	41767	27956	24066	41485	24373	32484	28231
AAEL022381	15	9	10	14	17	7	14	11	13	11	6	14
AAEL021986	1548	1249	1152	1025	772	1269	1020	1242	1561	980	1081	1392
AAEL012047	168	126	135	152	148	130	134	118	157	87	110	151
AAEL012056	153	115	113	39	38	172	276	248	331	234	330	376
AAEL024411	1466	1114	973	685	475	1208	989	1378	1538	832	1104	1533
AAEL025998	7	0	2	0	2	0	4	3	1	0	9	2
AAEL022904	0	0	0	0	0	0	1	0	0	0	0	0
AAEL012042	0	0	0	0	0	0	1	0	0	0	1	4
AAEL027485	3	4	2	2	0	0	0	4	3	1	0	1
AAEL012051	249	163	255	198	291	197	169	151	158	244	128	229
AAEL012052	60	59	54	41	89	53	52	56	117	40	57	70
AAEL021290	1	1	1	0	0	2	4	2	0	1	0	0
AAEL019592	361	194	181	162	160	294	295	297	413	293	537	593
AAEL024975	1106	1078	1197	1366	949	773	369	335	533	270	768	1380
AAEL027018	0	1	1	1	1	0	1	0	0	0	0	0
AAEL020466	0	1	0	0	0	0	0	0	0	0	0	0
AAEL019593	31	16	33	15	11	21	16	19	27	29	15	25
AAEL023268	17	6	12	5	24	9	19	14	4	15	3	14
AAEL015236	649	349	441	363	473	387	256	262	317	281	246	351
AAEL025017	659	523	508	362	418	549	516	573	808	584	682	999
AAEL026704	0	0	0	0	0	0	0	3	0	0	0	3
AAEL014084	1067	947	932	860	526	773	683	1110	1147	684	732	1289
AAEL014086	1	4	2	2	2	3	3	0	3	0	2	3
AAEL019759	1	0	1	0	0	0	1	0	0	1	0	0
AAEL019760	0	0	0	0	0	0	0	0	0	0	0	0
AAEL019761	91	53	66	35	48	41	49	69	68	41	31	49
AAEL014089	7	1	3	5	4	5	0	4	2	4	1	2
AAEL023538	5	3	1	4	1	5	1	5	0	0	0	3
AAEL024757	7	5	2	6	3	7	2	4	6	7	4	8
AAEL007547	2988	1627	2196	4327	5212	2998	1562	2051	2172	2173	2954	4720
AAEL009295	728	572	597	596	758	774	390	703	669	639	982	1877
AAEL024970	1	1	0	1	0	0	1	0	0	2	2	1
AAEL020646	226	243	124	20	39	244	448	415	640	262	345	413
AAEL021394	2685	2012	1728	1268	840	1798	2272	2915	2871	1659	2106	3235
AAEL009291	6043	6626	7014	12886	18249	8435	1585	1925	2415	5195	6766	14149
AAEL009303	362	352	362	341	377	281	211	333	371	236	273	395
AAEL009288	484	428	454	540	691	531	303	386	440	396	362	510
AAEL009296	13	5	8	3	8	9	4	12	14	9	12	6
AAEL009284	204	182	191	149	240	205	139	141	192	218	121	198
AAEL015402	240	237	265	147	141	191	72	149	253	158	107	188
AAEL023463	12	1	5	8	1	6	3	7	0	1	1	15
AAEL025157	46	0	6	3	0	29	20	5	0	0	9	11
AAEL020424	14	18	14	9	25	14	8	3	5	9	4	9
AAEL025860	0	0	0	1	0	0	1	0	1	1	1	0
AAEL009285	1152	767	749	1025	1142	1361	696	996	1273	562	846	696
AAEL028148	339	253	255	345	313	270	232	377	361	305	326	406
AAEL009294	2369	1656	1567	1284	929	1785	1992	1632	2364	1554	2212	2764
AAEL021377	0	0	1	0	0	0	0	0	0	0	0	0
AAEL020125	2	0	0	0	0	0	2	5	2	0	0	2
AAEL009287	8576	5876	5738	6556	5137	7167	3968	4211	6064	3594	4608	5187
AAEL009298	367	365	352	143	205	159	72	81	138	137	104	189
AAEL009282	256	259	163	135	176	261	146	159	220	110	181	221
AAEL024768	4	0	0	13	0	6	9	6	2	10	12	4
AAEL009302	280	191	204	429	450	371	152	225	228	316	343	458
AAEL025049	964	804	616	429	521	1101	1226	1552	1754	742	1515	1815
AAEL012658	820	502	542	564	553	866	561	1329	1214	785	710	1153
AAEL012654	52	36	26	23	27	24	30	263	279	208	39	165
AAEL012659	437	304	283	202	176	188	279	318	213	368	138	577
AAEL012660	433	312	342	307	317	252	245	313	359	325	267	318
AAEL012656	293	269	262	202	252	278	187	281	224	203	199	291
AAEL012661	4578	3068	2988	3754	4782	4660	2733	3092	4910	2755	3591	3416
AAEL019597	2504	1558	1817	1112	854	1465	1092	1357	1266	1095	1227	1962
AAEL020923	1	7	2	0	1	2	1	1	4	0	0	2
AAEL008489	523	272	323	706	1148	678	271	310	356	523	852	1072
AAEL008478	1585	1250	1605	892	1354	812	709	746	608	712	833	1201
AAEL008485	2515	3017	3050	6969	9488	4028	1321	1747	1711	2246	5838	11081
AAEL027384	1927	1602	921	585	423	1410	2700	2032	2951	1461	2460	3354
AAEL008469	427	336	337	438	464	486	275	271	373	267	324	269
AAEL008490	2197	1889	1955	1882	3028	1992	1454	1644	1864	1443	1366	1378
AAEL008475	944	671	707	580	495	600	501	867	729	635	649	1171
AAEL008480	210	196	194	119	146	168	205	173	203	240	175	394
AAEL008486	323	256	326	273	404	303	144	153	175	234	183	365
AAEL008491	659	418	545	771	892	721	406	365	544	531	584	757
AAEL008476	257	203	233	249	276	253	176	182	289	196	182	305
AAEL008481	49017	32616	37568	42422	68512	42739	32935	23416	43781	28073	33812	29826
AAEL008474	0	0	0	1	0	0	1	1	2	2	0	0
AAEL008472	133	49	77	70	100	75	71	94	162	130	98	102
AAEL023300	3	2	1	0	1	1	0	3	0	3	1	4
AAEL027779	90	59	47	54	42	76	35	77	63	57	65	87
AAEL008482	543	418	298	310	302	470	350	558	562	340	453	505
AAEL008473	534	668	264	33416	40114	22874	293	2036	1414	13779	26266	36846
AAEL008487	0	0	0	0	0	0	1	0	0	0	0	0
AAEL008488	23	12	13	38	32	52	8	20	33	31	19	19
AAEL008471	884	607	859	792	657	667	753	557	769	596	806	865
AAEL008916	656	453	435	456	217	456	668	513	697	472	544	735
AAEL001543	71	75	35	58	76	77	78	74	134	66	110	107
AAEL026418	72	55	45	24	15	21	95	56	93	58	86	93
AAEL001541	614	432	373	336	448	341	285	424	426	460	321	454
AAEL001549	2485	1731	1530	1194	926	2006	1888	2754	2803	1627	2013	2865
AAEL001548	959	483	645	2636	1684	1216	547	486	527	614	670	639
AAEL001586	616	456	582	1671	1479	747	300	326	477	404	440	507
AAEL020603	33	28	30	52	65	50	64	48	72	47	60	55
AAEL027353	877	587	632	603	618	647	527	683	479	712	410	971
AAEL001556	181	166	123	111	196	276	172	198	214	172	168	245
AAEL001582	365	155	181	83	112	206	902	720	641	513	759	1545
AAEL001593	8164	6731	6796	4458	4632	3929	6012	10331	8703	6612	5703	8242
AAEL001562	232	175	153	116	103	218	137	191	214	145	150	240
AAEL019546	2521	2241	1776	1176	1091	2525	1993	3019	3049	1751	2773	4110
AAEL001552	1	8	7	4	7	6	10	2	12	1	5	16
AAEL001559	1105	994	1256	523	592	459	638	740	653	866	436	1206
AAEL001564	744	452	523	482	393	526	475	769	701	422	583	755
AAEL001540	2199	1600	1525	1326	1011	1690	1359	1714	2005	1255	1423	2124
AAEL023883	9	10	23	7	7	15	12	1	14	9	8	18
AAEL001575	59	28	51	206	176	152	33	14	21	64	86	136
AAEL001580	668	518	641	578	514	398	367	404	392	390	387	666
AAEL001583	2506	1771	1741	1425	1056	1659	2050	2336	2444	1773	2278	4117
AAEL009190	567	407	424	268	253	291	406	416	402	494	299	552
AAEL001565	269	196	223	291	364	311	176	189	187	229	266	352
AAEL024628	55	49	51	47	81	76	36	32	54	31	61	57
AAEL019617	1439	1076	1007	699	591	1299	1367	1348	1673	963	1239	1851
AAEL025434	0	1	1	0	0	1	0	1	1	2	0	2
AAEL020046	0	0	2	0	0	0	2	4	3	1	0	0
AAEL001561	1067	722	687	1337	1450	1304	542	543	840	783	1374	2229
AAEL001570	792	433	517	365	223	363	763	1408	928	669	823	1314
AAEL001577	6483	3732	2635	4732	5059	6965	2658	6097	4084	4360	3897	6972
AAEL001553	7	2	1	3	3	2	7	20	26	15	0	3
AAEL023414	4	5	1	1	4	3	1	4	1	1	0	1
AAEL001544	295	223	244	289	335	314	167	196	282	231	241	317
AAEL001596	876	722	948	607	866	576	428	527	714	643	555	766
AAEL026781	0	0	0	0	0	0	1	0	0	0	0	1
AAEL022898	0	0	0	0	1	0	0	0	0	0	0	11
AAEL020977	0	3	0	5	0	2	0	2	0	0	0	77
AAEL024453	0	0	0	0	0	0	0	0	0	0	0	8
AAEL021788	0	0	0	1	0	0	2	0	0	0	1	8
AAEL001571	0	1	5	1	6	5	13	9	19	12	12	6
AAEL001584	26	18	17	12	31	25	17	42	42	27	21	66
AAEL001573	616	364	457	1087	1524	534	240	264	287	350	414	439
AAEL001554	966	719	759	656	505	705	580	743	901	587	630	837
AAEL001588	4966	4248	4681	4804	5511	4671	1768	2578	2388	2304	2881	4160
AAEL001569	1131	984	703	946	1183	1565	787	909	1228	857	1309	1659
AAEL021043	3	0	0	0	1	0	0	0	0	0	0	0
AAEL001545	36	92	19	10	13	67	56	63	129	69	66	96
AAEL001595	81	79	39	12	15	72	87	90	112	89	97	107
AAEL001581	1084	737	748	829	674	823	743	893	1090	741	969	1056
AAEL001568	13	22	19	18	31	12	29	18	17	27	25	34
AAEL017133	2065	1786	2389	1288	2156	1075	608	556	744	755	657	661
AAEL019443	151	126	82	20	49	157	257	261	381	164	232	281
AAEL001566	367	230	197	391	399	579	199	418	312	230	382	735
AAEL001557	1612	1184	1214	1280	1034	1320	1227	1555	1528	1379	1515	2266
AAEL013484	8953	1625	2885	740	1025	1423	7801	5313	6911	3618	6529	1640
AAEL013487	2207	1539	1397	1277	818	1495	1642	1730	2017	1318	1529	2361
AAEL025803	4	1	2	3	1	1	2	2	1	0	22	3
AAEL013490	2122	1795	2058	1484	1678	1034	780	583	964	762	1043	1408
AAEL013491	443	223	309	186	289	159	337	505	624	276	326	236
AAEL013483	238	111	165	142	133	117	127	170	202	145	103	178
AAEL013488	204	140	126	102	131	195	114	163	175	115	104	150
AAEL013489	89	64	78	45	75	70	80	56	87	58	90	102
AAEL013971	125	43	53	40	23	64	110	48	99	93	45	79
AAEL013970	533	384	389	256	299	470	403	482	470	379	430	791
AAEL013969	928	916	525	342	387	1459	1113	1271	1939	737	2474	3828
AAEL006884	499	452	307	215	158	386	281	460	551	238	331	373
AAEL017188	137	30	53	161	150	90	100	134	162	79	119	105
AAEL028947	0	0	0	0	0	0	0	0	0	0	0	0
AAEL006880	1201	903	941	965	891	1172	571	909	1086	734	754	1230
AAEL006879	6697	4203	4488	4624	4735	4042	4427	4858	6445	3439	4471	6194
AAEL006882	43	53	103	83	115	69	36	69	83	96	29	85
AAEL006883	424	284	322	760	865	552	190	184	249	227	479	657
AAEL006886	68	56	67	202	233	151	85	74	120	143	110	146
AAEL022496	502	445	336	240	210	282	366	331	341	306	257	393
AAEL006890	8781	6908	5030	4895	4025	5515	4525	5873	6505	3349	6023	4375
AAEL006881	228	118	162	144	139	190	265	289	393	184	269	333
AAEL024836	0	2	0	0	0	0	1	2	2	1	0	0
AAEL006888	81	42	24	36	38	34	41	757	273	159	54	373
AAEL006887	453	428	324	402	413	645	239	259	509	260	328	272
AAEL006885	8773	7083	5070	3881	6706	10571	6961	7863	12610	4812	9414	10378
AAEL006895	3204	1878	1944	1235	1405	1400	2635	3018	3020	2157	2211	2399
AAEL006892	770	596	719	586	575	486	561	196	322	615	410	737
AAEL020955	1732	925	744	622	544	1153	1954	1823	2111	1235	1857	2550
AAEL023188	4820	3765	4446	3239	3885	2809	1606	2024	2401	1801	2122	3278
AAEL023873	8	5	4	8	0	0	2	2	8	9	4	7
AAEL010520	2946	2046	2081	2082	2184	2026	1578	1738	2573	1530	2147	2312
AAEL026396	0	0	0	0	1	1	2	1	1	0	1	1
AAEL028192	0	0	0	0	0	0	0	0	2	1	0	1
AAEL022796	1	3	0	0	2	5	0	0	1	0	0	2
AAEL021892	1	2	0	2	1	3	0	0	0	0	0	0
AAEL010531	1	1	0	1	0	0	4	0	1	0	0	0
AAEL027233	2	1	0	3	0	0	2	0	1	1	1	0
AAEL024839	1	2	1	4	0	0	2	0	5	2	2	0
AAEL021127	0	0	0	0	3	3	3	0	3	2	5	0
AAEL027801	949	686	550	633	565	710	520	665	864	541	618	768
AAEL026415	170	142	129	526	433	416	78	49	93	211	199	246
AAEL021954	2	1	3	3	0	2	1	0	1	0	0	0
AAEL010523	431	473	261	90	193	613	565	683	1130	451	801	934
AAEL010524	468	314	261	326	646	375	406	546	610	418	420	677
AAEL022354	5	2	6	13	7	2	3	7	6	14	4	6
AAEL010522	388	259	367	256	208	247	303	347	353	336	232	420
AAEL010529	277	277	252	21	83	362	309	731	598	201	224	1265
AAEL013384	348	328	263	127	124	305	406	361	580	325	411	698
AAEL013382	235	170	313	356	305	315	145	232	208	213	129	258
AAEL013385	3	4	7	2	0	7	3	2	9	0	12	3
AAEL028107	1205	909	802	816	712	964	850	1049	1296	833	1028	1293
AAEL011592	248	166	154	127	167	118	327	242	313	221	297	329
AAEL025591	709	478	439	497	434	614	645	889	934	458	613	731
AAEL011588	1133	696	798	2038	2241	1858	360	260	452	974	829	1308
AAEL011591	0	0	0	0	1	0	8	2	1	1	1	3
AAEL012157	85	107	94	330	107	162	59	225	127	240	217	331
AAEL012153	10	18	9	18	17	14	9	11	10	7	7	16
AAEL021400	998	643	597	527	328	706	593	665	989	547	718	841
AAEL012154	1453	1113	1140	1224	1260	1491	1560	1174	2426	1189	1605	1122
AAEL026312	2	4	10	0	15	2	2	0	1	7	12	5
AAEL015124	48	54	61	44	54	51	74	63	61	54	51	104
AAEL012156	395	250	360	263	298	281	169	274	282	269	213	334
AAEL012152	1397	1007	1099	694	679	712	1046	1091	1230	1081	1060	1476
AAEL025708	0	0	0	0	0	0	0	0	0	0	0	0
AAEL028840	0	0	0	0	0	0	0	0	0	0	0	0
AAEL028891	0	0	0	0	0	0	0	0	0	0	0	0
AAEL027135	486	438	238	290	205	275	436	412	578	411	458	616
AAEL023034	1	0	1	0	0	1	7	5	3	3	4	6
AAEL025129	0	0	0	0	0	0	0	0	0	0	0	0
AAEL022258	0	0	0	0	0	0	0	3	0	0	0	0
AAEL025767	0	0	0	1	0	0	1	0	3	4	5	1
AAEL010330	6389	4367	5172	5437	7722	4092	3903	4594	5821	4404	4287	4444
AAEL011858	128	107	100	68	110	111	76	81	129	68	96	94
AAEL028231	1	25	0	0	0	0	0	1	0	2	3	0
AAEL010332	228	207	176	218	249	263	139	146	267	189	150	236
AAEL011868	310	311	246	178	258	362	240	273	281	238	276	327
AAEL011862	713	590	441	387	193	420	437	580	625	421	601	771
AAEL011869	4	21	7	4	12	9	7	9	53	8	5	9
AAEL025514	2441	1422	1109	872	642	1766	4054	4180	4952	1850	2829	3682
AAEL011867	105	60	91	227	311	466	150	107	122	124	153	237
AAEL013561	917	721	626	605	374	694	727	732	928	649	735	1174
AAEL013549	122	121	95	64	57	131	91	110	182	84	105	177
AAEL021055	0	2	1	1	1	0	1	3	0	2	1	3
AAEL013558	144	102	91	85	46	118	84	143	103	66	116	135
AAEL020464	9	8	3	4	8	4	2	14	4	5	5	27
AAEL013562	86	90	66	86	88	54	67	85	81	73	53	98
AAEL013557	226	225	162	115	114	163	181	201	230	174	166	263
AAEL023697	1	3	1	0	1	0	6	5	4	9	4	7
AAEL021876	0	0	4	3	11	5	3	3	4	4	8	9
AAEL013552	81	85	76	73	89	100	66	118	73	97	86	105
AAEL013550	174	203	172	113	116	240	186	271	269	209	179	321
AAEL021308	100	171	110	40	35	165	101	152	154	96	98	176
AAEL013553	503	511	356	296	354	503	288	453	531	250	435	465
AAEL013548	102	94	51	24	45	107	111	115	150	60	81	119
AAEL013547	198	216	178	170	225	245	184	243	234	153	204	276
AAEL013790	543	419	529	468	568	519	392	404	435	421	379	385
AAEL013796	138	167	147	100	122	180	81	185	164	102	118	234
AAEL027616	1411	1083	850	406	314	786	1852	1291	1549	1184	1304	2605
AAEL002249	478	394	431	483	456	540	258	311	460	273	366	349
AAEL002253	412	345	316	222	254	275	287	240	268	245	269	439
AAEL029096	0	3	0	0	0	0	0	3	1	0	0	5
AAEL002276	233	205	240	2064	2654	1607	225	300	433	451	1397	3150
AAEL002261	3469	3036	2680	2787	3011	3004	1711	2398	2053	1895	2150	3857
AAEL021693	9	4	7	2	1	4	49	31	29	35	24	65
AAEL024257	2	1	6	3	8	8	4	0	5	1	3	12
AAEL002263	2261	1222	1899	16562	18616	11879	804	651	794	6319	7034	9331
AAEL002254	552	255	263	2928	2341	2376	355	414	653	311	1302	1502
AAEL021678	2	0	7	1	0	2	1	0	11	5	3	4
AAEL002273	6	5	2	4	8	9	6	4	2	2	4	2
AAEL025785	11	7	10	5	7	9	41	37	46	23	31	46
AAEL023094	1	1	0	0	0	6	1	1	1	0	1	0
AAEL002255	96	93	89	42	68	39	30	42	33	25	28	29
AAEL002248	351	269	305	310	357	339	277	357	366	328	281	526
AAEL002271	1227	845	751	757	794	1295	711	932	1212	634	1047	960
AAEL019956	762	624	603	376	308	731	901	1132	1131	653	876	1247
AAEL022692	254	228	216	223	267	310	299	339	384	328	276	395
AAEL002269	9843	13273	11623	21990	27900	10623	1992	1372	1438	2150	3342	7359
AAEL019776	2408	1649	1500	1080	782	1696	1670	1562	1820	1324	1738	3188
AAEL026523	4	0	0	0	0	0	4	1	1	3	1	12
AAEL002267	1026	611	857	1216	1213	1105	410	505	758	935	787	856
AAEL002257	31	17	14	44	83	47	17	16	25	17	54	71
AAEL002270	0	0	1	0	0	0	4	0	0	0	0	0
AAEL002272	1799	1364	943	646	526	1512	1132	1260	1632	893	1377	1679
AAEL002250	719	593	627	470	471	508	428	691	524	512	358	813
AAEL002258	305	227	214	145	147	174	184	294	236	206	167	318
AAEL002279	560	481	499	401	379	365	363	520	435	393	269	534
AAEL020516	5	2	3	1	1	3	8	2	2	0	4	1
AAEL025426	0	0	0	0	8	0	1	0	2	0	1	1
AAEL021775	9	3	8	8	10	13	6	0	11	14	0	13
AAEL002260	1255	816	772	818	652	862	879	1031	1294	858	1121	1542
AAEL019726	419	314	264	205	267	476	527	537	650	435	836	1352
AAEL002275	0	0	0	0	0	0	0	0	0	1	1	0
AAEL020594	0	0	0	0	0	1	0	0	0	1	0	1
AAEL021299	1	0	0	1	0	1	1	0	0	0	0	0
AAEL014276	536	407	416	246	294	388	291	335	327	406	167	641
AAEL004591	158	105	121	72	59	140	157	186	204	156	82	298
AAEL023691	323	398	566	4559	5716	2386	267	200	438	664	1819	2010
AAEL022454	130	71	43	2465	1914	953	59	61	176	161	1177	1298
AAEL004583	2093	1166	1079	1457	1465	1833	2000	2416	2894	1671	2143	2854
AAEL004586	5403	4280	4079	3454	3427	3917	3162	4227	4935	4131	3429	5520
AAEL004592	866	626	617	603	389	865	625	759	852	592	760	1112
AAEL026050	0	0	0	0	0	1	0	0	0	0	0	0
AAEL024992	0	0	0	0	0	0	0	0	0	0	0	0
AAEL028921	1	3	1	0	0	1	6	8	3	6	1	7
AAEL019313	0	0	0	0	0	0	0	0	0	1	0	0
AAEL028047	606	438	531	410	532	405	440	377	537	545	368	592
AAEL004589	4549	3370	3518	2110	2830	3549	3356	5084	4431	3168	4299	7018
AAEL024437	40	33	36	30	67	27	39	35	52	80	36	61
AAEL020512	1950	1324	1911	1344	2385	1718	1811	2786	2166	2080	1921	2564
AAEL004585	278	263	336	184	360	206	281	296	342	500	278	274
AAEL019581	5	1	0	0	0	1	2	0	1	2	0	0
AAEL004590	4	1	1	0	0	0	0	0	0	0	0	1
AAEL004588	83	91	50	42	70	68	49	54	113	45	48	74
AAEL015472	61	8	6	38	2	42	16	17	64	23	23	49
AAEL010107	477	388	388	456	428	381	254	414	369	360	272	461
AAEL014649	466	407	417	368	384	410	253	383	400	316	342	465
AAEL027443	55	36	25	11	21	28	73	29	47	20	62	46
AAEL028828	0	0	0	0	0	0	0	0	0	1	0	0
AAEL028763	0	0	0	0	0	0	0	0	0	0	0	0
AAEL026531	181	150	155	117	91	148	105	169	161	124	146	235
AAEL010110	37	18	16	27	30	30	25	11	18	34	25	17
AAEL015404	980	679	857	2182	2660	1118	803	762	1310	1123	1017	2090
AAEL017132	492	458	363	2240	1875	829	415	630	974	1004	1260	3460
AAEL025559	5	6	3	2	8	3	0	4	5	2	1	13
AAEL010109	1253	924	1262	841	976	738	617	846	713	921	535	1256
AAEL010108	536	287	340	598	579	501	416	391	601	431	487	656
AAEL025513	24	6	5	31	24	37	18	10	18	23	20	9
AAEL022847	17	18	37	17	79	9	19	19	19	26	14	5
AAEL010112	298	177	225	239	288	272	213	232	289	231	219	251
AAEL010097	40050	36411	37331	16736	12822	18790	20921	49148	27987	26006	14553	52285
AAEL010095	1261	867	929	786	933	871	907	2290	1804	2077	933	1600
AAEL010098	13	5	6	24	37	17	6	5	14	11	16	27
AAEL010099	256	149	179	960	1096	995	127	205	315	360	495	627
AAEL024732	154	66	124	37	44	37	205	179	214	117	153	252
AAEL027693	4	2	4	2	0	3	1	0	5	6	4	2
AAEL010105	11	9	4	16	7	27	8	10	9	17	21	24
AAEL010113	26	31	35	5	30	4	32	8	22	14	28	113
AAEL020150	0	1	0	2	0	2	3	1	2	0	2	0
AAEL010102	518	310	339	293	386	387	422	465	665	460	483	524
AAEL026690	4	0	0	0	1	2	1	0	0	1	1	0
AAEL010104	0	0	0	1	0	1	0	0	0	2	0	0
AAEL014240	0	0	0	0	0	0	0	0	0	0	0	0
AAEL014245	0	0	0	0	0	0	2	0	0	0	0	0
AAEL014241	0	0	0	1	0	1	0	0	1	1	1	0
AAEL023083	0	0	0	0	0	0	0	0	0	0	0	3
AAEL025356	0	4	0	1	1	2	0	0	0	2	5	7
AAEL014239	0	0	0	0	0	0	0	0	0	0	0	0
AAEL021871	7	1	0	9	14	16	5	4	8	14	2	9
AAEL021669	0	0	0	0	0	0	0	0	1	0	0	0
AAEL014244	13	29	14	7	36	10	21	13	9	15	9	16
AAEL014246	2891	980	2662	5758	6278	3807	817	3489	2296	2038	1433	2360
AAEL027567	508	360	464	364	343	367	352	569	495	469	397	753
AAEL007988	490	355	488	462	520	468	245	283	357	354	322	460
AAEL008005	525	325	325	425	398	494	368	382	479	388	460	564
AAEL007994	24	27	24	46	76	48	23	31	63	20	32	22
AAEL008006	3091	2205	2806	6101	8833	4681	814	3863	1417	2358	1875	4284
AAEL007996	727	521	304	422	279	522	417	587	668	440	529	876
AAEL008000	1401	955	1184	971	917	866	766	1215	1173	1044	861	1281
AAEL008002	4963	3330	5034	3624	5583	2975	2416	2552	3230	2823	2411	2361
AAEL007990	1024	830	674	907	812	1245	712	1083	1347	756	1063	1138
AAEL007987	35	21	14	12	19	25	9	17	28	10	19	16
AAEL007989	29	8	25	9	0	2	33	34	47	18	42	35
AAEL007986	4969	3262	4165	1894	6215	2777	4307	4860	6235	5456	5058	5845
AAEL007997	63	46	76	77	93	89	103	83	110	86	118	102
AAEL008001	180	75	52	63	114	131	71	85	91	59	92	98
AAEL007998	1	3	3	0	2	0	2	0	2	10	6	10
AAEL007999	1	3	0	4	6	1	0	2	0	6	15	9
AAEL007991	0	0	0	0	4	0	0	1	0	0	1	0
AAEL023174	4	14	20	5	17	11	13	7	22	9	1	14
AAEL008007	1187	501	645	2365	1526	1191	824	783	844	818	1178	1273
AAEL011449	24	17	17	7	9	13	14	17	16	8	23	25
AAEL026740	169	111	107	42	47	45	95	101	107	66	53	50
AAEL011454	144	84	95	80	121	54	81	120	107	89	56	60
AAEL011452	378	370	241	561	1076	694	193	206	311	401	354	518
AAEL011448	524	212	246	1026	810	453	115	194	232	141	241	282
AAEL011460	191	122	156	308	195	122	77	332	164	114	139	280
AAEL011447	59770	39384	49757	46865	80921	44646	39828	24501	44646	33188	33846	28905
AAEL011462	451	324	362	420	466	315	203	338	343	246	274	357
AAEL011463	185	111	120	93	94	89	49	33	53	38	58	89
AAEL011459	175	105	73	77	143	157	128	147	202	118	187	226
AAEL017998	0	0	1	0	1	3	5	0	1	2	0	0
AAEL025322	0	0	0	0	0	0	1	0	0	1	0	0
AAEL026338	28	9	10	13	11	22	15	29	27	23	16	31
AAEL011444	1	0	0	0	0	0	0	0	0	3	6	2
AAEL025945	6	6	2	1	5	4	3	0	0	0	0	1
AAEL013514	0	0	0	0	0	0	0	0	0	0	1	0
AAEL013520	0	0	0	0	0	0	1	0	0	0	0	0
AAEL024556	0	0	0	0	0	1	0	0	0	0	0	0
AAEL013512	0	0	0	0	0	0	0	0	0	2	0	0
AAEL013515	2307	1308	1198	453	840	731	2580	3800	3569	3330	1567	1451
AAEL013513	12	11	9	2	9	6	22	15	19	24	9	6
AAEL024835	1	1	0	0	0	0	0	1	0	0	0	0
AAEL013517	959	547	785	695	996	723	734	516	567	582	573	549
AAEL001735	1	2	2	0	6	6	0	1	8	4	4	4
AAEL001743	0	0	0	0	0	0	1	0	0	0	0	0
AAEL001736	1	0	1	2	0	0	4	3	0	1	0	0
AAEL020725	1	2	1	0	2	2	2	2	1	10	1	3
AAEL001740	553	407	425	400	438	483	309	652	508	338	345	423
AAEL001732	0	3	3	1	1	0	4	107	3	4	4	0
AAEL001745	6	0	3	1	4	1	5	2	4	2	2	1
AAEL001742	1790	1455	1258	831	736	1802	1348	1695	2087	1034	1802	2501
AAEL011192	406	343	447	377	495	418	269	301	331	392	305	443
AAEL001734	142	113	129	61	63	79	271	240	368	192	165	386
AAEL017687	0	0	0	0	0	0	0	0	0	0	0	0
AAEL001748	849	629	683	531	364	573	505	527	666	461	447	679
AAEL017120	30	15	30	18	36	22	22	16	45	34	29	31
AAEL001744	74	105	61	12	62	139	125	122	218	115	138	162
AAEL025915	2679	1293	1371	813	745	1224	2415	3500	3311	2541	2701	3176
AAEL026379	1	0	1	0	0	0	2	7	3	0	0	1
AAEL017098	34075	32853	29255	9087	7991	14020	32347	41539	26730	34239	17675	78043
AAEL028923	4	1	0	0	0	0	7	0	2	6	1	17
AAEL026456	0	0	0	0	0	0	0	0	0	0	0	0
AAEL022798	7	3	6	6	7	4	13	0	11	2	5	4
AAEL001738	255	180	182	254	213	214	140	125	186	126	155	174
AAEL029083	0	0	0	0	0	0	0	0	0	0	0	0
AAEL001747	191	97	184	277	348	259	145	164	220	128	230	207
AAEL001737	348	206	268	335	369	423	271	339	612	192	422	394
AAEL026485	1	1	0	0	0	0	2	0	3	2	1	4
AAEL024442	0	0	0	0	0	0	1	0	0	0	2	0
AAEL018149	120	97	58	32	59	128	202	172	301	177	220	232
AAEL007956	8	7	10	7	16	8	10	12	8	9	11	10
AAEL008354	129	100	57	6	10	57	397	362	525	107	325	388
AAEL028043	36630	23911	32626	33949	50696	32263	25460	15947	29310	25407	21926	21036
AAEL022661	1546	1136	738	599	647	1148	1617	1670	2336	1256	1615	2126
AAEL024334	5	12	1	8	50	12	0	8	15	3	9	18
AAEL024781	5	0	3	52	82	15	3	2	1	15	43	94
AAEL008359	60	30	21	788	713	743	17	22	37	420	871	933
AAEL008355	54	46	10	146	403	133	70	45	103	87	233	230
AAEL008356	2181	1440	1468	1284	1151	1395	1449	1857	1958	1529	1834	2461
AAEL022431	29	14	35	7	7	32	142	96	78	111	71	185
AAEL008360	7	3	1	1	0	6	15	16	13	7	4	20
AAEL021069	4	0	0	0	0	0	1	3	2	1	0	1
AAEL003104	1960	933	1060	2010	2038	2404	1530	2005	2284	1587	1971	2479
AAEL018867	0	0	0	0	0	0	0	0	0	0	0	0
AAEL003093	20	13	35	36	21	8	264	49	40	313	53	494
AAEL003097	297	168	123	114	74	185	632	445	668	362	614	649
AAEL003098	156	134	161	64	99	55	40	31	89	48	53	41
AAEL029008	171	227	260	528	276	231	195	137	192	176	90	214
AAEL003106	2751	2126	2065	1416	1560	2373	2013	2489	2578	1940	2329	3813
AAEL003108	1895	1326	1436	1365	984	1453	1317	1588	1883	1380	1603	2187
AAEL026629	0	0	0	0	0	0	1	0	0	0	0	1
AAEL023076	208	186	165	101	94	122	158	221	227	168	136	298
AAEL019939	5436	3619	3229	2873	2425	5773	5619	5798	6008	4593	5828	10087
AAEL021723	0	0	3	1	0	0	1	0	2	2	1	2
AAEL009351	1226	927	1121	1401	2684	1114	678	619	909	901	763	848
AAEL009356	11	18	16	13	17	20	15	14	21	10	13	22
AAEL014578	454	383	259	251	314	404	271	396	476	314	366	434
AAEL014577	123	66	111	77	123	109	79	97	81	72	67	104
AAEL014576	753	508	609	608	659	572	490	483	656	473	466	557
AAEL024528	3593	2641	2233	1850	1031	2326	2462	3209	3179	2177	2412	3040
AAEL023854	4991	6924	7163	1702	3155	911	971	979	760	1547	737	1423
AAEL020037	0	0	1	0	0	0	2	1	0	0	0	1
AAEL018709	1936	1518	1373	1183	855	1263	1299	1396	1255	1129	1004	1987
AAEL024647	0	0	1	0	0	2	5	4	3	4	2	7
AAEL020926	0	1	0	0	2	0	1	0	0	0	0	0
AAEL017096	181900	122548	111579	130126	151408	158004	135225	95609	192060	84551	156395	134604
AAEL001425	316	217	223	240	260	237	196	152	191	285	163	212
AAEL001423	1995	1443	1447	789	825	745	939	1022	895	1032	660	919
AAEL001426	313	256	246	179	147	224	194	209	324	217	219	287
AAEL001424	384	330	406	310	376	292	295	306	370	404	278	350
AAEL001412	204	143	193	171	218	180	132	121	157	140	109	116
AAEL001400	0	0	0	0	0	0	0	0	0	0	0	1
AAEL001432	20595	15333	19023	12270	12737	11323	7225	14816	11746	12114	8367	14543
AAEL026119	0	0	0	0	0	0	0	0	0	0	0	0
AAEL001397	845	554	510	733	580	863	725	961	1224	689	898	1028
AAEL001407	387	243	232	318	302	333	223	169	259	207	218	218
AAEL022507	5	0	3	0	0	2	8	20	27	1	11	17
AAEL001405	511	373	437	374	464	403	352	379	408	452	324	523
AAEL001411	4472	3417	2381	2452	2588	6662	3455	5598	5346	2861	6307	10078
AAEL001395	652	445	531	383	339	397	462	530	533	431	397	711
AAEL001434	900	827	529	190	271	654	929	806	1159	572	858	808
AAEL027032	0	1	1	0	0	1	3	5	0	1	2	0
AAEL018834	0	0	0	0	0	0	0	0	0	0	0	0
AAEL016132	0	0	0	0	0	0	0	1	2	1	0	0
AAEL016131	0	0	0	0	0	0	0	0	0	0	0	0
AAEL001403	266	215	219	194	277	206	124	202	186	259	228	336
AAEL028185	2170	1574	1559	1251	886	1273	1426	2078	2022	1379	1460	2433
AAEL017059	1969	1458	1708	1273	1631	1225	691	887	1080	938	849	1044
AAEL001421	11783	8506	7825	5605	4552	8264	5701	6622	9299	4146	8163	9469
AAEL017300	282	181	182	120	121	122	311	406	416	220	230	304
AAEL028654	0	0	0	0	0	0	0	0	0	0	0	0
AAEL001435	27	20	28	11	8	19	26	32	42	14	27	31
AAEL001437	11	17	7	1	2	20	22	25	33	18	27	50
AAEL001410	589	446	490	495	348	509	433	631	705	374	516	635
AAEL001422	588	470	467	619	928	556	385	397	462	552	479	696
AAEL026908	8	2	4	1	0	2	2	2	6	3	4	1
AAEL015651	325	287	321	300	363	274	170	219	285	250	200	301
AAEL001438	56	33	28	19	18	45	59	53	81	42	53	79
AAEL001394	276	264	169	284	448	808	365	1123	1010	505	1009	1800
AAEL001396	145	203	263	72	88	79	114	169	203	141	96	213
AAEL001416	1263	1114	875	724	626	1009	837	1234	1214	959	988	1390
AAEL021546	18	17	21	4	2	17	2	0	12	0	3	15
AAEL001399	1002	1101	966	660	575	690	682	1456	1042	821	747	1346
AAEL023787	47	34	36	38	42	43	64	58	62	68	44	56
AAEL016125	0	0	0	0	0	0	0	0	0	0	0	0
AAEL016124	0	0	0	0	0	0	0	0	0	0	0	0
AAEL016123	0	0	1	1	0	0	0	0	1	1	3	3
AAEL016122	0	0	1	0	0	0	0	0	0	0	0	0
AAEL016121	0	0	0	0	0	0	0	0	0	0	0	0
AAEL016120	0	0	0	0	0	0	0	0	0	0	0	0
AAEL016119	0	0	0	0	0	0	0	0	0	0	0	0
AAEL021977	543	396	385	400	360	441	361	476	501	438	441	711
AAEL026079	0	0	0	0	0	0	0	0	0	0	0	0
AAEL001428	2	2	2	4	0	2	6	2	8	6	12	1
AAEL016116	0	0	0	0	0	0	0	0	0	0	0	0
AAEL016115	0	0	0	0	0	0	0	0	0	0	0	0
AAEL016114	0	0	0	0	0	0	0	0	0	0	0	0
AAEL019542	2304	2238	1779	1534	1156	1770	1831	2004	2475	1731	1836	2658
AAEL001414	6309	7025	4510	5196	7771	13958	1600	1495	1722	1247	4994	5814
AAEL001420	6436	5635	5023	5599	6027	11297	3008	2587	5516	1356	8196	7009
AAEL001417	95	98	103	161	382	87	81	114	158	71	206	165
AAEL001401	4856	5167	5116	4965	6456	5045	1932	1968	2429	1769	4000	6379
AAEL001402	3279	3766	3577	2374	3829	4858	1370	1188	1908	1118	4046	6136
AAEL016111	0	0	0	0	0	0	0	0	0	0	0	0
AAEL018835	0	0	0	0	0	0	0	0	0	0	0	0
AAEL028871	0	0	0	0	0	0	1	0	0	0	0	0
AAEL016108	0	0	0	0	0	0	0	1	0	0	0	1
AAEL016107	0	0	0	0	0	0	0	0	0	1	0	0
AAEL027950	0	0	0	0	1	0	0	0	0	0	0	0
AAEL023677	7	0	7	2	4	2	1	0	5	3	0	2
AAEL009211	17	2	7	16	13	5	3	6	4	6	8	1
AAEL009214	4607	3329	5655	4293	5795	3139	1122	1107	1119	1687	1813	2688
AAEL009213	257	203	140	172	193	269	201	199	290	209	294	316
AAEL024235	2576	1569	1539	1588	1231	2249	2824	3452	3826	2519	3548	6132
AAEL018733	0	0	0	0	0	0	0	0	0	0	0	0
AAEL020128	73	89	53	5	14	38	186	135	228	105	129	74
AAEL006224	1647	1154	1685	2015	2306	1364	1145	1304	1382	1176	1083	1491
AAEL006221	495	327	453	452	476	452	288	359	447	368	261	377
AAEL006211	1148	904	697	496	261	588	771	1137	752	552	501	967
AAEL025439	0	0	0	0	0	0	0	0	0	0	0	0
AAEL006227	235	194	168	212	246	216	157	180	283	141	197	219
AAEL006216	455	293	205	43	71	142	751	797	1064	410	535	442
AAEL006214	40	25	27	23	37	31	28	32	42	26	42	59
AAEL020929	429	359	409	338	460	329	276	383	334	340	289	486
AAEL027310	1	0	0	0	0	0	0	0	0	0	0	0
AAEL006226	1169	760	1004	746	752	735	809	796	853	1062	745	1176
AAEL006219	44	37	21	14	14	23	39	16	30	54	40	93
AAEL011305	5	11	8	2	10	2	14	6	14	11	23	15
AAEL024532	25	18	3	65	35	49	50	6	55	93	219	281
AAEL021586	4	6	12	7	2	4	5	5	12	4	15	15
AAEL027202	4	3	4	1	0	0	4	1	5	2	7	13
AAEL026020	0	0	0	0	0	0	0	0	0	0	0	0
AAEL020710	0	1	3	1	2	3	0	1	3	0	0	1
AAEL020401	22	9	20	18	18	25	29	18	42	40	54	76
AAEL012633	66	20	34	22	24	28	105	79	104	90	46	135
AAEL020890	26	19	3	135	168	176	13	4	16	73	116	133
AAEL024237	53	20	19	127	120	168	40	41	49	120	142	168
AAEL026985	2	1	8	0	0	3	2	5	6	5	0	0
AAEL012635	118	51	88	329	254	416	58	60	62	158	154	309
AAEL012634	8	1	1	1	2	7	13	10	11	8	25	44
AAEL012636	372	179	254	386	633	565	122	23	23	239	186	749
AAEL012632	1222	805	843	1169	1344	1295	589	1161	1211	654	1058	1346
AAEL012637	1391	1119	929	814	659	1147	811	1251	1316	706	988	1172
AAEL014318	2015	1323	1234	1013	1112	1626	1478	10833	5363	2773	2109	3099
AAEL026765	2	0	13	1	3	0	5	15	3	14	4	6
AAEL024066	5	5	6	1	2	1	2	6	2	4	1	5
AAEL014317	394	318	234	196	325	383	319	290	368	523	396	638
AAEL024639	0	0	0	0	0	0	0	0	0	0	0	0
AAEL014314	514	432	496	358	396	393	302	493	385	350	283	549
AAEL014315	490	355	393	624	936	549	491	517	803	596	540	566
AAEL014316	127	82	69	34	40	84	213	220	282	191	184	296
AAEL025326	26	0	1	5	0	2	10	0	0	1	1	9
AAEL027526	0	0	1	0	0	0	0	0	0	0	0	1
AAEL018121	0	2	0	0	0	1	3	3	1	0	0	0
AAEL000722	142	175	205	213	284	184	131	143	99	183	149	176
AAEL000746	4356	3815	4951	3104	3952	2484	1871	2437	2149	2356	1832	2870
AAEL000721	20	15	19	33	41	37	33	30	51	40	45	88
AAEL020731	4	1	3	2	12	2	8	0	2	6	3	44
AAEL024347	7	7	4	0	4	1	2	0	2	4	4	5
AAEL000750	1380	1066	942	900	672	846	841	1031	1150	940	882	1520
AAEL000724	327	196	229	280	326	245	174	197	292	238	211	240
AAEL000729	244	313	140	53	65	172	477	453	740	171	467	512
AAEL028175	43	16	62	14	35	8	17	55	7	29	6	28
AAEL000726	909	803	1023	432	1019	832	431	1114	766	585	563	574
AAEL018813	0	0	0	0	0	0	0	0	0	0	0	0
AAEL027992	0	0	0	0	0	0	0	0	0	0	0	0
AAEL000732	25	40	27	13	44	46	28	58	60	37	27	27
AAEL000748	0	1	0	0	0	1	0	0	3	0	0	0
AAEL000723	34	4	18	16	21	33	14	20	34	27	22	28
AAEL016055	0	0	0	0	0	0	0	0	0	0	0	0
AAEL028711	0	0	0	0	0	0	0	0	0	0	0	0
AAEL028914	0	0	0	0	0	0	0	0	0	0	0	0
AAEL028931	0	0	0	0	0	0	0	0	0	0	0	0
AAEL018814	0	0	0	0	0	0	0	0	0	0	0	0
AAEL000733	48	42	26	43	103	58	41	62	68	61	42	34
AAEL019582	1293	855	911	845	854	822	829	977	1112	867	866	1044
AAEL022848	0	0	0	6	0	1	1	0	0	1	1	0
AAEL000744	1310	733	825	1115	1077	1291	1334	1603	1932	1662	993	1766
AAEL000735	362	226	438	392	298	279	166	340	260	222	159	333
AAEL000751	1	0	0	0	1	0	1	0	2	0	0	0
AAEL000747	1170	975	905	469	327	776	845	1077	886	722	607	1289
AAEL028934	0	0	0	0	0	0	0	0	0	0	0	0
AAEL000725	0	0	0	0	0	0	4	0	0	1	1	4
AAEL023968	0	1	2	0	0	0	1	3	0	1	2	2
AAEL000730	2319	1820	1684	1679	1125	1961	1282	1970	1941	1324	1625	2447
AAEL020423	8	14	8	20	24	15	9	17	7	16	11	13
AAEL018120	1635	1346	1076	681	513	1187	2135	2069	2683	1312	1909	2366
AAEL028122	1	1	0	0	0	0	0	0	0	1	0	1
AAEL019423	1493	1116	961	699	430	1053	1106	1547	1492	1031	1106	1993
AAEL000739	2713	2388	2423	1776	1259	1766	1957	1761	2005	2310	1820	2469
AAEL027087	128	112	108	97	101	87	125	166	123	155	92	189
AAEL023348	587	267	319	96	74	215	596	1121	739	355	531	1085
AAEL022338	6	1	2	1	0	2	6	12	4	3	1	6
AAEL028753	0	0	0	0	0	0	0	0	1	3	0	0
AAEL018879	0	0	0	0	0	0	0	0	0	0	0	0
AAEL016102	0	0	0	0	0	0	0	0	1	1	0	0
AAEL016101	0	0	0	0	0	0	0	0	0	0	0	0
AAEL016100	0	0	0	0	0	0	0	0	0	0	0	0
AAEL016099	1	0	0	0	0	0	0	0	0	0	0	0
AAEL016098	0	0	0	0	0	0	0	1	0	0	0	1
AAEL023481	136	127	138	204	303	170	78	100	157	116	138	165
AAEL025731	9	13	11	15	26	23	13	18	18	23	25	26
AAEL021336	0	0	0	0	0	0	0	1	0	0	0	2
AAEL001333	2	2	0	1	0	0	3	7	4	8	3	5
AAEL001326	141	104	111	141	217	146	76	106	103	77	77	95
AAEL026598	0	3	0	0	1	0	0	0	2	0	0	0
AAEL023792	1	1	0	0	0	3	1	0	2	2	0	0
AAEL022382	58	39	70	19	34	45	47	45	50	67	41	83
AAEL001356	2023	1191	1313	1044	1194	1343	1358	1920	2016	1434	1518	2305
AAEL001341	242	131	224	229	240	246	145	185	192	185	150	212
AAEL026336	0	0	0	0	0	0	0	0	0	0	0	0
AAEL001343	25	9	10	8	8	12	73	36	57	61	34	66
AAEL027407	1	0	1	0	3	0	11	1	7	4	0	1
AAEL023709	4	0	1	0	0	0	8	0	5	1	0	0
AAEL001355	355	219	271	222	295	266	257	375	278	381	262	341
AAEL001328	1369	1226	1229	2067	3023	1292	654	511	770	765	1607	1510
AAEL023926	5	9	4	13	21	10	6	2	4	3	10	13
AAEL001358	83	40	67	138	222	196	76	58	83	110	165	144
AAEL001346	85	58	59	127	123	81	101	107	132	88	241	143
AAEL001325	255	217	178	1175	1184	297	139	320	280	217	669	921
AAEL025598	0	0	0	3	3	0	3	1	0	0	1	50
AAEL026266	2	1	1	0	0	0	2	0	3	1	0	2
AAEL019936	972	562	645	413	251	404	538	925	649	600	566	889
AAEL007466	336	358	327	246	317	336	203	275	251	272	209	269
AAEL027014	1	3	0	0	1	2	6	0	0	0	2	2
AAEL007462	731	499	624	580	625	493	409	480	432	480	422	623
AAEL007473	737	457	484	290	546	364	512	675	986	609	519	418
AAEL019884	83	86	103	49	50	64	55	74	98	80	58	80
AAEL023657	439	301	395	271	341	317	199	238	308	185	332	473
AAEL019885	3721	2664	2420	1216	1087	2996	3630	4769	4868	2354	3492	6017
AAEL020883	1	0	1	0	0	2	0	0	2	0	0	0
AAEL007472	281	218	282	224	270	185	135	191	215	181	189	212
AAEL022524	0	2	0	0	0	1	1	2	0	0	0	0
AAEL014830	526	893	883	141	236	358	522	757	1023	236	360	193
AAEL013554	184	320	485	30	48	35	45	39	34	23	44	50
AAEL013556	15	6	5	1	0	6	8	11	5	4	9	9
AAEL014019	223	299	437	289	396	174	184	431	393	162	175	428
AAEL014021	424	296	370	263	300	309	309	376	494	339	385	536
AAEL014022	350	307	150	67	47	345	547	645	813	410	644	1087
AAEL025392	0	1	1	3	1	0	2	0	1	3	1	1
AAEL014020	10	5	0	1	2	3	2	4	13	3	2	5
AAEL014018	1	2	0	0	3	1	3	3	4	1	0	2
AAEL006539	970	493	602	537	632	920	560	705	891	556	715	844
AAEL006560	1428	1161	1196	695	713	832	598	604	739	719	664	1093
AAEL006552	2572	1900	1583	561	660	2083	1756	2506	2503	1461	2178	3526
AAEL006550	1325	733	928	870	975	938	841	882	1062	1028	881	1167
AAEL006538	1355	830	738	467	676	937	949	915	1183	735	929	997
AAEL025065	1554	1190	1081	1083	1167	1653	1468	1717	2363	1135	1692	2021
AAEL006548	114	81	133	95	107	64	96	109	89	100	71	106
AAEL006556	591	487	651	274	347	188	411	794	400	662	261	910
AAEL017516	115338	71764	82938	96539	138918	87558	75674	62902	99900	60117	74983	62516
AAEL006540	0	1	0	0	1	0	1	0	0	0	0	0
AAEL006541	3	3	2	2	2	5	7	5	11	5	2	7
AAEL023847	36	25	11	17	11	51	18	22	37	14	13	34
AAEL022483	0	0	0	0	0	0	0	0	0	0	0	0
AAEL020312	0	0	0	0	0	0	2	1	0	0	0	0
AAEL006536	33	30	13	27	51	45	20	27	50	34	24	33
AAEL026791	669	602	663	600	614	579	436	637	764	550	588	677
AAEL006537	45	33	52	68	145	58	59	40	100	68	48	41
AAEL006564	3281	2385	2477	2647	2129	3310	2428	2837	3723	2481	2995	3925
AAEL006547	323	220	288	230	257	219	185	216	218	267	165	309
AAEL006566	347	328	370	342	434	343	267	201	285	338	231	299
AAEL006557	672	570	625	768	1014	798	455	465	590	571	486	734
AAEL006551	471	312	381	341	384	409	372	320	422	402	316	496
AAEL006553	209	126	211	113	228	149	133	140	121	128	126	198
AAEL006543	607	296	365	236	246	241	282	886	588	433	332	660
AAEL027525	1	0	0	0	0	0	0	0	0	1	0	0
AAEL006542	13469	10166	13131	5375	7041	3692	1681	364	507	679	772	3667
AAEL006563	124078	104684	147292	14701	32364	4897	49532	10878	4114	38109	32626	107488
AAEL006549	910	527	613	696	712	734	437	505	672	469	595	644
AAEL018119	748	691	564	260	327	693	536	638	763	570	584	1164
AAEL019934	1768	1359	1232	895	604	1248	1380	1461	1794	1420	1294	2221
AAEL001241	118	149	105	155	176	132	120	165	141	188	81	119
AAEL024048	0	0	1	1	0	0	0	0	0	0	0	0
AAEL026179	1	0	4	0	0	0	35	16	10	14	20	21
AAEL025178	0	0	0	0	0	0	1	0	0	0	0	0
AAEL015638	0	0	0	0	0	0	0	0	0	0	0	0
AAEL001232	1705	1224	1091	3574	3457	3750	676	823	878	1482	4141	6879
AAEL001244	1297	1056	844	744	655	1207	1113	1402	1351	930	1232	1639
AAEL026583	0	0	1	0	0	0	3	2	3	1	1	3
AAEL023612	0	0	0	0	0	0	0	1	1	0	0	0
AAEL019705	104	58	82	85	89	106	94	103	163	130	81	145
AAEL013571	2269	1639	1414	2393	2799	2906	1341	1910	2108	2210	2621	3788
AAEL027126	0	1	2	0	0	5	10	1	14	7	9	25
AAEL013570	82	102	110	91	230	295	114	203	193	93	134	245
AAEL021945	6	3	8	5	4	6	0	4	7	7	9	4
AAEL013267	301	127	140	210	280	290	334	319	521	452	271	218
AAEL020690	128	82	121	101	280	136	125	117	131	163	111	107
AAEL020445	33	16	10	13	21	7	25	16	34	4	33	22
AAEL018699	1257	906	697	620	744	1047	1367	1549	2079	1081	1429	1852
AAEL020827	411	281	272	159	83	212	479	551	514	421	397	681
AAEL022320	345	339	272	218	266	249	324	375	370	324	281	542
AAEL011050	605	391	416	537	624	434	324	377	446	370	365	495
AAEL011048	648	425	488	652	610	579	618	559	766	551	625	577
AAEL027426	6	14	7	18	18	17	16	7	32	10	30	9
AAEL011054	252	205	239	217	275	205	181	185	157	210	170	230
AAEL011052	282	225	226	229	270	233	195	173	201	185	182	204
AAEL011049	955	737	591	522	432	795	584	834	946	472	754	837
AAEL011051	2087	1563	1162	638	967	2580	1729	2580	2595	1411	2530	3452
AAEL021818	0	0	0	0	0	0	2	0	0	0	0	0
AAEL011057	293	238	245	180	208	218	103	222	244	141	193	215
AAEL011055	3275	1954	1999	2811	3613	2296	2175	2998	3944	1978	2451	2014
AAEL025376	282	215	160	156	161	283	127	271	266	132	222	247
AAEL011053	55	22	23	40	38	30	17	40	22	26	26	68
AAEL005316	14	13	11	20	45	9	4	16	8	10	10	15
AAEL027634	0	4	3	3	7	9	5	2	6	10	3	7
AAEL020452	2400	1779	1018	1259	1009	2938	4546	5827	6664	1634	3085	3733
AAEL024193	1	0	0	0	0	0	7	7	7	0	3	13
AAEL026594	0	0	0	0	0	0	4	2	2	1	6	12
AAEL022962	1	0	0	0	0	0	2	9	7	0	1	8
AAEL019618	2899	1240	1179	1830	2425	4285	4654	5014	4137	2693	2866	6230
AAEL019451	2551	1485	1206	1061	1082	1938	3733	4652	4766	2267	2453	3739
AAEL018869	0	0	0	0	0	0	0	0	0	0	0	0
AAEL016366	0	0	0	0	0	0	0	0	0	0	0	0
AAEL020585	0	0	0	0	0	0	0	0	0	0	0	0
AAEL018703	829	401	342	305	281	587	744	951	1157	490	550	756
AAEL016367	0	0	0	0	0	0	0	0	0	0	0	0
AAEL005329	1230	710	751	464	468	834	1080	1832	1718	1179	1257	999
AAEL005312	4382	3678	4013	3421	3289	2765	3857	2942	3190	4428	2613	6091
AAEL005326	124	111	93	92	114	104	108	113	102	125	63	170
AAEL020936	924	724	628	525	867	740	558	814	1029	748	1171	1217
AAEL024460	347	395	558	488	678	281	117	85	125	167	391	534
AAEL024562	3014	2849	2959	2327	1751	1942	2053	2733	2516	2399	1410	3737
AAEL021795	971	544	406	13789	20530	20182	183	603	523	909	2968	3650
AAEL026008	880	612	473	5370	6501	6475	207	376	507	1140	3279	3524
AAEL026833	386	241	315	2619	2600	2441	181	208	390	858	1890	1949
AAEL022334	767	332	460	6057	5408	4723	508	468	1535	3632	8950	6522
AAEL005322	4	9	6	3	2	2	11	5	5	5	3	9
AAEL005315	168	135	163	48	89	290	267	180	687	227	567	383
AAEL028119	651	401	402	466	502	562	400	918	688	573	713	1262
AAEL013942	436	309	407	490	470	361	249	225	274	291	255	379
AAEL013940	950	870	691	559	468	768	560	992	842	529	604	1036
AAEL014549	477	341	385	643	970	663	208	377	399	354	495	863
AAEL025567	1883	1800	1792	1219	2071	1149	860	906	1166	1263	993	1202
AAEL014546	473	331	354	409	382	370	287	308	401	265	295	361
AAEL021473	2380	1913	1593	1858	1649	2655	1817	2181	3451	1443	2016	2159
AAEL014550	141	88	116	59	36	105	122	187	201	116	154	205
AAEL005874	1514	1002	874	1089	1118	1657	1020	1184	1517	1059	1309	2522
AAEL024796	644	586	417	259	317	756	724	741	1030	405	709	980
AAEL027832	164	137	108	71	26	161	228	236	275	135	233	345
AAEL027728	47	46	31	9	6	36	59	52	82	25	37	85
AAEL023898	511	304	264	107	37	265	959	686	774	498	569	1153
AAEL027381	0	0	0	0	0	0	0	0	0	0	0	0
AAEL019742	563	327	265	307	264	564	495	703	939	461	727	886
AAEL026695	1	1	0	0	0	0	0	1	0	0	0	0
AAEL005884	548	382	443	470	515	490	282	329	308	349	312	523
AAEL005890	1413	1147	1469	895	1054	876	829	982	853	1410	683	1683
AAEL005888	469	343	371	242	138	250	311	510	396	367	268	518
AAEL017042	929	849	778	709	904	844	466	463	611	539	818	1197
AAEL005879	1815	1272	1214	1778	1413	2090	1645	3241	2955	2455	2628	3590
AAEL005882	244	157	172	266	193	380	141	148	164	162	190	347
AAEL023543	594	422	463	598	623	594	315	336	319	439	368	631
AAEL024750	10	5	5	13	8	8	2	2	17	12	9	6
AAEL023890	3	0	1	1	1	0	2	2	1	0	1	0
AAEL019757	44	36	44	23	49	50	72	65	94	53	47	82
AAEL027234	0	2	0	0	0	1	0	0	0	0	0	0
AAEL008292	234	185	186	401	461	355	123	331	212	160	247	539
AAEL020419	1	0	0	1	0	0	2	0	0	0	0	0
AAEL008291	1564	1108	1592	2885	3665	2524	821	751	1065	1192	1646	2092
AAEL008289	973	842	631	341	643	975	1140	1289	1977	1051	979	1327
AAEL008286	43	46	62	170	253	167	19	11	27	20	90	315
AAEL008285	63	13	26	41	70	55	51	48	49	58	36	39
AAEL028680	0	0	0	0	0	0	0	0	0	0	0	0
AAEL008293	1	0	0	0	0	0	0	0	0	0	0	0
AAEL008294	0	0	0	1	0	0	0	0	1	0	0	0
AAEL008284	0	0	0	0	0	0	0	0	0	0	0	0
AAEL008288	0	0	0	0	0	0	0	0	0	0	0	0
AAEL008295	0	0	0	0	0	0	0	0	0	0	0	0
AAEL008290	0	0	0	0	0	0	0	0	1	1	0	0
AAEL014520	32	33	19	21	28	27	37	38	79	20	63	81
AAEL022696	0	0	0	0	0	1	0	0	0	1	0	0
AAEL026277	24	10	9	9	18	19	12	1732	802	572	12	13
AAEL014519	667	430	540	247	172	400	599	657	610	457	504	872
AAEL023846	1	1	1	1	1	1	1	0	0	0	1	1
AAEL024847	4	6	1	3	3	11	5	6	5	1	1	5
AAEL009731	797	555	469	516	568	747	650	506	875	392	631	452
AAEL009733	1447	1442	842	511	812	2146	1149	1649	2012	970	1986	2510
AAEL009736	290	284	152	17	63	165	297	259	296	115	271	414
AAEL016712	0	0	0	0	0	0	0	0	0	0	0	2
AAEL016711	0	0	0	0	0	0	0	0	0	0	0	0
AAEL023151	1042	763	691	935	809	1396	714	835	1208	518	912	764
AAEL009734	207	146	170	345	588	220	68	116	122	79	133	201
AAEL009735	94	46	58	219	325	290	79	78	130	52	178	223
AAEL027226	0	0	0	0	0	0	0	0	0	0	0	0
AAEL019668	2093	1535	1333	1078	863	1853	1629	2260	2258	1399	1480	2254
AAEL022730	0	1	0	1	0	0	0	1	0	4	0	0
AAEL025106	4	0	1	4	2	3	1	0	1	3	1	0
AAEL019780	4910	3964	3573	3857	5647	3142	1469	1450	2081	1685	1968	2188
AAEL005276	980	646	630	597	379	810	572	752	758	587	869	1406
AAEL005269	13232	7792	10337	11188	16287	9070	6866	7643	10640	7579	7483	6736
AAEL005258	285	211	252	377	494	396	176	222	222	290	289	453
AAEL005262	1524	1085	1131	1013	1176	1343	1153	1983	1810	1607	1361	1980
AAEL005270	2668	1689	1200	3774	3544	4022	1313	1616	2246	3101	1536	1892
AAEL005259	291	232	218	367	447	304	257	285	354	330	348	381
AAEL026671	905	550	580	498	357	557	628	762	814	635	614	740
AAEL005273	72	52	51	55	70	62	26	56	78	63	78	82
AAEL005277	3422	2929	2379	1622	1842	3328	2190	3204	3928	1756	2664	3291
AAEL005263	346	274	332	387	470	437	260	283	338	252	298	295
AAEL005256	1734	1350	1266	807	532	936	1359	1561	1455	1255	995	2318
AAEL020475	0	0	0	0	0	0	1	0	1	0	0	0
AAEL025545	2	0	1	0	1	1	0	2	2	2	0	1
AAEL005255	717	656	326	87	133	647	1636	2463	2408	720	1376	1215
AAEL028991	0	0	0	0	0	0	0	0	0	0	0	0
AAEL025492	1	0	0	0	0	0	14	3	5	4	1	3
AAEL029010	428	255	327	424	726	347	354	329	370	349	469	615
AAEL022351	3	7	17	6	7	8	8	7	12	13	6	15
AAEL025226	845	659	596	329	271	732	744	792	866	523	758	1039
AAEL022836	2	3	3	5	4	1	4	7	7	2	3	5
AAEL004897	157	120	133	22	37	73	95	162	144	77	88	138
AAEL004899	115	63	118	60	135	143	77	96	99	109	94	51
AAEL004894	1	1	5	1	9	2	3	6488	2638	3060	18	246
AAEL015288	1	1	2	7	1	3	3	5829	2391	3146	5	27
AAEL021762	7	4	2	2	8	2	0	2198	1010	1052	8	12
AAEL004914	866	774	966	677	993	660	396	733	673	609	399	635
AAEL021426	6	2	4	9	0	1	1	2	2	0	0	6
AAEL004900	645	533	509	713	727	789	443	401	518	392	528	651
AAEL004898	29	28	11	17	31	12	21	37	39	26	26	39
AAEL004907	0	0	1	0	2	7	2	1	2	2	0	1
AAEL026370	0	0	0	0	0	0	0	0	0	0	0	0
AAEL020456	56	11	33	3	6	15	107	108	97	86	125	116
AAEL024071	18	0	0	0	0	0	11	1	8	6	5	7
AAEL004913	1235	1005	791	507	481	1242	1027	1522	1690	810	1242	1566
AAEL004896	362	237	307	259	260	307	180	240	352	182	288	290
AAEL023213	0	0	0	0	0	0	0	0	1	0	0	3
AAEL026590	3	0	0	3	0	3	6	2	6	2	1	7
AAEL004905	1035	852	779	388	325	562	872	1095	1035	686	903	1175
AAEL023162	16	5	13	26	19	13	21	11	17	17	17	25
AAEL004910	251	169	198	198	176	170	210	176	199	218	184	300
AAEL027466	0	0	0	0	0	0	0	0	0	0	0	0
AAEL004902	1912	1374	1364	1359	1863	2862	1415	1934	2197	1639	2534	3885
AAEL004911	1134	964	807	762	676	1045	687	997	1128	576	867	943
AAEL004916	499	465	340	310	216	539	373	551	537	374	440	790
AAEL004915	0	0	0	0	0	0	0	0	0	0	0	0
AAEL021685	1	0	0	0	0	2	0	0	0	0	0	0
AAEL023331	0	0	0	0	0	0	0	0	0	0	0	0
AAEL027563	0	0	0	0	0	0	0	0	0	0	0	0
AAEL020662	0	0	0	0	0	0	5	2	3	2	0	0
AAEL028704	0	0	0	0	0	0	0	0	0	0	0	0
AAEL018724	0	0	0	0	1	0	0	0	0	0	0	0
AAEL027655	20	14	15	25	30	35	57	20	10	63	35	81
AAEL027862	6	2	4	2	1	1	0	6	0	2	5	3
AAEL018784	0	0	0	0	0	0	0	0	0	0	0	0
AAEL026557	0	0	0	0	0	0	0	0	0	0	0	0
AAEL025790	0	0	0	0	0	0	0	0	0	0	0	0
AAEL025098	0	1	0	3	1	7	2	0	2	0	3	0
AAEL000283	11	12	7	3	5	7	1	3	3	5	7	0
AAEL025654	1	1	1	0	0	0	0	0	0	1	0	0
AAEL000269	4114	2692	2248	2716	3845	4327	4016	2568	5967	2258	3784	2207
AAEL000282	227	162	137	93	106	134	123	270	238	161	203	371
AAEL022494	0	0	2	0	1	0	0	0	0	0	0	0
AAEL000257	630	508	506	488	502	577	377	556	608	413	454	603
AAEL018011	77	75	42	97	90	72	25	61	88	64	97	170
AAEL000266	31	10	3	3	3	6	58	49	67	37	38	74
AAEL018854	0	0	0	0	0	0	0	0	0	1	0	0
AAEL026994	1525	1289	1060	555	378	1178	1107	2105	1928	770	1184	1851
AAEL023802	0	0	0	0	0	0	0	0	0	0	0	0
AAEL000281	125	62	57	54	46	68	70	65	90	84	91	190
AAEL028774	0	0	0	0	0	0	0	0	0	0	0	0
AAEL028778	0	0	0	0	0	0	0	0	0	0	0	0
AAEL016028	0	0	0	0	0	0	0	0	0	0	0	0
AAEL028893	0	0	0	0	0	0	0	0	0	0	0	0
AAEL029001	0	0	0	0	0	0	0	0	0	0	0	0
AAEL016032	0	0	0	0	0	0	0	0	0	0	0	0
AAEL016033	0	0	0	0	0	0	0	0	0	0	0	0
AAEL016035	0	0	0	0	0	0	0	0	0	0	0	0
AAEL000288	337	411	200	27	79	335	531	514	929	374	694	792
AAEL021680	2	0	0	0	0	0	1	0	0	0	0	0
AAEL000284	172	180	140	150	161	232	109	114	191	127	152	135
AAEL000293	14347	10844	11418	7325	6465	8485	5459	7786	9668	5105	6851	8255
AAEL023685	1	1	0	0	0	1	4	4	1	1	5	0
AAEL000267	203	166	163	124	143	142	136	113	163	158	140	136
AAEL000271	1831	1336	1508	7089	10255	7993	958	1269	1335	1381	6385	5500
AAEL012756	4011	2932	2586	1673	1348	2687	3410	3369	3869	2336	3377	4653
AAEL012751	3904	2801	2278	1468	1209	3351	3031	3763	4455	2330	3426	4010
AAEL012755	1	0	0	1	0	0	7	6	4	6	3	6
AAEL028005	35	27	30	323	426	266	29	18	37	262	408	621
AAEL023114	34	24	27	7	12	17	10	8	28	12	12	12
AAEL012510	989	669	768	962	1167	1057	584	761	817	793	894	1194
AAEL012503	1114	787	801	665	667	822	773	862	1150	656	860	921
AAEL012514	1219	1000	941	925	825	1204	731	1061	1271	624	992	920
AAEL012515	998	645	734	1044	958	950	461	706	676	760	762	1071
AAEL012511	1620	1220	1884	1139	1862	967	509	438	495	746	532	869
AAEL022592	0	1	4	1	6	3	0	0	1	0	2	0
AAEL024853	2637	1876	1874	2327	2201	2576	1572	1923	2686	1643	2054	2023
AAEL012508	1083	835	726	771	619	914	655	930	1147	685	787	957
AAEL012509	1792	1364	1200	1366	2499	1053	740	794	1143	528	1380	1129
AAEL018241	166	150	91	171	140	1469	775	302	1188	1221	2638	6480
AAEL012513	834	523	498	676	729	732	692	719	748	758	805	920
AAEL020224	0	0	0	0	0	0	0	0	0	0	0	0
AAEL024109	0	0	0	0	1	0	0	0	0	0	0	1
AAEL004657	832	567	662	727	787	1064	658	715	742	916	1313	1806
AAEL004661	1830	1270	1620	1851	1936	1736	766	1054	1128	988	1588	2106
AAEL004662	200	174	159	241	405	193	147	122	160	207	194	290
AAEL004684	14	20	33	0	1	6	11	3	8	3	3	2
AAEL004682	590	514	481	536	741	646	392	456	501	593	354	627
AAEL018326	845	577	630	1631	1543	1129	325	392	345	531	674	1082
AAEL007220	11	10	10	2	4	14	17	14	8	4	6	24
AAEL007208	177	66	91	22	10	89	390	170	324	224	391	153
AAEL007218	805	379	543	615	554	573	586	700	654	595	530	858
AAEL007200	16	9	7	0	0	3	19	26	33	22	26	38
AAEL007206	542	289	334	396	375	696	338	438	422	303	681	848
AAEL026036	0	0	0	0	0	0	0	0	0	0	0	0
AAEL002493	574	409	532	426	528	438	312	397	430	382	270	405
AAEL002463	1643	1354	974	523	476	1640	1789	2141	2681	1283	1731	2190
AAEL010877	679	631	670	360	360	481	742	978	765	765	544	1107
AAEL002483	994	746	897	662	632	623	627	407	644	580	601	848
AAEL018848	0	0	4	2	0	0	0	1	0	1	0	0
AAEL002486	419	427	343	304	354	499	296	397	484	283	398	389
AAEL016207	0	0	0	0	0	0	0	0	0	0	0	0
AAEL020103	0	0	0	0	0	0	0	1	2	0	0	1
AAEL002487	2370	1652	1754	1032	1066	1368	1730	1463	2389	1467	1424	2504
AAEL026103	0	0	0	0	0	0	0	0	0	0	0	0
AAEL028041	0	0	0	0	0	2	0	0	1	0	1	1
AAEL027733	0	0	0	0	0	0	0	0	0	0	0	0
AAEL002465	729	434	547	442	489	526	521	510	729	436	580	752
AAEL024036	0	0	0	0	0	0	0	0	0	1	0	1
AAEL024570	800	690	504	342	231	872	765	1168	1135	555	964	1257
AAEL002462	317	214	215	198	210	212	200	228	221	234	184	317
AAEL019645	151	176	151	47	88	213	176	195	225	131	187	204
AAEL019644	393	412	315	205	195	473	343	359	475	312	382	517
AAEL023280	63	94	60	17	50	99	73	58	116	57	81	114
AAEL022941	1323	797	911	857	1132	1126	964	1020	1466	753	931	891
AAEL002467	8549	1323	2014	58197	72468	76449	203	58	285	8452	37800	38800
AAEL002481	33	44	53	86	20	88	67	68	173	45	113	98
AAEL021027	85	92	74	420	467	411	25	57	69	104	257	587
AAEL002490	3	27	8	20	29	19	5	0	2	4	15	17
AAEL015606	710	794	1491	566	930	881	280	30	48	206	877	3021
AAEL021789	29	10	24	11	7	25	111	91	89	67	86	119
AAEL004798	21475	9510	4813	43032	63596	69986	15203	10967	20235	18944	33759	33045
AAEL019002	0	0	0	0	0	0	0	0	0	0	0	0
AAEL022439	0	0	0	0	0	0	0	0	0	0	0	0
AAEL018070	0	0	0	0	0	0	0	0	0	0	0	0
AAEL008619	1388	881	1204	680	1720	1194	1258	1448	1522	1295	1365	1149
AAEL008620	4088	3901	4700	2174	2667	3966	1542	635	1102	1974	3616	5212
AAEL017505	1	1	0	2	0	1	2	2	2	0	2	1
AAEL027296	1	1	2	0	0	0	4	3	3	2	4	7
AAEL028838	0	0	0	0	0	0	0	0	0	0	0	0
AAEL028792	0	0	0	0	0	0	0	0	0	0	0	0
AAEL011500	301	215	248	511	577	687	210	120	229	264	304	449
AAEL011505	1534	1110	1179	935	582	1101	1278	1182	1318	1141	1180	2051
AAEL011502	651	496	447	414	429	523	366	462	556	349	405	509
AAEL011506	182	109	120	62	67	109	320	220	245	239	157	274
AAEL011501	1	2	5	2	2	7	2	1	2	1	1	6
AAEL011504	12	24	3	6	2	2	10	13	10	10	9	8
AAEL007739	1	4	2	1	3	4	3	2	3	1	2	3
AAEL007730	5	9	5	3	5	4	10	7	5	4	5	6
AAEL007729	703	444	497	570	435	498	406	635	685	508	432	581
AAEL012539	838	671	621	485	433	703	765	1010	1035	931	804	1535
AAEL012538	275	314	224	367	242	192	94	113	124	75	174	573
AAEL024482	361	172	222	1084	1194	809	262	319	429	500	878	1036
AAEL027268	2	2	2	0	0	3	0	0	0	2	0	0
AAEL027976	5	1	4	1	4	3	4	2	3	5	1	3
AAEL013565	1187	870	950	867	704	879	700	1097	1004	669	833	1199
AAEL016819	0	0	0	0	0	0	0	0	0	0	0	0
AAEL016817	0	0	0	0	0	0	1	0	0	0	0	0
AAEL016816	0	0	0	0	0	0	0	0	0	0	0	1
AAEL018950	0	0	0	0	0	0	0	0	0	0	2	0
AAEL018949	0	0	0	0	0	0	0	0	0	0	0	0
AAEL016813	0	0	0	0	0	0	0	1	0	0	1	0
AAEL022144	1	0	0	0	0	1	5	1	0	1	4	1
AAEL012536	522	307	332	793	542	741	641	868	1403	678	1197	1467
AAEL019731	3351	2750	2379	1652	1229	2274	2298	2932	3411	1970	3065	4731
AAEL013563	1	1	0	0	0	0	1	2	0	0	0	1
AAEL017104	0	1	0	0	0	0	8	1	0	4	1	2
AAEL016477	0	0	0	0	0	0	1	1	0	0	0	0
AAEL018913	0	0	0	0	0	0	3	1	0	1	0	0
AAEL006718	753	580	626	359	427	528	386	555	562	387	357	529
AAEL006722	0	0	0	0	0	0	0	0	0	0	0	0
AAEL006731	317	268	376	319	340	279	311	276	308	297	199	312
AAEL006734	1129	839	977	1070	1267	1004	768	872	1120	737	806	938
AAEL006753	8	7	10	4	18	6	9	6	12	12	7	8
AAEL006733	308	241	273	247	209	214	165	249	253	192	229	372
AAEL026335	0	0	0	0	0	1	2	0	1	0	0	0
AAEL006727	1553	1139	1220	1672	2342	1393	1081	857	1455	1058	1027	1262
AAEL026359	0	0	1	0	0	0	2	1	1	0	0	0
AAEL006740	709	594	673	687	573	587	439	535	562	768	674	1274
AAEL006736	169	81	169	66	90	114	58	42	58	65	71	144
AAEL021508	1	3	0	0	5	0	0	0	0	0	0	0
AAEL024611	0	0	0	0	0	0	0	0	0	0	0	0
AAEL029094	0	0	0	0	0	0	0	0	0	0	0	0
AAEL020498	5	1	1	5	0	0	13	4	1	0	0	4
AAEL027813	1	0	1	1	0	0	2	3	4	2	0	1
AAEL006747	591	378	434	319	316	301	341	396	432	368	390	570
AAEL006754	210	162	158	459	418	670	136	138	234	172	322	419
AAEL006735	303	228	279	280	304	269	218	247	280	266	237	300
AAEL006752	1636	1352	1295	834	751	975	928	1059	976	919	712	1532
AAEL006732	0	0	0	0	0	0	0	0	0	0	0	0
AAEL026097	1	0	0	0	0	0	0	0	0	0	0	0
AAEL019478	161	68	88	63	51	89	211	258	255	171	190	312
AAEL027871	1	3	0	0	3	0	0	0	0	0	0	0
AAEL020468	0	8	0	2	0	0	0	2	0	0	0	0
AAEL024478	45	10	29	8	31	33	36	60	50	7	28	45
AAEL019410	1	0	1	0	0	0	0	0	0	1	0	0
AAEL019442	0	0	0	0	0	0	0	0	0	0	0	0
AAEL006755	181	114	134	130	185	163	110	117	137	118	94	175
AAEL006723	122	136	88	125	167	225	148	164	231	274	421	600
AAEL006751	3791	2805	2962	3662	3945	4120	3338	2526	4398	3303	3512	3995
AAEL006741	2858	1964	1857	2434	2950	2820	2568	2874	3908	2968	3379	3557
AAEL006744	4351	3556	3882	3375	3291	3098	2645	4136	3485	3024	2841	4941
AAEL006725	1469	1145	993	1174	1183	1417	792	1082	1469	679	1088	1038
AAEL006724	242	214	242	245	321	236	147	246	240	243	171	296
AAEL006750	389	327	295	269	218	346	178	308	363	231	274	330
AAEL006726	3025	2251	2651	1932	1699	1888	1673	1455	1796	1901	1647	2353
AAEL006728	1278	1143	1153	1062	1070	1436	939	1706	1529	1129	1060	1747
AAEL006719	1594	1095	1527	617	1610	947	2458	1446	2561	2746	2954	1721
AAEL006749	360	187	203	136	159	181	147	458	377	150	210	270
AAEL006737	48	28	39	17	24	17	40	36	37	31	33	31
AAEL020676	11	3	0	1	9	5	8	1	3	5	2	3
AAEL006721	15134	9347	8400	10475	10072	9720	13836	15740	21055	10634	15306	13963
AAEL006748	717	510	639	609	686	581	383	560	542	524	400	526
AAEL006717	768	584	682	731	731	671	523	757	706	619	562	779
AAEL006720	427	430	325	197	221	361	213	230	252	120	162	270
AAEL027339	13	5	22	10	8	17	8	5	7	7	9	15
AAEL025826	0	0	0	0	0	0	0	1	2	0	1	0
AAEL003087	272	185	243	201	218	196	134	234	239	221	124	259
AAEL003070	398	285	330	370	314	385	258	228	440	265	376	272
AAEL014768	7172	3922	4414	6708	5746	6403	7937	11412	10999	9088	9548	16134
AAEL023615	0	0	0	1	0	2	0	1	1	0	0	1
AAEL028210	2	1	1	2	0	2	2	0	2	0	5	10
AAEL001682	177	177	166	161	244	199	105	147	205	126	165	207
AAEL001680	33	14	29	41	41	60	45	60	73	38	63	72
AAEL029021	2	1	2	2	1	0	1	2	1	0	1	4
AAEL001705	884	718	836	727	1008	646	348	420	476	371	444	631
AAEL001675	3	7	3	28	6	12	2	14	6	7	32	136
AAEL001677	15	17	10	8	8	4	4	44	17	2	5	8
AAEL001683	25	18	13	6	18	8	2	13	13	12	15	7
AAEL020117	3	0	0	0	0	0	2	0	0	0	0	0
AAEL001704	5	6	0	3	0	0	5	2	1	0	1	0
AAEL017500	11	30	36	25	41	15	10	15	12	23	50	39
AAEL020884	0	0	0	0	0	0	0	0	0	1	0	0
AAEL024572	0	0	0	0	0	0	0	0	0	0	0	0
AAEL017397	4	9	1	0	0	1	3	6	2	0	4	1
AAEL022409	4	7	7	1	5	3	11	8	9	1	1	3
AAEL001685	0	1	3	1	4	0	0	0	0	1	0	6
AAEL023616	2	0	0	0	1	2	2	0	0	0	0	0
AAEL028233	0	0	2	0	1	1	0	0	0	0	0	1
AAEL024662	0	0	0	0	1	1	1	1	4	2	3	0
AAEL027162	1	2	1	2	0	0	0	3	0	1	1	0
AAEL025947	0	0	0	0	0	0	1	0	3	0	0	1
AAEL027392	0	0	0	0	0	1	0	0	0	0	1	0
AAEL024834	0	0	0	0	0	0	0	0	0	0	0	0
AAEL025917	0	0	0	0	0	0	0	0	0	0	0	0
AAEL020856	0	0	1	0	2	0	0	0	0	0	0	0
AAEL027079	0	0	0	0	0	0	0	0	0	0	0	0
AAEL022350	0	1	0	1	10	4	0	4	0	1	0	4
AAEL019836	1636	1392	1062	517	527	1342	1236	1482	1697	890	1216	1504
AAEL001687	44	38	55	72	54	38	58	22	23	172	53	265
AAEL001697	48	10	25	15	29	17	17	32	10	17	12	49
AAEL001691	858	565	819	554	484	505	439	478	492	644	391	833
AAEL001699	514	475	575	578	510	389	292	540	444	521	368	821
AAEL001686	7	3	6	2	8	3	6	8	3	2	6	4
AAEL001694	7	3	3	1	5	1	1	17	2	3	6	5
AAEL024892	2	0	0	0	0	0	1	7	0	3	0	2
AAEL001698	1214	1072	981	2128	2203	2542	752	1068	1268	1008	1729	2303
AAEL017161	254	219	298	284	289	228	178	149	182	207	168	179
AAEL024325	2	2	2	9	9	0	3	4	4	7	5	20
AAEL022154	2	5	3	9	3	7	1	11	5	6	13	16
AAEL001696	12	21	21	22	80	26	10	4	14	22	12	7
AAEL001690	61107	64134	90068	115199	176678	95849	1073	168	326	15787	15040	4453
AAEL001674	6483	7199	10619	4971	11573	3807	19	3	2	101	19	41
AAEL001673	8156	5374	5446	4325	6072	6952	4869	8173	6983	5877	5912	11025
AAEL025165	7	10	6	10	7	13	15	16	20	18	6	13
AAEL001695	33	19	22	7	30	49	39	54	82	31	24	52
AAEL021050	0	0	0	1	1	0	1	0	0	0	0	0
AAEL001688	440	366	403	370	274	368	348	739	529	435	303	668
AAEL017356	1306	1027	827	840	656	1027	815	972	979	853	962	1238
AAEL017931	1	0	0	0	0	2	0	0	0	0	0	2
AAEL017826	1	1	1	1	0	1	3	0	0	0	0	0
AAEL008769	6793	5321	10013	14816	13929	13523	388	242	539	1669	1014	2065
AAEL001703	61530	27845	16478	30103	27411	49716	70050	40309	89457	62967	59773	34745
AAEL001693	9789	9624	19575	9416	12912	7143	424	110	143	662	663	1464
AAEL020351	26	24	16	2	16	19	80	50	93	48	59	107
AAEL023419	0	0	0	0	0	0	0	0	0	0	0	1
AAEL026735	0	0	0	0	0	0	8	0	0	2	1	8
AAEL022526	3	0	0	0	0	0	3	0	0	0	0	0
AAEL026202	0	0	0	0	0	0	0	0	0	0	0	0
AAEL021688	0	0	0	0	0	0	0	0	0	0	0	0
AAEL027856	0	0	0	0	0	0	0	0	0	2	0	0
AAEL022788	0	0	0	0	0	0	0	0	0	0	0	0
AAEL023913	0	0	1	1	0	0	1	0	1	0	2	0
AAEL027666	961	869	875	705	597	765	586	959	947	655	667	1161
AAEL023441	896	685	548	648	883	904	857	844	1225	905	1045	1170
AAEL028223	0	0	0	0	0	0	0	0	1	3	0	1
AAEL013413	106	83	70	129	152	122	134	213	321	123	164	137
AAEL020389	0	1	0	0	0	0	0	0	0	0	0	0
AAEL024974	0	0	0	0	0	0	0	0	0	1	1	0
AAEL026228	5	0	0	0	0	0	2	0	1	0	0	2
AAEL026115	0	0	0	0	0	0	0	0	0	0	0	0
AAEL013893	2	0	0	0	0	0	3	1	4	1	0	4
AAEL026720	8	5	7	2	1	0	18	15	9	11	9	31
AAEL020779	12	4	3	0	1	0	6	1	4	5	0	5
AAEL001605	2130	2007	1538	859	928	1974	1299	1930	2128	1134	1512	2128
AAEL010509	1403	1126	819	426	354	1101	1115	1577	1818	804	1241	1441
AAEL010507	1	0	4	5	4	0	0	9	2	2	0	0
AAEL027886	119	103	53	13	2	54	26	67	82	41	79	126
AAEL010506	2884	2358	2205	1527	1469	2203	3081	3598	4276	2316	3369	4662
AAEL010505	986	773	999	893	950	660	546	724	746	855	483	853
AAEL010504	471	447	435	365	398	429	360	436	373	486	346	571
AAEL010508	2517	1728	1422	1573	1122	2329	2518	2976	2968	2138	3192	5792
AAEL018957	0	0	0	0	0	0	0	0	0	0	0	0
AAEL019273	0	0	0	0	0	1	0	0	0	0	0	0
AAEL019272	0	2	0	0	7	3	1	1	3	0	0	0
AAEL018956	0	0	0	0	0	0	0	0	0	0	0	0
AAEL024153	2413	1561	1492	1199	784	1606	1961	2203	2361	1473	1862	2645
AAEL016925	0	0	0	0	0	0	0	0	0	0	0	0
AAEL028910	0	0	0	0	0	0	0	0	0	0	0	0
AAEL019746	1927	1353	1347	1086	1162	2045	1467	2176	2839	1376	2868	4915
AAEL027828	0	0	0	0	0	0	0	0	0	0	0	0
AAEL018962	0	0	0	0	0	0	0	0	0	0	0	0
AAEL024363	51	21	18	20	10	36	48	61	90	57	73	181
AAEL028946	0	0	0	0	0	0	0	0	3	0	0	2
AAEL021667	775	264	258	545	277	571	864	891	1150	876	910	875
AAEL011343	522	231	322	1646	1425	1436	239	192	394	647	1083	1807
AAEL011347	631	307	324	783	898	746	361	509	594	605	573	667
AAEL011349	166	120	139	151	183	167	148	240	293	175	169	203
AAEL026965	2	1	5	0	9	7	0	1	0	9	4	7
AAEL027577	0	0	2	2	4	8	0	0	0	0	0	3
AAEL011340	2161	1448	1736	1655	1832	1656	1452	1526	2062	1535	1371	1725
AAEL011350	450	410	353	290	292	519	487	739	837	326	531	590
AAEL011338	389	327	298	721	691	488	179	201	164	188	227	681
AAEL026041	2	5	12	19	26	14	8	17	9	11	12	27
AAEL011348	4	1	1	9	2	0	3	1	3	1	4	5
AAEL009968	1151	1000	1171	1031	919	641	694	994	713	933	530	1224
AAEL011346	0	7	0	2	2	0	2	0	3	2	3	0
AAEL009960	5	1	0	3	3	4	4	1	8	2	3	1
AAEL011345	88	82	87	131	138	147	32	926	592	498	105	148
AAEL009974	99	65	50	51	36	98	92	119	185	124	128	147
AAEL009961	87	64	67	59	113	114	58	97	90	82	82	65
AAEL009964	3988	3226	3733	3734	5899	3985	2549	2581	3479	2838	2643	2743
AAEL009957	743	496	587	402	291	457	487	567	598	544	441	667
AAEL009965	81	68	62	69	68	20	19	9	24	36	38	18
AAEL015294	145	143	109	152	213	160	164	218	307	257	222	189
AAEL009971	1438	1187	885	579	487	986	842	939	1015	906	924	1265
AAEL025123	313	346	123	21	17	200	421	592	609	160	409	677
AAEL009959	3505	3615	3104	2035	1869	2326	2889	3443	3836	2587	2862	4673
AAEL018775	0	0	0	0	0	0	0	0	0	0	0	0
AAEL009969	3	1	3	3	5	7	2	9	1	2	1	2
AAEL023235	1	0	0	0	0	0	0	0	0	1	0	0
AAEL009958	1039	698	710	717	570	816	752	844	998	770	953	1266
AAEL021169	549	641	472	133	193	407	506	758	722	491	330	890
AAEL019862	1231	843	931	772	564	791	754	888	1050	795	686	1191
AAEL009963	2	0	0	0	2	0	2	0	1	0	0	2
AAEL012698	381	173	208	1314	1241	813	348	548	574	517	663	1103
AAEL012701	1868	1240	1563	2878	2343	2335	1073	1338	1741	2047	2552	3827
AAEL012700	31	9	4	220	13	25	6	20	28	25	16	79
AAEL012702	3462	1024	1457	6679	5124	3372	1775	1144	2006	2245	4081	3864
AAEL017377	1	0	0	0	0	0	0	3	3	0	0	0
AAEL025139	0	0	0	0	0	0	2	0	0	0	0	0
AAEL013278	728	631	487	397	323	624	455	759	721	404	486	856
AAEL013281	16	12	13	3	20	16	23	12	22	9	40	37
AAEL013283	4	1	5	0	0	0	1	0	0	2	0	0
AAEL013279	9272	7740	10463	7234	11529	6282	3147	3630	3851	5397	4126	6995
AAEL013277	437	277	230	99	134	165	312	177	239	284	165	448
AAEL013284	106897	131389	174107	114230	158250	93187	9783	208	51	35864	27175	96528
AAEL022140	109791	74620	103531	99550	177355	81740	76262	42226	76593	84306	63838	53049
AAEL022250	0	10	0	2	0	2	2	1	0	3	3	3
AAEL027944	0	2	0	0	0	0	0	0	3	0	0	2
AAEL015014	1154	865	933	872	755	831	675	925	1125	794	718	1117
AAEL022385	16	20	28	12	13	5	18	15	20	25	6	18
AAEL023084	3	3	11	1	1	1	6	9	19	13	0	3
AAEL013741	509	473	416	367	279	528	347	587	596	309	337	504
AAEL013744	3629	2207	3201	3087	4824	2455	1944	1975	2394	2276	1930	1791
AAEL019681	1362	1008	806	786	707	1241	794	1144	1311	991	1052	1582
AAEL024010	17	15	8	11	5	5	30	20	9	23	14	53
AAEL027599	1	0	2	2	0	1	1	1	0	2	0	1
AAEL011510	1326	1027	1938	389	497	869	373	132	195	208	137	305
AAEL011513	10	5	2	7	2	5	6	10	6	9	4	10
AAEL015092	9	24	4	21	27	7	31	5	8	7	27	15
AAEL027545	148	46	97	65	108	72	122	95	81	68	91	71
AAEL026387	208	186	153	149	138	148	246	941	681	569	166	387
AAEL002753	220	294	180	118	116	408	228	276	283	158	253	342
AAEL002737	5381	4771	5708	4339	7895	4066	2863	3037	3596	3797	3674	3666
AAEL021651	1	0	0	0	0	0	0	0	0	0	1	0
AAEL026681	3	10	2	6	2	7	0	2	10	4	5	13
AAEL027584	0	0	0	0	1	0	0	0	0	0	4	0
AAEL023122	0	0	0	0	2	5	0	0	0	3	2	3
AAEL002748	4231	2927	3182	4610	5739	3627	2004	2437	2625	2124	2790	3241
AAEL020645	0	0	2	0	0	0	1	0	0	0	0	0
AAEL024202	0	1	0	0	0	0	0	0	0	0	0	0
AAEL022428	0	0	0	0	0	0	0	0	0	0	0	1
AAEL028166	1	0	0	0	0	0	1	0	0	0	0	0
AAEL024645	2	0	0	0	3	1	2	2	1	1	2	3
AAEL023633	3	1	0	9	2	2	0	0	1	0	1	8
AAEL020842	1	0	0	1	0	0	0	0	0	0	0	0
AAEL022370	487	368	464	420	385	471	302	514	455	370	303	475
AAEL002739	400	306	309	348	268	326	270	390	378	320	260	400
AAEL002751	331	239	233	156	122	230	282	281	265	198	217	287
AAEL018286	526	460	376	460	363	489	358	464	485	335	377	498
AAEL023679	241	147	152	166	206	183	138	143	178	217	264	273
AAEL002752	460	308	481	300	221	289	320	354	393	404	352	518
AAEL018807	0	0	0	0	0	0	0	1	0	0	0	0
AAEL013904	6939	5003	5915	2733	4098	2976	1267	935	1440	1552	1178	1921
AAEL013902	235	133	223	270	270	252	110	138	252	145	164	164
AAEL022425	0	0	1	0	0	0	1	0	0	3	0	3
AAEL023147	290	188	207	194	208	201	155	222	194	216	178	263
AAEL013903	708	545	556	482	417	455	525	682	644	581	630	814
AAEL025459	109	115	70	73	44	97	75	120	81	100	119	154
AAEL028719	0	0	0	0	0	0	0	0	0	0	0	0
AAEL028716	0	1	1	0	2	1	8	1	1	3	2	8
AAEL009182	317	277	258	237	185	263	175	298	282	214	260	327
AAEL009186	3	6	6	1	6	4	6	13	14	8	2	9
AAEL027725	4	13	25	2	6	2	9	12	27	23	7	3
AAEL026361	0	0	2	0	2	0	0	0	0	2	0	1
AAEL023772	1	0	2	2	0	0	2	12	1	0	2	0
AAEL021884	0	0	0	0	2	0	0	0	0	0	0	0
AAEL009184	10	12	4	16	17	17	13	17	29	23	12	22
AAEL018761	0	0	0	0	0	0	0	0	0	0	0	0
AAEL009189	2957	2144	1409	755	531	2236	3018	3112	3740	1523	2706	3335
AAEL021139	25	18	7	0	2	18	50	59	58	23	55	86
AAEL025808	287	219	231	142	118	222	281	421	314	251	262	447
AAEL009183	664	302	295	765	1289	850	289	290	368	380	341	716
AAEL023587	78	29	19	100	269	166	25	38	50	44	128	180
AAEL027505	393	366	308	396	330	307	205	212	259	284	324	304
AAEL009192	1960	1445	1330	3196	2568	4112	1172	2165	2618	1823	4868	5937
AAEL020088	0	0	0	0	0	0	1	0	0	0	0	0
AAEL009185	22426	17121	16762	17373	23708	18290	12099	16957	14676	13696	12998	18355
AAEL025890	19	17	12	15	38	31	29	8	22	19	24	45
AAEL009180	145	16	18	10	51	45	52	49	42	39	36	78
AAEL009191	71	87	91	94	65	90	34	94	45	80	37	126
AAEL019892	1441	1054	962	610	487	815	963	1728	1147	851	746	1875
AAEL021295	6	1	2	0	0	2	6	3	4	3	2	5
AAEL010647	77	29	50	12	39	12	32	58	58	32	22	30
AAEL021805	378	220	275	213	220	264	405	463	459	392	331	588
AAEL027221	1	4	0	0	5	3	13	7	5	7	7	16
AAEL022509	102	60	78	56	30	63	92	141	112	88	72	170
AAEL008514	608	538	595	261	313	771	578	663	717	458	649	1092
AAEL023642	0	1	0	0	0	0	0	0	0	0	0	0
AAEL012674	532	436	613	547	729	463	189	256	247	244	276	323
AAEL008507	1544	1173	968	865	846	1632	1132	1350	1871	783	1265	1321
AAEL020636	1312	1249	1243	406	454	576	1049	1605	926	1099	724	2304
AAEL024921	129	241	78	9	10	179	363	358	576	184	315	446
AAEL008511	243	280	282	140	123	186	162	147	179	290	126	279
AAEL008509	485	370	366	381	307	468	282	425	473	313	362	489
AAEL008517	2385	1730	2120	2371	2878	2179	1289	1543	2197	1408	1774	1658
AAEL023814	1	0	0	0	1	2	0	0	0	0	1	0
AAEL020434	1000	712	905	662	643	651	563	805	847	702	670	1019
AAEL008510	1362	977	1031	897	713	961	817	1008	1150	814	951	1366
AAEL004291	1238	1001	1164	1170	930	932	676	863	941	709	817	1025
AAEL025518	242	213	195	101	86	166	155	270	319	146	211	336
AAEL004903	5	4	2	1	1	2	1	2	2	0	4	3
AAEL024204	2214	1600	1537	1200	901	1600	1631	1742	2076	1472	1680	2012
AAEL013853	105	58	55	29	85	32	65	102	124	53	55	55
AAEL013852	388	439	420	237	317	358	239	621	326	413	201	519
AAEL025864	3	0	0	0	2	3	1	2	0	2	6	3
AAEL020660	1	0	0	0	0	0	4	0	0	0	0	0
AAEL018267	4336	3123	3333	3594	2666	3523	2480	2123	2790	2481	2667	4259
AAEL022266	0	0	0	0	0	0	0	0	0	0	0	0
AAEL020567	0	0	1	1	3	2	0	0	1	1	3	0
AAEL029033	5	4	6	9	3	3	10	4	14	6	4	7
AAEL024942	8	7	3	10	5	18	12	20	14	10	8	27
AAEL025320	7	2	0	0	1	0	1	4	2	0	0	3
AAEL021701	2	0	2	0	0	0	1	2	0	0	0	2
AAEL014447	35	33	31	18	39	36	28	38	56	35	22	48
AAEL014450	840	564	672	742	979	907	863	1048	1424	1123	874	1024
AAEL026039	520	462	358	222	249	550	477	778	630	438	403	781
AAEL021196	483	373	308	149	61	440	612	810	713	444	526	925
AAEL007738	743	560	415	552	591	694	305	598	593	389	453	584
AAEL007731	784	633	627	632	700	1006	536	786	836	729	925	1265
AAEL022560	0	0	0	0	0	0	0	0	0	0	0	0
AAEL007736	6	3	1	1	0	0	11	3	10	6	10	4
AAEL023134	0	1	0	1	0	1	2	0	0	0	0	0
AAEL026451	0	0	0	0	0	0	0	0	0	0	0	1
AAEL025441	0	0	0	0	0	0	0	0	0	0	0	0
AAEL009031	40	30	42	84	29	36	28	47	48	50	31	60
AAEL011168	2093	1629	1602	1219	1091	1841	1317	1683	1803	1438	1596	2424
AAEL025549	2	5	1	0	6	2	4	3	4	2	6	5
AAEL009036	13	2	1	1	4	4	10	2	16	158	8	6
AAEL009027	373	247	358	286	284	260	278	380	415	366	308	425
AAEL009026	1152	1003	671	463	565	1419	987	1217	1830	820	1229	1464
AAEL027721	1	0	1	0	1	0	0	1	0	0	0	1
AAEL009035	11	14	8	2	5	6	9	7	6	3	8	10
AAEL009038	2670	2038	3421	2088	2413	1525	1359	761	900	1221	1374	3687
AAEL001041	2295	1681	1659	1558	1333	1984	1453	1954	2153	1547	2111	2694
AAEL023583	0	0	1	0	0	0	0	2	0	0	0	3
AAEL013997	345	303	154	20	63	271	487	626	859	266	577	743
AAEL013991	39	5	8	9	2	19	61	53	65	41	70	117
AAEL029093	0	0	0	5	0	0	2	0	0	1	2	1
AAEL013995	971	678	695	767	588	723	779	1091	1054	975	744	1250
AAEL024033	0	0	0	0	0	0	0	0	0	0	0	0
AAEL028090	0	0	0	0	0	0	0	0	0	0	0	0
AAEL013992	700	550	684	589	814	523	389	278	399	541	395	430
AAEL013999	713	529	658	657	712	581	476	459	504	490	425	653
AAEL013998	0	3	4	21	1	4	0	0	4	19	0	1
AAEL026356	0	0	1	0	8	2	4	1	1	3	0	0
AAEL020759	0	0	0	0	0	0	0	0	0	0	0	1
AAEL013994	457	405	521	347	375	370	285	533	409	349	307	597
AAEL013993	45	51	42	13	20	65	53	79	87	37	67	74
AAEL023298	0	0	0	0	0	0	1	0	0	0	0	0
AAEL013996	150	134	118	108	124	202	119	182	167	149	152	206
AAEL020422	0	0	0	0	0	0	0	0	0	0	0	0
AAEL028804	0	0	0	0	0	0	0	0	0	0	0	0
AAEL028960	0	0	0	0	0	0	0	0	0	0	0	0
AAEL026130	56	72	55	72	37	106	41	99	122	70	83	76
AAEL014092	87	52	73	67	54	68	103	94	115	100	61	90
AAEL026388	0	3	0	0	0	0	0	1	1	0	0	0
AAEL024829	19	15	8	16	10	5	9	27	23	17	18	24
AAEL019888	1505	1030	921	1062	996	1034	944	1153	1357	921	1176	1706
AAEL024865	0	0	0	0	0	0	1	2	0	2	0	0
AAEL020223	26	10	26	22	23	22	12	15	8	29	10	26
AAEL020530	1270	825	1072	672	696	717	670	1265	1128	1006	911	1916
AAEL022294	0	0	0	0	0	0	1	1	1	0	0	0
AAEL026002	5	11	9	5	8	9	11	8	11	5	13	9
AAEL021041	0	0	0	0	0	0	0	1	1	1	0	1
AAEL012313	485	358	415	833	944	889	256	380	398	469	607	857
AAEL025983	10	2	13	29	15	68	61	76	49	12	16	42
AAEL012311	3980	1875	2384	3275	5060	3258	2463	2341	2648	2227	2334	2581
AAEL012306	447	293	419	341	401	336	269	349	276	325	302	365
AAEL012312	6558	4955	5096	4232	3831	6389	3053	3475	4915	2848	4245	4617
AAEL012317	1429	900	1292	1279	2264	1177	823	912	1038	1060	874	1028
AAEL026319	0	3	0	1	3	0	1	5	3	0	8	8
AAEL012310	1642	1260	1518	1972	1910	2110	955	1371	1403	1558	1651	2748
AAEL026863	1	0	3	1	0	2	4	0	0	2	0	0
AAEL012307	1158	869	821	631	497	874	841	1135	1491	815	951	1098
AAEL021354	3	0	0	0	3	1	3	5	3	2	0	8
AAEL011136	1168	792	1101	1093	1285	997	505	879	921	726	739	1089
AAEL023420	0	0	0	0	0	0	1	0	0	0	0	0
AAEL012318	1238	875	1452	842	1172	585	556	142	413	311	460	240
AAEL011140	650	527	397	239	303	621	587	769	939	507	654	794
AAEL014765	129	89	97	109	141	94	150	112	168	130	110	154
AAEL014766	1	1	1	2	1	0	0	0	1	2	1	1
AAEL021265	0	0	0	0	0	0	0	0	0	1	0	0
AAEL024823	6	0	16	3	2	0	7	1	3	2	1	1
AAEL019978	2	4	3	10	5	3	2	6	8	13	1	7
AAEL019979	2	0	0	0	0	0	0	0	1	2	0	0
AAEL014804	337	338	291	246	167	206	308	283	293	372	250	296
AAEL013596	2930	2438	2260	1592	1191	1834	3244	2823	3291	1758	2567	3487
AAEL013593	308	226	259	237	163	217	177	313	203	172	145	347
AAEL026412	367	275	316	319	231	352	219	377	306	256	217	293
AAEL026491	70	52	27	74	41	61	54	86	90	70	66	79
AAEL021970	259	164	166	211	116	184	169	256	313	172	186	234
AAEL014883	188	122	146	236	257	194	92	221	143	174	158	249
AAEL023788	0	4	5	2	46	2	0	0	0	1	1	2
AAEL020386	0	0	0	1	0	0	0	0	1	0	0	1
AAEL014880	320	191	178	159	172	194	163	238	256	178	202	238
AAEL027933	258	178	218	202	156	168	98	219	119	90	127	195
AAEL020278	1	2	0	0	3	1	6	6	8	2	1	1
AAEL027649	1	0	0	0	0	0	1	0	0	0	0	0
AAEL023302	6	4	6	1	3	10	1	4	3	2	5	2
AAEL023540	1	0	0	0	0	0	8	0	3	0	0	0
AAEL012823	475	282	372	285	193	289	307	2411	1282	663	352	640
AAEL012969	308	205	239	186	213	180	173	252	290	208	201	319
AAEL027023	20	9	8	6	19	8	7	10	13	7	7	13
AAEL024030	7	1	9	2	9	0	7	1	2	11	4	3
AAEL019694	5154	3568	3934	4075	2864	4720	3286	5507	4984	3744	4598	9940
AAEL025919	0	0	0	0	0	0	3	1	0	1	0	4
AAEL026604	2	3	0	1	4	0	3	0	0	0	0	3
AAEL019695	6	3	0	2	11	3	9	2	6	6	0	32
AAEL014889	2419	1553	2091	1797	3070	1630	1174	1171	1566	1512	1218	1212
AAEL025278	0	0	1	0	0	0	0	0	2	0	1	0
AAEL023133	0	1	0	1	0	1	1	0	2	0	1	0
AAEL020176	1	0	1	0	0	0	0	1	1	0	0	1
AAEL014672	19	27	19	15	30	30	38	42	34	45	25	62
AAEL023329	18	6	7	21	29	8	10	19	12	13	3	12
AAEL014844	302	176	388	235	139	136	69	288	170	252	98	258
AAEL014843	14682	11022	10692	7883	8387	9043	7138	12321	10509	6462	8417	15266
AAEL011708	11335	8639	8430	7470	5927	8269	5364	9953	9991	5448	7246	7603
AAEL021673	6	7	2	0	5	5	0	2	3	3	0	6
AAEL027997	0	0	0	0	0	0	0	0	0	0	0	1
AAEL014842	914	646	1002	615	699	393	329	390	432	506	322	608
AAEL011714	168	124	100	65	168	96	168	186	108	107	116	261
AAEL015041	795	581	695	767	782	607	458	467	613	573	505	689
AAEL020220	7	13	5	1	1	4	6	7	12	8	7	12
AAEL022897	986	730	825	885	596	703	709	692	1056	866	727	944
AAEL027607	0	0	0	0	0	0	2	0	0	0	2	1
AAEL015107	426	300	474	281	398	282	318	357	308	401	279	450
AAEL026679	4	12	4	1	4	12	2	0	1	3	1	8
AAEL021480	0	0	0	0	0	0	0	0	0	0	0	1
AAEL021721	0	0	0	0	0	0	1	0	0	0	0	0
AAEL027789	0	0	0	0	0	0	0	0	0	0	0	0
AAEL024584	0	0	0	0	0	0	0	0	0	0	0	0
AAEL021056	288	203	189	92	138	47	240	316	507	254	216	158
AAEL023492	13	17	7	27	88	20	18	5	12	8	99	10
AAEL012837	24	17	10	6	7	6	6	20	20	9	9	6
AAEL012835	2502	1831	1596	1458	1227	2097	1537	1872	2369	1650	2027	2814
AAEL021686	5	8	12	6	7	2	3	6	7	8	0	2
AAEL024342	783	551	764	488	525	470	419	390	462	535	435	723
AAEL012832	625	355	462	688	988	770	302	407	392	623	678	1238
AAEL026591	1	0	0	0	0	0	3	1	0	0	0	1
AAEL012830	1287	1098	1212	734	973	909	903	967	845	1062	665	1477
AAEL011701	662	495	547	504	663	544	356	537	514	443	348	667
AAEL011700	138	95	136	114	95	99	74	80	108	147	62	163
AAEL028963	0	0	0	0	0	0	0	0	0	0	0	2
AAEL011707	230	152	159	172	149	183	168	271	233	224	164	197
AAEL011705	306	274	277	257	268	226	224	211	247	296	198	308
AAEL011709	647	483	496	385	314	395	419	492	556	535	477	639
AAEL011703	1089	816	923	1060	1146	863	568	682	703	577	774	943
AAEL009654	2067	1742	1980	1447	1548	1388	1461	1307	1334	1651	1118	1854
AAEL011711	9644	6176	6132	7436	9107	8365	8613	6158	11207	5775	8237	6927
AAEL011715	315	271	258	225	320	265	272	149	225	320	216	368
AAEL011702	63	68	57	60	79	95	68	81	105	102	84	106
AAEL020207	0	0	0	0	0	0	0	0	0	0	0	0
AAEL011710	301	249	356	217	269	200	156	334	204	260	125	333
AAEL025004	23	24	10	23	28	26	18	12	28	24	22	25
AAEL020648	1	0	0	0	1	1	0	2	1	0	4	0
AAEL019709	35	14	59	56	8	33	141	118	127	84	82	147
AAEL007626	142	92	185	1591	2431	1261	98	103	423	258	818	948
AAEL024188	2	0	0	2	0	0	0	0	0	0	0	2
AAEL021452	680	469	449	283	204	402	491	642	552	382	423	681
AAEL007632	319	282	322	292	247	156	321	389	399	419	255	442
AAEL007624	992	472	513	2133	2075	1732	606	854	1091	924	1811	2363
AAEL022829	2	0	3	0	9	1	1	0	0	2	0	5
AAEL023828	0	0	0	0	0	0	0	0	0	0	0	0
AAEL028180	545	467	469	357	389	499	458	689	557	412	546	819
AAEL015042	135	80	55	85	68	78	65	59	82	89	60	85
AAEL007631	3583	2559	2540	2109	1830	2570	2394	2932	3198	2129	2822	3898
AAEL018748	0	0	0	0	0	0	0	0	0	0	0	0
AAEL018749	0	0	0	0	0	0	0	0	0	0	0	0
AAEL018750	0	0	0	0	0	0	0	0	0	0	0	0
AAEL018752	0	0	0	0	0	0	0	0	0	1	0	0
AAEL023239	0	0	0	0	0	0	0	0	1	0	0	0
AAEL027864	0	0	0	0	0	0	0	1	0	0	0	0
AAEL010905	1167	880	967	703	503	891	1108	1135	1340	1269	931	1253
AAEL022757	4549	3362	3514	2459	2290	2589	1982	2950	2981	2280	2355	3079
AAEL017823	0	0	0	0	0	0	0	0	0	0	0	0
AAEL024648	3	0	5	1	1	0	0	0	2	0	1	1
AAEL020791	0	0	0	0	0	0	0	1	0	0	0	0
AAEL010906	613	525	526	527	499	664	392	454	562	450	392	450
AAEL024972	11	8	6	12	10	12	10	9	5	3	10	14
AAEL010900	2547	1829	1635	1460	1565	2275	2040	1971	2913	1757	2368	2320
AAEL010903	1769	1320	1315	1077	1113	1237	1145	1139	1272	970	1299	1464
AAEL021378	0	0	2	0	0	0	0	0	0	0	1	0
AAEL020957	1127	985	954	617	575	666	749	1044	826	794	630	1392
AAEL026427	0	0	1	0	0	0	0	0	0	0	0	0
AAEL020696	2016	947	1520	1658	2047	1570	1305	1540	1715	1433	1367	2166
AAEL023744	1	0	2	2	0	0	10	2	4	5	1	0
AAEL014904	956	717	642	844	1117	1085	711	721	1373	717	761	488
AAEL014292	27198	16806	22350	22099	32614	19024	17518	10260	20546	15521	15891	13531
AAEL026229	733	549	467	386	365	432	508	651	668	500	609	1155
AAEL025340	0	0	0	0	0	0	0	1	2	1	1	5
AAEL014594	31	10	36	20	29	19	24	27	29	27	20	37
AAEL022023	2	0	0	0	0	0	0	0	0	0	0	0
AAEL025661	11	0	2	2	1	3	0	10	1	0	0	1
AAEL024192	0	0	0	0	0	0	0	0	0	0	0	0
AAEL027349	0	0	0	0	0	0	0	0	0	0	0	0
AAEL000124	305	226	268	268	283	221	107	303	214	110	151	229
AAEL000139	45	28	41	38	28	17	16	26	21	10	6	18
AAEL025859	9	6	1	5	2	8	16	11	12	13	3	13
AAEL025536	13	17	21	18	27	4	18	11	22	15	4	13
AAEL000126	742	531	540	680	454	581	501	630	654	578	542	1002
AAEL024546	0	0	1	0	0	0	1	0	0	2	0	2
AAEL000152	0	0	0	0	0	0	0	0	0	0	0	0
AAEL000128	3191	2003	2500	2040	1407	1792	1529	2238	2046	1758	2100	3524
AAEL019865	100	42	56	20	10	47	154	160	176	137	175	214
AAEL000117	4	1	0	0	0	0	1	0	2	4	1	3
AAEL000151	1	0	0	0	4	0	1	3	4	1	0	0
AAEL010021	793	630	582	535	355	642	714	890	969	539	810	982
AAEL023506	119	96	130	133	152	113	91	134	107	115	85	152
AAEL014852	381	258	349	224	228	271	139	691	357	331	302	598
AAEL022303	0	0	0	1	0	0	0	2	0	0	0	1
AAEL014851	1808	1260	1381	1331	1265	1335	1407	1640	1926	1293	1444	2118
AAEL020465	0	0	0	0	0	0	0	0	0	0	0	0
AAEL024978	0	0	0	0	0	0	3	0	0	0	0	0
AAEL010018	3259	2877	1626	384	344	2089	3827	4070	5481	1550	3579	4467
AAEL022575	3	3	2	2	8	1	4	4	4	0	8	11
AAEL010027	494	337	364	463	636	432	303	497	393	399	349	432
AAEL010032	7948	5094	7977	3788	4842	3616	2159	1703	2121	2093	2195	2563
AAEL026334	27	10	24	46	22	39	10	25	21	18	5	25
AAEL022884	1	0	0	0	0	0	1	0	0	0	0	0
AAEL010037	2235	1199	1426	1677	1775	1624	933	2845	1916	1710	1127	1496
AAEL010029	291	222	209	253	231	218	169	208	270	165	168	241
AAEL025265	789	658	742	471	507	484	584	646	687	552	476	1004
AAEL010017	5936	4824	4946	5888	5018	6117	3107	3739	4513	4116	3933	6140
AAEL024161	992	1570	905	3862	6883	1954	569	845	784	1916	2494	5592
AAEL014938	29	22	17	40	84	29	17	7	14	28	119	137
AAEL020430	655	609	705	519	603	519	127	284	303	114	136	304
AAEL021621	8	3	12	2	6	6	5	4	3	8	4	9
AAEL026012	3	1	1	1	2	1	4	1	0	0	0	2
AAEL020705	1	0	0	0	0	0	1	4	0	2	2	13
AAEL027479	1313	1062	1031	1162	1148	1269	846	866	1390	738	866	775
AAEL026487	408	426	316	264	207	317	235	315	301	216	261	385
AAEL025164	297	358	268	177	147	309	282	305	337	307	270	434
AAEL013688	369	273	272	322	297	324	230	169	303	283	238	274
AAEL013689	365	70	118	503	866	420	280	190	327	326	429	215
AAEL023342	557	371	318	156	142	373	328	384	482	372	405	408
AAEL026439	953	760	669	584	524	653	507	921	735	624	446	1237
AAEL013687	305	316	223	289	239	303	289	312	453	319	290	342
AAEL020311	2499	2086	2228	1560	1567	2062	1610	2034	2136	1831	1443	2499
AAEL015142	381	314	277	233	326	360	297	423	412	288	295	522
AAEL023494	247	229	213	219	295	259	211	251	244	216	168	260
AAEL014744	487	381	438	355	301	422	263	370	396	287	319	483
AAEL019895	4919	3220	3342	2151	1639	2686	3569	4040	4455	3107	3192	4112
AAEL027224	0	0	0	0	0	0	0	0	0	0	0	4
AAEL012359	16260	14734	19483	13291	19226	14334	9586	8416	11396	11983	7747	9821
AAEL012369	645	420	462	297	303	368	448	645	536	446	459	774
AAEL012360	849	370	478	354	423	416	616	626	701	653	544	737
AAEL009445	421	305	316	412	342	379	246	284	393	298	305	344
AAEL012361	100	91	65	82	83	103	44	62	46	61	55	117
AAEL012368	213	210	219	386	543	461	98	164	193	197	224	279
AAEL020261	1216	925	990	975	1105	978	753	1057	1168	900	878	1170
AAEL025685	1	0	0	0	0	0	0	0	2	1	0	4
AAEL012370	346	344	340	316	764	225	174	214	176	200	466	899
AAEL012363	271	196	154	75	62	224	134	193	165	103	277	234
AAEL024491	0	0	1	0	0	1	1	0	0	0	0	2
AAEL010589	988	656	876	655	671	838	593	733	755	877	767	1130
AAEL010580	4	15	17	27	14	21	18	22	35	21	7	22
AAEL010588	512	391	402	361	436	367	372	332	472	324	400	371
AAEL010585	4068	2681	3360	2490	2793	2902	2793	2596	3713	2581	5268	4383
AAEL010593	675	792	818	407	417	353	637	1008	525	1056	413	1949
AAEL010581	954	838	764	887	886	834	614	783	821	872	1226	1347
AAEL010579	38	14	55	23	11	7	22	10	27	28	39	32
AAEL010583	754	520	686	562	483	514	370	533	501	487	355	563
AAEL021908	0	0	0	0	0	0	0	0	0	0	0	0
AAEL026525	0	0	0	0	0	0	0	0	0	0	0	0
AAEL015314	944	560	585	593	592	787	945	1455	1536	736	904	1295
AAEL028957	0	0	0	0	0	0	1	0	0	0	0	1
AAEL023923	12	13	5	10	9	23	21	19	16	18	37	30
AAEL009229	2	0	0	1	0	2	0	0	0	0	0	3
AAEL023594	0	0	0	0	0	0	0	0	0	0	0	0
AAEL026238	0	0	0	0	0	0	0	0	0	0	0	0
AAEL009217	943	694	782	903	1091	845	695	617	704	640	649	659
AAEL009227	757	661	519	493	314	636	578	825	843	467	467	852
AAEL009225	384	227	237	285	312	315	196	246	246	162	209	228
AAEL026651	747	399	443	405	322	415	335	486	324	237	345	514
AAEL009218	250	141	172	161	185	155	97	146	112	102	157	212
AAEL021011	54	45	50	30	41	23	48	27	39	48	27	84
AAEL003354	428	308	352	257	252	319	241	287	299	301	215	392
AAEL009220	1146	831	759	618	546	905	617	1043	994	808	918	1172
AAEL006428	217	143	185	140	214	195	162	164	135	153	171	147
AAEL006416	537	343	317	370	389	347	322	423	433	422	367	403
AAEL009224	653	536	532	522	574	554	412	527	635	543	381	583
AAEL028066	156	114	84	151	418	802	193	219	431	302	966	775
AAEL023669	0	5	1	0	0	4	0	3	0	2	0	1
AAEL009230	0	3	2	0	1	2	12	2	5	15	3	11
AAEL022501	0	3	1	0	0	0	0	0	0	1	0	0
AAEL027015	0	0	1	0	0	0	3	0	4	0	1	1
AAEL021942	1	0	0	1	0	0	11	1	3	1	3	2
AAEL006953	2669	1776	3825	2186	3769	2516	2087	3018	3031	3090	2322	3371
AAEL023878	5	2	0	0	0	3	10	2	10	10	3	17
AAEL005192	0	0	0	0	0	0	0	84	12	10	0	0
AAEL005212	1327	1348	1602	1027	1068	592	583	28290	8378	8629	1321	5482
AAEL022950	14	4	9	9	5	6	2	10	12	6	5	4
AAEL021372	2228	943	1376	1139	1971	1240	1768	1562	2672	1225	2569	1466
AAEL024541	3	5	2	0	0	0	18	19	15	11	9	35
AAEL026832	0	0	1	1	0	2	1	0	3	0	0	0
AAEL026302	651	222	535	492	1480	434	87	194	216	436	285	81
AAEL004856	0	0	1	1	2	1	2	1	2	3	0	8
AAEL004841	39	24	32	21	44	33	23	28	27	14	24	37
AAEL014713	350	187	192	230	487	152	233	158	330	155	232	160
AAEL023556	0	0	0	0	0	0	0	0	0	0	0	0
AAEL004847	0	0	0	0	0	0	0	1	0	0	0	0
AAEL004840	3	5	3	5	2	3	2	0	5	5	2	0
AAEL014960	1179	791	991	1292	1422	1102	663	929	1142	885	948	1236
AAEL014961	245	159	190	140	172	156	142	187	163	172	137	297
AAEL027282	0	0	0	0	0	0	0	0	0	0	0	0
AAEL025167	0	0	0	0	0	0	0	0	4	0	0	1
AAEL022635	0	0	0	0	0	0	0	0	0	0	0	0
AAEL004861	279	200	243	233	272	187	156	159	172	219	142	164
AAEL027004	3	2	0	0	1	0	0	0	1	1	1	1
AAEL024770	0	0	0	0	0	0	0	1	1	0	0	1
AAEL004855	81292	51045	55444	50803	80527	58460	56349	42413	81811	50030	52526	41132
AAEL023436	0	1	0	0	0	0	2	0	1	0	5	0
AAEL004854	455	351	335	234	247	370	373	332	427	415	401	769
AAEL004832	1798	1368	1279	1366	1241	1736	1012	1397	1589	927	1189	1479
AAEL004839	2045	1572	1582	1110	784	1457	1800	2111	1935	1339	1513	2578
AAEL004846	443	354	439	288	334	300	353	409	337	343	288	425
AAEL004843	259	213	159	183	162	194	156	204	232	190	186	259
AAEL024728	11	8	8	10	6	9	7	3	14	15	10	6
AAEL023530	21	13	41	8	15	8	26	13	10	10	18	22
AAEL004844	49	22	56	1	3	12	134	82	100	92	99	148
AAEL019740	1768	1468	904	418	303	1341	2433	2404	2307	1171	2222	3399
AAEL004852	1005	713	813	645	736	712	660	1027	963	791	792	1238
AAEL004853	699	533	596	446	426	385	418	906	761	727	392	1096
AAEL004860	658	513	651	446	732	406	377	585	522	439	357	366
AAEL027153	705	741	429	233	199	699	524	549	673	310	486	789
AAEL020110	1404	941	897	770	544	949	1220	1366	1598	1051	1246	1662
AAEL004833	100	49	86	219	293	345	78	134	148	78	230	174
AAEL004829	2911	1972	2782	2298	4020	1963	1674	1752	1919	2002	1669	1568
AAEL004835	289	255	270	259	282	323	204	227	269	279	249	559
AAEL004837	512	354	422	323	296	283	362	291	334	381	279	450
AAEL027319	1191	1004	964	734	607	1062	783	819	1194	757	784	1126
AAEL014169	152	152	169	117	190	144	128	117	134	109	145	138
AAEL014170	112	52	84	169	159	187	22	16	26	76	53	200
AAEL014171	966	421	494	1550	2128	1360	499	570	799	939	802	1774
AAEL024195	5004	3997	3099	2823	2558	4365	3722	4528	5954	2967	4457	4763
AAEL015425	140	133	184	171	148	174	129	128	140	93	66	138
AAEL004859	4089	2754	2957	3474	3021	3216	2974	3153	4367	3586	3270	4629
AAEL004862	577	489	366	146	181	253	484	519	355	340	361	770
AAEL020335	0	0	0	0	0	0	1	2	5	1	0	0
AAEL004836	54	11	13	12	12	8	36	29	36	8	43	13
AAEL004857	1	8	4	1	3	6	13	4	14	11	8	16
AAEL022427	427	178	459	145	142	118	108	57	109	43	97	68
AAEL026059	1	1	0	1	0	0	1	0	1	0	0	2
AAEL004247	1002	515	742	1051	885	499	912	593	1236	869	732	331
AAEL024620	0	0	1	1	0	0	0	0	1	0	0	0
AAEL014391	158	108	118	199	186	208	112	140	143	130	94	191
AAEL013770	120	73	67	13	8	46	306	398	372	217	278	308
AAEL028075	0	2	0	0	1	0	4	4	3	0	1	0
AAEL004259	3	0	0	0	0	2	1	1	0	2	2	2
AAEL019674	246	258	123	13	27	192	592	523	909	358	517	764
AAEL018864	0	0	0	0	0	0	0	0	2	1	0	1
AAEL021991	0	1	0	0	0	0	6	0	0	0	0	0
AAEL018318	417	392	439	340	499	334	306	355	374	377	345	406
AAEL004252	3	7	4	0	0	9	0	2	10	0	4	5
AAEL004261	8	21	17	21	4	3	23	6	12	5	13	11
AAEL001371	988	753	797	792	872	825	546	589	748	599	555	831
AAEL001382	731	598	554	531	649	722	442	452	585	524	428	616
AAEL004269	443	324	281	137	121	298	486	449	547	282	414	520
AAEL024632	49	36	39	11	15	42	276	227	179	146	114	185
AAEL004249	3857	3263	2373	1887	2956	4026	3781	5403	5484	2648	3310	3818
AAEL020804	371	187	273	451	291	494	343	383	301	339	419	514
AAEL024581	0	0	0	1	10	1	0	0	0	0	0	0
AAEL014455	165	112	146	151	203	145	131	100	118	164	158	235
AAEL026341	30	17	16	37	47	16	18	10	20	22	16	46
AAEL014453	63	48	30	33	54	51	70	63	63	49	33	34
AAEL025272	65	24	32	235	113	82	60	30	40	81	119	146
AAEL014454	51	56	40	157	242	129	74	61	86	105	124	220
AAEL014451	219	198	173	509	466	386	185	206	237	227	520	820
AAEL023058	2	3	0	12	30	16	3	4	1	21	7	18
AAEL014452	3941	2553	2779	4715	4776	4054	2423	9267	3742	3862	3533	4324
AAEL019863	295	211	146	125	128	369	754	907	797	410	507	913
AAEL022200	10	5	7	4	14	13	14	4	11	15	6	8
AAEL027071	0	0	0	0	0	0	0	0	0	0	0	0
AAEL026706	62	35	68	54	42	30	18	59	21	15	10	22
AAEL002043	142	104	100	59	88	80	101	268	228	231	146	120
AAEL002049	1084	554	679	465	567	631	846	1174	1482	835	1138	571
AAEL025061	1	0	0	1	2	3	2	3	1	1	0	3
AAEL002050	238	179	224	210	277	237	134	222	249	141	171	272
AAEL008409	4	4	2	5	8	12	1	2	1	2	4	15
AAEL008406	569	344	454	622	718	476	364	469	552	522	395	487
AAEL002083	18609	12717	11984	12328	13985	13305	16983	16890	23185	14697	16208	20250
AAEL002069	416	392	337	400	392	411	308	291	408	270	317	347
AAEL024998	0	0	0	1	0	0	0	4	2	9	3	1
AAEL002056	373	381	329	333	336	382	236	270	378	257	290	341
AAEL024710	943	754	715	815	903	896	621	762	955	727	911	1302
AAEL014325	1630	1245	1385	2008	2228	2130	721	1164	1322	968	1383	1691
AAEL023658	199	99	92	83	40	95	244	195	237	131	180	210
AAEL013473	461	248	228	197	203	216	388	370	452	212	273	417
AAEL021675	0	2	0	1	0	2	1	0	1	0	0	0
AAEL013471	173	147	103	125	133	154	132	186	177	109	146	207
AAEL013472	236	221	261	229	313	214	169	187	199	217	159	224
AAEL014094	549	411	360	421	390	611	377	424	645	503	545	818
AAEL014099	417	342	365	309	248	252	195	424	367	201	263	459
AAEL026308	0	1	0	5	2	4	4	3	9	5	3	7
AAEL013470	584	406	452	448	433	431	349	517	589	378	394	568
AAEL014096	103	89	90	92	91	89	73	78	105	81	68	84
AAEL014098	731	684	575	280	344	584	649	863	858	538	471	1026
AAEL018270	1139	775	733	907	604	985	856	1123	1155	905	1119	1839
AAEL019861	2480	1592	1725	2851	3553	2395	1733	2122	3016	1919	3181	4061
AAEL022027	14	6	0	4	2	2	9	2	11	19	2	13
AAEL014886	1291	926	759	507	874	728	811	837	1267	986	859	946
AAEL021323	4886	4179	2986	1925	1429	3178	5366	6301	5860	3248	4424	7989
AAEL020021	46	42	43	42	84	44	58	40	72	43	47	76
AAEL028159	0	0	0	0	0	0	0	0	0	0	0	0
AAEL015016	2124	1464	1653	1576	1287	1453	1428	1303	1802	1425	1439	1894
AAEL012610	883	728	778	912	1053	962	622	494	610	817	716	1131
AAEL027826	50	22	25	15	15	18	39	17	14	30	37	25
AAEL012611	695	464	509	545	373	541	520	407	550	583	570	824
AAEL023581	809	561	640	464	330	516	427	540	526	460	365	642
AAEL020265	1364	1119	1045	724	839	1391	905	1198	1375	779	1108	1550
AAEL028189	13	5	9	26	27	20	1	0	1	5	1	20
AAEL017158	2	3	0	0	9	2	4	0	0	3	6	2
AAEL015412	2	3	0	0	2	7	2	3	0	1	3	5
AAEL021722	11	4	17	6	7	11	9	2	5	2	8	7
AAEL013771	172	140	184	193	250	172	98	126	132	122	127	118
AAEL013782	271	250	164	235	340	220	173	162	239	176	130	203
AAEL013778	2061	1563	1333	800	808	1759	1224	1673	1949	1131	1828	2954
AAEL022534	2	1	2	0	0	1	5	3	7	3	1	1
AAEL024263	0	0	0	0	0	0	1	1	1	1	1	4
AAEL012421	1852	1500	1218	1111	650	1475	1436	1258	1565	1572	2027	3933
AAEL013876	3129	2478	3200	2785	4568	2126	1680	1660	2050	2031	1564	1696
AAEL013871	234	310	241	240	332	242	239	231	217	242	183	304
AAEL013875	5156	3047	2940	12303	15742	14388	3388	3458	4248	6818	11476	13918
AAEL025191	0	1	0	0	0	0	9	1	0	6	5	7
AAEL013872	848	616	595	638	560	644	605	520	669	784	555	864
AAEL010556	2	0	4	6	4	2	8	3	10	2	5	4
AAEL010572	253	163	287	326	384	272	109	191	188	207	181	282
AAEL026040	878	750	751	738	593	779	662	847	1159	566	816	988
AAEL011538	342	274	284	205	279	265	203	284	311	213	235	245
AAEL015199	1335	944	1095	974	883	950	776	625	1000	853	742	1096
AAEL011536	704	426	581	640	675	648	288	456	398	423	458	706
AAEL011527	6084	4201	4620	5528	6792	5171	2344	3351	3931	2755	3383	4052
AAEL011537	96	61	46	45	66	67	82	48	69	89	53	79
AAEL019864	991	848	597	307	377	881	667	835	1036	404	763	1032
AAEL027814	6	4	9	1	0	0	11	14	8	17	6	5
AAEL000342	369	173	180	103	130	225	368	346	521	236	426	663
AAEL011528	4	3	2	3	12	2	6	3	3	9	6	5
AAEL028949	0	0	0	0	0	0	1	1	0	1	0	1
AAEL017851	2	3	6	2	3	0	3	1	2	3	0	3
AAEL017684	0	0	3	0	0	0	0	0	0	0	0	0
AAEL017825	0	0	0	0	0	0	0	0	0	0	0	0
AAEL017864	0	0	0	0	0	0	0	0	0	0	0	0
AAEL026909	9	23	1	3	0	0	1	2	2	3	0	21
AAEL024191	338	217	273	295	403	272	206	221	290	256	245	265
AAEL022265	1	2	0	0	1	0	0	0	0	0	0	0
AAEL000322	375	307	311	241	207	223	227	463	279	187	167	369
AAEL028111	0	0	0	0	0	0	0	0	0	0	0	1
AAEL024983	0	0	1	0	1	1	2	6158	255	71	0	0
AAEL000379	0	0	0	1	0	0	0	93	7	0	0	0
AAEL000356	0	0	0	2	4	0	1	576	24	8	0	0
AAEL025221	0	0	0	0	0	2	3	1838	91	0	0	0
AAEL020306	4	12	8	14	9	8	3	6	6	1	2	10
AAEL025886	0	0	0	0	0	3	1	0	0	2	0	5
AAEL023860	0	0	0	0	0	0	0	0	0	0	0	0
AAEL025110	9	6	6	7	6	6	3	1	6	2	6	4
AAEL022783	1	2	1	0	0	0	0	74	29	15	0	2
AAEL023872	1	0	0	0	12	4	6	2	2	4	16	6
AAEL027907	25	24	19	12	7	22	32	32	78	45	37	68
AAEL025683	0	0	0	1	0	1	0	1	0	2	3	5
AAEL027389	0	1	2	14	22	3	0	0	18	5	11	19
AAEL020833	0	0	0	0	0	0	2	0	0	0	0	0
AAEL000323	1	0	0	1	1	1	0	0	2	0	1	1
AAEL000360	5	0	1	1	0	5	1	3	2	1	4	2
AAEL000348	195	172	277	190	238	180	119	175	102	206	107	307
AAEL000314	867	590	616	589	795	607	361	670	708	354	353	333
AAEL026753	0	0	0	0	0	0	0	0	0	0	0	0
AAEL000343	2569	2109	1685	1171	817	1888	1857	2634	2661	1394	1930	2837
AAEL025034	7	20	39	5	4	22	28	14	24	24	13	31
AAEL000330	246	172	214	192	235	184	123	139	155	169	156	175
AAEL024527	64	61	52	25	63	70	68	58	94	60	67	103
AAEL026201	13	21	6	12	19	7	15	16	29	10	24	36
AAEL000362	117	34	94	94	84	89	166	126	193	144	195	257
AAEL022815	9	3	3	8	16	6	6	8	14	1	11	19
AAEL025486	2	2	4	3	4	1	2	1	0	0	3	1
AAEL000378	1118	755	864	931	891	964	642	1022	1029	766	889	1130
AAEL000327	589	395	377	318	239	390	423	540	495	358	354	597
AAEL021949	0	0	0	0	0	0	3	0	0	0	0	0
AAEL000351	11	10	8	10	14	11	4	2	4	3	6	8
AAEL000372	828	933	800	360	388	355	499	386	616	277	371	367
AAEL020382	12079	1492	3604	704	889	880	6115	2252	3322	2102	6294	1511
AAEL012974	5150	4634	4844	5099	8265	3270	1420	511	1254	1094	1807	2699
AAEL012978	15	12	8	65	92	28	10	9	11	34	40	77
AAEL012975	653	371	358	615	546	531	470	651	680	567	578	575
AAEL012980	2336	1523	1518	2202	2148	2758	2074	1717	3739	1458	2358	1761
AAEL012973	700	465	536	473	465	453	461	410	579	509	360	597
AAEL019712	79	37	41	40	49	87	105	111	131	107	139	179
AAEL003602	0	0	0	0	0	0	1	0	0	1	0	0
AAEL025995	1540	2049	1085	1154	1859	1470	1544	1154	1273	866	1725	1358
AAEL003590	667	502	300	773	912	1637	760	548	881	1242	1514	2136
AAEL003589	1384	307	507	373	223	828	1631	1576	2601	1210	2136	1003
AAEL021931	2161	1071	796	488	338	1654	2841	3002	4242	1707	2312	2875
AAEL020729	56	238	93	37	8	110	407	350	136	115	73	738
AAEL017560	835	547	564	386	335	615	592	947	962	654	769	1313
AAEL027444	2442	1671	1672	952	814	1500	2244	2518	2492	1639	1784	3381
AAEL024318	8	7	17	9	9	16	22	16	26	31	17	36
AAEL021500	2	5	0	2	1	1	3	5	8	6	2	6
AAEL026182	0	2	0	0	0	0	3	0	3	0	3	1
AAEL014636	1975	1340	1262	738	643	1090	1213	1186	1350	956	1281	1711
AAEL022141	0	0	0	0	0	0	0	0	0	0	0	3
AAEL027860	2858	2157	1801	1732	1339	2492	1576	2637	2932	1646	1997	2766
AAEL024042	0	0	0	1	3	0	1	2	1	0	2	2
AAEL003594	602	819	418	80	112	690	878	1048	1040	391	729	1145
AAEL025023	0	0	0	0	0	0	0	0	0	0	0	0
AAEL024100	188	141	129	239	384	214	118	132	128	136	137	158
AAEL029013	2473	2147	2392	2474	4096	2712	1344	1338	1803	1609	1520	1677
AAEL008887	6105	4330	5499	5087	8467	4586	4271	4961	6324	6469	3642	4496
AAEL008886	518	394	357	409	452	836	285	302	631	283	421	296
AAEL026094	22	4	35	17	12	7	8	529	103	132	33	171
AAEL027488	15	33	7	4	4	11	2	20	10	3	4	26
AAEL008884	6	6	0	2	14	15	25	5	24	27	17	24
AAEL020751	2	1	1	0	2	1	2	0	0	4	0	0
AAEL008889	299	129	386	1260	178	310	35	60	52	135	60	154
AAEL023992	0	0	1	0	0	1	0	0	0	0	0	0
AAEL021510	64	47	36	34	24	41	95	124	133	54	113	110
AAEL021677	3	1	1	3	2	3	7	1	12	1	3	1
AAEL021737	0	0	0	0	0	0	1	0	0	0	0	0
AAEL022982	810	403	305	806	995	777	722	1015	1224	849	1573	1895
AAEL008878	2714	2163	2147	1244	1331	1208	1242	1226	1622	1134	1239	1474
AAEL008879	1491	1134	1084	3581	2863	2991	748	334	693	800	1618	1358
AAEL024583	3159	1772	1386	1264	970	3573	4425	5305	6659	2297	3447	3775
AAEL012375	1049	725	731	425	475	646	630	1025	778	603	687	1060
AAEL012371	1498	860	1191	793	585	693	954	1601	1115	1013	887	1618
AAEL010842	217	216	232	172	150	245	109	221	203	153	161	248
AAEL010847	421	322	342	326	237	331	205	324	319	235	204	414
AAEL010840	5211	3360	4425	4859	7496	3650	2834	3068	3914	3220	3151	2904
AAEL010843	4962	4229	3491	4697	6450	7437	3078	4109	4596	3200	4407	6516
AAEL025862	10	10	12	21	16	12	3	11	66	8	4	5
AAEL015118	3755	2976	2402	1713	1052	2499	3584	3761	4091	2324	3139	5092
AAEL020251	3	0	2	0	0	0	20	4	9	8	6	23
AAEL010835	1403	1201	1138	641	612	1039	1003	938	1082	843	851	1610
AAEL026776	121	73	76	32	14	45	66	62	76	60	62	133
AAEL010834	1784	1100	1173	1172	1231	1521	1098	1560	1693	1227	1318	1740
AAEL025822	881	736	535	566	556	709	561	726	832	511	664	793
AAEL010844	502	443	377	414	434	559	401	572	598	533	576	770
AAEL010831	276	212	266	241	255	252	180	207	244	205	185	262
AAEL007088	502	310	329	181	301	142	130	115	209	90	197	183
AAEL010832	64	61	56	55	62	65	51	38	50	62	60	58
AAEL010848	2	0	9	8	3	6	8	9955	5058	3446	4	11
AAEL007096	2	1	1	2	2	1	0	19922	9716	8398	5	7
AAEL002358	2135	1305	1270	1019	922	1241	1560	2016	1949	1542	1669	2625
AAEL018131	974	727	556	864	506	1036	849	1069	1329	802	1197	1948
AAEL020878	3352	2313	2153	2046	1680	2326	2716	2931	3899	2137	2791	3201
AAEL025235	1	5	0	0	2	4	6	9	2	2	2	7
AAEL028063	5	3	9	1	8	4	18	8	9	7	10	9
AAEL022120	1	4	3	0	9	7	2	4	3	3	5	14
AAEL026606	153	124	77	110	128	195	121	132	162	96	217	293
AAEL014999	1409	901	750	810	584	1346	1001	1065	1633	983	1741	2308
AAEL007085	2	3	0	0	0	1	0	1	3	5	1	1
AAEL007095	2	0	2	0	0	0	2	1	5	1	4	0
AAEL007101	0	0	2	0	0	0	1	0	2	0	1	0
AAEL029095	5	1	4	1	5	5	1	0	0	1	2	0
AAEL015222	0	1	3	2	5	3	1	2	0	7	2	5
AAEL029090	0	0	0	0	2	0	0	0	2	0	0	2
AAEL029097	0	0	0	0	0	0	1	0	1	0	0	0
AAEL029086	5	4	2	1	3	2	6	1	5	1	4	5
AAEL024044	1	3	2	0	6	0	3	0	3	7	4	6
AAEL020167	156	127	77	57	28	118	167	148	244	136	171	202
AAEL007092	1799	1011	1097	2987	3198	2234	1250	2125	2136	1606	2240	2594
AAEL007090	799	435	606	580	776	426	199	145	161	171	286	221
AAEL007094	7	9	10	10	4	8	4	1	1	6	1	6
AAEL020232	14	11	17	7	17	7	9	3	10	8	1	10
AAEL007098	48	52	42	34	42	48	25	26	31	26	30	43
AAEL007097	31440	39589	46000	17605	16072	9740	35598	45774	31071	70497	16291	94781
AAEL007100	587	363	464	395	400	417	424	509	606	517	461	631
AAEL007084	750	587	609	627	578	618	602	465	777	480	521	579
AAEL026479	6	7	1	1	0	6	21	13	20	18	14	19
AAEL013303	109	71	85	75	140	50	40	34	37	59	134	172
AAEL019576	1145	849	1030	682	734	657	733	960	923	730	779	1515
AAEL020165	0	0	0	0	0	0	0	1	0	0	0	0
AAEL024713	56	20	29	14	7	8	114	74	85	70	39	85
AAEL018865	0	0	0	0	0	0	0	0	0	0	0	0
AAEL028698	0	0	0	0	0	0	0	0	0	0	0	0
AAEL028850	0	0	0	0	0	0	0	0	0	0	0	0
AAEL022609	6177	3599	2774	5712	7087	11448	5473	7363	8371	4557	9752	13965
AAEL028149	0	1	1	0	0	2	6	3	3	8	2	23
AAEL023651	36	30	22	0	4	23	206	228	197	68	175	272
AAEL014772	10	1	10	7	9	13	8	5	12	8	11	10
AAEL005666	752	407	402	1218	1181	1834	508	646	766	977	2100	3233
AAEL019325	0	0	0	0	0	1	0	0	0	0	0	0
AAEL027021	1	0	0	0	0	0	0	0	0	0	1	0
AAEL021339	43	40	31	45	43	75	70	138	82	140	44	84
AAEL023477	0	0	0	0	0	0	0	0	0	0	0	0
AAEL026165	909	631	553	563	767	1108	714	805	1119	792	980	1002
AAEL005676	138	83	72	128	160	143	61	45	68	71	62	80
AAEL005674	129	123	90	92	96	217	217	168	217	310	137	249
AAEL022516	0	0	0	0	0	0	0	0	0	0	0	0
AAEL014079	416	358	247	551	663	630	248	303	457	360	575	793
AAEL005665	876	644	660	2146	1591	1939	726	993	908	817	2067	2904
AAEL014078	2611	1840	1671	17721	21781	8129	1296	1817	2530	2355	12166	16439
AAEL005668	10	4	9	10	12	12	6	8	9	34	18	7
AAEL014386	248	249	271	239	279	302	183	167	229	154	245	177
AAEL024500	934	713	852	739	866	858	496	647	653	605	551	804
AAEL006582	25408	14510	13524	16071	16951	19611	25566	29228	36335	18899	20872	21807
AAEL026459	123	145	135	34	20	11	420	29	24	479	97	612
AAEL020846	1310	759	791	1067	1316	1468	1317	1552	2275	1289	1749	2133
AAEL012412	62	20	28	0	8	17	295	193	237	170	192	308
AAEL006568	289	1407	216	643	2042	495	173	3418	2254	3644	681	342
AAEL028060	0	0	0	0	0	0	0	0	0	0	0	0
AAEL006584	6	1	5	74	102	109	22	19	13	23	32	18
AAEL015432	244	358	170	3650	5213	1364	300	12852	7155	8263	2139	1663
AAEL006585	231	131	49	5076	7169	1021	95	2673	1438	1828	3360	2817
AAEL006576	1521	1448	809	16955	20848	8022	1333	15699	9334	11643	12129	16634
AAEL006572	7329	4211	5014	6959	7940	6046	5641	6426	6293	6624	3943	4794
AAEL006575	4907	3033	2851	4035	6164	3505	3502	4136	6179	3748	4700	4510
AAEL015457	1	0	0	0	1	0	0	1	0	0	0	0
AAEL016992	418	918	693	6	2	14	1998	53	27	2130	429	2323
AAEL013976	6	2	4	0	0	0	73	3	0	7	5	29
AAEL013972	4	7	11	2	1	1	44	5	1	9	3	26
AAEL013974	209	226	170	122	82	183	208	210	311	170	181	248
AAEL022180	1034	952	740	446	559	1174	905	1387	1404	798	1180	1677
AAEL009509	1069	762	881	661	606	763	816	1042	1155	763	851	1131
AAEL025073	1	0	2	0	3	2	5	0	2	1	5	1
AAEL027696	0	0	0	2	2	4	5	1	1	1	0	5
AAEL023413	3477	3019	2296	1429	1173	2728	2484	3119	3104	1700	2291	3437
AAEL007414	148	137	121	136	247	152	95	81	124	156	107	126
AAEL019723	627	556	365	181	257	730	569	607	788	377	845	1207
AAEL026357	1247	1380	655	584	1444	1394	238	206	367	158	570	638
AAEL007422	413	435	342	242	277	475	263	417	456	268	329	497
AAEL007431	500	469	466	417	482	524	449	369	451	431	306	384
AAEL007423	213	182	169	177	216	217	141	139	149	171	125	202
AAEL020689	1806	1823	1035	354	580	1914	2109	2204	2498	949	1819	2361
AAEL007432	18554	8817	11927	27431	37852	14435	379	160	109	246	369	2062
AAEL007424	14	9	19	6	14	2	12	13	15	13	9	8
AAEL025586	5	0	3	1	8	8	7	9	3	0	16	5
AAEL019528	1088	580	521	622	518	765	872	833	1089	713	959	985
AAEL021334	0	0	1	1	0	0	4	1	4	2	0	5
AAEL007420	610	358	476	275	602	520	417	776	552	420	360	626
AAEL018953	0	0	0	0	0	0	0	0	0	1	0	0
AAEL023026	14	8	8	1	1	3	40	27	8	26	5	33
AAEL025402	3	0	4	0	0	0	0	6	0	0	0	0
AAEL023194	59	53	44	18	30	57	110	93	152	68	83	79
AAEL013341	968	549	705	1806	2416	1234	471	456	624	772	847	1391
AAEL013347	285	97	123	1095	1592	1405	161	160	224	383	516	905
AAEL013351	60	93	65	49	57	62	17	63	48	51	59	67
AAEL013338	14125	11520	17538	4772	4653	3589	9132	26877	13012	22702	4506	22931
AAEL013352	20	10	18	31	59	73	15	3	14	10	49	30
AAEL013345	5	0	5	24	54	16	3	1	0	0	4	9
AAEL013346	13	7	10	22	26	26	4	4	7	6	18	2
AAEL013339	4	0	1	0	6	3	0	0	0	1	0	0
AAEL013349	12	3	3	147	154	108	6	2	5	17	29	19
AAEL013350	7	5	2	72	123	39	3	2	3	7	17	27
AAEL013344	917	826	1346	394	337	273	529	1771	767	1507	375	1709
AAEL013348	11	4	4	8	53	10	6	4	5	9	12	15
AAEL010659	2501	1343	1405	2417	2427	1962	1684	2358	2178	1669	1644	1544
AAEL022976	3	1	1	2	1	2	0	2	4	0	7	2
AAEL010660	0	0	0	0	0	0	0	0	0	0	0	0
AAEL027928	0	0	0	0	0	0	0	0	0	0	0	0
AAEL010664	0	4	2	1	2	1	1	2	0	2	1	1
AAEL021549	0	0	0	0	0	0	0	0	0	0	0	1
AAEL022286	42763	29838	32723	40305	63553	42315	32301	21456	40291	31342	34148	30169
AAEL026943	4	1	2	3	2	2	2	5	2	4	1	2
AAEL023476	0	1	0	1	0	2	1	0	1	0	0	0
AAEL010665	1516	1462	1084	510	521	1152	1177	1696	1727	1063	1218	1928
AAEL010661	1570	976	984	1963	2111	2104	948	860	1205	1438	2266	2452
AAEL010671	53	55	65	60	66	90	31	24	39	56	86	85
AAEL010677	255	356	218	270	215	233	196	98	264	327	283	644
AAEL010656	430	89	375	324	495	354	486	303	338	307	376	691
AAEL010669	6	12	7	17	35	13	5	5	19	90	30	113
AAEL010663	299	228	239	228	188	244	190	224	245	221	230	311
AAEL019604	5853	4952	4300	6953	6517	12326	4271	6871	6846	6467	14016	22936
AAEL010679	755	477	488	273	306	487	515	559	593	557	451	771
AAEL010657	0	3	1	2	3	2	4	1	3	0	0	1
AAEL010658	0	0	1	0	0	0	1	0	0	0	0	0
AAEL010676	184	147	156	130	169	233	153	237	271	168	209	279
AAEL010673	1342	1158	1508	1228	1974	1103	617	676	633	933	665	860
AAEL010655	28	15	7	10	9	16	141	92	128	78	95	93
AAEL018276	470	552	432	265	286	480	360	592	579	272	372	617
AAEL014422	130	106	72	78	80	119	167	214	227	152	171	280
AAEL013587	0	0	0	1	0	1	0	0	0	1	0	0
AAEL019538	244	195	120	60	93	295	343	391	517	238	426	605
AAEL023832	0	0	0	0	0	0	0	0	0	0	0	0
AAEL023545	0	0	0	0	0	0	0	0	0	0	0	0
AAEL024810	0	0	0	0	0	0	0	0	0	0	0	0
AAEL022600	12134	12389	19724	15194	19592	8598	298	130	272	1138	1254	4063
AAEL023007	21	25	18	48	79	44	12	11	26	32	23	24
AAEL010917	556	380	564	447	136	300	246	200	334	170	146	427
AAEL021099	2187	1388	1923	499	326	1163	1254	876	1181	1002	923	2122
AAEL020579	406	616	441	128	113	58	204	111	276	85	117	163
AAEL027327	14	39	11	7	2	18	12	36	23	53	25	37
AAEL021966	0	0	0	0	0	0	1	0	0	0	0	0
AAEL012091	114	76	64	51	43	93	151	162	198	123	195	236
AAEL012093	317	188	203	384	432	441	252	179	367	287	482	543
AAEL012092	1306	1267	698	699	935	2175	1960	1349	3254	1427	3632	3801
AAEL020661	1	0	1	1	0	2	0	3	1	0	0	0
AAEL024384	0	0	0	0	0	2	0	1	0	1	0	0
AAEL014840	89	57	125	41	71	20	38	42	40	40	41	34
AAEL023810	57	36	36	13	7	22	197	193	151	132	118	207
AAEL013603	6	5	6	0	3	3	8	3	6	11	5	3
AAEL014627	50	44	40	23	10	19	45	177	220	248	27	191
AAEL029115	17	48	9	38	115	10	30	20	25	215	26	210
AAEL006310	63	35	35	25	22	24	44	59	54	52	37	49
AAEL006312	0	0	0	1	0	3	1	1	0	0	2	0
AAEL006322	3636	2576	2410	3313	2253	3191	2423	2789	3001	2473	2926	4045
AAEL025270	0	0	0	0	0	0	2	0	0	0	0	1
AAEL014243	17	19	21	12	15	19	14	14	13	8	26	20
AAEL006308	670	634	458	175	256	733	696	780	1063	605	1080	1501
AAEL006311	499	461	469	371	497	409	351	362	416	421	344	497
AAEL026069	26584	8130	12173	2244	2130	4109	15129	28302	23317	7533	15052	5887
AAEL023482	0	0	0	1	0	0	2	0	1	0	0	0
AAEL025672	199	186	138	93	99	194	183	180	206	228	191	230
AAEL018955	0	0	0	0	0	0	0	0	0	0	0	0
AAEL023771	1	1	2	1	6	4	2	1	1	1	1	2
AAEL024454	139	65	84	13	10	43	422	668	363	324	403	1342
AAEL005641	89	138	86	1232	2617	2083	43	14	88	605	900	1409
AAEL027165	0	0	1	0	0	0	0	1	2	0	5	1
AAEL012199	1	2	0	0	0	0	0	0	0	0	0	1
AAEL012203	1029	890	544	144	118	540	1642	1933	1849	598	1179	1964
AAEL011465	1438	883	906	1059	888	807	966	959	1206	791	1163	1375
AAEL011466	20	42	48	17	31	32	38	42	50	44	35	65
AAEL012202	296	220	215	183	191	254	212	207	216	177	153	280
AAEL012195	352	302	300	234	296	332	243	225	321	289	264	355
AAEL011468	1652	1351	2032	2037	3229	1543	722	722	814	1072	933	1433
AAEL020680	174	216	161	124	187	185	190	122	149	169	165	181
AAEL024291	169	73	106	102	143	110	159	135	187	161	142	120
AAEL021765	0	0	0	0	0	0	0	0	1	0	0	0
AAEL025418	6	4	4	0	0	2	27	7	0	5	7	8
AAEL027091	128	74	91	152	160	85	73	59	71	114	123	218
AAEL014595	3	7	1	4	2	1	17	6	8	8	7	11
AAEL012086	1091	901	757	5771	6581	6524	675	1077	2967	1423	7314	17281
AAEL018234	154	97	79	60	58	90	156	164	171	137	115	245
AAEL012280	618	406	512	797	818	746	319	312	369	606	584	906
AAEL012276	570	494	461	427	510	529	389	529	606	458	480	531
AAEL022891	951	657	768	847	630	926	505	801	784	672	974	1538
AAEL012279	1641	1695	1129	1075	1773	2451	1048	1477	1704	881	1345	1790
AAEL012278	939	673	805	1012	1465	870	479	705	791	460	568	937
AAEL021224	0	0	1	0	0	0	0	0	0	0	0	1
AAEL025857	1	1	2	1	0	0	1	0	1	1	2	1
AAEL012273	225	207	246	268	251	256	208	216	224	273	251	387
AAEL021906	0	0	1	0	0	0	4	0	0	1	0	0
AAEL012272	1242	1173	977	1227	1371	1866	901	1294	1452	906	1583	2065
AAEL024057	0	0	0	0	0	0	1	0	1	0	0	3
AAEL024587	0	2	3	0	0	2	1	0	0	1	0	6
AAEL014932	11789	7988	7265	7641	9441	12175	10147	8290	13340	7504	10385	9206
AAEL014934	121	111	68	77	111	157	140	109	122	100	104	127
AAEL025498	7	1	3	4	4	3	1	5	2	1	5	6
AAEL014931	2384	1807	1151	1480	885	2109	2991	3443	4258	1968	4328	5349
AAEL019440	2212	1655	1322	1126	617	1438	1825	1424	2228	1496	1699	2423
AAEL004788	2	1	1	1	5	0	8	4	8	4	4	3
AAEL004790	1032	626	634	507	316	713	632	792	841	559	622	952
AAEL013504	13	3	4	6	7	5	12	5	10	5	2	8
AAEL004174	7	11	5	6	9	9	8	17	18	9	10	14
AAEL025721	0	0	0	0	0	0	0	0	0	0	0	0
AAEL026337	0	0	0	0	0	0	0	0	0	0	0	0
AAEL004183	938	702	696	698	703	870	510	699	908	536	647	715
AAEL027265	2	2	0	3	0	2	0	4	3	8	1	0
AAEL022647	5	0	6	0	4	1	2	0	7	2	1	7
AAEL004151	17023	14016	15022	14866	25766	17953	15098	8628	15604	11904	12352	10527
AAEL004191	113	104	80	77	105	114	74	96	99	85	111	75
AAEL004168	403	340	270	179	238	380	328	426	572	378	446	632
AAEL004196	842	609	673	524	338	663	534	709	799	688	461	958
AAEL020258	109	164	80	16	5	145	698	1068	1958	324	517	755
AAEL004188	359	78	165	622	170	569	149	1120	371	348	366	641
AAEL011007	999	1321	894	1121	2520	1618	1118	753	2167	1448	1157	1766
AAEL011009	111	60	32	52	41	58	94	70	183	74	65	58
AAEL020849	23	20	20	32	23	18	18	64	136	24	36	30
AAEL011011	6	4	5	10	7	6	6	2	7	5	3	2
AAEL024199	13	10	6	15	28	16	15	10	20	9	21	11
AAEL018316	4	6	0	3	9	0	8	4	5	10	4	4
AAEL019632	1858	981	1196	933	1029	1134	1447	1931	1807	1463	1535	2562
AAEL004171	117	55	43	47	57	41	105	62	149	50	93	50
AAEL004199	8	1	0	10	17	14	12	16	3	10	12	6
AAEL022636	3	2	8	1	5	3	4	2	9	7	5	15
AAEL027330	0	0	0	0	0	0	1	0	0	0	0	2
AAEL025985	3	2	0	0	1	1	10	1	2	2	7	7
AAEL020276	0	3	5	0	3	7	3	1	1	4	5	3
AAEL021585	0	0	0	0	0	0	0	0	0	0	0	0
AAEL011172	125	77	84	38	40	58	71	105	62	105	53	187
AAEL004172	3026	2530	2927	1672	1744	1566	1631	2486	2022	1888	1300	2811
AAEL026111	1087	871	936	573	702	808	658	863	611	879	581	976
AAEL023037	15575	14677	10682	12690	15270	14198	7070	4696	10324	5702	9286	10223
AAEL022725	1527	1263	1315	1095	1106	1173	1033	1259	1230	1266	987	1479
AAEL025390	34	44	29	13	13	11	33	20	30	16	19	17
AAEL004175	19793	12538	14547	16241	28774	15589	13626	9303	17961	12347	13825	10450
AAEL004176	2756	1989	1867	1956	2010	2757	1847	1946	2778	1867	2409	3775
AAEL025285	3	1	4	1	3	6	1	1	3	3	2	3
AAEL004161	338	290	330	274	384	277	214	244	241	265	222	289
AAEL004165	98	95	80	68	82	121	136	172	205	120	167	192
AAEL024448	32	34	27	17	24	37	42	46	47	46	36	65
AAEL004154	342	297	275	175	198	267	239	356	321	290	326	495
AAEL021611	52	22	22	42	12	55	58	60	45	60	37	59
AAEL025920	3	1	5	1	1	0	16	12	4	6	8	6
AAEL028007	4	2	0	0	0	3	9	1	5	5	3	6
AAEL000568	1468	1218	1393	1600	1912	1520	862	971	1020	1197	1149	1524
AAEL000594	662	471	545	602	660	572	516	567	693	618	535	823
AAEL000579	440	306	331	335	348	318	326	264	370	326	260	353
AAEL018336	357	272	411	523	806	397	155	201	213	241	190	326
AAEL014972	1685	1556	1214	700	693	1337	2084	3769	2592	1512	2065	1207
AAEL001168	601	483	343	212	288	253	483	454	587	321	369	514
AAEL019452	30	30	25	0	0	13	127	109	159	49	66	130
AAEL001169	1368	1031	989	1249	1071	1607	844	908	1539	790	1101	886
AAEL001184	203	144	138	202	171	249	243	324	355	249	211	196
AAEL025903	56	33	15	21	20	57	109	97	101	72	86	146
AAEL024246	0	0	0	0	0	0	0	0	0	0	0	1
AAEL007188	0	0	0	0	0	0	4	0	0	1	0	0
AAEL023521	7000	4767	5052	1943	2171	3080	1938	2240	2439	1773	3398	3940
AAEL020233	373	252	244	131	126	252	280	274	310	245	292	343
AAEL020322	38	30	17	41	85	56	56	47	62	41	32	53
AAEL026462	0	0	0	0	0	0	0	0	0	0	0	0
AAEL024852	1479	1345	958	641	465	1413	2044	1716	2274	1200	1711	2440
AAEL028811	0	0	0	0	0	0	0	0	0	0	0	0
AAEL022590	1030	980	771	589	496	885	744	939	1007	667	833	1112
AAEL007184	1189	1248	1100	666	967	1499	934	1255	1309	1194	1188	1509
AAEL007173	1724	1381	1383	1469	1685	2030	1066	2020	1711	1468	1581	2651
AAEL027687	0	0	0	0	0	0	0	0	0	0	0	0
AAEL026804	1808	1430	1236	1435	1136	2121	1381	1489	1980	1379	1925	2372
AAEL024330	39	23	17	2	4	10	57	53	84	50	32	69
AAEL023778	0	0	0	0	0	0	0	0	0	0	0	0
AAEL023724	0	0	0	0	0	0	0	0	0	0	0	0
AAEL007311	0	0	1	3	0	4	0	1	2	0	2	0
AAEL010190	372	232	174	105	174	286	552	565	754	350	505	587
AAEL010963	0	0	0	3	1	6	2	0	0	1	2	2
AAEL010975	5028	2894	2845	3956	4001	5254	4170	6050	7471	3638	4466	5498
AAEL022533	0	1	0	0	0	0	2	0	0	0	0	1
AAEL010968	272	227	205	234	223	279	206	164	278	185	206	252
AAEL010966	1041	875	902	989	1036	930	485	784	828	662	700	1016
AAEL010971	951	956	504	145	166	882	1215	1297	1273	449	1099	1490
AAEL010974	776	621	432	374	280	759	708	590	1032	565	836	840
AAEL010970	160	193	160	116	122	260	129	163	216	161	151	162
AAEL010964	140	153	76	66	118	189	106	100	186	90	103	149
AAEL019614	1	0	0	1	1	2	1	3	0	0	0	1
AAEL019615	120	67	79	43	37	74	107	54	51	59	63	96
AAEL010969	0	0	0	0	0	1	0	0	2	0	0	2
AAEL021417	1425	897	846	504	466	1001	627	848	962	471	2299	4306
AAEL014311	836	588	689	742	835	633	493	1264	798	964	940	1486
AAEL023908	6	2	2	2	3	5	4	4	5	5	6	7
AAEL001268	68	136	121	57	41	110	63	122	104	97	108	137
AAEL009422	8062	7399	5962	3658	4248	7397	7168	7629	10875	6749	7865	10639
AAEL009427	3103	2548	1931	1523	951	2254	1878	2513	2872	1633	1937	2812
AAEL024511	1	0	0	0	0	0	0	0	0	1	0	0
AAEL001246	315	557	590	194	199	253	187	442	184	319	173	582
AAEL001255	481	382	363	417	411	446	382	457	513	364	385	483
AAEL001252	896	558	546	290	384	483	793	707	896	626	710	895
AAEL001273	2208	1597	1426	1056	875	1847	1426	2141	2226	1442	2150	2738
AAEL021982	43	24	26	7	2	23	167	101	147	111	137	163
AAEL026075	808	758	495	266	295	936	1082	1288	1985	952	1155	1533
AAEL014832	62	65	62	43	31	18	47	129	66	76	33	130
AAEL014836	340	215	289	224	346	347	227	266	274	242	220	290
AAEL023652	5	5	4	2	3	5	4	4	1	2	6	0
AAEL026712	1	1	3	0	5	0	1	0	5	0	4	11
AAEL001258	0	1	0	0	0	0	1	3	0	0	0	0
AAEL001263	0	0	0	0	0	0	0	0	0	0	0	0
AAEL001286	0	0	0	0	0	0	0	0	0	0	0	0
AAEL014835	0	2	1	0	0	0	2	3	1	2	1	1
AAEL001278	3	1	4	0	0	1	5	10	0	8	1	3
AAEL001256	0	1	1	0	0	0	1	0	1	1	2	1
AAEL001248	3	0	4	0	0	2	4	3	2	6	2	2
AAEL001271	634	464	519	5359	7436	5271	308	459	860	872	3466	3956
AAEL024753	66	18	34	17	64	65	55	101	73	80	89	144
AAEL001261	1040	750	841	2105	2429	1919	804	739	1351	635	1713	1508
AAEL022720	76	34	35	117	103	72	31	57	74	61	60	207
AAEL001277	1675	1117	1042	881	678	1343	1070	1709	1897	1124	1268	1539
AAEL001275	1583	1395	1140	1085	1424	2005	895	1531	1838	1037	1616	2390
AAEL001254	1940	1187	1190	838	701	1270	1883	2256	2323	1603	1935	2992
AAEL001249	223	152	182	119	124	142	158	144	173	184	116	213
AAEL001260	319	228	255	255	258	223	178	142	201	199	156	215
AAEL017283	258	221	165	132	115	219	208	278	314	209	198	307
AAEL027695	3	4	4	0	12	12	11	0	8	10	11	2
AAEL018194	357	361	178	101	134	417	339	363	466	244	432	542
AAEL021578	653	643	549	947	957	1133	465	649	594	677	695	974
AAEL001247	734	750	584	672	858	1292	709	733	967	760	957	1060
AAEL022919	32	37	25	29	38	50	41	49	65	33	36	63
AAEL026351	0	0	0	0	0	1	0	0	0	0	0	2
AAEL023030	6	3	7	9	7	5	6	14	11	6	8	9
AAEL018753	0	0	0	0	0	0	0	0	0	0	0	0
AAEL001257	474	226	458	225	265	279	473	374	452	640	346	993
AAEL025515	11	3	1	4	0	4	29	30	30	8	34	35
AAEL024490	65	9	25	8	3	37	239	170	172	112	140	177
AAEL001245	1061	723	721	484	343	528	1157	1164	1155	747	781	1243
AAEL026262	0	0	0	0	0	2	1	2	0	2	0	0
AAEL015416	8	9	9	1	2	6	40	34	42	28	34	42
AAEL026446	1027	532	488	1240	1526	1486	573	843	1078	647	742	758
AAEL001250	708	531	645	509	427	566	477	430	550	631	486	860
AAEL026497	1120	882	993	982	1091	1207	595	982	830	734	863	1230
AAEL001270	425	298	274	150	196	387	313	318	447	320	385	497
AAEL021934	8	3	5	1	1	4	2	5	1	11	9	15
AAEL001281	532	426	400	155	234	497	702	851	950	627	937	1380
AAEL025872	1030	670	775	636	1451	447	548	657	788	781	530	704
AAEL013445	1236	831	782	564	508	938	1159	1117	1489	857	1104	1435
AAEL001267	0	0	0	0	0	0	0	0	0	0	0	0
AAEL020416	3	3	2	2	0	1	8	2	1	1	3	12
AAEL026333	0	0	0	0	0	0	0	0	0	0	0	0
AAEL020227	0	0	0	2	1	0	1	2	2	1	0	0
AAEL013440	96	80	128	86	128	83	69	65	90	99	92	124
AAEL025440	0	0	0	5	5	0	0	0	0	0	0	4
AAEL021060	4	2	8	9	12	4	0	0	1	4	3	4
AAEL013439	3	1	2	3	6	2	1	2	1	3	1	3
AAEL025773	0	0	0	4	2	0	2	1	0	1	3	3
AAEL013444	0	0	0	0	0	0	0	2	0	0	0	0
AAEL013443	0	0	0	0	3	0	0	0	0	0	0	1
AAEL013442	0	0	0	0	0	0	0	0	0	0	0	0
AAEL023249	9	2	1	1	0	1	1	0	2	2	0	0
AAEL025575	6	2	4	1	3	7	4	1	5	5	6	3
AAEL013436	4	2	4	2	2	0	0	1	0	1	3	2
AAEL020342	75	38	28	16	80	39	73	55	48	27	42	28
AAEL025092	157	74	86	358	499	224	63	21	78	111	341	314
AAEL013441	357	199	212	570	502	461	246	484	428	545	492	733
AAEL024968	53	15	45	18	30	11	5	13	8	8	2	13
AAEL020963	161	156	182	124	290	160	151	167	162	294	176	219
AAEL022658	149	80	70	199	521	119	19	17	16	33	208	241
AAEL027052	418	333	385	1232	703	481	218	713	426	912	1124	1452
AAEL027961	0	0	0	0	0	0	1	0	0	0	0	0
AAEL022400	0	0	0	0	0	0	0	0	0	0	0	0
AAEL023508	1104	502	550	513	529	700	663	749	775	651	764	1129
AAEL027092	25	12	15	17	15	14	18	9	29	26	11	19
AAEL014371	13	22	10	40	67	14	55	4	68	14	29	19
AAEL008560	1	5	0	0	0	1	3	1	5	1	1	2
AAEL019608	33	34	27	26	22	34	37	58	42	39	44	35
AAEL008562	1266	1242	802	305	453	1565	882	1239	1716	798	1353	1456
AAEL023936	37	33	21	24	16	21	35	36	36	18	47	58
AAEL023518	22	4	3	6	7	0	5	4	8	10	7	10
AAEL008556	830	649	416	403	366	838	818	1017	1429	462	986	1170
AAEL008561	428	349	293	268	310	324	263	255	319	308	278	324
AAEL008565	2326	1690	1769	3117	3563	2932	1203	1746	2179	1293	1894	1968
AAEL008569	426	281	261	289	502	462	344	471	581	495	494	883
AAEL008564	2235	1987	1618	1070	957	1711	2348	2494	4005	2159	2408	2425
AAEL020159	42	28	13	23	15	5	46	11	33	14	11	33
AAEL024961	3	2	4	2	3	0	7	6	5	3	2	0
AAEL008557	921	829	738	524	432	736	817	709	912	586	741	1015
AAEL008559	303	246	314	180	198	385	207	250	211	185	212	567
AAEL022646	3206	157	272	96	87	450	3453	7628	5455	4815	1829	3708
AAEL014642	1972	1855	1385	701	1010	2234	1514	2109	2191	1251	1836	2469
AAEL014646	165	126	137	144	156	196	92	127	159	151	135	162
AAEL014644	784	556	625	643	663	663	564	608	589	689	572	751
AAEL014641	157	124	127	161	238	235	124	180	168	143	188	256
AAEL014645	257	245	285	227	288	168	192	197	251	221	192	264
AAEL014640	1544	1128	996	2503	3092	2661	946	1248	1658	1110	1898	2668
AAEL012380	28	53	35	97	95	60	56	44	83	45	52	72
AAEL021026	122	39	70	141	103	162	77	91	98	136	198	259
AAEL012372	298	266	198	251	268	247	276	224	211	252	213	271
AAEL019810	21	34	17	17	6	11	75	86	44	65	22	84
AAEL012377	270	107	153	224	233	134	127	180	166	228	140	143
AAEL020480	0	0	0	0	0	0	0	3	0	0	0	0
AAEL028807	0	0	0	0	0	0	0	0	0	0	0	0
AAEL028958	0	0	0	0	0	0	0	0	0	0	0	0
AAEL008784	1919	469	655	423	342	1165	1631	1137	1107	2354	1351	837
AAEL008782	15	4	7	12	5	29	98	166	28	125	10	313
AAEL008767	6	1	1	14	4	12	29	38	18	51	1	53
AAEL008766	122	75	87	70	111	96	94	112	106	98	66	145
AAEL001076	104	61	58	26	46	51	227	155	244	203	168	254
AAEL025799	0	0	0	0	0	0	1	0	0	1	1	0
AAEL002138	7	1	2	1	1	1	5	5	1	4	0	3
AAEL020560	1	0	0	1	0	0	1	5	1	0	2	6
AAEL001057	0	0	0	1	0	0	2	0	0	2	0	3
AAEL001096	0	0	0	0	0	0	3	1	3	2	0	2
AAEL013410	402	320	321	345	430	410	317	257	377	383	344	348
AAEL013407	9005	6926	8671	6426	6971	5907	4925	5878	7220	5301	5481	8206
AAEL013408	426	422	300	204	178	485	327	536	611	331	466	417
AAEL026483	0	0	0	0	0	0	0	0	0	0	0	0
AAEL025540	0	0	0	0	0	0	0	0	0	0	0	0
AAEL023446	0	0	0	0	0	0	0	0	0	0	1	0
AAEL027347	61	62	28	41	32	12	48	16	54	25	27	69
AAEL026587	0	0	0	0	0	0	0	0	0	0	1	0
AAEL023676	989	782	610	305	183	629	1065	1005	1200	598	941	1664
AAEL022867	1772	1610	1351	690	697	1434	1681	1991	2199	1435	1893	2292
AAEL022754	0	0	0	0	0	1	0	0	0	0	0	0
AAEL022026	0	0	0	0	0	0	0	0	0	0	0	0
AAEL014029	396	390	443	378	527	359	272	251	286	365	333	438
AAEL014027	308	254	257	188	225	222	219	267	232	315	205	435
AAEL027379	0	1	0	0	2	0	0	1	0	0	0	0
AAEL023916	0	0	0	0	0	0	0	0	0	0	0	0
AAEL014024	258	237	280	265	409	265	220	149	193	223	200	241
AAEL014028	857	660	557	608	482	692	575	762	805	516	649	830
AAEL012914	1317	984	945	711	517	1057	1228	1431	1436	1054	1081	1728
AAEL020765	0	0	2	0	0	0	2	2	1	0	0	0
AAEL028954	0	0	0	0	0	0	1	0	0	2	0	0
AAEL026021	0	0	2	0	0	1	4	3	0	2	0	5
AAEL012918	2823	2566	2454	1731	1206	1878	1633	2837	2286	2059	1525	2859
AAEL026811	916	757	616	608	500	684	876	932	1212	711	831	951
AAEL012916	862	561	571	486	311	539	713	732	862	721	759	1007
AAEL009044	57	40	48	26	58	49	52	25	109	51	37	31
AAEL009050	18	7	4	8	18	6	3	7	14	11	14	18
AAEL009045	224	454	360	87	86	55	97	71	102	45	68	92
AAEL009047	1326	1297	809	351	376	1113	944	1700	1601	871	1105	1956
AAEL021177	0	1	0	0	3	0	0	0	0	0	0	0
AAEL009048	230	247	229	173	174	265	233	251	300	247	267	397
AAEL009051	671	555	713	758	997	537	426	639	432	544	314	692
AAEL018168	929	825	593	417	289	683	854	1028	1036	620	923	1201
AAEL009052	14	9	12	14	24	12	23	21	11	17	12	21
AAEL021912	1	0	0	0	0	1	8	1	0	0	4	1
AAEL026444	0	0	0	0	0	0	0	0	0	0	0	0
AAEL027663	0	0	0	0	0	0	0	0	0	0	0	0
AAEL014773	21	6	3	0	0	8	57	40	38	38	31	51
AAEL021504	0	0	0	0	0	0	0	0	0	0	0	0
AAEL020900	0	0	0	0	0	0	0	0	0	0	0	0
AAEL014774	367	307	225	140	126	352	372	367	486	251	409	411
AAEL020678	0	0	0	0	0	0	0	0	0	0	0	1
AAEL027030	0	0	0	0	0	0	1	0	2	1	0	2
AAEL022753	0	3	0	0	0	0	0	0	0	0	0	0
AAEL022641	0	2	3	3	0	1	1	0	1	2	6	2
AAEL010125	463	610	371	791	1860	1167	259	394	612	990	1703	3195
AAEL010132	111	67	71	84	95	129	121	176	240	76	167	143
AAEL019527	20	10	1	8	5	8	51	26	29	27	41	58
AAEL019526	361	514	301	183	797	1039	272	442	822	332	1266	1077
AAEL010128	700	405	345	412	730	439	325	133	462	63	393	211
AAEL020566	1	0	0	0	0	0	2	1	0	0	0	0
AAEL010127	8	7	30	16	32	15	13	4	7	30	27	83
AAEL021218	0	0	0	0	0	0	0	0	0	0	0	0
AAEL029091	7	6	4	5	1	6	3	3	3	5	1	10
AAEL027253	0	0	0	0	0	0	0	0	0	0	0	0
AAEL010134	5	5	2	1	0	0	4	3	2	3	0	1
AAEL024324	0	0	0	0	0	0	0	0	0	0	0	0
AAEL024269	27	10	5	7	1	6	95	48	42	71	42	122
AAEL015527	286	213	175	838	986	898	167	314	541	231	938	1483
AAEL007109	92	116	76	186	355	277	71	95	124	112	185	332
AAEL007106	171	187	161	147	217	180	134	205	183	124	193	304
AAEL007102	227	95	97	229	278	127	333	700	530	243	466	241
AAEL007105	32	33	33	34	52	57	49	39	60	44	57	67
AAEL007103	515	425	308	415	702	665	486	1946	1927	1217	1139	957
AAEL007104	65	31	44	23	25	52	149	100	122	85	73	130
AAEL020461	0	0	0	0	0	0	4	5	7	4	1	6
AAEL023546	2	0	0	0	0	0	4	4	0	0	0	1
AAEL028064	56	45	25	15	14	23	44	40	79	93	37	42
AAEL021652	0	0	0	0	0	0	0	0	0	0	0	0
AAEL022999	4	5	1	0	5	5	5	2	4	1	1	4
AAEL009861	1505	1076	744	828	1299	2091	1655	1196	3308	1255	2449	792
AAEL028209	45	10	2	21	13	25	32	26	11	7	54	15
AAEL009859	8896	4625	4647	6133	5896	7711	10812	7255	17916	7280	11489	6528
AAEL023397	0	1	0	2	3	0	0	3	2	3	1	0
AAEL009864	797	562	606	204	368	445	578	788	957	506	761	1089
AAEL022322	2	0	0	0	0	0	1	0	0	0	0	2
AAEL026680	0	0	0	1	0	0	1	0	1	0	4	1
AAEL024113	16	5	8	7	5	18	13	6	14	12	20	5
AAEL009862	489	221	223	404	398	505	226	128	334	238	392	397
AAEL022139	81	77	109	20	11	31	4	3	17	13	19	19
AAEL020112	183	50	105	139	331	111	113	585	457	731	328	842
AAEL009860	0	0	1	0	0	0	1	1	1	0	3	0
AAEL009863	5212	3771	3079	2848	3616	3226	2583	3880	3869	2332	3862	6070
AAEL009858	123	101	107	85	206	168	129	126	156	147	137	168
AAEL009857	1467	1058	1049	1221	1113	1513	926	1599	1360	1279	1506	2314
AAEL020803	0	1	0	0	0	0	2	0	1	0	1	0
AAEL001776	113	105	70	27	31	68	154	86	164	85	136	191
AAEL027604	5	0	1	4	3	2	2	0	2	1	0	0
AAEL021913	0	0	0	0	0	0	0	3	0	0	0	0
AAEL015019	142	194	97	16	43	28	126	322	355	146	228	121
AAEL001766	129	152	135	66	116	157	148	154	162	141	114	215
AAEL024712	1	2	1	0	3	4	0	0	8	1	0	2
AAEL015018	139	172	92	38	49	169	199	162	311	188	284	325
AAEL001762	0	5	2	0	0	0	1	1	2	0	1	0
AAEL001781	273	235	295	121	93	109	194	283	166	308	116	432
AAEL001767	1823	1827	1584	773	1453	1181	1024	1158	1152	1217	992	1647
AAEL007800	2623	2047	1326	780	857	1581	2835	1807	3593	1495	3641	4345
AAEL025677	0	0	1	0	0	0	4	0	0	4	0	3
AAEL007811	381	294	305	305	400	266	169	183	263	228	211	285
AAEL025001	79	83	89	74	102	91	95	67	146	84	156	112
AAEL001778	150	146	125	132	132	213	119	135	148	118	120	198
AAEL001752	1300	999	1013	744	682	1036	984	1303	1385	1072	1143	2063
AAEL001754	37	55	47	37	123	64	76	71	111	94	72	66
AAEL001779	2073	1949	1940	2319	2951	3158	1683	2092	2355	2354	2205	3652
AAEL001759	42855	27765	38381	35035	50233	30945	28498	16756	32313	26375	25444	22137
AAEL017164	1281	836	1047	603	503	636	859	926	906	832	702	1471
AAEL021968	1	0	0	0	0	0	1	0	1	2	1	0
AAEL001782	482	357	388	355	360	322	322	327	352	420	322	635
AAEL001749	1122	760	761	439	463	761	593	743	670	678	623	1051
AAEL025519	2	0	0	3	0	0	1	6	1	1	0	0
AAEL025977	800	673	449	278	349	850	1163	1490	1697	661	995	1190
AAEL001751	716	438	507	512	661	832	565	317	593	589	618	576
AAEL019725	263	272	172	152	268	479	346	352	505	353	533	941
AAEL001787	249	196	168	306	289	300	157	152	221	159	206	214
AAEL001789	107	102	70	59	65	98	82	64	124	135	113	149
AAEL001765	325	361	201	149	173	356	329	396	562	293	409	647
AAEL001775	46	70	57	45	74	56	47	30	63	50	40	56
AAEL001756	381	263	243	279	197	295	219	297	288	176	273	333
AAEL020478	1	0	0	0	0	1	0	0	1	2	1	2
AAEL021251	2	3	3	1	0	1	6	1	4	7	2	8
AAEL001764	292	280	320	239	295	233	210	199	219	243	229	282
AAEL001761	215	209	171	121	150	165	153	238	249	185	146	285
AAEL001769	2207	1747	1535	1398	1537	1767	2155	2648	2965	2054	2228	2866
AAEL022838	0	0	1	1	2	0	1	0	0	3	2	3
AAEL014334	71	41	38	24	22	34	91	69	97	50	50	95
AAEL021034	59	3	4	5	0	28	1	13	18	2	9	27
AAEL027369	0	0	0	0	0	0	0	0	0	0	2	2
AAEL024160	14	9	4	6	3	9	14	10	19	4	13	19
AAEL010879	313	239	201	470	653	805	280	354	431	393	527	926
AAEL010883	1238	827	670	953	721	1110	995	859	1302	1019	1301	2380
AAEL011765	189	158	126	107	102	160	102	222	184	143	127	262
AAEL024549	2318	1613	1726	1706	2003	1662	1573	1604	1796	1524	1368	1225
AAEL011764	525	637	385	204	239	100	240	183	392	115	200	175
AAEL011763	1641	1913	1541	544	360	470	539	314	615	238	370	474
AAEL011766	51	19	18	6	23	23	55	40	71	32	76	71
AAEL020059	3	4	7	3	1	4	14	3	11	5	6	2
AAEL025037	0	0	1	0	0	0	0	0	1	0	0	1
AAEL011771	76	42	34	29	60	33	46	65	70	48	73	146
AAEL011768	51	25	22	17	46	19	17	15	42	27	63	43
AAEL020141	0	0	0	0	0	0	2	0	1	0	0	0
AAEL009616	75	32	35	27	40	34	32	4321	1444	656	46	130
AAEL009609	0	0	0	0	0	0	0	0	1	1	0	0
AAEL009610	41	59	51	40	51	52	29	43	63	39	48	79
AAEL021189	2	0	1	0	0	2	3	0	6	4	5	2
AAEL025805	2	0	0	0	0	0	0	0	0	0	0	0
AAEL009601	2299	1705	2299	1204	948	1165	1292	1261	1406	1185	1262	1400
AAEL009606	1062	780	573	642	555	1266	750	1054	1267	641	990	1164
AAEL022010	381	273	345	277	463	339	241	217	270	303	253	267
AAEL018181	354	325	226	125	127	339	401	476	511	239	430	538
AAEL019918	126	69	62	4	8	42	374	297	380	169	274	468
AAEL026986	1	1	0	2	5	0	23	10	10	5	2	8
AAEL024120	1	0	0	0	0	0	5	3	0	0	0	2
AAEL022502	0	0	1	0	0	1	2	1	2	2	0	1
AAEL025083	39	20	35	26	29	21	24	11	17	32	4	16
AAEL009603	305	314	225	183	230	394	243	240	376	184	279	257
AAEL009611	148	140	149	100	117	132	116	131	173	136	125	185
AAEL009615	1497	1117	1433	1533	2821	1745	1759	1495	2340	2119	1605	1824
AAEL009614	916	716	804	787	809	906	717	777	893	783	899	1243
AAEL020903	1410	1271	850	930	685	1528	1404	1274	2139	1017	1650	1530
AAEL014715	3019	2099	2377	2655	2733	2863	2475	1859	3298	1953	2651	2794
AAEL015335	609	344	472	277	230	274	439	448	409	490	421	638
AAEL020353	8	1	5	0	0	3	11	1	7	0	11	16
AAEL015336	217	134	146	192	236	195	247	159	375	135	268	196
AAEL009607	10350	7354	6162	6013	5019	8011	7503	8938	11628	5911	9280	10381
AAEL009608	424	361	340	334	458	402	301	283	362	317	275	400
AAEL009604	3086	2512	2270	2165	2542	3236	2184	2782	2966	2275	2492	3334
AAEL009623	176	116	172	259	295	258	98	159	118	136	217	245
AAEL021631	0	0	0	0	0	0	0	0	0	0	0	0
AAEL014510	279	211	136	16	32	99	629	499	470	285	415	754
AAEL019788	1491	1042	897	851	700	1699	1246	1436	1831	778	1343	1485
AAEL009359	210	170	130	146	194	171	108	197	165	120	111	201
AAEL024240	55	20	25	117	21	24	26	69	10	61	66	33
AAEL025613	151	150	181	144	203	110	47	51	71	102	83	176
AAEL009238	1099	1018	897	717	447	901	1120	1341	1297	765	797	1333
AAEL009235	1319	1097	1035	792	627	867	873	952	1019	864	630	1179
AAEL024198	5	3	4	1	4	3	3	5	0	7	7	8
AAEL009242	465	342	409	289	265	286	255	375	391	382	287	516
AAEL009240	232	155	174	127	179	286	140	174	199	158	386	574
AAEL015022	467	325	536	454	221	306	238	257	352	229	243	515
AAEL015020	144	202	246	294	135	94	20	20	8	32	57	128
AAEL015021	7	7	8	1	3	2	0	1	3	0	1	0
AAEL015573	0	1	0	0	0	0	0	0	0	2	0	0
AAEL021375	1256	1094	847	530	836	576	270	303	476	223	280	273
AAEL009239	2	2	0	8	8	6	2	2	3	13	30	24
AAEL024116	0	0	0	0	0	0	0	0	0	0	0	0
AAEL026074	14	5	7	5	8	5	23	17	17	14	20	39
AAEL022291	3	0	1	0	2	4	0	1	0	3	1	0
AAEL026959	15	2	13	2	43	1	9	9	17	23	60	24
AAEL009244	4981	1816	1244	2673	3913	5508	2504	1677	5740	5410	6169	4245
AAEL014297	44	25	26	18	29	40	43	50	53	45	33	39
AAEL014296	1837	1540	1502	866	922	1140	1250	1435	1593	1237	1028	1984
AAEL023217	859	804	563	360	308	590	561	656	737	409	618	937
AAEL014990	251	100	97	172	267	217	143	152	213	232	250	343
AAEL019745	1939	1681	1456	2505	2295	2483	1392	2053	1909	2322	1542	3492
AAEL014992	684	620	465	522	521	616	550	624	712	599	595	799
AAEL011606	1072	982	981	769	737	965	872	1253	1216	1147	860	1200
AAEL026354	29	14	24	4	5	12	72	68	69	43	79	133
AAEL029028	0	1	0	1	0	0	6	0	0	0	0	2
AAEL014384	0	0	2	0	0	0	0	0	0	0	0	0
AAEL024409	0	0	0	0	0	0	0	0	0	0	0	0
AAEL014382	213	164	121	679	1658	672	74	157	235	275	551	711
AAEL026265	0	0	0	1	0	0	0	1	0	0	0	1
AAEL029084	0	0	0	0	0	0	0	0	0	0	0	0
AAEL019633	28	39	44	63	80	62	29	46	57	40	57	39
AAEL025317	0	0	0	0	0	0	1	0	0	0	0	0
AAEL029082	0	0	0	0	0	0	0	0	0	0	0	0
AAEL011622	254	269	278	613	1068	609	115	189	566	187	519	727
AAEL011621	12	5	5	22	45	35	18	10	19	8	22	49
AAEL011612	85	177	246	79	51	59	106	125	174	115	79	196
AAEL005103	258	243	195	153	175	251	184	254	251	186	196	293
AAEL005155	4	7	11	13	20	15	14	11	18	13	15	17
AAEL024486	56	38	40	59	35	58	77	112	113	40	83	99
AAEL027061	20	33	10	14	20	17	16	25	24	4	14	15
AAEL027854	4	4	0	1	1	12	5	1	3	3	2	1
AAEL005127	991	592	612	439	918	442	407	311	378	400	419	378
AAEL005106	885	698	488	576	817	589	404	512	714	407	485	466
AAEL024635	7	0	3	0	3	2	3	0	4	7	5	8
AAEL005108	15	5	13	4	13	2	3	1	2	12	13	28
AAEL025086	1	2	0	1	1	2	1	1	7	6	0	0
AAEL021870	77	91	97	17	25	29	24	45	38	27	24	115
AAEL026648	2	0	2	7	0	0	5	11	5	6	17	1
AAEL023434	74	23	19	21	25	26	82	34	59	47	100	115
AAEL020327	103	86	67	69	88	67	36	25	46	25	59	26
AAEL013606	8	6	1	8	2	7	9	25	7	11	18	10
AAEL013605	3	0	3	6	4	6	1	0	4	3	4	3
AAEL005111	937	226	659	361	258	688	1054	724	1016	583	1044	1246
AAEL029089	2	0	1	0	0	0	0	0	0	0	0	0
AAEL023444	476	18	92	167	136	235	272	426	822	366	809	497
AAEL005109	1	4	0	0	0	4	12	3	8	2	4	7
AAEL022039	0	0	0	0	0	0	0	0	0	0	0	0
AAEL022722	0	0	0	0	0	0	0	0	0	0	0	0
AAEL027457	1	0	0	0	0	0	3	0	0	1	3	0
AAEL005118	180	145	180	87	126	126	129	140	135	204	122	176
AAEL005100	227	326	238	121	128	271	224	255	230	303	175	439
AAEL025060	0	0	0	0	0	0	0	0	0	0	0	0
AAEL020334	0	0	0	0	0	0	0	0	0	0	0	0
AAEL026243	3420	3146	2784	1448	1656	2915	2219	3025	3557	2339	2523	3973
AAEL020877	0	0	0	0	1	0	0	0	0	0	0	0
AAEL020071	422	395	332	231	221	357	396	510	523	330	383	726
AAEL025595	0	17	26	15	52	2	11	0	24	25	20	0
AAEL015304	1817	1178	1143	1080	1739	1225	791	1053	978	739	1016	1140
AAEL019679	382	261	377	454	530	382	188	329	233	288	265	568
AAEL019678	182	152	135	96	105	141	126	201	191	207	144	198
AAEL005123	94	116	105	51	57	61	73	140	133	85	57	95
AAEL023844	521	336	258	267	545	253	280	475	424	292	364	290
AAEL005113	115	49	35	64	34	25	78	67	211	101	81	73
AAEL022241	8	4	7	2	1	7	21	8	12	18	8	19
AAEL024268	44	36	31	10	21	44	87	59	94	67	59	71
AAEL027420	4	7	6	5	6	7	12	13	14	6	3	11
AAEL022997	0	0	2	0	0	0	4	6	1	1	0	4
AAEL019946	15	15	9	11	13	6	16	14	33	15	20	33
AAEL019947	1	0	1	0	0	2	1	0	0	1	0	1
AAEL002353	96	58	25	85	72	131	85	41	69	104	141	359
AAEL023231	0	2	1	0	0	0	0	2	4	0	0	0
AAEL002362	256	176	203	233	292	232	145	149	179	250	227	239
AAEL002347	1954	1568	2616	1397	2219	4927	2771	2588	540	4389	2713	7666
AAEL024934	287	631	2020	204	431	1042	1016	61	4	1251	174	1332
AAEL002360	1134	1715	1072	894	1030	3910	4103	2512	358	5609	1573	5723
AAEL002345	1961	1503	1460	1630	1258	1873	1563	1703	2033	1451	2012	2384
AAEL002361	5	7	5	0	0	1	4	2	3	7	2	7
AAEL002350	1474	1204	1298	1708	2273	1849	834	1140	1485	954	1240	1777
AAEL002322	468	491	457	425	407	621	408	409	571	386	419	490
AAEL002324	394	319	411	519	607	534	230	422	306	380	357	665
AAEL014964	39	12	17	1	2	15	170	147	152	75	125	166
AAEL002355	22	8	7	10	11	27	0	14	6	13	14	4
AAEL012793	909	676	753	713	466	632	668	800	797	535	606	896
AAEL002329	565	454	446	338	289	409	368	440	521	413	318	607
AAEL024787	193	264	248	87	138	274	221	252	340	175	200	371
AAEL013452	177	153	113	45	39	117	202	253	293	187	230	422
AAEL002356	0	0	0	0	0	0	0	0	0	1	0	5
AAEL002334	4429	3153	3004	3215	3678	4326	4429	3052	5596	2861	3913	3665
AAEL022329	2	0	2	1	6	3	2	0	2	6	3	6
AAEL024304	0	0	0	1	4	0	0	0	0	0	0	2
AAEL002351	985	725	631	538	542	563	649	801	880	693	752	904
AAEL002349	1273	830	1038	932	867	857	643	670	848	913	649	1109
AAEL002341	197	90	46	83	110	100	135	99	177	63	96	128
AAEL002337	427	471	413	341	467	534	282	294	457	327	361	425
AAEL027472	410	356	309	359	326	602	333	297	522	238	433	375
AAEL010698	3860	3404	2917	1746	1447	3327	3193	3599	4907	2359	3505	4243
AAEL019460	2905	2533	1910	1365	1154	2788	2231	3194	3662	2048	2671	3295
AAEL010691	3103	2953	3138	1172	1185	1318	2636	2639	1579	3505	1643	6523
AAEL015298	456	423	325	308	514	908	408	433	548	447	981	1624
AAEL024305	0	0	0	0	0	0	0	0	0	0	0	0
AAEL020597	1262	1034	838	951	834	1407	830	1419	1539	800	1147	1636
AAEL010697	2372	1986	1831	4307	4838	4309	1205	5314	1800	3048	2273	4630
AAEL019551	1349	1066	1016	804	417	1003	971	2175	1339	1012	904	1646
AAEL022063	0	0	0	0	0	0	1	0	0	1	0	0
AAEL010694	840	600	661	841	1071	627	443	462	688	483	492	547
AAEL027669	0	0	1	0	1	0	1	0	0	0	0	0
AAEL023985	291	180	132	94	57	141	473	333	328	242	324	511
AAEL022128	563	900	555	317	525	628	829	1039	916	1364	562	1593
AAEL011038	488	272	198	1722	1361	1301	294	278	469	668	1482	1734
AAEL013380	95	41	56	48	27	33	32	44	24	55	59	88
AAEL022261	1095	1282	1677	222	246	121	182	340	219	167	129	304
AAEL013377	4	1	0	0	0	0	1	0	0	0	0	0
AAEL023160	0	0	0	0	0	0	0	1	0	1	0	0
AAEL026467	0	0	0	0	0	1	0	2	1	0	0	0
AAEL023299	0	0	0	0	0	0	0	0	0	0	0	0
AAEL022845	3	3	2	5	6	1	1	8	11	4	4	4
AAEL011035	0	0	0	0	0	0	0	0	0	0	1	0
AAEL011042	0	3	3	12	14	11	3	1	8	0	0	9
AAEL025681	0	0	0	0	0	0	0	0	0	0	0	0
AAEL006739	0	0	0	0	0	0	0	0	0	0	0	0
AAEL029081	0	0	0	0	0	0	0	0	0	0	0	1
AAEL006756	0	0	0	0	0	0	0	0	1	1	0	1
AAEL029100	0	0	0	0	0	0	0	0	0	0	0	0
AAEL023113	0	3	1	0	0	0	0	6	2	2	0	0
AAEL019692	71	53	47	19	16	32	59	90	112	68	89	141
AAEL008994	0	2	1	1	1	0	2	2	1	0	4	3
AAEL009007	0	0	0	0	0	0	0	0	0	0	0	0
AAEL008984	0	0	0	0	0	0	0	0	0	0	0	1
AAEL009000	0	0	0	0	0	0	1	0	1	0	0	1
AAEL029092	0	0	0	0	0	0	0	0	0	0	0	1
AAEL029079	0	0	0	0	0	0	0	1	0	0	0	0
AAEL029080	0	0	0	0	0	0	0	0	0	0	0	0
AAEL008975	0	0	0	0	0	0	0	0	0	1	0	0
AAEL029087	0	0	0	0	0	0	0	0	0	0	0	0
AAEL029123	1	0	0	0	0	0	0	0	1	0	0	0
AAEL015280	0	0	0	0	0	0	0	1	0	0	0	0
AAEL029098	0	0	0	0	0	0	0	0	0	0	0	1
AAEL029122	0	0	0	0	0	0	0	0	0	0	0	0
AAEL008977	0	0	0	0	0	0	0	0	0	0	0	0
AAEL027622	2	0	1	0	0	1	0	0	3	0	0	0
AAEL014770	0	0	0	0	0	0	0	0	0	0	0	0
AAEL014769	0	0	0	0	0	0	0	0	0	0	0	0
AAEL022037	14	7	11	0	0	0	3	3	3	5	0	6
AAEL009011	0	1	0	0	1	0	0	0	0	0	0	0
AAEL009002	16	39	41	25	13	47	10	37	23	17	13	101
AAEL014978	63	31	73	3	1	2	8	62	44	37	2	7
AAEL014977	0	0	1	0	0	0	0	0	0	0	0	0
AAEL025288	0	0	1	1	0	0	4	0	1	0	0	0
AAEL021691	0	1	0	0	0	0	0	0	0	0	0	2
AAEL024338	0	0	0	0	0	0	0	0	0	0	0	0
AAEL008966	0	0	0	0	0	0	0	0	0	0	0	0
AAEL029088	0	0	0	0	0	0	1	0	0	0	0	0
AAEL008979	0	0	0	0	0	0	0	0	0	0	0	0
AAEL008978	0	0	0	0	0	0	0	0	0	0	0	0
AAEL022679	0	0	0	0	0	0	1	0	0	0	0	0
AAEL008971	0	0	0	0	0	0	0	0	0	0	0	0
AAEL008995	0	0	0	0	0	0	1	0	0	0	0	0
AAEL008989	0	0	2	0	0	0	0	0	0	0	0	0
AAEL029076	0	0	0	0	0	0	0	0	0	0	0	0
AAEL009004	1	0	0	0	0	0	0	0	0	0	0	0
AAEL021243	0	3	4	0	0	0	0	0	0	0	0	0
AAEL008990	5	1	1	5	1	1	1	0	0	0	1	1
AAEL009009	5	2	0	4	2	5	0	3	7	0	3	7
AAEL008965	0	0	0	0	1	1	0	0	0	0	0	0
AAEL008987	0	0	0	0	0	2	0	0	0	0	0	0
AAEL015424	24	39	43	122	98	66	25	42	32	15	34	82
AAEL008969	0	0	0	0	0	0	0	0	0	0	0	0
AAEL008993	0	0	0	0	0	0	0	0	0	0	0	0
AAEL009013	0	0	0	0	0	0	0	0	0	0	0	0
AAEL008982	0	0	1	0	0	0	0	0	0	0	0	0
AAEL025577	0	0	0	0	0	0	0	0	1	0	0	0
AAEL008986	0	0	0	0	0	0	0	0	0	0	0	0
AAEL009001	0	0	0	0	0	0	2	1	1	0	0	1
AAEL024016	0	0	0	0	0	0	0	0	0	0	0	0
AAEL026190	0	0	0	0	0	0	0	0	0	0	0	0
AAEL026682	1	0	0	0	0	0	5	2	4	0	0	2
AAEL009005	0	0	0	0	0	0	0	0	0	0	0	0
AAEL023044	178	73	130	54	56	103	125	141	141	86	69	131
AAEL008970	31	16	58	9	5	5	66	83	94	60	5	19
AAEL025118	3	0	0	0	0	0	1	0	0	2	0	0
AAEL027975	109	82	71	40	37	26	51	111	91	46	78	117
AAEL017526	982	1032	608	123	256	1094	931	1350	1356	548	924	1294
AAEL020679	12	3	18	12	13	6	5	10	3	6	11	5
AAEL023983	64307	41074	45808	50959	73976	50007	41462	26859	55464	32728	44043	36300
AAEL023768	26	10	6	14	27	30	17	10	30	13	17	12
AAEL017075	13304	10507	8069	9060	7919	14832	11851	11600	20891	6977	14102	8335
AAEL024833	4	5	9	0	3	1	0	1	2	0	0	0
AAEL013119	578	420	433	1052	1477	1219	282	396	406	516	611	1032
AAEL013128	3198	2524	1644	1253	949	2359	2202	1916	2801	1724	2712	3278
AAEL019537	232	103	128	968	734	753	59	78	65	307	268	680
AAEL013121	615	492	637	511	671	490	290	543	441	565	323	553
AAEL022750	813	774	470	169	332	856	781	1475	1394	547	1009	1497
AAEL011238	2	4	8	0	2	4	2	4200	310	167	5	12
AAEL024936	227	202	122	32	75	227	428	372	499	249	452	801
AAEL018578	0	0	0	0	0	0	0	0	0	0	0	0
AAEL011239	291	239	282	270	350	332	249	335	308	356	291	460
AAEL020432	276	210	218	224	169	234	158	179	190	180	165	218
AAEL011242	903	475	535	987	1160	1287	507	467	657	626	1022	1336
AAEL027434	390	277	337	417	433	309	210	224	263	237	242	231
AAEL011240	3154	2834	1875	1468	1108	3141	2790	3431	4374	1894	3245	3369
AAEL013764	37	29	50	28	40	47	50	68	56	82	30	58
AAEL025318	17	12	22	31	19	24	26	17	26	23	13	9
AAEL013763	26	16	25	29	20	15	6	16	17	23	12	32
AAEL021173	10	26	30	9	6	9	8	17	8	23	36	99
AAEL021609	21	19	24	4	0	0	18	17	31	13	43	100
AAEL022038	0	0	0	0	0	0	0	21710	15157	12758	0	8
AAEL025990	187	178	214	97	118	175	224	198	182	289	124	375
AAEL028836	0	0	0	0	0	0	0	2	0	0	0	0
AAEL013169	128	46	41	86	114	129	65	62	78	66	74	71
AAEL013167	233	265	264	257	285	322	170	356	326	182	255	319
AAEL013163	455	264	259	1438	1691	1250	294	305	408	537	731	1165
AAEL024122	94	61	128	40	60	90	56	38	69	61	40	98
AAEL018257	213	220	180	102	162	203	182	195	193	192	165	338
AAEL024406	424	1052	336	428	1120	2691	824	999	3257	703	3736	9080
AAEL026234	0	0	0	0	0	0	2	0	1	0	0	3
AAEL022776	0	0	0	0	0	0	0	0	0	1	0	1
AAEL024145	6	9	5	7	6	0	24	13	13	14	9	31
AAEL020809	5	5	5	2	12	14	14	11	12	6	5	8
AAEL022994	0	0	1	0	0	2	0	1	2	0	4	0
AAEL011178	184	109	109	54	75	156	211	193	286	102	172	268
AAEL011179	49	12	22	1	0	5	145	86	98	67	56	84
AAEL020164	0	0	0	0	0	0	1	2	0	0	0	0
AAEL024526	1	1	0	0	0	0	0	0	2	0	0	6
AAEL015070	230	114	211	182	149	91	53	46	110	75	75	42
AAEL023899	0	0	2	0	0	0	1	0	2	1	0	0
AAEL011174	49	27	35	13	43	9	23	14	17	62	14	119
AAEL011180	2820	1295	1444	8146	8446	6060	1371	1287	2010	3483	4089	4840
AAEL011177	121	64	81	91	177	94	114	127	73	94	74	68
AAEL010369	24	25	27	9	11	20	5	16	12	4	10	14
AAEL027354	271	190	201	100	159	108	84	66	109	117	89	225
AAEL010377	65	80	50	45	48	56	15	16	28	24	63	79
AAEL010388	182	181	175	153	176	220	180	216	239	176	166	275
AAEL010387	519	406	390	358	351	501	268	458	517	265	413	537
AAEL010379	579	519	285	577	510	694	566	445	582	454	1276	1330
AAEL010380	2	0	0	3	0	2	4	5	10	7	5	4
AAEL026259	6	0	1	0	0	0	0	1	0	0	2	3
AAEL023079	1	0	0	1	1	0	0	2	2	2	2	1
AAEL010367	0	0	0	0	0	2	4	2	2	0	0	2
AAEL026131	16	5	14	49	24	27	1	1	24	13	40	37
AAEL017311	2	3	3	10	3	16	4	39	3	2	2	2
AAEL024680	11	8	2	1	0	2	13	4	13	10	22	13
AAEL010378	396	126	139	230	245	422	175	183	263	234	341	416
AAEL010366	828	274	577	201	209	317	1257	1806	2509	2086	1125	573
AAEL010381	38	17	13	27	18	41	43	29	58	39	32	39
AAEL010386	139	100	94	97	122	134	127	103	152	127	118	208
AAEL010376	72	85	120	35	51	103	85	68	87	74	91	95
AAEL010368	976	774	820	535	674	688	601	606	825	751	545	1058
AAEL010373	1530	1153	1081	593	574	1179	1208	870	1243	1126	1216	1609
AAEL010371	208	270	177	277	490	552	158	178	244	188	240	371
AAEL017071	598	350	383	945	638	1029	240	274	464	580	805	1356
AAEL010389	262	185	215	284	297	359	83	82	146	121	168	261
AAEL010384	229	161	63	175	119	407	139	223	396	304	366	534
AAEL025581	6	0	0	4	14	11	1	0	1	3	2	1
AAEL010382	1409	957	913	1732	524	1709	1409	2924	3485	1982	1428	2161
AAEL010370	179	181	156	92	73	151	164	213	266	140	195	221
AAEL026787	846	597	709	890	682	647	582	854	1105	621	608	863
AAEL010390	0	1	9	0	0	3	4	3	1	1	1	4
AAEL010374	101	113	133	56	70	139	133	142	218	188	154	212
AAEL024525	457	303	370	394	435	362	366	258	357	378	419	630
AAEL010375	3	11	6	3	12	8	12	2	0	19	49	45
AAEL021016	275	216	237	323	312	320	243	231	365	384	483	862
AAEL010981	17	8	15	3	20	8	13	19	8	14	15	37
AAEL009661	376	287	355	287	361	274	214	193	221	346	221	357
AAEL022876	34	13	19	6	3	14	79	52	97	47	62	83
AAEL024402	0	0	0	0	0	0	0	0	0	0	0	0
AAEL020704	0	0	0	0	0	0	0	0	0	0	0	0
AAEL001840	1336	1049	1474	689	637	789	331	438	366	296	306	803
AAEL001844	795	755	805	519	436	531	218	151	257	254	303	667
AAEL020838	0	0	0	0	0	0	0	0	0	0	0	1
AAEL020195	8	3	8	2	4	8	6	8	14	7	4	8
AAEL001839	76	252	426	432	89	77	62	37	65	27	8	47
AAEL001855	21	9	16	20	6	9	10	30	35	25	10	19
AAEL001863	40555	22614	25552	11558	15397	11819	37708	30763	48999	31575	26194	16864
AAEL001846	4	8	2	1	1	4	3	1	1	1	0	2
AAEL000081	2238	1688	1406	1377	690	2042	1848	2022	2800	1415	2098	2522
AAEL011221	1543	1385	1494	1420	1491	1796	1112	1072	1398	1550	1415	2391
AAEL000049	489	397	380	719	995	692	251	151	319	369	554	778
AAEL004073	262	268	209	124	92	296	180	220	268	189	224	288
AAEL025520	126	78	93	44	70	136	151	147	227	143	139	188
AAEL021511	7	0	13	0	5	4	1	4	5	1	7	6
AAEL026732	9	5	18	3	20	2	21	11	10	13	7	12
AAEL020189	0	0	0	0	0	0	2	0	0	0	0	0
AAEL008824	11	7	8	6	4	7	37	32	22	26	20	38
AAEL025901	0	0	0	0	0	0	1	0	1	0	0	0
AAEL013204	441	324	363	319	289	237	307	302	274	354	236	393
AAEL013208	424	329	337	265	246	348	279	284	280	334	278	375
AAEL013207	606	465	446	591	585	710	429	347	443	410	447	644
AAEL012507	998	784	721	790	808	1129	623	915	993	674	873	918
AAEL013203	3868	3040	2682	2510	1915	3069	2827	3424	4190	2476	3153	4080
AAEL019020	0	0	1	0	0	0	2	0	0	0	0	2
AAEL013211	1296	1026	1066	945	1033	829	663	1072	1140	924	663	1099
AAEL013209	96	106	60	29	57	86	92	86	86	68	51	111
AAEL022674	77	33	17	168	152	107	51	59	42	71	51	94
AAEL020925	0	0	0	0	0	0	1	1	0	0	0	4
AAEL012014	184	172	168	1576	1786	1760	116	217	170	944	1479	3052
AAEL020057	557	551	495	575	352	459	419	1179	652	681	449	1332
AAEL027125	0	0	0	0	0	0	1	0	0	4	0	0
AAEL023519	0	0	0	0	0	0	0	1	0	0	1	0
AAEL012016	2025	1459	1271	1329	1236	1619	1142	1569	1914	1279	1673	2172
AAEL023614	0	0	1	1	3	0	0	0	0	0	0	0
AAEL012019	1312	913	923	755	663	775	902	1165	1384	1103	1007	1473
AAEL022619	0	0	3	0	0	0	0	0	0	0	0	0
AAEL012015	1532	1228	1307	905	705	971	830	1214	1002	823	763	1238
AAEL012020	369	307	285	218	255	372	240	348	308	271	240	365
AAEL027152	0	0	0	0	0	0	0	0	0	0	0	0
AAEL012013	13	20	20	12	8	24	9	5	15	9	23	48
AAEL012018	2747	1976	2258	1964	1552	2013	1619	1365	1488	1554	1335	1611
AAEL026118	594	419	286	560	680	887	616	570	1005	667	920	818
AAEL011453	46	21	33	129	340	126	39	46	73	57	152	129
AAEL024215	0	0	1	0	0	0	0	0	0	1	0	2
AAEL023980	0	4	0	0	0	3	1	1	3	4	3	3
AAEL011455	105	96	111	712	594	196	55	86	166	131	246	1048
AAEL017270	22	16	18	14	26	31	27	39	41	22	23	12
AAEL017547	12	2	2	10	10	9	13	25	18	12	16	22
AAEL023894	330	196	124	170	148	218	146	186	177	215	134	253
AAEL017308	18	4	20	11	11	3	14	21	31	15	15	10
AAEL021095	96	53	54	162	159	108	51	135	134	67	95	109
AAEL029020	286	306	229	577	692	326	104	187	180	231	146	770
AAEL011458	1	0	4	0	0	0	0	0	0	0	1	3
AAEL013031	0	1	0	0	0	0	2	0	0	0	0	0
AAEL026474	1234	1124	754	480	351	1287	790	981	1248	626	976	1194
AAEL011872	195	163	198	96	108	84	215	251	193	286	145	337
AAEL011874	21	12	16	2	12	10	8	10	22	11	8	18
AAEL011870	21138	17997	15601	8479	5580	14061	11899	19434	17073	9672	11761	20821
AAEL011871	14571	8711	10796	9714	12955	9501	8132	10035	12168	8396	8400	7946
AAEL011873	2301	1828	1693	1716	2063	2564	1475	1698	2037	1417	1756	2335
AAEL011877	304	275	255	225	334	240	300	249	425	233	218	243
AAEL024817	0	1	0	1	1	9	0	2	4	5	0	0
AAEL027465	3228	2457	2393	2296	1736	2784	1835	2857	2890	1886	2198	3162
AAEL021506	5	4	3	2	0	4	2	2	0	2	4	11
AAEL023565	0	0	0	0	2	0	0	0	0	0	0	0
AAEL023512	909	660	637	396	304	782	1041	978	1161	552	1047	1296
AAEL026818	0	0	0	0	0	1	0	0	5	1	6	1
AAEL012187	1220	891	822	727	698	975	940	1265	1239	798	876	1537
AAEL012180	258	215	246	211	244	216	183	197	222	256	183	280
AAEL000017	0	1	0	0	1	0	0	1	0	0	0	2
AAEL022729	2421	2325	1789	1151	1186	2358	1981	2438	2669	1762	2133	2792
AAEL012185	511	570	392	263	458	683	289	337	521	261	345	346
AAEL012184	116	62	71	1007	1037	724	144	135	195	285	632	1152
AAEL024914	7362	6633	6318	2492	2194	4164	4826	5771	5056	4729	3893	9328
AAEL024233	12	11	1	2	11	7	1	6	5	2	3	5
AAEL013143	1070	699	652	526	447	802	777	916	1046	629	900	1154
AAEL013144	4527	3276	3446	4163	5007	4202	3210	2711	4759	3028	3729	3641
AAEL013140	228	172	145	402	442	216	283	330	593	245	530	533
AAEL027995	0	0	2	0	1	0	6	6	8	10	1	13
AAEL013139	3638	3458	2391	1787	3150	6127	2219	3264	3912	2306	4731	6684
AAEL025986	4	0	5	5	4	3	3	11	6	8	4	17
AAEL013142	939	863	640	703	505	1005	674	817	1104	582	896	1007
AAEL019986	1986	1778	1399	833	831	1490	1537	1705	1955	1143	2121	4936
AAEL023490	39	67	17	4	19	48	145	112	275	32	98	108
AAEL028768	0	0	0	0	0	0	0	0	0	0	0	0
AAEL011937	60	57	68	57	39	49	27	15	25	26	49	55
AAEL018720	0	0	0	0	0	0	0	0	0	0	0	0
AAEL021225	0	0	2	0	4	0	0	0	0	0	0	0
AAEL013509	969	722	693	647	496	872	818	917	1207	902	950	1313
AAEL013511	26	14	17	32	28	16	38	23	22	15	25	22
AAEL020073	8241	7683	5944	3359	2738	5515	7990	9479	8514	6248	6100	12584
AAEL020255	0	0	0	0	0	0	0	0	0	0	0	1
AAEL021878	174	128	97	122	110	238	165	187	263	159	310	388
AAEL020077	0	0	0	0	0	0	0	0	0	0	0	0
AAEL011944	1	0	0	1	0	4	3	0	0	1	0	3
AAEL027674	858	752	555	432	452	1586	2012	1167	2662	1021	1905	652
AAEL027272	0	0	0	0	0	0	0	0	0	0	0	1
AAEL027082	0	0	0	0	0	0	0	1	0	0	0	0
AAEL015285	63	40	11	5	4	23	13	24	16	5	14	31
AAEL020561	0	0	0	1	0	0	0	0	1	0	0	0
AAEL025108	0	0	0	0	0	0	0	1	0	0	0	0
AAEL024717	222	182	284	386	415	224	95	108	125	171	172	410
AAEL018935	0	0	0	0	0	0	1	0	0	0	0	0
AAEL018936	0	0	0	0	0	0	0	0	0	0	0	0
AAEL016718	0	0	0	0	0	0	0	0	0	0	0	0
AAEL016902	0	0	0	0	0	0	0	0	0	0	0	0
AAEL016900	0	0	0	0	0	0	0	0	0	0	0	0
AAEL016899	0	0	0	0	0	0	0	0	0	0	0	0
AAEL023875	1	0	0	0	0	0	0	0	0	0	0	1
AAEL009829	943	655	912	521	600	494	326	285	402	414	381	551
AAEL024278	11	7	2	14	3	24	3	6	8	4	8	5
AAEL009828	374	258	290	265	255	338	238	246	322	278	293	354
AAEL022990	259	221	179	251	172	324	166	253	299	208	281	402
AAEL016724	0	0	0	0	0	0	0	0	0	0	0	0
AAEL009833	286	277	253	225	347	298	244	185	289	228	249	232
AAEL021171	494	417	420	675	623	526	362	503	501	431	477	536
AAEL015066	244	228	194	114	152	290	278	285	361	318	271	374
AAEL015065	4666	3654	3193	4189	3865	4898	4237	6422	6677	4293	5873	8610
AAEL003125	3341	2895	4098	2982	2878	2102	866	726	1234	1141	1203	1547
AAEL003113	102	54	53	48	59	76	62	45	67	124	71	100
AAEL024598	3571	2213	1864	3019	2858	4125	3695	4840	5577	3021	3296	3774
AAEL003112	18	6	8	9	19	24	8	236	173	113	15	29
AAEL027114	0	0	0	0	0	0	0	3	3	0	0	0
AAEL024880	2	2	0	0	0	0	3	1	2	1	0	3
AAEL003117	364	273	311	227	227	275	256	327	459	276	243	270
AAEL003116	10072	9721	9458	10660	19327	13608	14551	15835	19623	18497	15402	13893
AAEL028003	1	4	7	24	4	5	3	4	12	5	16	10
AAEL025258	508	421	391	489	473	551	331	360	567	325	494	532
AAEL026095	14	6	6	32	21	20	24	10	18	4	11	11
AAEL022136	850	671	490	549	946	1956	1187	1071	1844	1173	3419	5349
AAEL011854	90	66	79	74	107	120	82	103	134	100	96	116
AAEL027572	237	182	267	171	154	180	204	139	160	248	154	328
AAEL021703	750	496	628	525	472	512	612	729	878	894	562	957
AAEL021140	2185	1358	1356	2687	2765	3134	1283	2074	2585	1865	2055	3278
AAEL001946	1794	1707	1130	534	782	1787	2215	2723	3433	1940	2571	3328
AAEL029085	959	699	593	764	738	916	1121	1229	1570	654	1051	1164
AAEL001916	5244	4012	3914	3737	3755	4370	3034	4083	4418	3201	3739	4695
AAEL001932	70	42	35	56	63	68	50	41	71	39	41	43
AAEL020528	1235	1202	958	626	464	1130	945	1473	1330	991	1003	1817
AAEL027117	0	1	0	1	0	0	3	0	1	2	1	0
AAEL023370	1	1	4	5	5	8	17	5	2	1	9	5
AAEL001940	851	594	614	269	209	446	892	679	926	789	817	1015
AAEL001954	428	322	311	424	613	519	376	658	512	529	452	915
AAEL001929	54	54	62	164	316	99	37	40	45	108	140	180
AAEL001925	426	371	224	67	108	471	915	918	1154	409	893	1313
AAEL001943	312	281	271	249	364	351	198	193	280	187	194	203
AAEL001931	311	254	291	337	310	365	145	291	221	203	149	261
AAEL028098	8	14	23	14	9	22	9	14	20	15	25	30
AAEL024872	2	2	1	0	1	2	1	3	8	6	1	4
AAEL020124	0	1	1	4	0	0	0	0	3	3	1	0
AAEL001922	402	333	361	271	258	293	229	355	311	280	200	401
AAEL001917	872	800	534	750	737	1363	527	512	988	459	657	502
AAEL001935	1160	826	859	664	846	997	881	972	873	1125	1218	2260
AAEL021482	0	0	0	0	0	0	0	0	0	0	0	0
AAEL026920	362	311	239	179	199	377	188	338	336	214	201	318
AAEL011216	1468	1440	1066	641	898	1640	1228	1500	1755	1373	1737	2765
AAEL011209	1056	834	854	848	802	875	739	743	999	923	849	1105
AAEL011213	16	12	24	7	9	7	8	5	12	21	14	14
AAEL025955	6	2	15	6	4	5	3	5	1	4	5	20
AAEL022269	2	1	1	1	0	0	5	1	1	1	2	4
AAEL021168	0	0	0	0	0	0	0	0	2	1	0	2
AAEL011210	47	57	49	47	42	28	65	25	37	61	57	59
AAEL024718	6	6	5	11	5	7	18	3	23	1	1	7
AAEL011212	601	392	354	299	306	315	426	409	348	203	241	473
AAEL024354	1	0	0	0	2	0	3	0	3	2	2	1
AAEL011217	140	85	91	107	153	147	95	80	87	107	99	123
AAEL026220	3007	2535	2037	1215	748	1943	2641	4492	3800	2267	2566	3997
AAEL025652	19	6	4	6	8	3	33	9	19	25	21	32
AAEL011211	31	18	14	13	8	12	78	88	105	59	89	74
AAEL024063	197	194	210	185	247	199	120	116	121	157	92	159
AAEL011939	119	106	102	72	116	85	61	77	72	121	62	117
AAEL020360	0	0	0	0	0	0	2	1	0	2	2	3
AAEL001930	1437	946	1246	2232	2422	2198	827	762	867	1459	1757	2483
AAEL001919	1415	1149	908	775	641	1162	1016	1216	1311	910	1336	2027
AAEL001934	87	115	74	45	56	134	112	98	144	83	141	136
AAEL022405	170	98	75	133	137	164	124	124	122	119	157	199
AAEL014289	222	207	185	157	176	275	132	191	192	126	142	208
AAEL014291	175	190	153	44	75	107	88	143	124	107	52	249
AAEL025838	0	0	0	0	0	0	0	0	0	0	0	0
AAEL023445	0	1	0	0	0	0	0	1	0	0	0	0
AAEL025941	7	9	5	1	3	5	4	7	1	5	4	11
AAEL028756	0	0	0	0	0	0	0	0	0	0	0	0
AAEL003978	35	23	12	77	134	104	40	38	40	50	84	144
AAEL019116	0	0	0	0	0	0	0	0	0	0	0	0
AAEL020250	0	0	0	0	0	0	0	0	0	0	0	0
AAEL019167	0	0	0	0	0	0	0	0	0	0	0	0
AAEL019160	0	0	0	0	0	0	0	0	0	0	0	0
AAEL028764	0	0	0	0	0	0	0	0	0	0	0	0
AAEL028786	0	0	0	0	0	0	0	0	0	0	0	0
AAEL026363	0	0	0	0	0	0	0	0	0	0	0	0
AAEL028685	0	0	0	0	0	0	0	0	0	0	0	0
AAEL028901	0	0	0	0	0	0	0	0	0	0	0	0
AAEL028975	0	0	0	0	0	0	0	0	0	0	0	0
AAEL028808	0	0	0	0	0	0	0	0	0	0	0	0
AAEL028860	0	0	0	0	0	0	0	0	0	0	0	0
AAEL019161	0	0	0	0	0	0	0	0	0	0	0	0
AAEL028766	0	0	0	0	0	0	0	0	0	0	0	0
AAEL028981	0	0	0	0	0	0	0	0	0	0	0	0
AAEL028677	0	0	0	0	0	0	0	0	0	0	0	0
AAEL019162	0	0	0	0	0	0	0	0	0	0	0	0
AAEL028857	0	0	0	0	0	0	0	0	0	0	0	0
AAEL028997	0	0	0	0	0	0	0	0	0	0	0	0
AAEL028867	0	0	0	0	0	0	0	0	0	0	0	0
AAEL019163	0	0	0	0	0	0	0	0	0	0	0	0
AAEL019124	0	0	0	0	0	0	0	0	0	0	0	0
AAEL019156	0	0	0	0	0	0	0	0	0	0	0	0
AAEL019157	0	0	0	0	0	0	0	0	0	0	0	0
AAEL019158	0	0	0	0	0	0	0	0	0	0	0	0
AAEL028757	0	0	0	0	0	0	0	0	0	0	0	0
AAEL028728	0	0	0	0	0	0	0	0	0	0	0	0
AAEL028776	0	0	0	0	0	0	0	0	0	0	0	0
AAEL028697	0	0	0	0	0	0	0	0	0	0	0	0
AAEL028821	0	0	0	0	0	0	0	0	0	0	0	0
AAEL028767	0	0	0	0	0	0	0	0	0	0	0	0
AAEL019159	0	0	0	0	0	0	0	0	0	0	0	0
AAEL019152	0	0	0	0	0	0	0	0	0	0	0	0
AAEL019153	0	0	0	0	0	0	0	0	0	0	0	0
AAEL019154	0	0	0	0	0	0	0	0	0	0	0	0
AAEL019130	0	0	0	0	0	0	0	0	0	0	0	0
AAEL028802	0	0	0	0	0	0	0	0	0	0	0	0
AAEL028683	0	0	0	0	0	0	0	0	0	0	0	0
AAEL028655	0	0	0	0	0	0	0	0	0	0	0	0
AAEL028688	0	0	0	0	0	0	0	0	0	0	0	0
AAEL028929	0	0	0	0	0	0	0	0	0	0	0	0
AAEL019187	0	0	0	0	0	0	0	0	0	0	0	0
AAEL019188	0	0	0	0	0	0	0	0	0	0	0	0
AAEL019180	0	0	0	0	0	0	0	0	0	0	0	0
AAEL028878	0	0	0	0	0	0	0	0	0	0	0	0
AAEL028726	0	0	0	0	0	0	0	0	0	0	0	0
AAEL019233	0	0	0	0	0	0	0	0	0	0	0	0
AAEL016315	0	0	0	0	0	0	0	0	0	0	0	0
AAEL018839	0	0	0	0	0	0	0	0	0	0	0	0
AAEL023471	235	135	111	42	69	74	245	350	612	189	288	116
AAEL018838	1	1	0	0	0	0	0	0	0	0	0	0
AAEL003739	174	128	116	169	119	247	198	221	303	195	198	179
AAEL003712	1	0	0	0	2	1	0	0	0	0	2	0
AAEL003723	81	109	85	543	1470	443	76	93	482	555	703	590
AAEL020453	0	0	2	0	1	1	0	0	1	0	0	0
AAEL003731	2149	1528	1270	770	518	1253	2439	2788	2724	1713	1997	3880
AAEL020019	61	73	15	30	23	49	157	79	98	40	114	94
AAEL020018	801	481	509	398	351	466	818	687	932	696	690	829
AAEL027453	331	342	176	101	222	245	160	113	166	52	282	148
AAEL014362	351	212	214	150	103	212	222	292	216	185	123	254
AAEL022689	2133	1725	1452	737	433	1444	2317	2154	2584	1253	1819	2992
AAEL003736	373	235	320	254	235	273	183	355	312	255	250	457
AAEL003735	261	244	150	67	131	364	199	230	312	122	218	218
AAEL003730	240	220	269	224	277	222	232	178	290	191	161	225
AAEL003709	743	607	684	469	623	581	291	384	389	496	275	675
AAEL003713	301	198	148	556	630	705	150	275	221	281	432	645
AAEL003729	362	290	338	310	232	224	178	201	270	221	218	322
AAEL027402	10601	9299	7847	6934	6976	12431	6497	7522	9165	6738	12006	19303
AAEL003714	7	11	2	9	10	23	21	22	13	13	14	14
AAEL003724	8	1	8	6	1	5	14	31	24	12	12	7
AAEL024398	128	98	67	46	62	66	64	144	166	110	109	148
AAEL021568	0	0	0	0	0	0	0	0	0	0	1	0
AAEL015456	2	1	1	0	1	7	1	2	6	5	12	2
AAEL003708	174	98	101	236	288	172	86	83	146	100	133	206
AAEL003727	13	14	11	17	16	9	10	16	10	15	18	21
AAEL015450	5823	4841	5357	2604	4896	2236	1220	2074	1483	1513	1490	1120
AAEL003722	123	135	120	70	109	45	74	51	94	71	60	88
AAEL003737	125	123	104	276	306	322	77	94	140	130	222	386
AAEL003726	16	10	11	8	5	14	18	16	18	5	21	26
AAEL023973	0	0	0	0	0	0	0	0	0	0	0	0
AAEL003740	32	8	26	205	133	143	21	28	38	64	135	161
AAEL003738	34	33	9	187	104	162	15	46	29	33	140	137
AAEL003728	66	84	68	537	429	663	59	62	72	175	412	761
AAEL003715	0	0	0	0	1	1	0	0	4	3	1	1
AAEL027119	1	1	0	2	1	1	1	0	0	0	0	1
AAEL024388	0	0	0	0	0	0	1	0	0	0	0	0
AAEL023600	14	5	4	1	3	3	22	15	28	12	8	10
AAEL022202	0	0	0	0	0	0	0	0	0	0	3	0
AAEL008779	0	0	0	0	0	0	0	0	0	0	0	0
AAEL008773	1410	1262	841	284	308	677	1419	1172	1943	664	1297	1795
AAEL008770	1225	979	1389	1497	1975	1394	628	696	663	965	784	1174
AAEL008783	598	470	529	629	655	470	375	336	456	420	355	500
AAEL008768	2362	2350	1951	2066	2238	2829	2014	2407	2981	2232	2536	2574
AAEL028674	0	0	1	0	0	0	0	1	0	0	0	5
AAEL025624	1	5	6	7	16	3	9	2	7	0	10	7
AAEL008777	1414	1058	766	574	300	1072	1259	1525	1552	813	1266	1767
AAEL019961	540	404	459	325	477	300	409	347	355	527	326	582
AAEL019962	0	0	0	0	0	0	0	0	0	0	0	0
AAEL025361	534	525	387	487	790	1212	762	827	1289	1012	1228	1675
AAEL027632	188	41	86	925	724	812	154	168	162	313	443	1086
AAEL013494	530	519	604	501	711	507	308	291	375	369	329	427
AAEL026272	25	12	10	20	11	23	9	10	13	16	11	25
AAEL019879	175	154	155	97	140	161	117	121	148	131	149	135
AAEL013495	476	355	354	424	497	384	226	251	335	283	295	358
AAEL024244	0	0	0	0	0	0	0	1	1	0	0	1
AAEL013503	107	143	83	35	70	109	97	88	133	46	59	89
AAEL013501	759	767	562	123	174	94	160	83	135	60	75	96
AAEL013496	264	397	319	298	219	209	244	172	565	148	152	253
AAEL013493	5	2	1	0	3	1	5	3	11	0	7	0
AAEL013492	8748	13237	13156	4736	4791	2276	1692	380	706	303	540	4206
AAEL027991	1	2	1	1	2	0	2	2	0	0	2	1
AAEL015115	65	107	66	62	61	89	56	60	166	114	107	92
AAEL015116	1125	1374	1326	558	462	350	322	201	519	141	361	576
AAEL015113	13	12	7	12	27	16	9	13	22	8	4	16
AAEL013217	3	1	0	3	0	0	2	1	1	6	8	3
AAEL013216	22	14	8	14	7	10	91	33	34	28	25	30
AAEL021744	0	0	0	0	0	0	1	0	0	0	0	0
AAEL023333	0	0	0	0	0	0	0	0	0	0	0	0
AAEL025437	467	392	468	403	377	300	379	1020	919	890	320	629
AAEL010082	28	10	17	0	5	13	47	35	38	32	49	33
AAEL010078	1017	877	620	217	274	751	887	972	1050	757	800	1382
AAEL024302	1	0	0	0	0	0	1	1	0	1	1	1
AAEL021774	0	1	0	0	1	1	1	0	0	0	1	0
AAEL026795	4	3	2	0	0	0	0	0	1	2	0	3
AAEL010085	324	364	329	232	259	342	272	409	270	312	235	324
AAEL010090	204	256	217	245	278	265	208	205	215	222	172	186
AAEL026559	0	0	0	0	0	0	0	0	0	0	0	0
AAEL022493	83	57	47	31	43	87	80	77	105	102	97	140
AAEL010094	7380	6744	6795	3952	3268	3822	5747	6303	5751	7668	3787	10212
AAEL010084	8	4	3	2	3	3	3	5	10	2	3	5
AAEL010087	1090	872	1006	1280	1842	1407	583	626	733	685	818	1134
AAEL010088	59	82	76	58	95	87	65	73	67	84	63	105
AAEL010083	148	96	128	112	142	141	82	89	134	77	109	201
AAEL010081	803	602	791	328	340	343	787	1287	804	792	481	1437
AAEL024003	970	1006	964	632	502	882	742	1142	1038	794	692	1157
AAEL010086	1055	1020	1103	328	362	443	833	1674	706	959	452	1454
AAEL022068	287	295	263	228	268	256	174	212	245	197	145	306
AAEL027463	0	0	0	0	0	0	0	0	0	0	0	0
AAEL021532	642	538	399	398	993	261	133	238	298	145	163	208
AAEL021784	621	565	562	513	569	709	464	536	649	501	502	700
AAEL011667	183	205	125	93	106	262	106	177	200	121	171	272
AAEL023618	336	255	307	192	185	220	239	179	185	303	177	334
AAEL027142	0	1	1	8	3	4	0	1	2	0	4	0
AAEL027621	19	21	25	2	9	19	17	8	22	17	18	35
AAEL020881	9	10	17	25	6	26	6	14	5	5	8	24
AAEL024200	40	53	17	4	1	44	55	45	107	28	76	84
AAEL025585	1	0	2	0	0	0	2	2	1	1	4	3
AAEL023469	0	0	0	0	0	0	0	0	0	0	0	0
AAEL021192	0	0	0	0	0	0	5	0	0	2	0	3
AAEL020488	109	38	56	5	2	9	700	615	596	189	466	613
AAEL022740	0	0	0	0	0	0	0	0	1	0	0	0
AAEL026877	0	0	0	0	0	0	0	0	0	0	0	0
AAEL022833	3	1	3	2	0	0	29	18	25	12	16	18
AAEL027058	0	0	0	0	0	0	2	2	1	2	0	2
AAEL025217	439	332	299	588	749	647	252	339	263	544	743	2022
AAEL026066	1	0	0	0	0	0	0	0	0	0	0	0
AAEL027936	604	519	393	484	1112	577	590	477	759	840	994	452
AAEL009677	720	626	626	455	362	588	633	878	847	656	829	1414
AAEL012162	298	447	321	343	344	436	211	284	242	185	189	408
AAEL012161	2234	1644	1695	1530	1554	1717	1529	2153	2034	1752	1862	2604
AAEL012178	195	166	181	61	80	107	128	195	141	130	93	229
AAEL012176	150	158	119	113	98	223	144	141	186	151	180	171
AAEL009798	127	162	147	57	110	122	122	71	111	123	70	244
AAEL020928	9	0	0	0	0	0	3	3	1	1	1	2
AAEL024021	60	55	91	20	45	66	49	38	65	56	48	81
AAEL012164	2	0	5	14	8	5	9	11	1	7	12	13
AAEL012171	3589	2898	2791	1785	1444	2632	2086	2991	2900	2233	2047	3639
AAEL012167	804	608	561	582	650	609	418	491	587	450	490	534
AAEL022429	11	2	1	6	2	0	3	3	10	1	1	2
AAEL022124	4	7	6	12	7	12	10	11	9	12	4	6
AAEL027952	0	0	0	0	1	1	0	0	0	4	2	2
AAEL012172	1351	1015	1153	1081	1130	980	601	832	808	954	701	1253
AAEL012169	478	423	391	266	327	458	397	429	511	577	444	610
AAEL019488	1014	1013	833	395	413	863	886	1209	1270	818	872	1397
AAEL012175	40942	24623	26278	26284	33622	28617	25407	29482	42360	21244	29448	24103
AAEL012168	716	586	471	232	171	355	680	573	694	409	461	993
AAEL025211	4	7	2	2	7	12	6	3	12	9	5	8
AAEL029029	0	0	0	0	0	2	0	0	0	0	0	1
AAEL001363	312	280	350	275	347	253	202	215	201	256	171	261
AAEL001373	6	10	15	3	4	6	6	11	18	12	6	12
AAEL020400	6	4	1	6	2	8	2	2	1	1	1	10
AAEL027585	6	2	6	4	4	10	14	9	17	9	12	4
AAEL001367	232	147	177	126	132	189	220	367	250	233	155	326
AAEL001359	346	290	249	178	200	253	259	368	409	306	315	623
AAEL026077	10	11	6	5	3	2	7	7	5	13	0	7
AAEL001378	1062	870	1097	652	709	736	682	474	717	936	699	2771
AAEL001389	1686	1204	976	806	549	1400	1359	1262	1901	1070	1585	2108
AAEL021293	10	0	1	1	0	1	12	6	5	13	2	12
AAEL024345	12	1	69	4	4	80	85	114	101	55	16	66
AAEL027034	1232	996	1144	1722	1503	1318	629	923	817	835	768	1208
AAEL023442	0	0	0	0	0	0	2	0	0	0	0	0
AAEL023355	0	0	0	0	0	0	0	1	0	0	0	0
AAEL001366	197	192	178	158	170	147	143	168	162	177	112	182
AAEL019977	3239	2531	1783	934	798	2653	3292	3468	3821	2116	2930	4469
AAEL020523	24	27	26	15	11	24	18	34	18	14	19	27
AAEL019669	2399	2836	1551	208	435	3187	5299	2925	7818	1969	4732	3244
AAEL001370	91	69	79	40	40	38	102	104	117	78	83	129
AAEL001361	2353	1745	1464	1041	846	1421	1949	1774	2310	1297	1771	2685
AAEL001360	2276	1674	1544	1456	1642	2251	1422	2052	2301	1388	1846	2614
AAEL001390	3698	2254	3051	2563	2681	1991	2411	2809	2724	2366	1711	2057
AAEL017563	2344	1756	2419	1841	2427	1478	953	1171	1128	1453	688	1636
AAEL026874	0	0	1	0	1	1	0	1	2	1	3	1
AAEL017536	3303	5279	2293	40151	53115	36613	1902	8595	8457	8182	17189	22651
AAEL001392	25	252	27	1783	5976	3536	3	13	167	1988	1776	723
AAEL027971	5	3	11	3	0	3	0	2	3	2	1	5
AAEL020727	6	2	2	3	4	6	3	4	1	1	1	6
AAEL024984	5	2	0	3	1	3	2	0	0	3	0	2
AAEL001391	15	20	22	20	28	28	17	7	27	12	19	13
AAEL027752	0	0	0	0	0	0	2	0	0	0	0	0
AAEL001387	284	165	160	132	52	135	286	259	305	208	222	376
AAEL025070	28	6	3	0	20	2	5	2	6	5	16	4
AAEL026350	19	11	12	5	6	4	15	8	13	7	13	7
AAEL022781	11	5	6	0	1	0	5	4	1	4	3	6
AAEL001381	710	548	474	314	348	508	413	461	497	478	530	895
AAEL001379	1127	1028	768	536	480	1073	1014	1478	1665	840	1171	1806
AAEL001385	885	595	662	1235	1454	1266	504	542	610	758	985	1425
AAEL001372	2630	2268	1776	1318	1052	2357	2131	2602	2746	1402	2187	3089
AAEL021811	0	3	4	4	6	1	3	5	12	6	5	6
AAEL001374	11	21	9	7	13	32	34	32	45	21	27	25
AAEL003560	63	57	44	26	9	45	200	130	189	76	118	182
AAEL025551	0	0	0	0	0	0	0	0	0	0	1	0
AAEL023947	2	0	6	0	1	0	1	0	2	4	35	2
AAEL027550	8	1	7	1	2	0	3	3	4	6	1	0
AAEL026793	3	6	2	0	11	12	0	4	0	0	2	4
AAEL023793	3	3	0	0	1	2	0	1	2	3	7	2
AAEL027054	655	566	521	470	445	884	441	725	714	418	500	649
AAEL003552	969	799	875	779	819	843	639	513	648	748	539	738
AAEL026224	0	0	0	0	0	0	0	0	0	0	0	0
AAEL003555	593	603	344	170	254	1082	665	607	955	312	729	728
AAEL025605	0	0	0	0	0	0	0	0	0	0	0	1
AAEL018303	21	19	12	5	9	42	19	25	46	13	23	21
AAEL003554	589	613	416	156	257	685	576	629	769	503	671	786
AAEL003551	367	360	208	119	331	551	423	318	552	535	439	575
AAEL025435	0	0	0	0	0	0	0	0	0	0	0	1
AAEL011981	486	446	278	123	331	1758	833	633	1280	808	906	1247
AAEL011973	1474	1373	1671	718	1057	744	775	635	676	648	562	834
AAEL027196	4	3	0	0	1	4	2	4	2	2	1	3
AAEL014235	0	0	0	0	0	0	0	0	0	0	0	0
AAEL027878	0	0	0	0	0	0	0	0	0	0	0	0
AAEL026307	0	0	0	0	0	0	0	0	1	0	0	0
AAEL014237	270	243	171	145	185	367	211	272	302	196	256	238
AAEL001455	211	322	187	88	174	425	277	338	423	261	321	344
AAEL022698	965	665	649	595	682	801	709	807	865	723	793	969
AAEL001463	6	1	3	2	6	10	8	1	7	12	2	3
AAEL018237	3112	2936	2531	1830	1458	2717	2392	3860	3416	2046	2601	3515
AAEL022907	0	0	0	0	3	0	0	0	0	0	0	0
AAEL021361	0	0	0	0	0	0	0	0	0	0	0	0
AAEL001452	0	0	0	0	0	0	0	0	0	0	0	1
AAEL001458	21	7	20	16	4	8	41	26	65	35	25	37
AAEL018236	67	28	37	22	11	32	82	77	102	71	83	206
AAEL025484	0	0	0	0	0	0	1	0	0	1	0	2
AAEL026064	0	0	0	0	0	0	2	0	0	0	0	0
AAEL017548	2	3	6	0	0	1	8	5	1	3	0	7
AAEL001444	7	11	5	7	12	4	7	4	19	4	9	14
AAEL027494	4696	3840	2465	1346	976	3473	6149	6216	6187	3261	4689	7727
AAEL021998	3	0	2	1	0	0	16	3	2	8	3	6
AAEL023758	0	0	0	0	0	0	1	0	0	0	0	0
AAEL024636	34	21	29	31	26	29	36	24	33	18	28	29
AAEL015060	85	74	69	50	59	66	67	52	53	65	54	77
AAEL015059	156	134	92	103	131	150	101	93	127	119	94	126
AAEL024108	7	16	15	8	2	8	5	7	3	7	10	8
AAEL015062	287	264	275	273	247	283	215	196	257	237	195	274
AAEL015061	630	552	552	474	699	511	370	694	599	428	495	722
AAEL011171	474	492	419	262	278	495	400	519	547	384	460	639
AAEL011173	114	35	46	46	6	16	33	29	64	11	4	58
AAEL024344	0	0	0	0	0	0	0	0	0	0	0	0
AAEL019667	116	52	61	28	9	39	120	101	145	127	142	180
AAEL020744	0	0	0	0	0	0	0	0	0	0	0	0
AAEL024623	4	2	4	4	3	2	3	8	3	0	5	5
AAEL003089	345	210	258	217	144	249	318	353	376	283	276	487
AAEL003090	530	415	414	334	253	438	433	708	749	411	556	557
AAEL003083	774	688	619	464	306	599	885	870	1088	851	929	1042
AAEL025239	0	0	0	0	0	1	0	0	0	0	0	0
AAEL026017	0	0	0	0	0	0	0	0	0	0	0	0
AAEL021823	5	5	1	14	5	14	6	8	4	2	8	12
AAEL020717	54	42	28	259	188	209	37	39	98	71	194	174
AAEL003056	942	366	400	1030	1338	1242	605	534	722	993	1546	1137
AAEL003066	9397	6662	8792	20100	22291	18792	1152	1217	1105	8721	16975	22663
AAEL019371	1	0	0	0	2	4	1	0	2	10	6	15
AAEL003064	1799	1131	1303	1462	2064	1427	1001	1279	1289	1529	1660	2170
AAEL018290	181	93	90	87	60	79	268	159	184	119	124	243
AAEL028955	0	0	0	0	0	0	0	0	0	1	0	0
AAEL028833	0	0	0	0	2	1	0	0	0	0	1	0
AAEL003051	33	42	28	59	85	70	35	44	51	32	61	67
AAEL027521	0	0	1	1	3	0	1	3	0	0	3	5
AAEL003088	281	272	193	159	133	383	233	277	360	227	310	311
AAEL003067	2168	1249	1221	827	1547	770	1296	1386	1555	846	1140	950
AAEL003065	666	532	483	427	399	520	497	644	600	515	465	763
AAEL003055	819	540	636	696	887	575	572	621	829	621	572	703
AAEL027511	2	2	0	0	2	0	0	6	1	1	0	0
AAEL024087	0	1	0	0	0	2	2	1	0	0	1	0
AAEL003052	34	19	15	16	26	23	34	32	123	64	104	78
AAEL003059	108	89	80	56	72	60	104	74	112	107	98	150
AAEL019720	1028	917	471	160	217	1036	2318	2772	2994	785	1494	1617
AAEL003057	7	3	12	0	7	0	1	7	1	0	0	2
AAEL021992	0	0	0	0	0	0	0	0	0	1	0	0
AAEL003053	3	7	3	2	2	7	4	10	7	8	3	6
AAEL003077	191	170	182	119	119	142	157	176	198	185	187	216
AAEL003069	7	3	4	8	4	3	5	5	2	4	17	10
AAEL003063	345	302	291	132	186	302	437	566	464	419	522	872
AAEL026612	0	0	0	0	0	0	4	1	4	1	2	0
AAEL003071	2473	2115	1698	2155	1985	2584	2085	1786	3326	1466	2360	1704
AAEL003075	431	420	306	513	567	747	365	423	409	421	734	678
AAEL017085	758	711	597	958	1105	1068	543	594	481	570	844	952
AAEL027549	10	3	3	0	2	4	1	9	2	9	7	4
AAEL026670	113	60	55	60	48	149	119	207	140	156	134	58
AAEL003076	1430	714	1079	2133	1966	2658	1079	2801	1031	1240	1759	1236
AAEL023234	0	0	9	1	0	0	1	1	1	0	3	2
AAEL003058	67	99	48	35	97	113	122	54	64	166	58	199
AAEL003091	79	85	74	27	52	39	108	138	90	102	85	78
AAEL003079	0	0	0	0	0	0	2	0	0	0	0	0
AAEL019432	15	7	9	2	5	18	23	18	44	22	31	40
AAEL002367	37	40	20	25	35	43	72	50	110	54	50	50
AAEL017553	1	3	2	0	0	0	4	2	1	1	4	1
AAEL027612	4	14	17	1	4	0	7	2	1	2	6	14
AAEL002385	373	335	233	252	416	371	350	399	531	333	498	321
AAEL002378	346	243	181	86	234	100	407	571	478	230	486	218
AAEL002391	42	23	14	33	66	12	20	20	13	18	24	26
AAEL024355	2	0	1	0	19	1	1	0	2	2	5	2
AAEL002373	50	64	49	13	42	22	52	81	30	54	44	29
AAEL024097	14	1	10	1	0	2	13	15	14	10	2	9
AAEL024216	111	89	64	46	39	47	94	152	148	60	93	68
AAEL002397	423	251	240	237	318	359	390	577	657	390	644	573
AAEL002394	90	81	80	30	61	55	85	80	115	50	53	109
AAEL002371	320	306	261	273	348	289	229	203	331	215	254	281
AAEL002392	992	698	481	207	186	635	1173	1274	1453	783	1124	1437
AAEL020792	0	0	2	0	0	0	7	2	0	3	1	8
AAEL021600	689	642	730	469	712	465	287	247	237	346	233	421
AAEL002404	3268	704	411	349	2464	707	2941	583	687	465	2590	841
AAEL000953	386	289	332	290	339	341	199	300	297	221	277	442
AAEL000933	416	303	417	152	283	117	136	126	132	144	154	265
AAEL021733	1625	1236	1088	762	732	1232	1501	1802	1826	1230	1587	2707
AAEL025634	0	0	0	0	0	0	0	4	1	0	2	1
AAEL027304	0	0	0	0	0	0	1	0	0	0	0	0
AAEL018160	415	382	340	287	273	363	363	322	382	372	341	469
AAEL008641	176	260	126	13	32	163	441	383	730	228	455	684
AAEL008638	209	122	107	173	322	216	198	204	245	237	229	337
AAEL020682	0	0	1	0	0	0	3	0	4	4	0	0
AAEL026408	0	0	0	0	0	0	0	0	0	0	0	0
AAEL008645	2122	2065	1565	627	864	1905	1753	2231	2243	1603	2262	3686
AAEL023050	4	11	5	18	6	13	0	4	2	1	3	8
AAEL008636	390	329	326	315	441	377	186	323	374	300	287	445
AAEL019869	12	5	1	4	5	2	4	8	19	7	3	7
AAEL019868	189	491	449	274	586	449	186	381	922	538	399	2375
AAEL017362	0	1	0	0	0	0	0	2	0	0	0	0
AAEL008647	38	44	32	18	17	21	21	38	60	23	35	36
AAEL008643	550	470	507	457	393	444	383	394	470	431	438	524
AAEL021636	0	1	0	0	0	0	0	0	0	0	0	0
AAEL008639	713	634	526	339	451	660	1143	1051	1467	730	1398	2319
AAEL003497	3682	3673	3791	1939	2044	2516	2441	3579	3909	3083	2247	4359
AAEL003493	571	639	463	684	732	845	404	445	642	462	645	837
AAEL003492	1911	1277	1725	2420	2792	2201	1508	1102	1680	1954	1930	2450
AAEL003505	1144	709	535	979	922	1676	533	783	854	827	1443	2044
AAEL022716	0	0	0	2	0	1	1	0	0	0	0	1
AAEL019773	27	9	13	0	0	12	119	87	89	59	85	100
AAEL003494	2088	1830	1848	1734	1761	1735	1557	2108	1952	2137	1424	2569
AAEL007531	26	9	14	6	3	11	14	15	15	9	12	15
AAEL007527	69	44	63	20	29	31	49	37	65	27	60	115
AAEL007525	315	264	187	103	139	209	246	237	286	267	296	552
AAEL007521	2243	1741	1711	1240	891	1536	2256	1493	2072	1834	1881	2820
AAEL007532	226	143	170	177	192	178	139	241	195	183	164	227
AAEL007526	3813	3167	3050	3277	3684	2966	1574	4214	2455	2144	2047	2638
AAEL013645	60	56	25	42	84	93	66	78	96	75	87	95
AAEL013648	119	55	90	56	126	89	73	106	93	114	96	143
AAEL011953	566	487	350	265	274	658	482	635	709	377	593	787
AAEL013649	54	52	36	50	67	12	37	1904	922	864	58	110
AAEL011957	11	19	8	15	39	12	12	15	13	4	15	23
AAEL011951	7	1	5	3	3	1	8	5119	594	530	4	14
AAEL011954	10	12	21	13	9	11	18	446	25	32	17	12
AAEL011950	173	93	101	89	66	117	134	153	169	142	152	245
AAEL027766	0	0	1	0	0	0	0	0	0	0	0	1
AAEL019646	1147	1079	771	406	294	972	1318	1615	1690	801	1226	1845
AAEL011952	504	377	387	356	393	376	285	348	426	398	294	480
AAEL011949	994	777	752	666	701	716	601	1199	896	919	903	1501
AAEL027408	7190	4468	4758	2563	2571	3344	6493	6801	8117	4589	5564	5398
AAEL024859	0	0	0	0	0	0	0	0	0	0	0	0
AAEL012476	442	333	299	299	402	416	299	393	437	410	346	444
AAEL012473	593	504	474	215	263	410	438	651	573	579	403	847
AAEL012471	1263	1025	868	898	984	1371	925	1138	1148	972	1525	2292
AAEL020228	0	0	0	0	0	1	0	0	2	1	2	0
AAEL025560	38	25	28	47	49	52	34	30	46	36	45	56
AAEL027145	49	35	25	7	14	20	36	30	43	14	33	49
AAEL012478	46	42	31	44	44	57	42	44	37	59	35	65
AAEL021573	521	610	516	449	553	499	468	391	536	409	497	663
AAEL012472	409	356	338	213	162	346	327	574	522	284	419	686
AAEL027557	72	38	37	58	79	110	77	84	106	56	80	131
AAEL012474	6	10	4	6	6	7	2	7	16	4	5	7
AAEL012475	420	442	283	259	403	670	481	578	735	493	745	1086
AAEL023275	0	0	0	0	0	0	1	0	2	2	0	0
AAEL007764	413	264	258	222	256	368	464	532	759	414	453	471
AAEL024893	2	4	4	1	4	5	3	2	6	0	4	9
AAEL007763	1207	926	957	682	1001	1159	798	950	998	787	917	1505
AAEL023449	3	2	15	7	6	7	2	1	18	34	1	13
AAEL022376	15	54	23	15	18	19	15	6	21	18	13	30
AAEL007771	35618	27572	33572	33708	55304	32044	29253	17830	29979	26219	25093	22084
AAEL027156	2	5	0	2	1	2	10	4	11	4	3	7
AAEL007765	2412	1443	1700	16433	14660	13125	886	1018	1262	2391	4677	6970
AAEL007773	351	206	239	355	437	531	292	233	295	339	431	569
AAEL007772	13	29	15	3	11	19	19	20	30	28	23	45
AAEL028046	0	0	1	1	0	0	1	0	1	2	0	0
AAEL025972	0	0	0	0	0	0	0	0	0	0	0	0
AAEL007767	568	648	409	176	229	795	694	850	1085	417	833	1076
AAEL024319	1	1	5	0	0	0	6	5	4	7	0	9
AAEL021430	0	0	1	3	0	1	10	1	4	1	1	4
AAEL007770	154	122	109	220	288	271	208	205	199	274	429	532
AAEL007768	109	67	74	121	171	214	89	120	126	102	165	183
AAEL006265	140	76	68	14	19	88	101	148	169	66	107	193
AAEL006267	161	174	123	47	86	253	229	207	406	249	256	353
AAEL006280	50	38	42	34	33	30	44	27	63	25	49	23
AAEL019849	302	161	148	68	46	169	463	447	515	255	298	408
AAEL019850	5	6	3	0	0	7	57	48	49	22	44	48
AAEL006279	1005	770	818	519	524	486	707	988	775	1165	582	1618
AAEL020869	0	0	0	0	0	1	0	0	0	2	2	1
AAEL006277	247	267	182	177	265	251	287	172	211	265	232	372
AAEL006275	344	371	315	284	495	353	255	346	259	388	355	783
AAEL006262	517	460	356	266	319	285	300	363	283	417	287	484
AAEL006274	402	289	232	262	294	380	206	155	159	218	208	323
AAEL022795	84	42	64	80	26	83	74	151	196	146	98	130
AAEL006264	1491	1085	1183	850	870	1065	975	978	1038	1027	842	1284
AAEL006270	170	136	132	86	122	98	151	106	138	215	94	192
AAEL006269	45	47	51	29	61	84	54	218	144	87	110	93
AAEL006271	4081	3276	3826	2139	2522	2137	2184	2281	2049	3303	1856	3318
AAEL006282	23	22	13	18	26	24	24	21	26	32	22	16
AAEL018114	148	97	72	57	43	123	195	178	287	191	175	258
AAEL022332	0	0	0	0	0	0	0	0	0	0	0	0
AAEL026872	0	0	0	0	0	1	0	0	1	0	3	0
AAEL006283	82	61	78	37	34	59	121	136	129	137	112	130
AAEL021393	1	1	2	6	4	0	0	1	2	2	5	10
AAEL026402	9	4	1	1	1	2	4	4	6	16	0	9
AAEL007319	27	6	10	18	17	38	14	28	47	33	15	47
AAEL007314	0	0	0	1	0	0	1	3	1	0	0	0
AAEL020489	68	57	33	71	159	86	82	55	120	111	118	164
AAEL007313	196	174	120	90	138	233	139	128	151	129	179	217
AAEL007322	836	496	620	700	805	744	701	645	697	919	778	1176
AAEL026055	50	76	60	38	58	56	60	70	76	68	61	72
AAEL023287	0	0	0	0	1	0	0	0	0	0	0	0
AAEL007316	72	83	59	44	82	84	117	180	199	87	135	233
AAEL007321	193	123	138	63	96	126	160	216	146	219	139	257
AAEL007317	79	87	52	42	83	79	92	90	126	104	67	98
AAEL014959	2276	1980	1770	1410	1214	2433	1267	1875	2017	1320	1693	2285
AAEL018725	1	1	0	0	0	0	0	0	0	0	0	0
AAEL014957	553	834	544	244	430	978	597	716	863	481	740	990
AAEL014958	601	506	499	604	894	720	306	1948	1069	985	536	838
AAEL022563	0	0	2	0	0	1	5	0	0	1	0	2
AAEL025823	0	0	0	0	0	0	0	0	0	0	0	0
AAEL021247	0	0	0	0	0	0	0	0	0	0	0	0
AAEL007502	167	127	93	22	43	134	207	225	316	178	187	270
AAEL007505	96	82	67	7	25	65	159	165	183	72	138	149
AAEL019846	312	201	204	182	202	254	204	287	288	233	249	435
AAEL007033	1103	890	773	1139	1360	1164	376	1119	805	673	971	1250
AAEL010118	422	409	331	156	354	531	269	405	518	239	407	522
AAEL022135	397	544	342	163	141	455	642	551	654	392	615	725
AAEL012150	5	6	3	0	1	2	10	6	8	6	9	5
AAEL012148	5	6	4	4	1	3	2	2	14	4	7	11
AAEL011435	371	229	248	299	234	328	283	285	474	291	323	282
AAEL027932	0	0	0	2	2	0	0	3	2	0	1	4
AAEL011442	473	349	355	268	404	332	343	328	349	329	345	450
AAEL022125	6	0	0	7	4	6	2	6	0	1	4	9
AAEL020608	12	2	1	0	0	0	2	8	0	1	1	2
AAEL011441	867	761	735	605	843	852	661	990	859	734	776	1162
AAEL011436	285	216	225	86	129	174	370	1371	718	433	325	814
AAEL024723	0	0	1	0	0	0	2	0	0	2	0	4
AAEL011433	454	446	492	446	639	573	255	424	427	300	346	495
AAEL011439	2	12	6	2	1	4	5	3	6	4	0	1
AAEL023286	115	95	58	46	80	129	157	135	229	131	169	164
AAEL024888	9	6	12	3	4	6	4	2	6	8	2	5
AAEL025615	0	0	0	0	0	0	1	3	1	2	0	2
AAEL021914	0	0	0	0	0	0	0	0	0	2	0	0
AAEL026900	0	0	0	0	2	0	1	2	1	1	0	1
AAEL022392	8	7	0	0	10	5	2	4	10	5	8	3
AAEL011440	8	5	3	1	4	1	5	7	5	7	8	14
AAEL019651	818	730	570	320	330	583	947	1012	989	636	848	1501
AAEL018217	526	515	353	149	158	590	937	825	984	538	826	999
AAEL014596	139	138	128	82	74	97	125	102	131	220	113	179
AAEL011280	404	288	206	128	140	354	526	593	730	380	592	830
AAEL011276	1713	1414	1519	971	1079	1349	1224	1123	1566	1152	1109	1400
AAEL011277	469	382	277	163	257	517	447	644	678	387	523	804
AAEL011273	1078	718	815	768	672	1017	987	1123	1222	1057	802	1256
AAEL024142	0	0	0	0	0	0	0	0	0	0	0	0
AAEL025709	2	3	1	0	1	3	2	4	2	2	2	0
AAEL020739	1519	1121	1192	1806	1909	2263	1137	1170	1465	1609	1991	3081
AAEL020969	26	5	15	5	5	10	36	22	27	16	22	34
AAEL026249	0	0	0	0	0	0	0	0	0	0	0	0
AAEL011275	1	1	6	0	1	1	3	1	0	2	0	4
AAEL011271	950	718	670	998	1053	1512	723	690	858	633	1506	1630
AAEL024576	50	17	32	15	21	29	72	56	76	50	81	102
AAEL011285	302	256	252	207	235	303	227	260	239	259	247	344
AAEL022149	19	31	16	7	18	38	42	32	32	21	33	40
AAEL028045	0	0	0	0	0	0	0	0	0	0	0	0
AAEL023551	0	0	0	0	1	0	1	0	0	0	2	0
AAEL023683	0	3	1	0	0	1	2	0	0	1	1	2
AAEL011274	575	590	471	395	555	1045	765	834	919	568	1212	1829
AAEL011283	276	255	288	169	264	282	275	177	238	260	224	258
AAEL011282	1112	1132	665	318	443	1819	879	892	1807	542	1295	965
AAEL024940	2	4	13	2	1	11	2	6	1	1	0	6
AAEL011281	423	371	334	94	121	197	509	406	619	484	572	787
AAEL011278	382	338	269	225	366	308	386	390	452	263	412	323
AAEL022683	0	0	1	1	0	0	0	0	0	1	0	0
AAEL011279	619	596	558	272	300	350	390	496	476	458	324	786
AAEL025431	229	212	198	211	271	276	274	233	262	257	255	315
AAEL000248	1177	781	659	782	904	921	666	808	868	799	838	931
AAEL000221	352	412	334	438	489	541	398	499	600	496	478	657
AAEL000246	523	469	366	184	120	403	676	621	745	468	652	879
AAEL020535	205	166	74	198	218	152	109	157	126	150	103	108
AAEL000226	300	381	315	167	238	464	275	422	430	262	358	440
AAEL021851	7	14	12	4	11	3	13	0	7	11	7	10
AAEL000235	912	893	692	290	363	770	703	1080	1064	701	737	1234
AAEL000234	1111	1061	675	536	1274	1180	478	1037	971	722	1188	1430
AAEL020736	5	2	2	1	3	1	0	0	3	3	5	5
AAEL000256	603	257	314	100	60	191	740	2096	1264	849	733	1362
AAEL000227	739	758	587	434	561	585	684	1131	1404	848	873	1198
AAEL024346	421	466	324	151	146	400	446	573	567	427	637	1114
AAEL025747	13	7	2	0	0	0	26	17	20	13	29	36
AAEL000245	450	436	475	385	594	434	349	293	338	416	304	370
AAEL027144	0	0	0	0	0	0	0	0	0	1	0	0
AAEL022541	0	0	0	1	0	9	1	0	0	1	0	3
AAEL025179	63	16	18	33	93	63	13	20	25	32	35	32
AAEL000255	126	82	90	50	55	73	103	112	86	87	102	117
AAEL000240	607	494	483	422	575	529	501	483	564	522	487	615
AAEL023209	183	229	216	175	267	257	214	188	292	199	176	217
AAEL014339	139	140	126	92	142	124	96	107	112	114	171	193
AAEL027172	0	1	2	1	2	0	0	0	2	1	1	4
AAEL024368	3	3	2	1	4	5	5	4	3	9	2	8
AAEL021943	5	1	2	3	0	0	2	1	1	2	1	3
AAEL014340	93	87	65	60	63	114	128	69	115	80	109	112
AAEL024247	2	0	4	3	0	1	4	0	4	0	1	2
AAEL021255	2898	2515	1880	712	736	2195	2566	3047	3507	1617	2564	3349
AAEL021046	1	0	1	0	0	0	5	3	7	5	3	9
AAEL028712	0	0	0	2	0	1	1	1	1	0	0	0
AAEL028721	0	2	0	0	0	0	0	0	0	0	1	1
AAEL025409	0	0	0	0	0	0	0	0	0	0	0	0
AAEL021814	0	0	0	0	0	0	0	0	0	0	0	0
AAEL020091	0	0	0	0	0	0	0	0	2	0	0	0
AAEL024029	0	2	0	3	0	1	1	2	6	0	0	1
AAEL009212	2460	2237	1967	1185	1247	2166	2656	3188	3119	2429	2404	3816
AAEL024854	1	0	2	1	2	2	17	7	7	7	11	9
AAEL022573	458	556	411	70	140	416	663	730	758	511	680	1053
AAEL019109	1	5	7	1	6	2	5	1	14	4	5	10
AAEL021279	0	0	0	0	0	0	2	0	1	1	4	4
AAEL025499	131	122	142	46	141	74	46	150	44	54	59	146
AAEL021329	0	1	0	0	2	1	1	0	0	0	0	0
AAEL020767	0	0	0	0	0	0	1	0	0	1	0	0
AAEL026014	25	7	11	7	16	14	19	12	14	19	10	23
AAEL026441	44	30	32	13	37	19	22	17	26	20	31	69
AAEL026892	0	0	0	0	0	0	0	0	0	0	0	0
AAEL026899	0	1	0	0	0	0	1	2	2	0	2	2
AAEL025071	0	1	0	0	0	0	0	1	0	0	0	0
AAEL024369	16	8	9	4	6	8	0	1	2	0	4	5
AAEL020473	2	1	4	2	0	4	3	4	3	1	2	6
AAEL023704	0	0	0	2	0	0	1	3	2	0	0	0
AAEL011222	442	325	304	191	296	294	508	446	654	436	421	550
AAEL023715	12	0	23	7	19	9	2	2	5	4	3	8
AAEL027908	2	3	0	0	0	1	24	6	20	7	5	1
AAEL021565	0	0	1	5	2	1	8	2	2	3	5	8
AAEL024290	0	0	0	0	0	0	0	2	0	0	0	0
AAEL022504	0	0	0	0	0	1	0	0	1	0	0	0
AAEL024758	0	0	0	0	0	0	0	0	0	0	0	0
AAEL026090	0	0	0	0	0	0	0	0	0	0	0	0
AAEL028937	0	1	0	0	0	0	0	0	0	0	0	0
AAEL027842	4	4	3	1	1	1	1	2	6	4	5	6
AAEL023431	12	12	15	4	15	12	10	5	8	18	8	9
AAEL025277	83	53	84	62	60	67	64	82	34	70	41	87
AAEL028243	2	0	0	0	0	0	4	2	4	5	0	0
AAEL022617	59	53	55	28	56	52	40	45	45	60	40	64
AAEL026326	0	0	1	0	0	0	1	3	0	2	0	1
AAEL022770	12	7	5	7	15	10	3	5	7	14	3	6
AAEL025539	0	0	0	4	0	0	2	1	0	0	0	0
AAEL018152	146	162	124	31	122	220	210	189	329	162	281	370
AAEL021824	0	0	0	0	0	0	0	0	0	2	0	0
AAEL024614	1	0	1	0	0	1	12	1	1	6	1	6
AAEL008066	124	172	84	115	177	428	387	403	415	211	380	605
AAEL008064	436	423	477	359	453	476	307	368	357	410	323	476
AAEL020885	25	8	4	7	38	25	33	10	9	18	17	7
AAEL008068	491	560	483	229	286	538	489	659	790	480	555	915
AAEL025534	0	0	1	0	0	0	2	0	0	0	0	0
AAEL008067	225	363	250	71	109	392	276	306	391	246	262	465
AAEL028195	21	26	32	18	16	14	11	8	6	12	14	16
AAEL008058	487	656	380	40	90	543	803	857	988	359	633	998
AAEL023324	0	0	0	0	0	0	5	0	0	2	1	1
AAEL023659	12	19	16	32	18	21	5	10	6	8	14	15
AAEL008070	121	113	114	82	175	129	178	131	226	167	135	215
AAEL008073	907	1546	614	247	609	1920	1319	1176	3019	725	1730	1483
AAEL008063	84	143	47	6	25	81	147	151	239	77	151	247
AAEL019657	353	481	318	133	192	360	376	520	534	398	391	828
AAEL027833	5	2	1	0	0	3	2	1	0	0	0	0
AAEL008055	42	29	20	1	2	10	90	45	102	74	73	147
AAEL008069	239	169	136	120	138	182	263	399	327	242	441	809
AAEL008056	45	88	61	11	46	85	151	133	168	116	168	173
AAEL008061	417	251	245	173	143	273	312	240	336	310	250	442
AAEL008062	213	259	220	95	221	178	192	259	344	218	276	345
AAEL011325	666	509	438	216	437	253	500	735	732	438	532	369
AAEL011323	1191	1076	913	1034	1469	1449	1073	1743	1670	1114	1210	1607
AAEL026443	303	415	219	137	206	439	403	454	509	327	548	620
AAEL014302	71	70	84	215	182	162	109	71	146	129	376	144
AAEL026290	18	37	13	1151	822	596	5	17	52	75	578	686
AAEL014303	146	213	92	50	56	149	246	166	344	165	242	273
AAEL018715	0	0	0	0	2	0	0	0	1	0	0	0
AAEL011109	509	333	306	222	229	484	547	698	896	571	490	573
AAEL022148	1	0	0	0	0	0	0	0	4	3	1	0
AAEL018211	2325	2476	1525	457	603	3111	3154	3413	4371	1925	4384	8234
AAEL021424	0	5	5	6	9	6	5	3	8	10	1	4
AAEL021035	431	384	293	336	437	549	540	554	760	445	504	490
AAEL021533	254	159	105	95	60	193	288	378	431	182	267	294
AAEL011106	1236	1616	753	245	209	1201	2152	2037	2401	902	2161	3158
AAEL011103	408	403	306	166	173	417	339	378	438	309	395	482
AAEL023393	101	79	74	70	107	76	81	78	121	81	62	91
AAEL011099	530	471	432	554	773	683	681	740	794	668	704	665
AAEL016986	476	352	401	314	359	329	303	298	342	353	226	385
AAEL020639	0	0	0	0	0	0	0	0	1	0	0	0
AAEL024208	0	1	0	3	1	0	0	0	2	0	0	2
AAEL011102	2091	1058	1043	1571	1806	1803	1796	1438	2400	1987	1778	2417
AAEL011097	368	334	278	145	230	372	321	389	448	387	348	588
AAEL011096	204	167	212	96	106	157	131	335	220	179	141	290
AAEL024820	14	5	17	5	13	12	9	4	7	6	3	5
AAEL011105	1511	1143	838	878	860	1879	1078	1386	2004	1045	1853	2124
AAEL025932	5	0	1	3	0	2	1	1	2	0	1	3
AAEL019777	2224	2057	1271	799	955	2376	1505	2390	2253	1031	1818	2405
AAEL019778	611	476	328	160	168	495	467	832	681	332	605	831
AAEL011098	39	21	32	11	25	34	35	30	22	23	28	27
AAEL011090	1370	1541	1225	1084	1456	1692	1020	992	1367	1042	1133	1080
AAEL011101	1019	701	645	510	505	831	765	825	968	634	812	857
AAEL011092	1508	1331	1023	721	649	1535	1192	1594	1924	936	1467	2236
AAEL011093	167	127	114	44	76	172	208	230	277	174	208	323
AAEL011095	204	165	136	247	164	262	225	217	312	250	314	240
AAEL012151	638	624	575	430	330	614	540	771	790	583	540	751
AAEL025147	0	0	0	0	0	0	0	0	0	0	0	0
AAEL026906	90	93	54	13	14	78	144	131	274	134	193	241
AAEL025922	910	788	655	661	608	946	781	921	1158	808	853	1132
AAEL012147	1017	1250	756	335	394	1377	1190	1218	1578	717	1405	1347
AAEL026544	0	0	0	0	0	0	0	0	0	0	0	0
AAEL012477	2	0	0	0	2	2	2	0	0	0	3	1
AAEL002264	3	2	2	1	2	2	4	4	1	4	2	0
AAEL012144	3	2	6	0	2	2	3	1	3	4	0	3
AAEL013897	509	426	345	256	299	534	423	473	501	423	449	670
AAEL024709	783	681	832	658	786	664	585	514	602	598	697	809
AAEL013900	62	55	43	18	3	39	104	137	118	106	126	131
AAEL023361	33	17	31	31	7	9	23	16	31	29	21	20
AAEL021579	471	343	276	159	195	375	422	524	673	382	478	625
AAEL015100	2109	1556	1638	2217	2557	2706	1134	1706	2013	1429	2423	3182
AAEL015099	1278	990	860	667	318	787	1086	1092	1133	1029	971	1561
AAEL024172	0	1	2	0	0	0	0	0	1	2	0	0
AAEL021748	997	821	647	215	205	633	1710	1585	1606	822	1388	2372
AAEL007366	386	347	305	283	406	401	277	251	359	307	298	348
AAEL007382	1406	1011	1082	1052	1082	1191	941	956	1207	1038	1118	1381
AAEL021141	0	0	0	0	0	0	1	0	0	0	0	0
AAEL020383	1	0	0	0	0	0	1	0	0	1	0	0
AAEL024771	3	3	0	0	11	0	0	0	4	3	0	1
AAEL007375	2812	2056	2600	2446	3044	1957	1497	2031	1723	1859	1697	2579
AAEL007370	675	692	647	964	1219	835	515	558	672	934	619	1097
AAEL007367	134	141	129	98	176	162	116	127	154	149	92	136
AAEL007373	5	7	6	7	7	1	0	18	3	4	2	3
AAEL007377	1	0	0	1	1	0	1	4	0	0	0	0
AAEL007378	55	46	33	6	3	28	132	111	141	116	136	153
AAEL026016	0	0	0	0	0	0	0	0	0	0	0	0
AAEL007369	3	1	1	1	1	4	7	7	4	1	4	0
AAEL007368	360	308	295	147	186	330	247	263	349	310	315	412
AAEL022234	2	7	2	7	4	2	2	0	1	5	2	2
AAEL026236	0	1	1	1	0	0	3	0	2	1	2	0
AAEL007374	1846	1382	1624	943	964	717	829	725	910	966	1189	1692
AAEL007372	56	46	24	16	10	42	90	48	84	48	62	117
AAEL026173	1	0	2	0	0	1	2	2	7	8	3	2
AAEL028729	0	0	1	0	1	0	0	0	0	0	0	0
AAEL027688	647	540	422	376	312	519	472	643	695	505	514	660
AAEL007381	3	2	3	3	8	25	3	2	10	4	7	53
AAEL007371	607	700	485	2533	4665	3789	546	944	1109	1253	3065	3871
AAEL022408	4	0	4	3	1	5	2	1	3	11	1	3
AAEL026367	22	24	7	16	19	11	29	23	53	25	20	14
AAEL018153	19	9	10	3	9	7	144	137	153	51	128	172
AAEL008263	123	99	84	45	127	172	107	87	181	120	168	155
AAEL027911	4	0	0	0	0	0	1	0	0	0	0	3
AAEL026957	0	0	0	0	0	0	0	0	0	0	0	0
AAEL008262	97	75	72	29	45	117	136	113	201	98	119	109
AAEL014566	47	59	22	7	12	60	66	95	122	56	60	93
AAEL022299	0	0	0	0	0	0	0	0	0	0	0	0
AAEL014564	724	635	557	525	629	1043	482	719	748	622	874	1158
AAEL021975	0	0	0	1	4	1	0	1	1	0	4	0
AAEL014562	31150	20123	24491	25936	42162	27177	21522	13357	26500	19261	21323	17122
AAEL011087	569	532	580	505	630	545	434	464	501	589	351	583
AAEL011085	1220	901	909	638	565	764	856	839	795	950	651	1125
AAEL011083	396	351	264	62	60	265	651	895	699	430	544	836
AAEL011084	1098	915	734	592	610	881	934	1251	1345	858	1093	1504
AAEL011088	541	522	444	363	366	470	520	514	715	548	640	569
AAEL011082	225	292	232	230	206	253	303	300	329	302	261	333
AAEL011081	985	736	788	1164	1499	859	637	730	742	836	721	1015
AAEL016772	0	0	0	0	0	0	0	0	0	0	0	0
AAEL024445	0	2	0	1	0	0	1	0	0	1	1	0
AAEL025338	0	0	1	0	0	0	1	0	0	3	0	3
AAEL011086	105	81	86	99	117	132	142	160	215	143	129	237
AAEL006476	228	139	111	102	118	252	225	222	392	238	237	332
AAEL025505	2	0	0	0	2	1	4	2	6	2	1	0
AAEL021433	52	29	34	40	64	59	39	78	87	64	54	87
AAEL024991	9	5	17	8	9	13	16	7	35	10	17	16
AAEL006478	23	8	6	9	26	27	20	28	31	30	32	20
AAEL020354	1	0	0	0	0	2	0	0	0	0	0	0
AAEL027967	13	3	4	3	3	10	7	7	12	13	9	17
AAEL023553	1	0	4	3	3	1	1	1	1	2	2	3
AAEL012545	2217	1904	2464	1001	1409	1104	1327	1520	1121	2109	948	2534
AAEL012546	1461	1203	1333	742	661	895	932	1636	998	1241	650	1894
AAEL019691	135	125	112	107	154	198	203	179	271	210	197	230
AAEL012547	566	463	469	332	240	506	530	887	753	480	708	971
AAEL012548	136	153	124	50	108	116	206	187	213	175	201	388
AAEL012543	5	4	1	3	11	7	11	3	8	6	6	10
AAEL014345	1368	1104	1013	1103	1552	1808	745	769	1099	824	1198	1464
AAEL021633	1	1	0	0	0	0	0	1	0	0	0	1
AAEL024285	0	0	0	0	0	0	0	1	0	0	0	1
AAEL014355	92	72	50	23	36	50	101	147	118	98	144	302
AAEL023493	0	0	0	0	0	0	0	0	0	0	0	0
AAEL014348	185	167	150	848	987	809	67	63	98	241	493	881
AAEL014347	446	242	193	148	55	135	510	284	397	354	380	681
AAEL027005	0	1	1	0	2	1	4	5	1	2	0	0
AAEL018273	2077	1597	1575	895	766	1323	1390	1504	1528	1454	1293	1867
AAEL014349	95	81	77	1738	1723	1487	122	157	356	255	1422	1645
AAEL020144	0	0	0	0	0	0	0	0	0	0	0	0
AAEL023631	0	0	0	0	0	1	3	0	1	0	2	0
AAEL014350	79	66	43	448	487	292	39	53	119	71	236	403
AAEL014354	147	103	96	349	626	401	85	114	121	110	227	326
AAEL020136	1	0	0	0	2	0	1	1	2	0	1	0
AAEL021414	0	2	4	1	1	0	1	0	1	0	2	3
AAEL024798	24	2	2	21	15	24	16	3	15	10	25	14
AAEL008664	841	712	722	1811	2930	1535	713	843	903	942	848	1221
AAEL025873	0	0	0	0	0	0	0	0	0	0	0	1
AAEL008673	660	399	410	354	260	376	364	435	498	401	466	744
AAEL019772	399	356	295	126	103	232	629	791	721	415	447	818
AAEL008668	28	61	66	37	69	52	29	35	49	44	70	72
AAEL026282	0	1	1	0	0	0	2	0	1	1	1	1
AAEL028761	0	0	0	0	0	0	0	0	0	0	0	0
AAEL028664	0	0	0	0	0	0	0	0	0	0	0	0
AAEL020711	0	1	0	2	0	1	1	1	0	1	0	1
AAEL008672	5483	4341	4743	4766	4483	4888	3393	4115	3752	2888	6293	9514
AAEL008665	2	1	2	4	0	3	5	1	2	5	0	0
AAEL008671	898	664	625	1285	2312	1602	445	579	601	746	906	1378
AAEL017304	0	4	0	0	3	0	2	1	0	1	0	1
AAEL017295	0	0	0	0	0	1	0	0	0	0	0	0
AAEL017394	0	0	0	0	0	0	0	2	0	0	0	1
AAEL017327	0	3	0	1	0	0	0	0	0	0	0	0
AAEL027160	0	0	0	0	0	0	3	0	0	2	3	2
AAEL017097	0	0	0	0	0	1	0	0	0	0	0	0
AAEL017230	0	0	0	0	0	0	0	0	0	0	0	0
AAEL028132	261	126	146	98	44	115	286	284	404	203	209	419
AAEL021125	0	0	0	0	0	0	0	0	0	0	0	0
AAEL014041	1197	734	675	699	426	847	938	1168	1519	672	879	1236
AAEL025926	11	1	3	2	2	2	2	6	1	1	1	3
AAEL024735	2	1	0	4	1	2	8	5	5	1	2	11
AAEL013353	5086	4981	3828	2257	4062	7011	3813	4718	5403	3929	6245	9468
AAEL013359	26736	17832	16072	18688	22052	26530	23527	18409	33868	15696	27104	25265
AAEL013356	1857	1189	1059	819	655	1524	1571	1701	2116	1182	1535	1855
AAEL013355	917	751	635	537	654	513	630	1139	766	794	539	1126
AAEL021203	10	8	4	4	3	0	8	2	12	10	1	11
AAEL022821	1	0	0	0	0	0	0	4	1	1	0	1
AAEL020307	1581	1184	918	1128	1006	2021	912	1055	1891	769	1290	864
AAEL008854	3716	2520	2583	2768	2381	3211	3245	3940	4759	2728	3650	3827
AAEL008839	218	170	158	138	134	123	135	209	168	156	100	251
AAEL008833	541	575	470	393	417	464	354	544	541	424	357	511
AAEL026366	1	0	0	0	0	0	0	0	0	0	0	1
AAEL008838	83	65	62	75	49	67	74	84	91	89	61	142
AAEL008853	1492	911	1051	690	379	864	1418	910	1474	1171	1516	1766
AAEL019603	564	243	137	545	417	931	318	582	734	555	406	587
AAEL026390	1013	797	762	802	1136	1100	871	488	865	852	936	1112
AAEL008841	755	663	724	931	782	591	265	512	542	474	432	673
AAEL018032	3690	2279	2251	2276	1679	2962	3773	3852	4398	3193	4529	7342
AAEL024886	0	2	1	0	0	0	3	6	2	2	2	8
AAEL020246	8	5	7	2	7	4	4	4	9	8	3	5
AAEL008844	11719	11185	8201	4933	8752	15081	20563	17141	23667	15037	11697	12253
AAEL022773	986	642	770	677	639	742	682	607	656	642	583	779
AAEL008848	16557	9889	12892	11734	17972	10192	9213	8952	12805	9820	9346	8340
AAEL008843	2044	1445	1667	1154	1116	1418	1140	1138	1146	1089	865	1145
AAEL022084	1	0	1	0	0	0	0	0	0	0	0	0
AAEL020844	22	21	4	13	28	37	14	15	4	21	5	13
AAEL026258	9	7	2	3	3	6	2	7	4	18	1	21
AAEL025722	31	13	1	10	9	15	7	7	9	7	13	11
AAEL008849	5043	4009	4543	3095	3973	3747	2642	4097	2800	3256	2114	5130
AAEL023826	1	0	0	1	2	0	10	1	1	1	2	1
AAEL008850	218	248	174	131	175	175	122	220	218	130	137	236
AAEL025673	3	1	0	1	4	3	1	1	1	0	1	1
AAEL008840	19	8	11	18	19	15	7	19	15	10	16	12
AAEL020800	1139	1033	646	473	624	1715	2155	3416	3652	1198	2527	4488
AAEL008837	1178	851	876	725	542	918	838	1261	1238	934	1071	1521
AAEL024545	93	118	99	80	168	187	132	156	182	137	151	183
AAEL008847	100	45	49	23	55	96	58	76	83	60	62	71
AAEL008842	225	221	197	85	76	185	208	270	243	145	188	391
AAEL022614	0	0	1	0	0	0	0	0	0	0	0	0
AAEL006998	7	8	5	8	6	15	9	5	20	14	13	5
AAEL007026	243	254	281	181	141	163	233	293	300	316	220	418
AAEL007023	3376	2755	3291	4101	4064	3450	2085	2902	3069	2519	2650	3602
AAEL006987	34	15	45	170	307	116	23	19	33	35	81	200
AAEL006990	324	161	152	1214	1153	1180	179	191	271	518	1368	1206
AAEL006991	22	25	15	13	10	27	27	21	44	26	17	28
AAEL006985	26	19	23	7	0	2	16	9	11	11	16	17
AAEL007018	24	13	10	55	89	19	16	56	60	46	92	105
AAEL007015	1242	954	832	863	895	1260	981	1138	1368	1026	1296	1637
AAEL028234	2	1	1	0	2	5	0	0	4	2	2	5
AAEL020785	0	0	0	0	0	0	0	0	0	0	0	0
AAEL019591	397	287	353	234	232	277	285	178	254	297	244	360
AAEL021741	520	438	388	375	414	386	400	427	536	456	420	572
AAEL024496	1	0	1	0	0	1	3	2	6	3	4	5
AAEL006238	52	32	25	16	15	58	86	69	132	88	88	74
AAEL006235	1153	871	731	877	758	868	783	1082	1036	870	778	1075
AAEL006241	76	47	69	43	40	32	50	167	105	85	67	153
AAEL019771	661	561	421	237	209	413	843	746	862	563	758	1158
AAEL027493	135	90	87	112	199	149	80	47	90	123	75	210
AAEL023794	1	0	2	0	0	0	2	0	1	1	0	5
AAEL002651	664	546	324	264	273	529	491	580	713	478	588	714
AAEL002646	1004	903	806	761	704	1171	829	1119	1240	873	950	1531
AAEL023510	173	173	128	120	63	244	208	292	297	166	276	375
AAEL002641	2	0	0	0	0	0	0	1	2	0	0	0
AAEL002652	9279	7249	6274	4054	3160	6012	6387	7029	7215	6018	6583	8768
AAEL018847	0	0	0	0	0	0	1	1	0	0	0	1
AAEL019572	68	13	29	2	9	30	149	112	137	101	85	200
AAEL019571	0	0	0	0	0	0	1	0	0	0	0	0
AAEL025809	0	2	0	0	0	0	1	0	0	0	0	0
AAEL002636	398	245	261	211	283	326	228	275	295	233	225	321
AAEL002647	320	241	275	228	161	246	174	275	339	200	214	367
AAEL002645	1191	940	864	731	839	1169	705	940	1056	739	1023	1500
AAEL023313	0	0	0	0	0	0	1	0	0	0	0	0
AAEL002642	24	10	16	4	2	10	87	54	70	36	37	80
AAEL027110	0	0	0	0	2	0	0	0	1	0	0	0
AAEL002639	4124	2553	3358	2853	5787	2936	1334	776	2578	1878	1675	1917
AAEL002633	118	83	75	40	46	77	84	57	113	82	117	84
AAEL002638	453	451	322	385	524	490	395	1342	836	643	444	543
AAEL002654	6	7	3	15	4	2	6	17	20	1	16	34
AAEL022159	1	1	0	0	0	0	0	2	0	0	0	0
AAEL025720	1	0	1	0	0	1	5	0	2	2	0	3
AAEL021282	0	0	0	0	0	1	0	1	1	0	0	4
AAEL008692	880	703	888	913	1219	937	490	472	485	700	570	901
AAEL019532	2935	2060	1758	1453	976	1862	1691	2481	2382	1518	1860	2587
AAEL015201	9	9	12	12	18	18	16	3	19	8	12	17
AAEL015202	752	458	678	784	968	691	418	334	510	560	466	692
AAEL023511	459	401	457	623	897	532	290	355	351	343	273	486
AAEL013541	896	624	559	602	555	726	377	832	748	497	649	949
AAEL013530	2953	2428	1969	1852	1836	2898	2206	3332	3577	2278	3036	3904
AAEL013538	2124	1894	1548	1070	912	1788	1237	2194	2076	1161	1433	2315
AAEL013537	2578	1817	2069	2445	1938	2147	1662	2063	2621	2099	2187	3386
AAEL013540	378	298	349	337	320	312	286	372	412	317	277	409
AAEL013534	1562	1165	1198	924	721	1113	1367	1756	1854	1401	1577	2300
AAEL013532	185	85	141	66	113	169	170	272	187	202	201	157
AAEL020272	0	0	0	0	0	0	0	0	0	0	2	0
AAEL021116	2	3	4	5	0	11	10	7	1	4	0	5
AAEL013536	0	0	0	0	0	0	0	0	0	0	0	0
AAEL013533	17951	8028	9804	12001	14574	10570	14855	8201	19007	10135	11821	7906
AAEL013531	454	396	456	384	433	395	329	367	417	339	350	377
AAEL013539	593	522	537	300	234	347	471	712	534	416	371	779
AAEL013535	3982	4019	3948	5073	9785	6616	5060	5928	7376	6406	5743	5771
AAEL009423	928	603	712	1406	1186	1861	522	779	841	812	1496	2375
AAEL009420	237	128	135	105	146	204	213	308	286	240	161	248
AAEL009432	699	548	657	304	416	254	242	208	246	276	209	319
AAEL009428	1798	1188	1101	928	717	1318	1046	1490	1591	982	1246	1642
AAEL009424	909	663	717	1265	1248	1270	423	697	960	586	646	853
AAEL027097	4	5	0	0	5	5	14	9	10	19	4	13
AAEL009429	285	208	235	233	278	197	187	266	276	237	210	317
AAEL009430	2014	1560	921	205	206	1394	4230	3737	4281	1490	3246	5083
AAEL009421	66	42	36	42	123	47	52	64	75	82	70	64
AAEL021559	26	22	44	31	46	18	42	22	27	29	31	16
AAEL009431	506	385	394	489	595	467	400	317	467	373	343	387
AAEL019782	55	60	30	46	51	68	57	68	55	40	36	50
AAEL008190	100	65	108	169	182	200	137	176	293	92	250	288
AAEL020247	3	2	6	1	4	0	14	20	12	6	13	11
AAEL021886	155	116	79	168	220	208	114	147	266	69	190	169
AAEL017177	65	72	52	17	13	22	63	117	183	26	74	49
AAEL007558	1823	1410	1269	1576	1072	1631	1388	1604	2103	1241	1672	1645
AAEL007560	715	533	485	427	375	525	537	554	759	502	436	653
AAEL007563	2274	1585	1619	1170	684	1073	1530	2028	1739	1350	1262	1955
AAEL007562	935	598	485	269	246	511	461	1051	561	668	465	1186
AAEL027278	0	0	0	0	0	0	0	0	0	0	0	0
AAEL021483	0	0	0	0	0	0	0	0	0	0	0	0
AAEL023735	0	0	0	0	0	0	0	0	0	0	0	0
AAEL020919	0	0	0	0	0	0	0	0	0	0	0	1
AAEL026386	2	6	4	2	0	1	10	3	4	4	6	9
AAEL022419	4	5	4	7	3	3	11	6	14	6	7	4
AAEL017290	1067	1281	1120	1284	1259	1540	938	892	1234	976	941	1044
AAEL007566	298	243	322	239	306	219	189	194	222	214	224	297
AAEL007564	89	62	66	52	57	102	66	92	98	52	79	79
AAEL007568	553	436	446	557	598	556	337	351	542	307	405	362
AAEL007565	2515	2001	1604	2048	2047	2475	2368	2526	3876	1604	2440	2198
AAEL007559	54	39	47	32	46	41	66	63	85	56	73	78
AAEL025011	7	1	0	0	0	1	3	0	1	4	2	1
AAEL007682	2822	2091	1626	1034	1344	2233	3119	3369	4198	2209	3225	3318
AAEL023341	18	7	4	12	4	9	22	28	16	21	14	8
AAEL025880	26	25	22	13	9	38	63	87	78	45	43	110
AAEL020024	1	0	0	0	0	1	3	9	7	13	1	8
AAEL007693	267	76	89	767	648	619	181	128	237	380	581	724
AAEL007691	996	625	620	1478	1401	1102	717	916	898	910	919	1627
AAEL007694	895	554	581	812	739	764	650	731	854	731	839	1283
AAEL025756	4	4	3	4	0	5	15	9	15	12	8	18
AAEL007692	1803	1648	1776	1277	1119	1313	1183	1403	1276	1186	975	1599
AAEL007679	328	322	289	358	428	376	336	298	434	373	308	398
AAEL015557	353	204	298	166	226	194	139	308	216	187	152	296
AAEL007681	6623	4556	5905	6423	8858	5550	4106	4535	5825	4373	4938	4296
AAEL007685	1445	1295	1133	679	631	1063	1182	1404	1516	882	1097	1687
AAEL018144	1268	874	956	836	751	1012	1186	1017	1290	979	1266	1615
AAEL007690	1197	952	877	570	406	782	1038	1260	1338	766	880	1567
AAEL023085	2	2	1	2	2	0	5	6	1	2	1	4
AAEL007684	39	16	8	34	19	20	16	17	37	25	20	18
AAEL007680	708	174	221	288	342	366	615	531	617	578	420	368
AAEL023460	0	0	0	0	0	0	0	0	0	0	0	0
AAEL025160	5	0	0	1	0	4	2	1	0	2	0	6
AAEL007686	1300	1071	1362	146	298	254	375	110	240	218	357	701
AAEL024790	2	3	0	5	5	2	2	10	4	6	5	10
AAEL007683	528	491	376	416	339	461	349	412	471	279	317	477
AAEL007687	710	528	581	608	814	557	483	453	598	539	477	617
AAEL019819	1850	1319	1257	1007	693	1057	1403	2195	1975	1332	1319	2179
AAEL012904	4460	3683	3353	2531	2699	4610	2518	3901	4642	2726	3979	5647
AAEL012906	250	160	186	136	97	138	178	154	230	163	122	204
AAEL027867	0	0	0	0	0	0	0	0	0	0	0	0
AAEL019658	2812	1219	1401	372	388	714	3833	3780	3716	1947	2655	4112
AAEL024015	30	16	11	1	8	2	118	64	66	51	65	97
AAEL023390	0	0	0	0	0	0	0	1	0	0	0	0
AAEL020905	0	0	0	0	0	0	0	0	0	0	0	0
AAEL006646	682	426	476	411	350	453	417	545	577	541	469	645
AAEL006654	266	273	200	230	247	294	146	207	279	118	207	218
AAEL006660	92	94	135	43	58	34	71	171	101	163	59	185
AAEL023480	0	0	0	0	0	0	0	0	0	0	0	0
AAEL029027	0	0	0	0	0	0	0	0	0	0	0	0
AAEL028153	0	0	1	0	0	0	0	0	0	0	0	0
AAEL029025	0	0	0	0	0	0	0	0	0	0	0	0
AAEL006649	307	309	337	93	58	90	235	120	217	149	164	360
AAEL021857	17	25	11	26	68	29	11	2	25	11	20	21
AAEL013073	0	0	0	0	0	0	0	0	0	0	0	3
AAEL013070	67	52	23	17	42	28	37	60	55	38	47	179
AAEL013072	691	519	533	254	309	469	437	476	606	383	481	668
AAEL013068	3109	2895	2068	1183	1932	3661	2595	2911	3957	2114	3327	4322
AAEL021525	2	0	0	1	2	1	0	0	0	3	3	1
AAEL013069	67077	41423	53271	53610	81988	45995	45445	24215	52676	39189	40680	32376
AAEL013071	4349	2800	3327	2010	2359	2301	1777	1622	2242	1683	2127	2591
AAEL013074	2817	1869	1809	3466	3196	4350	1732	2257	2768	3163	4940	7019
AAEL003151	425	293	324	404	397	374	310	424	505	353	371	427
AAEL003157	451	344	343	394	423	423	303	324	392	259	453	428
AAEL023171	0	0	0	0	0	0	0	0	0	0	0	0
AAEL016288	0	0	0	0	0	0	1	0	0	0	1	1
AAEL016287	0	0	0	0	0	0	0	0	0	0	0	0
AAEL025740	321	277	255	213	248	220	181	289	207	223	298	249
AAEL023038	0	0	0	0	0	0	0	0	0	0	0	0
AAEL007291	567	488	534	406	462	426	384	419	406	440	294	508
AAEL023666	449	387	311	230	154	316	333	567	400	311	324	509
AAEL003174	216	204	169	240	256	278	149	153	218	190	192	209
AAEL024507	0	1	0	0	4	0	0	0	0	0	4	0
AAEL003171	125	121	139	95	120	126	99	141	151	126	116	179
AAEL027629	3	1	0	4	3	6	6	5	1	10	6	3
AAEL003162	1693	1434	1168	798	702	1121	1252	1677	1734	927	1252	2002
AAEL019702	53	27	19	21	4	22	130	75	145	76	114	161
AAEL025156	6	0	3	0	2	2	0	0	2	0	0	24
AAEL027448	0	0	1	2	0	1	2	2	3	3	0	8
AAEL024144	384	288	295	208	165	344	420	1185	728	405	544	780
AAEL025005	2	0	1	1	3	0	7	12	6	5	4	2
AAEL004148	1917	1626	1149	982	1332	2561	993	1668	1928	923	1633	2103
AAEL003534	1375	1024	1008	751	687	1598	1659	2190	2554	1548	2632	3870
AAEL003524	3584	3521	3866	1451	1724	1267	1535	1480	1079	1151	979	2457
AAEL028078	13	8	4	5	5	3	37	6	4	13	2	15
AAEL003536	899	617	679	473	390	518	416	649	614	451	510	669
AAEL003539	1091	928	743	487	385	951	700	1027	1048	771	782	1113
AAEL024276	0	0	0	0	0	0	0	1	0	0	0	3
AAEL003530	61883	39907	54106	51871	85891	46640	38502	21696	41183	36198	34358	27645
AAEL003510	546	481	440	410	382	364	355	478	405	354	318	487
AAEL003528	756	556	585	631	549	690	592	659	894	589	728	815
AAEL003546	584	421	413	383	346	441	448	333	486	393	431	418
AAEL003522	179	158	182	163	196	145	131	117	201	140	149	136
AAEL003529	413	254	236	245	205	454	305	329	472	241	326	349
AAEL020688	121	26	28	30	45	63	19	7	46	11	88	148
AAEL003550	863	372	417	1269	1083	1516	1012	1418	1775	1174	1419	1332
AAEL026564	224	147	150	120	137	208	167	216	220	216	177	221
AAEL020174	0	0	0	0	0	0	2	0	0	0	0	0
AAEL022995	173	75	90	55	16	79	258	280	462	216	214	154
AAEL024675	1496	644	755	422	422	987	2608	1708	4248	2403	1932	958
AAEL003527	39	23	24	90	76	76	37	46	58	60	31	39
AAEL026882	0	2	0	0	0	0	0	1	0	0	0	0
AAEL003516	47	16	12	27	62	44	36	31	82	34	39	46
AAEL003515	80	66	56	55	71	74	50	89	48	72	30	84
AAEL003519	596	473	475	345	322	548	428	602	621	455	531	888
AAEL003543	319	241	251	124	155	193	230	281	211	209	222	400
AAEL027001	4	0	1	0	1	0	3	0	1	1	0	1
AAEL026715	9	5	4	7	2	7	5	7	10	11	5	5
AAEL021782	575	359	239	267	205	483	600	657	992	590	744	699
AAEL014899	393	279	317	305	388	261	224	192	342	311	297	216
AAEL014900	577	568	485	347	305	465	635	602	701	446	610	849
AAEL005388	191	155	125	117	93	140	177	178	230	159	180	275
AAEL005391	1305	992	1013	1394	1827	1691	825	1169	1196	1205	1581	2419
AAEL005390	1312	983	895	701	524	913	868	1071	1057	969	807	1309
AAEL027436	1632	1265	1554	1329	1368	1413	1233	1283	1643	1439	1178	1514
AAEL005395	659	550	599	416	322	373	485	499	549	682	293	736
AAEL005387	3	2	0	4	1	5	9	4	3	3	2	1
AAEL025692	1	2	1	1	0	1	2	4	5	3	3	4
AAEL005386	55	31	24	43	20	38	46	57	112	37	61	52
AAEL019640	1136	878	841	642	913	1044	958	1353	1305	885	1202	1837
AAEL005383	1345	1178	1338	672	546	537	1002	1491	1227	1127	710	1634
AAEL005379	275	174	133	156	135	222	192	219	230	163	196	237
AAEL005392	244	173	145	225	168	265	315	353	420	291	335	287
AAEL020281	0	0	0	0	1	0	1	1	1	3	1	0
AAEL019600	15	8	7	14	6	10	18	26	9	15	10	9
AAEL018340	858	493	736	557	440	456	528	660	1249	540	633	943
AAEL013042	150	59	48	16	41	104	357	269	372	190	314	397
AAEL019602	328	88	96	528	227	122	180	269	343	292	346	302
AAEL013040	195	223	213	212	113	176	98	161	241	133	206	507
AAEL004938	549	376	314	681	697	808	458	712	840	343	775	808
AAEL004921	14	0	0	14	58	14	15	4	14	11	13	15
AAEL029101	0	0	0	0	1	0	7	2	1	0	0	2
AAEL024360	11	11	27	7	28	15	17	11	15	5	29	9
AAEL004920	2101	1577	1643	1761	1730	2149	1756	1476	2452	1158	1986	1506
AAEL004930	4898	3352	2980	1653	1566	3676	5436	5573	8692	6012	3933	3705
AAEL016998	23	13	12	21	10	17	9	100	30	56	29	67
AAEL021008	53	15	26	36	36	51	36	310	207	158	46	71
AAEL020742	0	16	0	0	0	0	0	0	1	3	0	2
AAEL025446	0	0	0	0	0	0	0	0	0	0	0	0
AAEL004918	1630	1494	1294	412	376	754	1869	2632	1581	1235	1131	3378
AAEL019472	214	173	147	195	112	175	229	133	328	211	245	231
AAEL004928	14	2	12	2	10	4	7	1	2	3	7	0
AAEL004931	3170	5794	5333	1333	3187	1441	529	351	488	973	1269	1154
AAEL004923	177	89	133	89	122	125	72	68	63	102	168	311
AAEL004919	82	52	66	46	101	73	94	126	123	123	106	89
AAEL004935	153	75	115	57	72	83	79	82	73	62	182	227
AAEL004936	1208	1282	956	535	595	1174	1144	1200	1680	1012	1464	2165
AAEL004939	0	0	0	0	0	0	6	3	2	2	1	3
AAEL019916	962	664	542	498	302	948	668	871	1074	476	851	1009
AAEL025748	4	10	3	2	9	6	7	4	8	9	6	2
AAEL001500	32	39	16	21	36	54	45	52	64	59	57	94
AAEL022579	0	0	0	0	0	0	0	0	0	0	0	0
AAEL026751	2355	1440	1440	4600	5849	4244	1774	2288	2625	2453	4259	5078
AAEL001473	1194	893	737	686	587	1061	919	1110	1358	829	1156	1530
AAEL001503	2080	603	696	442	98	695	3845	2859	5225	2074	3613	2740
AAEL028074	0	0	0	0	0	0	4	0	3	1	1	2
AAEL001495	4767	3523	3683	3453	2604	3555	3501	4197	4158	3765	3698	5028
AAEL001485	272	153	187	332	608	254	89	256	207	185	232	368
AAEL023929	0	2	0	2	1	0	1	0	1	0	1	1
AAEL001498	108	41	87	77	127	126	85	138	105	314	541	1207
AAEL001472	799	593	557	333	287	453	545	494	655	543	487	661
AAEL001501	754	575	605	1250	1536	1218	398	489	525	625	632	890
AAEL001506	477	458	281	271	339	709	344	394	720	186	449	363
AAEL001479	3086	1979	1916	2524	2829	2246	2120	2029	3167	2086	2171	1839
AAEL025194	0	0	0	3	0	0	2	2	9	0	3	2
AAEL001484	7237	4564	4086	3378	3264	6012	6415	6540	9657	4370	8776	8031
AAEL001505	481	377	372	379	342	427	312	439	437	401	329	558
AAEL001475	67	15	32	5	4	18	73	67	86	59	71	124
AAEL001480	1788	1153	1299	2275	2130	2123	808	802	890	1000	2119	3180
AAEL001490	1434	714	586	666	647	668	1282	1188	1630	1029	1048	920
AAEL018240	346	302	232	226	382	333	160	236	236	161	250	439
AAEL001483	28	13	18	9	25	32	41	30	55	41	23	46
AAEL001492	766	623	652	407	305	463	469	679	674	558	534	894
AAEL017082	2155	1698	1942	1443	1592	1783	1278	2083	1709	1757	1305	2457
AAEL001487	0	0	2	0	3	0	0	4722	3506	3665	1	2
AAEL022126	29	20	27	36	69	32	41	73	48	56	35	44
AAEL001474	35	37	49	38	89	57	32	40	52	48	30	45
AAEL001497	876	563	661	521	368	519	596	934	701	667	677	1082
AAEL001491	9	4	8	12	4	19	3	4	3	8	23	16
AAEL001476	1029	597	696	604	527	716	768	549	886	572	856	1063
AAEL001494	0	8	2	2	3	3	7	17	14	11	6	15
AAEL027476	0	0	0	0	0	0	0	0	0	0	0	0
AAEL019550	625	890	596	583	853	1740	1315	1475	2305	955	1835	2231
AAEL025323	1	1	1	0	0	0	14	19	1	9	0	24
AAEL027475	0	0	1	0	0	0	0	0	1	2	0	4
AAEL021488	0	0	0	0	0	0	0	0	0	0	0	0
AAEL025180	1	0	0	0	0	1	0	0	0	0	0	0
AAEL020308	0	0	0	0	0	0	1	2	0	0	0	1
AAEL001493	183	132	99	84	87	184	161	239	187	147	223	346
AAEL024553	0	2	0	0	2	0	2	4	0	1	2	2
AAEL001478	186	135	84	54	24	109	227	265	288	162	247	291
AAEL001496	1220	1230	1002	847	815	1228	897	1079	1274	856	927	1186
AAEL020990	72	74	77	34	19	31	48	45	67	68	26	76
AAEL023550	0	0	0	1	0	0	0	0	0	0	0	0
AAEL010139	357	232	399	1045	4543	872	263	352	5204	386	917	1366
AAEL010138	216	137	219	181	139	130	217	210	250	238	188	313
AAEL010136	278	224	198	225	206	255	171	200	266	184	213	214
AAEL010141	321	255	323	272	379	331	317	216	341	239	260	241
AAEL010135	407	311	308	316	275	321	245	382	339	310	298	481
AAEL010146	6673	4482	4237	5683	4817	5282	2857	10929	6353	4833	4162	6975
AAEL024322	0	1	0	0	0	0	2	1	2	1	0	1
AAEL010149	9	36	67	4	27	16	10	7	19	3	11	33
AAEL010143	3423	2039	2279	2502	2895	2181	2530	2678	3238	2680	2382	2623
AAEL010150	75	102	180	59	82	101	101	73	96	88	89	103
AAEL010147	554	438	254	181	253	448	935	1045	1374	438	787	695
AAEL010142	67	51	38	45	66	88	87	92	100	110	113	73
AAEL010148	3937	2481	2499	3073	3490	2806	2523	3110	4534	2466	2910	3027
AAEL020760	0	0	0	0	0	0	0	0	0	0	0	0
AAEL010140	28	11	14	23	4	23	38	25	19	19	29	36
AAEL024014	1	2	0	2	2	2	4	0	2	1	6	5
AAEL010145	5249	3184	2526	2060	2090	3668	5508	7547	9453	5723	4861	4618
AAEL022782	22	25	14	7	1	20	72	61	83	49	76	84
AAEL010137	154	537	80	267	66	82	242	224	301	242	52	95
AAEL021124	0	2	0	0	0	0	0	0	0	1	2	0
AAEL025732	0	0	0	0	0	0	1	0	0	0	0	3
AAEL024858	15	4	9	5	3	7	7	3	9	1	1	1
AAEL024099	0	0	0	0	0	0	1	0	0	0	0	0
AAEL022630	0	0	0	0	0	0	0	0	0	0	0	0
AAEL000757	417	435	509	388	443	317	201	586	495	268	414	553
AAEL011375	32	11	22	42	24	16	8	7	19	11	12	13
AAEL011369	544	520	396	248	398	805	829	797	1631	715	1039	1223
AAEL026637	4	2	4	2	3	2	7	5	3	5	3	9
AAEL023733	0	0	0	0	0	0	3	0	0	0	0	0
AAEL024058	10	8	4	11	12	11	4	2	3	2	3	5
AAEL011376	639	506	546	212	154	369	498	585	621	453	446	662
AAEL018216	42	45	24	19	49	45	34	28	47	38	34	45
AAEL011371	823	695	560	853	898	1473	873	975	1156	820	1598	1900
AAEL011370	284	195	262	133	159	208	180	201	184	211	175	377
AAEL011368	155	82	75	78	57	84	65	122	150	128	72	103
AAEL007139	520	162	222	417	436	255	344	371	643	447	438	619
AAEL007128	515	138	194	538	446	331	393	872	1006	964	613	1004
AAEL007131	69	138	109	135	143	86	123	87	231	123	125	227
AAEL007136	1969	1860	1964	1538	1399	855	781	817	863	1111	1096	2325
AAEL007126	929	1160	1159	338	371	248	526	386	661	491	374	499
AAEL007138	88	64	74	34	72	29	63	68	132	79	37	78
AAEL022639	0	0	0	0	0	0	0	0	0	2	0	0
AAEL007129	37	38	39	11	42	44	40	42	62	46	55	48
AAEL009266	353	226	260	208	246	333	426	531	654	472	495	599
AAEL009252	17	3	11	16	11	13	13	10	22	10	10	16
AAEL023693	0	0	0	0	0	0	0	0	0	0	0	0
AAEL026971	0	0	0	0	9	0	0	1	0	1	0	1
AAEL027147	0	0	0	0	0	0	0	0	0	0	0	0
AAEL023539	0	0	0	0	0	0	0	0	0	0	0	1
AAEL009269	129	103	134	148	78	69	142	182	330	158	161	574
AAEL009267	3	1	3	2	2	2	4	4	7	2	4	1
AAEL009259	914	683	671	477	505	745	672	742	834	604	686	896
AAEL009268	189	125	139	97	111	137	119	109	125	84	86	116
AAEL009263	275	515	458	207	126	159	608	1261	573	881	239	1241
AAEL009257	7165	5349	7260	6371	10576	5538	3844	3754	4063	4403	4183	3978
AAEL022163	207	167	217	123	108	157	102	217	145	149	103	239
AAEL028150	0	0	0	0	3	0	0	0	4	0	1	0
AAEL009265	1634	1441	1088	591	399	1203	2224	2552	2122	1374	1684	3230
AAEL009262	733	680	728	439	386	647	545	827	608	679	546	1058
AAEL023833	1	0	0	0	0	0	3	1	5	0	0	2
AAEL009253	79	89	91	62	57	60	103	91	101	99	54	115
AAEL009264	293	302	247	96	117	339	370	780	625	258	422	462
AAEL020305	2	0	0	0	0	0	0	0	0	0	0	0
AAEL015503	0	1	0	0	0	0	5	3	1	2	0	2
AAEL024792	72	47	49	19	10	61	135	183	140	77	99	155
AAEL014981	25	79	11	27	22	47	31	27	50	33	41	46
AAEL009055	701	382	391	533	453	721	456	485	478	1546	1387	3506
AAEL009057	1302	766	1205	609	467	744	805	1503	894	1050	655	1561
AAEL009058	40	78	56	28	47	96	47	32	57	56	54	74
AAEL009066	3053	2085	2602	2267	3523	2056	1500	1674	2037	1763	1542	1496
AAEL009061	2636	2343	1795	920	843	1703	2073	3549	2692	1612	1484	3654
AAEL009067	928	685	561	584	530	795	657	737	963	593	719	980
AAEL009056	20	12	19	23	24	23	26	23	26	23	12	38
AAEL009062	63	18	15	5	16	19	111	81	81	95	125	124
AAEL020855	71	65	62	68	90	95	87	63	106	113	85	157
AAEL017513	1032	789	900	3951	4759	2688	456	918	936	1551	4751	8799
AAEL021195	11	12	14	11	22	12	21	7	17	14	1	6
AAEL025253	0	0	0	1	0	0	0	0	0	0	0	0
AAEL009063	4	2	3	1	2	0	4	4	6	7	6	4
AAEL026514	0	0	0	0	0	0	1	1	1	0	0	0
AAEL021002	15	4	12	6	32	11	15	7	3	9	6	3
AAEL009059	541	443	438	891	1409	831	395	329	344	497	688	772
AAEL009068	1790	1302	1240	1083	861	1491	1319	1400	1954	1169	1566	2002
AAEL021696	0	0	0	0	0	0	0	0	0	0	0	0
AAEL025707	5	1	12	4	6	9	11	6	4	12	6	12
AAEL009054	0	0	1	2	0	0	0	0	0	0	0	0
AAEL017490	0	1	0	0	0	0	0	0	0	0	0	0
AAEL027056	0	0	0	1	0	0	1	0	0	0	0	2
AAEL013370	0	0	1	0	0	0	0	0	1	0	1	0
AAEL019641	422	317	345	791	682	960	385	1286	711	684	676	1302
AAEL013371	105	71	77	83	89	83	67	136	124	48	70	88
AAEL024234	0	0	0	0	0	0	0	0	0	0	0	0
AAEL020649	0	0	0	0	0	0	0	0	0	0	0	0
AAEL005339	1000	730	672	886	761	1045	696	922	1063	712	1209	1305
AAEL005330	33	19	24	20	15	26	17	17	24	19	57	27
AAEL005336	11574	10143	14819	11719	17104	8243	1104	438	1663	1160	2228	3860
AAEL019854	2295	1683	1523	1463	982	2208	1572	2252	2351	1478	2042	2838
AAEL005313	295	268	290	266	364	271	199	207	269	226	147	217
AAEL005341	554	359	377	388	488	410	259	856	595	372	371	627
AAEL027223	0	0	0	0	0	0	1	0	0	0	0	0
AAEL024106	416	374	289	321	304	459	315	325	487	249	379	366
AAEL024115	4	2	1	6	1	2	9	1	5	6	1	3
AAEL027588	0	1	1	0	0	0	0	0	1	0	0	0
AAEL011056	24	18	10	12	16	12	21	33	28	23	27	18
AAEL007821	459	366	529	437	692	436	279	267	300	391	271	413
AAEL007827	1012	853	692	537	350	819	875	794	1088	712	955	1114
AAEL019596	762	589	404	149	107	405	1608	1255	1269	931	951	2016
AAEL007818	256329	52216	37193	38357	21671	94528	260043	140097	291725	228410	216209	24961
AAEL007823	3686	3163	2693	2607	2260	2666	2586	2720	3331	2287	2987	3475
AAEL007826	1965	1619	1605	1230	1090	1351	1639	2742	2280	1943	2194	3571
AAEL028979	2	6	0	0	0	1	1	0	4	1	1	0
AAEL028746	0	0	0	0	0	0	1	0	0	0	0	0
AAEL008331	705	524	469	267	186	327	552	816	869	532	704	1075
AAEL026646	5	0	0	0	18	5	5	3	2	7	0	3
AAEL023029	0	0	0	1	0	0	5	1	0	2	0	1
AAEL027807	0	0	0	0	0	0	0	0	0	1	0	0
AAEL024187	0	0	0	0	0	0	0	0	0	0	0	0
AAEL024220	0	0	0	0	0	0	0	0	0	0	0	0
AAEL025127	0	0	0	0	0	0	0	0	0	0	0	0
AAEL026669	0	0	0	0	0	0	0	0	0	0	0	2
AAEL018154	29	31	12	2	15	22	41	32	69	33	32	47
AAEL025952	0	0	0	0	0	0	0	0	0	0	0	0
AAEL021155	0	0	0	0	0	0	1	0	0	0	0	0
AAEL008320	791	660	558	487	348	676	509	771	713	411	600	703
AAEL008325	1	5	5	0	2	0	1	3	7	3	3	4
AAEL008322	41	57	35	19	15	29	124	37	106	91	41	26
AAEL008327	2	0	4	1	1	3	7	1	1	2	5	2
AAEL008330	1949	1161	1739	2952	3586	1721	509	451	671	734	1504	1315
AAEL008319	2175	1594	1572	1298	1083	1220	1127	1328	1322	1180	1076	1741
AAEL008324	345	347	257	133	124	318	326	420	413	254	354	424
AAEL008323	134	104	101	116	110	164	157	106	190	160	118	142
AAEL008329	34303	23198	26778	28168	45832	29358	24695	18350	28822	21193	22772	19861
AAEL019748	2730	1931	2126	2308	2605	2601	2019	2062	2275	2414	2030	2848
AAEL001871	146	151	132	144	178	134	114	90	108	112	93	111
AAEL001838	562	515	500	474	668	615	386	396	473	471	378	488
AAEL001852	2282	1589	1653	2006	2576	1635	1687	1655	2756	2187	1749	1643
AAEL001850	134	106	97	127	102	123	119	92	151	132	148	158
AAEL001877	32	40	38	5	8	15	30	33	44	19	17	42
AAEL027094	0	0	0	0	0	0	1	1	1	3	2	0
AAEL001874	565	447	432	489	556	503	445	366	507	393	462	487
AAEL022304	2679	1747	2438	1795	1928	1638	1384	1540	1694	1582	1261	1728
AAEL001857	137	88	82	103	55	113	72	34	54	52	35	64
AAEL001847	1603	1492	941	990	1051	1922	2048	2247	3335	1411	2185	1701
AAEL001851	1521	1010	1010	1098	1057	1272	825	1098	1509	1170	1268	2352
AAEL001843	499	373	255	87	107	305	610	527	590	410	391	761
AAEL023474	0	0	0	0	0	0	0	0	0	0	0	0
AAEL028095	1	2	1	1	1	2	5	1	1	2	3	8
AAEL017186	460	343	451	204	212	212	265	443	338	410	255	662
AAEL001865	2507	1594	2083	1934	2930	1962	1409	1567	1940	1434	1564	1534
AAEL024923	41	55	57	29	74	37	43	50	66	53	31	55
AAEL001864	2391	1056	1145	1120	1786	1949	2454	2118	3467	1416	1956	2058
AAEL001859	943	654	780	630	608	578	478	730	648	679	540	977
AAEL020241	0	0	0	0	0	0	4	0	0	0	0	0
AAEL022134	0	0	0	0	0	0	0	1	0	0	0	0
AAEL001876	1009	872	757	517	342	870	717	880	1018	629	725	882
AAEL020214	0	0	0	0	0	0	0	0	4	0	0	2
AAEL018707	79	50	83	52	47	74	42	52	69	57	59	90
AAEL001837	391	546	93	30	106	491	638	564	865	1101	409	40
AAEL001878	55	45	70	62	42	53	30	47	17	28	19	68
AAEL001867	44	28	32	11	6	17	116	102	163	108	49	170
AAEL018836	0	0	0	0	0	0	0	0	0	0	0	0
AAEL022937	0	0	0	2	0	0	0	0	0	0	0	0
AAEL020943	0	0	0	1	1	0	0	0	0	0	2	0
AAEL019634	7	5	5	0	0	4	23	14	20	8	25	17
AAEL020352	4	3	6	0	10	8	2	1	2	4	2	1
AAEL025051	2216	1721	1387	1141	967	2067	1596	1887	2375	1502	2024	2407
AAEL001853	1010	723	691	752	722	782	779	979	1174	869	931	1134
AAEL026104	2388	1765	1521	1345	888	1576	1682	1686	2229	1555	1585	2262
AAEL001845	1555	1110	1371	1131	1370	988	664	931	800	674	785	1137
AAEL001860	0	0	0	0	0	0	0	0	0	0	0	0
AAEL001856	1103	837	908	729	799	788	659	760	851	740	698	1038
AAEL028945	0	0	0	0	0	0	0	0	0	0	0	0
AAEL028855	1	2	0	0	0	3	0	0	0	0	1	0
AAEL001875	719	613	387	128	182	469	436	530	597	376	482	642
AAEL021066	51	66	27	0	8	48	94	51	87	34	46	76
AAEL001869	3944	3145	2559	2957	2353	3740	3156	3041	4899	2983	4038	4206
AAEL026047	0	0	1	1	0	6	0	0	0	7	0	0
AAEL004302	47	64	44	39	15	65	46	79	67	36	36	83
AAEL021390	0	0	0	0	0	0	0	0	0	0	0	0
AAEL004284	2852	1825	2428	1821	2664	2367	1614	1704	1993	1958	1507	1877
AAEL025458	55	70	31	44	22	67	58	70	70	92	42	73
AAEL026110	160	105	94	62	32	117	171	177	207	149	188	197
AAEL026898	0	0	1	0	0	0	0	0	0	0	0	1
AAEL024296	14	31	8	5	7	10	24	4	16	1	10	19
AAEL007114	1717	895	1245	1053	1380	1392	1317	1117	1221	1187	1751	2152
AAEL026349	74	109	23	21	36	10	27	27	33	27	15	59
AAEL014771	892	649	612	803	856	814	614	763	862	773	849	1096
AAEL021794	0	0	0	0	0	0	0	0	0	0	0	0
AAEL013776	567	411	464	399	671	649	728	765	1067	811	793	1004
AAEL013774	3236	1840	1378	8715	11170	11146	1062	1594	1853	10533	8759	11437
AAEL013775	35	9	10	27	15	22	22	3	10	29	28	22
AAEL013780	0	0	0	0	8	1	1	0	0	4	3	2
AAEL022934	0	0	0	0	0	0	0	0	1	0	0	1
AAEL011080	4	1	0	6	3	4	9	6	10	1	5	13
AAEL014589	169	117	146	104	134	196	119	156	165	154	168	283
AAEL011074	996	745	771	587	354	570	859	1154	1030	766	799	1340
AAEL015300	364	282	296	233	262	322	258	415	371	297	233	455
AAEL011070	802	400	500	803	1108	933	535	779	797	910	1161	1679
AAEL011071	186	152	107	110	154	180	119	197	214	116	136	194
AAEL011073	3	2	11	2	2	6	10	0	10	0	8	5
AAEL011078	251	184	144	119	121	99	176	252	293	253	138	230
AAEL011069	1034	891	617	457	471	998	785	1943	1366	874	1003	1369
AAEL021237	0	0	0	0	0	0	0	0	0	0	0	0
AAEL026902	0	0	0	0	0	0	0	0	0	0	0	0
AAEL011079	0	0	0	0	2	1	1	0	0	1	0	0
AAEL028058	0	0	1	0	0	0	4	808	203	318	0	1
AAEL006930	2	0	2	0	1	1	10	16	1	7	7	3
AAEL023338	0	4	3	2	0	0	1	3	0	2	0	1
AAEL010644	225	160	194	61	33	80	184	472	244	274	122	435
AAEL027788	12	0	5	5	7	6	3	4	18	10	6	8
AAEL010639	0	0	0	0	0	0	0	0	0	1	0	0
AAEL010642	301	280	286	203	215	192	242	254	252	377	190	366
AAEL010634	503	311	364	317	442	215	206	139	195	116	516	584
AAEL010637	112	151	84	42	46	169	99	162	139	99	131	141
AAEL010633	353	244	249	191	165	345	232	320	294	194	289	324
AAEL010641	1905	1683	1716	1446	1436	1435	1291	1472	1582	1311	1298	1606
AAEL023212	241	337	230	115	142	197	180	571	367	304	160	378
AAEL010635	383	281	225	187	185	435	290	336	387	227	306	455
AAEL021470	0	0	0	0	1	0	0	0	0	0	0	0
AAEL022553	0	2	0	0	0	0	0	4	3	2	6	0
AAEL026126	0	0	0	0	0	1	0	0	0	0	0	0
AAEL003982	25	6	20	4	8	13	112	63	60	53	54	110
AAEL026252	0	0	0	0	1	0	1	1	0	0	0	1
AAEL003983	1	0	0	1	3	0	2	0	0	4	2	5
AAEL023045	1	5	5	2	2	1	5	0	3	1	1	2
AAEL022801	0	1	0	0	0	0	1	0	0	0	0	0
AAEL004976	1665	1292	1948	834	917	657	1525	2339	1561	2931	850	3328
AAEL004970	407	374	331	276	258	288	346	404	389	240	284	424
AAEL004995	259	148	199	141	149	146	151	167	226	181	161	221
AAEL004981	1843	1138	1310	1203	1021	1380	1292	1679	1676	1400	1659	2665
AAEL004979	64	43	51	63	88	31	61	55	39	33	46	91
AAEL004987	3135	1564	1782	1125	1224	954	1995	2274	2587	1594	1285	1116
AAEL004986	1020	961	834	1041	1051	1558	952	1588	1735	952	1483	1799
AAEL004983	695	514	605	569	642	679	399	495	614	426	449	597
AAEL004975	13	2	0	11	3	8	2	5	2	9	0	5
AAEL004982	30	41	21	16	9	29	121	72	122	69	73	135
AAEL004978	20526	16363	16098	13472	10377	16184	10752	14407	15848	10480	11780	14211
AAEL004997	1182	772	840	915	970	1105	658	724	1170	617	811	645
AAEL027419	0	0	0	0	0	0	0	0	0	0	0	0
AAEL026978	0	1	0	0	0	1	0	1	0	0	0	0
AAEL004977	2742	1856	1757	1192	1059	1790	1458	2344	2304	1513	1899	2928
AAEL004985	1521	1106	1216	1482	1503	1470	978	1657	1777	1075	1176	1425
AAEL025354	1	0	3	0	1	1	0	1	1	0	0	9
AAEL004988	6290	4273	4788	3931	4860	3646	3366	5922	4498	4751	3368	4222
AAEL004989	934	857	701	554	647	778	891	952	1228	834	847	1138
AAEL022267	5	0	0	3	2	0	3	6	1	12	1	1
AAEL004973	1823	1445	1212	922	960	1440	962	2808	2298	1247	1347	1897
AAEL023655	1	0	1	2	0	1	3	13	2	4	3	5
AAEL004984	2399	1870	1633	1546	1200	1631	1596	1796	2269	1407	1828	2282
AAEL004972	758	481	380	460	443	829	840	995	1449	622	1090	1576
AAEL004991	51	18	10	13	11	13	25	21	32	25	14	39
AAEL004974	204	86	85	49	82	85	105	155	197	72	166	223
AAEL018103	2560	1203	1246	945	1748	765	809	239	976	327	1739	3215
AAEL026524	0	0	0	0	0	0	0	0	0	0	0	0
AAEL024001	0	0	0	0	0	0	0	0	0	0	0	0
AAEL004980	2450	1762	1835	1318	1072	1482	1445	2470	2024	1712	1550	2670
AAEL004990	232	134	190	175	316	164	143	82	139	104	160	184
AAEL027651	1	1	1	0	1	0	1	0	0	2	0	2
AAEL004996	4	2	0	2	0	1	0	0	0	0	0	1
AAEL004992	3	6	5	0	0	2	15	13	12	8	11	12
AAEL000576	33	19	19	9	6	13	45	21	51	41	34	48
AAEL028167	0	0	0	0	0	0	2	0	0	0	0	0
AAEL000571	25	24	21	26	40	52	29	39	102	37	42	41
AAEL000589	1684	1191	979	608	694	1554	1320	1786	1826	1214	1484	2544
AAEL000580	39	4	4	1	4	23	35	25	29	51	30	28
AAEL000578	86	58	47	66	54	146	67	69	80	108	90	68
AAEL023684	688	605	520	322	378	634	733	680	1049	601	745	813
AAEL021918	19	13	6	15	12	17	13	8	18	11	6	14
AAEL000584	1307	1024	1043	844	586	846	1000	993	1124	902	826	1563
AAEL000604	1924	2099	1701	749	633	1155	2804	4321	3321	2715	1837	3856
AAEL017685	15	7	10	4	2	8	24	20	14	11	5	21
AAEL025840	0	0	0	0	0	0	1	3	2	0	0	0
AAEL000622	1727	1575	1005	856	975	2173	1386	1731	2545	1020	1777	1852
AAEL022339	49	99	47	60	49	76	45	66	55	84	32	96
AAEL018022	532	410	446	361	415	364	390	389	464	467	395	638
AAEL000629	324	372	261	746	972	688	190	631	378	356	374	562
AAEL000631	3	1	0	0	0	1	2	3	0	0	0	3
AAEL000603	1	3	0	0	0	4	2	5	4	1	3	7
AAEL000623	4	3	0	2	3	2	10	3	8	3	1	7
AAEL024383	6	2	0	0	0	0	0	2	3	1	0	7
AAEL018348	1388	1184	977	648	689	1559	1460	1653	1835	1140	1711	2650
AAEL026247	0	0	0	0	0	0	3	1	3	0	0	0
AAEL022512	0	0	1	0	0	0	3	0	0	0	0	0
AAEL019389	0	0	0	0	0	0	0	0	0	0	0	0
AAEL024422	0	1	0	0	0	0	1	0	1	2	0	0
AAEL026987	37	9	35	11	11	23	30	19	26	11	19	28
AAEL012449	100	49	37	172	26	100	100	255	131	192	81	162
AAEL012450	24	24	15	12	11	27	29	30	44	20	28	36
AAEL005286	572	203	556	290	223	277	278	617	370	480	260	756
AAEL005284	869	636	514	253	178	592	1121	1046	1327	714	1099	1671
AAEL023206	0	1	1	1	0	0	0	1	0	0	1	0
AAEL025741	0	5	0	3	5	0	2	2	6	1	0	3
AAEL022115	17	5	5	10	5	5	10	3	6	18	4	24
AAEL026870	6	0	6	1	3	8	0	0	1	0	2	2
AAEL021129	0	0	0	0	0	0	0	0	0	0	0	0
AAEL023513	0	0	0	0	0	0	0	1	0	0	0	0
AAEL022052	2	1	0	2	0	3	5	1	0	7	0	5
AAEL005285	26	43	49	33	51	66	59	70	85	66	91	77
AAEL004750	4	6	12	12	17	12	15	6	18	3	11	8
AAEL023819	0	2	0	1	1	0	2	0	4	0	1	2
AAEL004762	0	0	0	0	0	0	2	0	0	0	0	0
AAEL019993	2	0	0	0	0	0	3	0	0	0	0	1
AAEL019994	0	0	0	0	0	0	2	0	0	0	0	0
AAEL004776	0	0	0	0	0	0	0	0	0	1	0	0
AAEL004760	0	0	0	0	0	0	0	0	0	0	0	0
AAEL004764	2	0	0	0	0	0	0	0	0	0	0	0
AAEL004742	0	0	0	0	0	0	0	0	0	0	0	0
AAEL004748	0	0	0	0	0	0	0	0	0	0	0	0
AAEL004765	3	1	1	2	1	0	1	2	2	1	4	0
AAEL023487	0	0	0	0	0	0	1	0	0	0	0	0
AAEL004752	0	0	0	0	0	0	0	0	0	0	0	0
AAEL004771	0	0	0	0	0	0	0	0	0	0	0	0
AAEL004747	0	0	0	0	0	0	0	0	0	0	0	0
AAEL004772	0	0	0	0	0	0	0	0	0	0	0	0
AAEL004782	0	0	1	0	0	0	0	0	0	0	0	0
AAEL004759	0	0	0	0	0	0	0	0	0	1	0	0
AAEL004770	0	0	0	0	0	0	3	0	0	0	0	0
AAEL017262	2208	2103	2044	1537	2982	1788	1121	1533	1992	620	1089	606
AAEL004780	2	0	0	0	0	0	0	0	0	1	0	0
AAEL025668	0	0	2	0	0	1	0	0	0	0	0	0
AAEL004769	2	0	0	1	0	0	0	0	0	0	0	0
AAEL024588	9	12	9	4	13	4	3	3	6	7	3	3
AAEL004746	13	17	23	6	9	16	4	12	16	10	8	7
AAEL004761	134	15	13	30	28	67	100	69	70	61	80	95
AAEL004751	1	0	0	0	0	0	1	0	0	0	0	1
AAEL027804	0	0	0	0	0	0	1	0	0	1	0	0
AAEL029078	0	0	0	0	0	0	0	0	0	0	0	0
AAEL004745	0	0	0	0	0	0	0	0	0	0	0	1
AAEL004766	0	0	0	0	4	1	6	0	0	0	2	4
AAEL004754	0	0	0	0	0	0	1	1	0	1	0	0
AAEL004784	184	174	121	236	218	192	136	100	149	218	214	196
AAEL004749	0	0	0	3	4	4	0	1	0	2	0	0
AAEL004758	1	0	0	0	0	0	0	0	0	0	0	0
AAEL004755	1223	778	889	1556	1470	1374	638	1033	743	638	841	1452
AAEL004783	5873	5547	2897	843	1603	5211	5675	6839	9427	4155	5897	7790
AAEL004738	2380	1810	1738	2136	2001	2666	1303	1511	2271	1169	1635	1676
AAEL004744	143	119	166	101	166	128	111	114	124	153	100	196
AAEL004779	100	100	95	104	134	121	97	99	79	90	59	88
AAEL020972	22	15	18	3	0	14	90	75	66	26	57	66
AAEL018329	90	33	18	19	24	35	177	144	167	57	140	180
AAEL004774	786	690	672	569	555	791	550	885	742	567	563	974
AAEL028077	0	0	0	0	0	0	0	0	1	0	0	0
AAEL026286	0	0	0	0	0	0	0	0	0	0	0	0
AAEL023887	0	0	0	0	2	0	0	2	0	0	0	1
AAEL004740	181	209	153	183	161	216	112	127	238	131	174	137
AAEL004757	798	665	623	891	1029	883	506	767	885	486	633	784
AAEL025306	2	0	0	0	0	1	5	0	0	0	1	0
AAEL004756	468	417	347	293	271	417	244	382	427	259	311	422
AAEL004763	356	298	283	242	262	353	272	300	343	273	296	413
AAEL004743	2294	1556	1670	1719	1482	2122	1578	1444	1884	1481	1824	2663
AAEL004775	81	69	86	46	52	96	92	108	64	90	67	130
AAEL004777	69	18	31	9	9	37	65	40	78	56	74	95
AAEL020574	2	0	0	0	0	0	1	0	0	1	0	0
AAEL004768	408	478	204	75	205	493	732	555	1010	527	730	824
AAEL021684	0	0	0	0	0	0	1	0	1	0	0	0
AAEL004739	3947	3243	2871	4249	4484	3828	2601	9752	5008	5077	4238	5917
AAEL017453	4	3	2	3	5	5	4	6	4	8	3	1
AAEL004778	14	39	33	41	35	40	31	15	45	31	31	14
AAEL004773	621	468	428	256	364	437	424	588	567	402	426	606
AAEL021132	6	3	5	3	5	4	5	7	2	4	4	7
AAEL004741	13	5	7	4	21	9	17	16	17	28	31	43
AAEL019638	20	12	25	5	2	11	109	65	61	38	32	91
AAEL023939	1	2	5	0	0	2	1	4	3	2	3	0
AAEL026586	1	0	0	0	0	0	1	2	2	0	1	1
AAEL023178	2	0	0	1	0	0	1	0	0	0	0	0
AAEL007434	0	0	0	0	1	0	2	1	0	2	1	2
AAEL018966	0	0	0	0	0	0	0	0	0	0	0	0
AAEL007452	1350	950	742	484	781	1344	1779	1807	2680	1327	1932	2415
AAEL007437	0	0	1	0	1	1	2	1	1	0	1	0
AAEL007444	4196	2918	2404	3210	3885	4478	4125	4130	5628	3206	4712	5257
AAEL007441	5676	4257	5691	2678	4140	2931	1600	1439	1709	1818	1534	2327
AAEL007443	226	197	185	120	133	167	146	231	223	157	134	301
AAEL007439	974	699	800	1121	1049	1069	746	1838	1275	1687	1130	1908
AAEL027049	0	0	0	0	0	0	0	0	0	5	0	1
AAEL027605	1	3	1	1	2	0	11	3	4	10	5	14
AAEL029019	0	0	0	0	1	0	8	2	4	3	2	17
AAEL024004	5	1	2	2	0	2	9	4	1	7	1	8
AAEL024375	0	0	0	0	0	0	0	0	0	0	0	0
AAEL007442	560	533	423	205	201	541	483	767	709	611	561	1004
AAEL022463	0	0	0	0	0	0	3	0	2	2	0	1
AAEL007451	1206	978	876	889	810	1089	893	1171	1158	874	1054	1626
AAEL007447	1004	1192	812	178	193	745	1722	1616	1667	975	1163	2130
AAEL027176	0	0	0	0	0	0	0	0	0	0	0	2
AAEL019296	0	0	0	0	0	0	0	0	0	0	0	0
AAEL019295	0	0	0	0	0	0	0	0	0	0	0	0
AAEL007449	2943	2504	2169	1545	1174	2031	2554	3066	3042	2267	2253	4124
AAEL021165	3	6	4	0	0	2	18	16	13	4	13	21
AAEL019609	313	279	243	46	36	121	997	881	810	542	561	1778
AAEL027324	0	0	0	0	2	1	0	0	0	0	0	1
AAEL007445	148	117	134	99	97	183	114	140	171	138	116	234
AAEL007446	122	96	72	71	89	87	88	100	118	65	87	133
AAEL025263	0	1	0	0	0	0	0	0	0	0	0	0
AAEL007450	135	90	71	155	176	210	55	52	91	84	236	252
AAEL007453	21	41	29	10	21	17	19	10	41	16	21	12
AAEL004283	61	79	47	22	33	127	112	75	162	73	110	132
AAEL004293	1	2	4	3	6	1	6	2	6	7	6	3
AAEL020698	0	0	0	0	0	0	2	1	7	2	11	11
AAEL004294	4495	2171	2541	2010	2147	3066	2874	5440	4786	2678	3125	3295
AAEL026605	0	0	1	0	0	1	1	0	0	0	2	1
AAEL004301	338	172	220	301	384	192	170	256	311	349	175	192
AAEL021512	0	0	0	0	0	0	0	0	0	0	0	1
AAEL024061	0	0	0	0	0	0	0	0	0	0	0	0
AAEL004287	1033	787	868	842	689	830	735	906	945	849	826	1310
AAEL023857	3	3	3	1	3	1	5	1	6	5	0	1
AAEL004276	51	53	66	31	41	42	50	44	56	62	73	89
AAEL004282	299	166	211	238	290	229	198	213	319	264	284	250
AAEL004290	470	614	297	91	151	634	422	480	650	296	422	482
AAEL019535	638	553	255	63	66	575	599	714	896	299	651	743
AAEL004295	76	36	52	48	71	55	60	64	87	88	47	57
AAEL004271	5	7	5	4	8	8	5	2	10	5	3	6
AAEL004292	16	8	4	0	1	7	12	7	11	7	6	8
AAEL004281	7	0	2	5	11	5	3	4	3	2	4	2
AAEL004273	95	60	71	25	39	48	64	219	138	135	39	39
AAEL004299	21	26	21	30	16	28	31	39	37	20	15	16
AAEL024729	7	3	3	1	7	7	8	3	10	3	1	3
AAEL023405	0	0	0	0	0	0	0	0	0	0	0	0
AAEL004288	1071	751	939	1088	1208	992	803	665	1046	908	849	1100
AAEL004300	978	743	612	570	625	929	641	1015	850	738	766	1131
AAEL004297	34174	9625	14515	4824	5663	6553	16580	17688	17775	8011	18627	9075
AAEL025188	0	0	0	0	0	2	0	2	0	1	0	1
AAEL018319	2047	1781	1433	1366	879	1548	1328	1808	1950	1290	1503	1875
AAEL021458	7	1	1	0	3	2	6	2	0	1	6	4
AAEL004277	180	58	140	385	338	287	71	26	37	87	76	158
AAEL004278	4812	1539	2667	2533	4780	2975	3884	4124	4303	2120	5272	2546
AAEL005737	160	114	208	118	100	99	130	134	130	108	133	144
AAEL023719	0	0	0	0	0	0	0	0	0	0	0	0
AAEL027302	0	0	0	0	0	0	1	0	0	0	0	0
AAEL026217	28114	14761	15233	19280	17673	22054	26561	36057	37597	22830	21831	32021
AAEL026713	0	0	2	0	0	1	0	0	0	0	0	0
AAEL005729	27	17	12	20	17	13	13	17	25	15	21	7
AAEL005738	354	244	206	241	360	230	256	335	336	269	378	343
AAEL005736	2496	1863	1949	1213	993	1734	1895	2435	2304	1594	1829	2915
AAEL024788	2	3	2	5	12	6	5	8	4	6	5	11
AAEL005747	133	143	111	209	380	242	153	158	271	180	184	240
AAEL018351	342	198	161	164	142	283	432	387	572	379	394	517
AAEL020068	8	0	0	0	0	0	0	21	11	6	5	35
AAEL016973	802	843	536	265	361	838	497	729	816	353	570	826
AAEL012629	1987	1531	1891	1063	1597	1237	983	1290	869	1528	749	1754
AAEL025570	2594	1261	1229	3318	2779	3463	1537	1882	2114	2420	3836	4897
AAEL021933	3	3	5	3	3	1	7	1	0	9	1	1
AAEL025474	2	0	0	1	5	5	0	0	2	3	4	7
AAEL022924	7	3	5	6	2	2	3	0	11	8	0	6
AAEL018341	642	314	398	337	233	361	465	491	608	474	628	767
AAEL023549	56	27	33	30	48	29	32	26	58	18	25	57
AAEL020978	13	9	3	22	16	17	12	16	21	9	27	20
AAEL005451	26156	19097	21610	23240	38418	26033	20167	12297	21874	18167	18377	16579
AAEL024605	1	9	0	26	15	1	0	2	0	0	2	6
AAEL005458	2791	1860	1701	4813	2765	4297	1847	5419	2754	2419	2854	5645
AAEL005457	3678	2691	3940	2349	3894	2089	1217	1447	1726	2056	1742	2155
AAEL005445	273	268	219	173	132	234	216	355	327	275	226	343
AAEL005449	59	42	41	59	68	67	65	39	68	65	61	63
AAEL005450	187	148	144	85	107	220	160	195	234	162	189	326
AAEL019553	642	471	447	229	167	443	786	902	791	512	620	1202
AAEL027320	6	0	4	0	1	1	13	1	2	4	0	11
AAEL025963	0	0	1	0	0	0	0	0	0	0	0	0
AAEL005453	2775	2209	1722	909	764	2064	1698	2432	2453	1200	1945	2565
AAEL023245	3	7	4	0	4	0	5	1	1	5	4	4
AAEL026406	304	212	244	201	204	201	249	239	309	165	224	277
AAEL005446	1586	1367	986	746	669	1285	1125	1316	1782	785	1515	1873
AAEL005460	1094	859	708	346	475	838	782	7677	4416	2137	916	1592
AAEL028660	0	0	0	0	0	0	0	5	0	0	2	2
AAEL016984	29532	20067	19423	17333	25274	16319	19349	24389	24011	21731	17421	21503
AAEL005455	4474	2836	2635	3898	3178	3956	3362	3340	5722	3185	4126	2922
AAEL027074	0	0	0	0	0	0	0	0	0	0	0	0
AAEL005454	1166	829	873	1137	1157	1308	897	1055	1247	930	1067	1288
AAEL019966	19	12	13	5	0	6	81	54	106	46	54	67
AAEL021349	0	1	0	0	1	0	5	4	0	0	1	1
AAEL027753	0	0	0	0	0	0	4	1	0	8	2	8
AAEL017224	1555	1169	976	718	633	1060	1334	1257	1476	1004	1152	1513
AAEL020606	0	0	0	0	0	0	0	0	0	0	0	0
AAEL001647	1285	809	783	642	604	844	1272	986	1266	934	1093	1237
AAEL001656	2962	1693	1988	2866	2424	2388	1174	604	1142	1190	1267	2303
AAEL027965	2	0	0	0	0	0	0	0	0	0	2	1
AAEL001658	7	4	1	5	6	7	7	8	4	4	4	11
AAEL025625	0	0	0	0	0	0	1	0	0	0	0	0
AAEL026172	0	0	2	0	0	0	0	0	1	2	1	4
AAEL019524	6	6	5	9	12	6	9	18	27	10	7	20
AAEL021872	0	0	0	0	0	0	0	0	0	0	1	0
AAEL019611	312	269	188	162	213	416	395	479	501	311	422	676
AAEL001654	7	34	3	29	33	16	7	3	8	28	12	38
AAEL001650	10	103	38	309	879	195	13	3	29	195	241	555
AAEL001634	0	0	0	0	0	0	3	0	0	4	0	0
AAEL001641	1667	969	1175	1432	1660	2167	676	1307	1508	850	1923	2622
AAEL001671	14	15	11	13	2	14	24	26	28	19	12	22
AAEL001639	59	34	27	22	51	54	62	796	476	174	98	93
AAEL001670	594	496	575	533	558	463	415	427	521	492	458	552
AAEL024228	15456	7756	9837	5735	7468	7130	7796	11388	10263	8839	7667	7510
AAEL001655	923	792	493	370	357	991	683	851	1079	424	848	832
AAEL001644	32	21	24	24	15	27	35	28	39	33	44	48
AAEL001657	328	331	241	178	212	336	214	327	328	209	260	359
AAEL020442	11	3	8	13	24	23	16	2	18	14	20	14
AAEL001652	5	2	4	0	6	3	5	9	12	2	2	6
AAEL023696	0	0	0	0	0	0	0	0	0	0	0	0
AAEL001666	8385	6243	6761	3008	1924	3000	5307	9697	5457	6333	3919	12534
AAEL001637	0	0	2	2	4	2	4	0	3	2	0	0
AAEL022190	321	256	246	296	412	462	489	486	663	471	512	652
AAEL026191	0	0	0	0	0	0	0	0	0	0	0	0
AAEL001651	625	475	455	362	280	478	448	611	626	389	431	611
AAEL024212	1	0	0	2	0	0	0	0	0	0	0	2
AAEL001646	230	80	101	235	210	243	53	78	127	158	253	369
AAEL022000	2	0	1	1	6	7	1	0	1	0	8	8
AAEL001635	825	630	642	460	488	537	403	606	519	515	513	786
AAEL019827	860	646	616	310	236	546	1034	1327	1192	808	815	1535
AAEL001649	1260	1023	1331	1462	1583	1195	610	730	908	786	838	1129
AAEL001653	186	156	172	129	197	181	147	205	143	181	126	177
AAEL017363	5637	4013	3821	3643	2833	4358	5356	5777	6905	3992	5153	7640
AAEL001638	610	524	587	439	505	474	466	514	511	493	429	619
AAEL001636	5744	3778	4390	5170	4918	4796	3674	4524	5658	3464	4567	4379
AAEL001645	212	195	209	106	131	129	148	217	202	218	140	236
AAEL021911	6	0	2	7	3	2	9	22	18	5	10	11
AAEL001642	649	604	558	509	516	525	477	444	452	580	387	656
AAEL020254	0	3	3	2	1	1	3	35	3	2	0	1
AAEL028051	3	0	0	0	0	0	2	3243	139	0	0	0
AAEL001672	26	19	4	9	10	22	21	23	73	9	5	3
AAEL001640	5	1	0	8	12	4	3	13	4	1	3	2
AAEL025331	0	0	0	0	0	0	2	0	0	0	0	0
AAEL001632	7	11	10	11	19	14	3	17	6	16	19	21
AAEL001667	9139	3730	3507	23159	19517	18655	656	572	622	9385	11940	20364
AAEL027085	0	0	0	0	0	0	0	0	0	0	0	0
AAEL027382	0	0	0	0	0	0	0	0	0	0	0	0
AAEL023537	2	2	0	2	0	0	0	1	0	0	0	0
AAEL027212	22	14	11	10	32	20	19	17	14	15	22	31
AAEL027346	64	32	51	12	22	39	77	70	94	64	85	106
AAEL023901	9	2	7	17	1	14	10	8	22	14	3	9
AAEL029032	0	2	0	0	0	0	10	5445	235	8	0	2
AAEL027163	0	0	0	0	0	0	0	0	0	0	2	0
AAEL011996	48	51	31	26	74	18	48	42	52	54	53	78
AAEL011993	220	159	167	139	136	196	156	229	247	145	188	217
AAEL011991	123	53	48	479	587	243	152	67	118	65	276	268
AAEL011989	3496	2847	2145	966	1255	2052	1781	2790	2692	1590	1819	2460
AAEL011995	907	582	673	542	510	574	538	708	651	608	509	775
AAEL018230	622	336	489	250	251	322	379	399	441	393	516	913
AAEL011987	30	18	16	15	10	36	59	39	35	32	38	58
AAEL011988	480	405	407	412	512	389	252	361	389	323	318	484
AAEL026209	29	4	26	15	8	12	17	13	16	14	9	10
AAEL021490	23	4	4	13	7	10	20	8	11	4	5	13
AAEL021030	3	6	1	1	6	4	3	0	4	15	3	2
AAEL011992	2786	1894	3162	2499	4432	1977	1327	1378	1468	1740	1476	1461
AAEL000944	5396	4000	4003	2228	2851	3604	2621	3177	3487	2700	2518	4287
AAEL000964	104	78	64	82	108	63	65	65	101	79	34	74
AAEL027348	0	1	3	0	1	2	4	2	2	3	1	3
AAEL019541	27	21	16	19	23	19	44	44	47	34	36	65
AAEL023871	26	12	25	11	8	9	41	3	26	47	18	19
AAEL012932	1290	1031	923	956	1447	1216	557	437	910	439	825	585
AAEL025501	0	0	0	0	0	0	1	1	0	0	0	0
AAEL020851	0	1	0	1	0	0	1	0	1	3	2	3
AAEL002395	4	3	3	0	2	9	3	3	11	3	2	5
AAEL002366	6	2	0	0	3	1	2	1	4	7	0	1
AAEL002387	10	3	3	4	0	10	5	0	3	4	1	10
AAEL002370	1512	1136	1017	852	598	1025	1121	1317	1613	1154	1125	1396
AAEL002401	1364	1093	1330	1671	2171	1464	777	768	922	903	938	1172
AAEL002372	31529	22537	26592	28672	46670	30787	20519	16139	29530	19040	22405	18635
AAEL002380	2	1	3	1	4	4	5	6	7	4	4	3
AAEL018283	0	0	0	0	0	0	3	0	3	3	0	0
AAEL025604	3	1	2	1	2	5	4	5	6	1	2	12
AAEL023701	311	168	242	282	337	332	358	409	522	377	405	499
AAEL002406	867	563	757	3100	3839	1369	498	684	589	1012	2706	3708
AAEL002377	2495	1924	2471	2071	2708	1878	1320	1659	1691	1717	1357	1750
AAEL002386	1175	814	939	953	947	1046	691	896	1163	745	902	1150
AAEL028083	3	0	2	0	0	1	4	1	3	2	0	2
AAEL002369	1359	1154	938	449	327	980	1159	1534	1515	772	1057	1677
AAEL002399	7088	3990	5349	5811	6543	5921	3289	4185	4070	3572	3133	4581
AAEL002384	382	350	196	184	163	431	229	302	408	148	266	293
AAEL002390	300	309	153	43	102	343	575	318	665	288	491	520
AAEL023902	1757	1301	867	500	416	1049	1874	2050	2231	1189	1499	2660
AAEL029030	3	2	0	0	0	3	5	2514	101	4	1	2
AAEL023835	10	4	7	5	16	8	19	22	4	5	7	13
AAEL002375	620	472	482	469	587	663	323	488	587	331	445	413
AAEL002383	0	1	0	0	0	0	1	0	0	0	0	0
AAEL002402	392	343	256	279	312	394	350	296	443	325	414	692
AAEL020569	0	0	0	0	1	0	0	1	3	0	1	6
AAEL018827	0	0	0	0	0	0	0	0	0	0	0	0
AAEL022204	65	38	29	39	67	46	53	36	55	26	53	52
AAEL027368	3	3	4	0	0	1	1	0	6	1	5	3
AAEL002374	310	319	258	253	270	515	213	326	398	196	310	351
AAEL010765	5906	4642	3976	8000	10897	14398	4254	7326	8017	6234	12802	15621
AAEL025169	0	0	0	0	0	2	0	3	0	0	0	0
AAEL023924	8	0	1	0	1	1	5	0	0	1	2	1
AAEL010783	720	1197	481	75	162	932	1877	1993	3157	845	2442	3319
AAEL010772	7	3	2	3	9	5	11	4	10	6	11	16
AAEL010764	745	11	682	182	1145	226	404	1076	997	403	1411	237
AAEL010780	4	1	3	0	1	2	4	1	3	0	2	11
AAEL010782	11530	11815	24865	4210	4612	9493	3030	1434	2814	1876	2973	4011
AAEL010775	186	45	258	4	0	3	2	3	1	4	3	3
AAEL019949	0	2	4	1	2	0	1	2	3	0	2	1
AAEL010776	3490	803	2484	500	692	1858	1328	502	1049	795	716	407
AAEL019948	2	1	0	2	4	0	0	1	3	0	1	0
AAEL010779	7	1	21	15	63	9	7	8	8	13	16	24
AAEL010766	1926	1575	1509	859	915	1171	1255	1725	1361	1634	1014	2470
AAEL010771	125	71	78	96	125	107	149	91	134	148	134	173
AAEL010781	1462	1363	1206	682	534	1074	654	1073	1195	710	764	1385
AAEL010768	377	340	320	401	441	396	207	273	288	308	251	358
AAEL010770	199	163	141	145	141	322	198	167	222	134	180	163
AAEL021858	37	33	7	96	16	180	40	30	48	1	62	22
AAEL010777	8677	7265	8490	13481	15616	11902	5421	4794	5436	8880	9705	11467
AAEL010778	611	411	413	453	583	912	483	636	758	640	750	1147
AAEL010773	725	839	636	2403	1775	1653	317	762	1019	651	1620	3184
AAEL010769	599	296	272	2471	4036	2331	345	447	434	1169	2529	5025
AAEL022737	0	0	1	0	0	0	0	0	0	0	0	0
AAEL023563	0	0	0	0	0	0	1	0	0	1	0	0
AAEL026369	2	0	0	4	2	0	1	3	3	2	0	0
AAEL014138	200	118	152	671	984	273	123	137	209	198	531	894
AAEL022822	57	37	49	129	80	105	34	32	63	101	110	206
AAEL014139	218	164	121	323	342	238	161	164	313	154	181	433
AAEL014137	114	92	125	89	266	115	94	79	85	125	233	381
AAEL014140	265	204	213	499	586	265	97	188	199	102	193	285
AAEL014141	578	362	381	810	725	452	314	442	516	462	1061	1573
AAEL013936	3664	2280	1896	5570	5952	5711	2067	3347	4547	2036	6129	6542
AAEL024426	4	1	0	1	0	2	10	10	10	5	6	18
AAEL013935	174	145	170	163	275	193	96	101	127	147	142	169
AAEL017012	5784	4640	3265	3744	3725	7798	5829	8535	10647	4372	9653	11596
AAEL020691	0	0	0	0	0	0	2	1	2	4	0	0
AAEL027775	7	0	3	0	0	3	3	0	4	0	0	5
AAEL010728	883	594	660	589	557	566	632	472	677	617	651	818
AAEL025231	50	43	48	36	38	50	40	13	54	27	40	26
AAEL010730	235	197	215	205	168	196	159	278	229	211	152	271
AAEL010727	759	541	561	559	595	564	434	584	633	695	609	797
AAEL019662	538	331	333	357	217	286	425	404	519	356	439	576
AAEL017427	0	0	0	0	0	0	0	0	0	0	0	0
AAEL017069	3	3	1	0	0	0	3	1147	510	583	1	2
AAEL021539	0	0	0	0	0	0	4	2	0	5	2	2
AAEL018740	0	0	0	0	0	0	0	0	0	0	0	0
AAEL017624	0	0	0	0	0	0	0	0	0	0	0	0
AAEL025149	9	1	2	1	1	0	3	3	4	0	0	1
AAEL001159	674	659	510	372	532	916	680	955	1259	621	1024	1129
AAEL001154	1092	742	902	968	1179	1062	500	700	844	639	657	696
AAEL001190	1110	690	763	1265	1572	1187	505	587	648	995	844	1583
AAEL001166	446	446	355	441	547	684	389	412	429	430	464	653
AAEL001177	844	642	809	599	770	545	467	385	520	547	443	512
AAEL001156	44	40	5	21	35	12	16	11	20	7	26	13
AAEL001170	499	369	409	333	330	300	285	379	410	401	288	464
AAEL001192	37	19	27	22	52	75	21	34	34	44	19	50
AAEL020292	0	0	2	0	0	0	0	0	2	1	0	0
AAEL022185	0	0	5	2	0	1	4	7	0	3	0	3
AAEL021445	0	2	0	0	0	1	2	2	0	1	0	3
AAEL027746	0	0	0	0	0	0	4	2	0	0	2	2
AAEL001171	1103	799	825	863	900	1032	818	912	1414	758	985	723
AAEL019565	3681	2954	3241	2687	3340	2340	1504	1854	1776	1692	1462	2336
AAEL001155	94	63	73	55	56	71	44	46	77	75	41	62
AAEL025423	162	162	158	112	144	177	121	122	147	162	98	169
AAEL001152	387	324	318	417	376	430	206	366	303	338	316	538
AAEL001185	385	291	254	207	154	209	278	245	299	383	233	354
AAEL021772	0	0	0	0	0	0	0	0	0	0	0	0
AAEL001194	132647	22965	43708	4425	6664	9545	72649	63597	66753	36774	70320	11625
AAEL001183	786	429	538	385	511	436	336	477	483	474	355	438
AAEL022470	0	0	0	0	0	0	0	0	0	0	0	0
AAEL024653	1582	1493	1284	728	607	1010	1486	2339	1715	1221	1599	2603
AAEL001187	1325	976	1095	979	836	1078	970	1187	1184	941	969	1249
AAEL026141	23	4	13	9	13	21	14	39	11	14	14	10
AAEL025077	5	0	1	0	0	0	0	2	1	5	0	0
AAEL026996	0	0	0	0	0	0	0	0	0	0	0	0
AAEL026285	0	0	0	0	0	0	0	0	0	0	0	0
AAEL001173	510	388	476	363	376	295	689	373	426	678	340	1046
AAEL001172	23	18	24	23	13	16	25	16	20	23	23	22
AAEL001176	3632	2858	2683	611	895	2331	3594	2350	4048	2117	3752	4417
AAEL001191	343	185	235	182	157	191	296	295	284	254	251	395
AAEL022594	0	0	0	0	0	0	0	0	0	0	0	0
AAEL001162	81	47	50	34	55	34	45	54	50	56	45	57
AAEL025036	0	0	0	0	0	0	5	1	0	0	1	0
AAEL001181	88	58	51	19	35	88	83	91	179	99	114	124
AAEL021492	0	0	0	0	0	0	0	0	0	1	0	0
AAEL017023	591	541	364	3459	4091	3660	483	818	2343	817	6557	9463
AAEL001163	154	120	122	139	142	232	91	123	226	76	386	359
AAEL001182	4	6	0	1	1	4	3	5	4	2	2	2
AAEL001164	2559	1862	2221	2116	3839	1904	1480	1682	1660	1368	1442	1454
AAEL001175	420	351	385	364	290	394	278	439	393	311	359	470
AAEL001167	74	68	75	46	78	79	101	119	153	122	93	140
AAEL001178	3	14	15	0	7	3	0	1	2	3	0	6
AAEL004520	1795	1433	1197	1151	852	1743	1783	1864	2429	1630	2010	2237
AAEL001189	8	4	16	6	11	4	60	1982	797	847	14	25
AAEL004516	0	0	0	0	0	0	8	1318	2046	2251	0	15
AAEL004533	91	41	81	37	57	76	167	150	154	133	125	161
AAEL004522	1885	1854	1982	5851	12924	4443	1595	1554	3032	4129	8138	5424
AAEL004517	514	442	529	374	468	359	344	470	387	577	310	652
AAEL004515	243	173	213	142	155	145	156	170	158	218	135	275
AAEL017972	0	0	0	0	0	0	0	0	0	0	0	0
AAEL004521	934	607	626	406	632	793	884	1105	1006	884	830	924
AAEL019314	0	1	0	1	0	0	1	0	1	0	0	0
AAEL019312	0	0	0	0	0	0	0	0	0	0	0	0
AAEL018969	0	0	0	0	0	0	0	0	0	0	0	0
AAEL023852	0	0	0	0	0	1	3	0	1	1	0	1
AAEL004532	904	670	864	771	807	786	631	1108	895	1022	601	1338
AAEL004529	377	209	288	271	378	292	254	353	238	240	269	304
AAEL004527	705	609	646	608	998	743	371	462	620	468	432	448
AAEL025789	0	0	0	1	0	0	1	0	3	0	0	0
AAEL004511	295	176	273	297	424	264	238	141	275	307	244	230
AAEL004526	493	456	416	465	387	557	359	367	587	275	441	397
AAEL004513	463	321	333	1316	1144	958	410	509	695	684	1441	1488
AAEL004512	28	66	62	28	30	37	53	47	45	46	43	55
AAEL004519	64	140	73	43	72	75	57	65	109	110	59	98
AAEL004534	2046	1800	1511	1196	1146	1664	1659	2425	2420	2024	2026	2761
AAEL021981	1	5	2	3	0	3	8	4	3	8	8	9
AAEL021363	1	0	0	0	0	0	1	5	3	2	1	4
AAEL024370	10	7	8	4	4	13	21	10	11	11	9	17
AAEL004523	11104	7258	9078	3802	4446	4548	2929	3770	3588	3699	3010	4759
AAEL026019	0	0	0	0	0	0	0	0	0	0	0	0
AAEL022019	0	0	0	0	0	0	1	0	0	0	0	0
AAEL024959	11	10	3	7	8	5	7	3	12	4	6	4
AAEL007278	59	27	33	31	19	29	111	91	126	68	108	122
AAEL020245	0	0	0	0	0	0	1	0	6	0	0	7
AAEL021059	21	3	3	9	22	19	2	0	0	12	1	3
AAEL026963	1	0	0	0	0	0	0	0	0	0	0	0
AAEL007275	321	290	275	295	348	273	264	243	327	342	299	366
AAEL007276	14	11	8	4	4	7	7	8	4	2	2	9
AAEL007273	182	157	168	171	150	160	101	183	135	150	116	157
AAEL013950	1024	650	642	847	761	953	795	715	1541	715	959	744
AAEL007279	583	428	413	299	259	338	396	407	427	504	382	591
AAEL017235	0	0	0	0	1	1	2	1	2	4	0	2
AAEL007271	4939	3979	3120	2162	1154	2587	6366	10424	9335	6408	3997	14470
AAEL017323	0	1	0	0	1	0	14	6	7	3	1	5
AAEL027808	408	257	385	283	274	272	247	430	322	394	246	535
AAEL021441	1	1	4	3	0	8	25	12	15	15	5	18
AAEL022367	4	1	4	2	2	3	16	12	13	12	6	8
AAEL023524	120	83	54	63	30	71	160	89	117	119	73	203
AAEL027580	1004	543	448	1232	1075	1263	618	536	866	740	941	1107
AAEL019653	17	5	10	1	9	6	51	31	27	29	29	48
AAEL015345	73	73	77	164	118	107	135	138	150	49	89	54
AAEL025142	0	0	0	0	0	0	0	0	0	0	1	0
AAEL012960	4921	3886	4305	2499	2368	2688	3226	4505	3335	3198	2326	5070
AAEL027216	0	0	0	0	0	0	0	0	0	0	0	0
AAEL013222	16	7	27	9	22	11	14	22	23	11	7	16
AAEL022016	1	3	0	1	3	3	5	0	7	1	2	5
AAEL010538	1097	945	662	597	601	1383	678	1360	1478	728	1029	1472
AAEL022004	14	8	6	2	11	11	1	11	8	5	1	3
AAEL027554	1747	1281	1089	1396	1452	1913	1029	1071	2071	753	1321	1072
AAEL025982	12	7	8	6	11	10	4	7	14	7	8	3
AAEL010543	739	615	582	453	384	798	525	596	709	518	825	1014
AAEL010533	621	439	418	362	338	503	355	464	560	416	395	559
AAEL010541	163	117	76	44	68	106	251	258	361	185	250	248
AAEL010536	357	223	250	178	189	207	257	217	354	237	246	379
AAEL010532	3	1	2	2	1	4	2	4	1	10	3	1
AAEL010540	83	47	31	62	190	53	302	48	241	149	258	65
AAEL022033	572	281	264	320	774	520	1001	183	1152	523	1035	191
AAEL020405	0	0	0	0	0	0	0	0	0	0	0	0
AAEL020448	0	0	0	0	0	0	0	0	0	0	0	0
AAEL013799	382	332	320	166	221	240	250	324	255	310	213	471
AAEL027661	12	22	8	8	6	12	52	24	40	26	26	51
AAEL021687	12	10	5	20	2	3	13	7	12	12	1	15
AAEL013829	4	5	2	19	14	5	3	0	5	6	1	12
AAEL025770	3	8	17	3	29	12	2	17	6	7	14	15
AAEL003861	932	763	630	238	302	676	792	1553	1199	562	744	1184
AAEL023621	5	4	3	2	1	2	5	3	7	1	1	1
AAEL003675	14066	8349	9795	11297	17656	10308	8047	9058	12451	7771	9940	8157
AAEL003648	270	166	235	123	178	118	142	218	132	279	133	272
AAEL003664	2791	2359	2158	1874	1871	2848	1392	1758	2188	1283	1566	1970
AAEL003676	868	746	519	638	768	1566	1013	941	2312	666	1323	792
AAEL003674	267	198	235	226	205	206	214	255	292	220	204	275
AAEL003700	250	241	198	175	161	211	183	210	211	171	173	294
AAEL003679	139	163	136	99	112	137	140	163	165	169	116	219
AAEL003657	181	196	165	120	167	192	128	268	230	163	180	239
AAEL015682	286	246	258	108	151	203	485	654	275	703	220	611
AAEL003669	50	56	82	32	34	19	102	302	109	217	38	212
AAEL026460	75	257	233	142	156	137	137	401	136	256	125	340
AAEL003689	47	64	95	32	37	38	128	414	127	158	49	176
AAEL019637	153	193	140	94	80	119	759	960	222	1082	116	1018
AAEL003673	0	0	2	0	0	0	0	0	0	0	0	0
AAEL019635	2	3	0	1	0	1	2	0	0	1	0	1
AAEL003706	0	0	0	0	0	0	0	0	0	0	0	0
AAEL019636	2	0	1	1	0	0	5	0	5	1	5	0
AAEL027325	1	3	6	0	2	13	2	2	2	5	4	2
AAEL003685	0	0	0	0	0	1	1	0	0	0	0	2
AAEL003687	0	0	0	0	0	0	0	0	0	0	0	0
AAEL015683	0	0	0	0	0	0	0	0	0	0	0	0
AAEL018305	171	172	110	125	78	183	132	159	189	139	134	189
AAEL003690	168	131	88	109	90	158	124	97	169	114	138	153
AAEL003677	138	139	118	64	103	101	134	192	151	135	113	187
AAEL003651	521	562	752	432	438	344	344	372	381	322	376	607
AAEL003692	69	100	75	35	43	55	42	90	54	59	49	108
AAEL003656	240	522	531	3376	2921	2280	199	529	728	313	1680	2712
AAEL029034	126	123	115	46	36	232	292	362	296	223	160	337
AAEL029031	54	138	134	325	267	313	270	248	664	204	878	1701
AAEL020484	920	618	638	204	138	350	1296	2981	1704	1283	964	2487
AAEL003682	553	489	416	296	317	640	444	495	641	384	531	807
AAEL003701	609	521	461	343	276	364	338	520	497	434	418	747
AAEL003691	76	63	66	26	16	46	91	119	89	82	79	170
AAEL003704	401	372	383	385	486	393	283	237	338	308	249	321
AAEL003681	221	252	195	179	176	183	106	165	104	197	105	207
AAEL026512	1	0	2	1	1	4	1	3	0	1	4	1
AAEL027777	216	165	156	217	248	270	144	141	172	209	181	260
AAEL003684	481	404	414	478	414	534	290	454	517	336	450	440
AAEL003666	1436	1341	1362	1873	1809	1436	468	731	608	709	782	1681
AAEL024439	2	9	5	4	8	7	9	4	6	4	5	10
AAEL028202	73	60	93	78	158	81	59	35	101	94	75	154
AAEL003695	210	222	247	193	259	254	166	180	160	243	150	277
AAEL003680	405	349	394	330	284	315	421	408	479	466	341	557
AAEL003683	139	113	115	121	113	139	146	106	144	151	127	102
AAEL003654	516	416	450	409	421	588	357	292	456	315	360	474
AAEL003678	1357	1132	827	609	529	1253	1015	1240	1647	930	1212	1465
AAEL021564	2	1	0	0	0	0	2	0	1	1	0	4
AAEL027235	10	13	5	12	10	10	13	6	21	10	8	9
AAEL021371	4	0	2	1	0	1	2	2	0	0	1	4
AAEL013544	858	645	605	478	440	596	610	794	694	528	491	742
AAEL007197	1364	1123	991	747	1019	1402	1400	1020	1443	1306	1669	1652
AAEL022927	0	0	0	0	0	1	2	3	4	2	0	2
AAEL007191	1676	1441	1470	2951	2405	2302	683	442	395	1027	1526	2121
AAEL025597	3000	1759	1469	1524	2106	1748	3082	3190	3225	2418	2142	2080
AAEL007189	1804	935	1062	764	800	1111	1222	1486	1605	1197	1193	1538
AAEL007196	1034	824	1026	904	1101	720	817	580	701	955	650	1048
AAEL020847	11	0	3	4	2	4	8	14	19	4	7	9
AAEL021503	0	0	0	0	0	0	0	0	0	0	0	0
AAEL007192	0	0	0	0	0	0	0	0	0	0	0	0
AAEL007194	25	6	5	9	21	7	6	34	21	15	9	7
AAEL024884	40	31	29	28	36	38	63	53	67	65	50	96
AAEL023435	0	0	0	0	0	0	0	0	0	0	0	0
AAEL023387	39	14	7	14	14	9	53	23	45	19	39	25
AAEL029099	0	0	0	0	0	0	0	0	0	0	0	0
AAEL024987	0	0	0	0	0	0	1	2	0	0	0	0
AAEL010881	236	248	284	201	173	234	391	492	532	307	405	636
AAEL010882	2	0	0	4	3	3	5	2	2	7	1	2
AAEL021860	87	81	83	125	137	112	93	68	112	91	97	121
AAEL023279	1020	736	756	442	317	650	700	1147	953	660	857	1462
AAEL028104	1	2	1	0	0	0	0	2	1	0	0	2
AAEL024025	8	9	5	0	0	4	19	23	15	11	15	17
AAEL019489	27	15	24	6	9	35	33	43	36	47	33	55
AAEL023371	0	0	0	0	0	0	0	0	0	0	0	1
AAEL028879	0	0	0	0	0	0	0	0	0	0	0	0
AAEL008693	761	520	590	461	362	524	619	659	714	500	484	595
AAEL008686	3116	2499	2508	1682	1835	1954	1956	3349	2652	2482	1714	4051
AAEL008696	981	905	727	364	363	871	773	868	906	614	706	1202
AAEL020374	0	0	0	0	0	0	0	0	0	0	0	0
AAEL008687	1892	1443	1552	1095	908	1440	1306	1688	1891	1383	1573	2057
AAEL021798	1739	1217	1217	908	540	1180	1470	1334	1966	1367	1603	2122
AAEL013011	291	302	246	265	282	309	242	231	265	255	267	315
AAEL008697	10735	7229	8350	9069	14430	9820	6173	7514	8944	7070	6688	7166
AAEL022369	0	0	0	0	0	0	0	0	0	0	0	0
AAEL026942	0	0	0	0	0	0	0	0	0	0	0	0
AAEL003132	8	10	8	14	14	14	15	4	10	11	8	21
AAEL021900	0	0	0	0	0	0	0	0	0	0	0	0
AAEL026502	34	17	18	22	10	18	13	21	14	8	7	65
AAEL020924	0	0	2	0	0	0	0	0	0	0	0	0
AAEL026137	3	0	2	0	0	0	0	0	0	0	0	0
AAEL019952	512	330	481	312	279	400	196	266	201	214	954	1428
AAEL020301	0	0	0	0	0	0	0	0	0	0	0	0
AAEL005170	14917	9477	13239	12829	19292	10980	8023	9656	10735	8729	9110	8531
AAEL025662	0	1	0	0	0	0	2	0	2	0	1	1
AAEL014457	607	339	382	303	623	405	443	456	678	455	602	485
AAEL014326	551	343	373	414	505	476	285	384	508	390	476	491
AAEL023889	0	0	0	0	0	0	0	0	0	0	0	4
AAEL025064	0	1	1	0	0	1	2	1	0	0	3	1
AAEL012522	113	105	57	165	215	279	64	87	113	189	403	566
AAEL012520	282	204	193	195	170	205	159	234	256	125	153	219
AAEL012523	350	221	301	256	293	227	275	288	294	287	198	297
AAEL027358	0	0	0	1	0	2	11	1	13	11	11	2
AAEL020735	1	0	0	3	0	1	5	0	7	3	4	0
AAEL012525	207	150	178	108	187	157	121	129	181	138	128	225
AAEL012518	870	538	467	720	1172	592	1521	2767	3877	1921	1286	1018
AAEL024339	20	70	26	17	11	21	60	63	104	36	41	16
AAEL027107	4	9	7	3	4	10	64	13	58	25	43	21
AAEL012519	1812	1350	1265	992	592	1276	1158	1607	1631	1115	1243	1892
AAEL014215	2272	1673	1565	1857	2120	2061	1515	2601	2481	1821	1814	3010
AAEL024522	3	4	0	3	1	6	2	2	2	1	3	4
AAEL014216	105	89	77	92	60	130	174	204	215	151	157	203
AAEL004933	464	659	743	99	330	254	44	47	37	66	82	224
AAEL020515	1	0	0	0	2	0	1	0	0	1	0	1
AAEL027413	0	0	0	0	0	0	0	0	0	0	0	1
AAEL013367	78	54	50	15	30	46	77	56	90	32	64	73
AAEL013361	0	0	0	0	0	0	1	0	0	1	0	1
AAEL013365	20	6	12	8	11	4	6	2	1	6	2	4
AAEL013366	0	0	1	0	0	0	1	0	1	1	1	0
AAEL013360	0	0	0	0	0	0	0	0	0	0	0	0
AAEL019516	2696	2587	2410	1339	1093	1581	1906	1859	2348	1503	1898	3268
AAEL022237	6	1	1	0	0	2	16	10	8	8	4	15
AAEL013639	479	370	365	371	425	363	273	357	394	413	270	486
AAEL013643	701	691	576	570	545	782	472	629	787	444	576	624
AAEL023196	0	0	0	0	0	0	0	0	0	0	0	1
AAEL026756	1	5	3	3	6	3	3	6	7	0	0	4
AAEL025159	3	0	0	3	2	3	0	0	0	0	1	1
AAEL013640	277	162	161	164	227	152	98	235	172	72	65	80
AAEL021461	3	2	1	4	10	6	2	9	7	12	5	4
AAEL014799	1556	1419	1306	1235	1622	1828	1199	1629	1715	1316	1505	1955
AAEL013636	561	384	342	420	426	416	443	503	728	374	473	468
AAEL014797	5318	2019	2794	1861	2945	1654	580	474	820	535	583	716
AAEL013635	879	1018	812	421	475	794	698	958	1034	601	598	1062
AAEL013637	6161	7021	9843	3119	4362	2593	1359	678	678	1021	725	2251
AAEL012378	782	591	608	578	467	819	573	778	832	659	690	1030
AAEL017883	0	0	0	0	0	0	1	0	0	0	0	1
AAEL028080	29	16	18	23	12	36	38	23	44	26	41	36
AAEL014876	0	0	2	0	0	1	2	35	3	1	0	0
AAEL020248	1	0	0	0	0	0	1	0	0	0	0	3
AAEL009433	1	0	0	2	1	0	3	51	2	5	4	1
AAEL009434	0	1	1	1	1	3	1	2	0	1	3	1
AAEL019498	0	0	5	2	2	0	0	0	1	1	3	0
AAEL019497	2	0	2	0	0	0	0	0	0	0	0	0
AAEL026633	4469	3458	2690	2143	1797	3900	3749	4655	5195	2805	4441	6120
AAEL006674	1827	702	881	8086	9083	3651	1245	3348	3387	2825	5697	8367
AAEL026007	0	0	0	0	0	0	0	0	0	0	0	0
AAEL006682	558	368	332	161	304	446	494	584	784	489	830	981
AAEL021337	0	0	0	0	1	0	0	0	2	0	0	0
AAEL014561	25856	41594	41157	228	1705	57	53199	95976	42002	78610	10869	92305
AAEL027151	9	6	11	4	8	5	7	6	6	2	8	12
AAEL006665	9	7	13	4	1	0	12	0	1	2	1	3
AAEL025303	61857	64907	63783	934	7324	198	52958	39169	34263	65737	10652	89949
AAEL021735	48573	37217	44846	1352	5637	361	38159	2775	1565	13603	7088	37890
AAEL006663	1232	913	700	564	738	1215	947	836	1248	879	1287	1601
AAEL028011	74	61	41	9	15	77	113	136	166	95	155	148
AAEL022642	0	0	0	0	0	0	1	0	1	0	1	0
AAEL006685	719	556	445	485	857	1023	903	878	1384	1018	1093	1263
AAEL006675	710	479	446	343	441	494	833	871	1091	742	698	949
AAEL022611	1399	1142	1045	656	405	879	1582	1583	1434	1326	1279	2400
AAEL020677	4	0	2	0	8	0	2	0	14	22	1	0
AAEL006679	5	34	22	2	8	17	13	6	19	22	9	28
AAEL006684	3125	2521	2570	1895	1660	2071	2028	2324	2459	2282	1774	3037
AAEL006666	558	433	527	454	382	370	394	308	464	539	391	697
AAEL006677	1018	816	1010	960	834	803	632	874	1001	710	794	1014
AAEL019893	496	405	552	351	258	407	258	159	237	235	259	286
AAEL019894	6	6	3	8	1	9	6	7	4	4	6	3
AAEL006678	410	298	240	240	327	356	247	198	275	324	249	331
AAEL006669	760	554	493	487	359	577	631	595	957	439	771	780
AAEL006676	756	563	823	412	583	351	407	411	423	541	345	672
AAEL006672	73	46	39	60	112	95	54	31	75	53	71	88
AAEL021154	0	0	1	0	0	0	0	0	1	1	2	2
AAEL006668	717	473	595	370	610	379	852	541	803	574	615	575
AAEL006667	1460	842	1121	1030	1049	1028	1287	911	1180	851	943	1172
AAEL024931	0	0	1	1	2	3	2	2	0	2	1	8
AAEL014734	3752	2950	3509	2153	3236	1971	842	451	908	719	705	696
AAEL014732	3307	2026	2312	2500	2298	2004	1623	1828	2079	1802	1909	3058
AAEL014735	310	152	160	309	376	193	207	267	342	206	274	276
AAEL014733	1750	1167	1094	1209	963	1348	1357	1574	1914	1246	1377	1812
AAEL010640	7581	6320	5723	9088	10889	7585	992	1002	1431	1207	2994	3804
AAEL022640	1	0	3	1	4	2	0	2	1	0	4	0
AAEL007556	1208	713	742	814	726	942	895	1039	1187	747	866	968
AAEL028151	2	2	1	0	0	0	1	0	0	1	3	0
AAEL007544	1109	911	789	563	470	970	890	1019	1160	759	903	1119
AAEL007555	8406	5791	4366	7556	5209	7360	1008	600	1311	1520	2424	3018
AAEL007554	699	505	541	460	541	531	493	453	487	482	430	541
AAEL022162	2460	1599	1547	1459	932	1740	2518	2574	2791	1930	2084	3407
AAEL025752	0	0	0	0	0	0	0	0	0	0	0	2
AAEL015493	432	329	352	713	846	704	221	212	268	456	463	829
AAEL007542	1882	298	533	524	754	711	1484	1883	2287	1489	1656	779
AAEL021110	1	0	0	0	0	0	3	2	1	0	0	1
AAEL024951	0	0	0	0	0	0	0	0	0	0	0	0
AAEL026073	0	0	0	0	2	0	0	0	5	0	0	0
AAEL007548	5039	3352	3407	2983	2879	3155	3715	4065	5258	3564	4034	5206
AAEL007536	1123	826	897	1408	1194	971	573	571	638	710	799	1276
AAEL007546	2764	1959	2571	3805	4777	3569	1601	1652	2389	2946	2950	4542
AAEL007541	544	386	533	392	615	388	283	322	449	421	385	514
AAEL027182	330	28	170	19	48	49	28	50	31	37	46	111
AAEL023579	4	0	1	0	1	5	0	0	0	3	2	21
AAEL007549	3914	2230	3329	2659	3791	1776	1493	1643	1544	1754	1670	2077
AAEL023165	1	2	1	1	0	10	4	5	3	3	2	1
AAEL023937	11	4	1	1	4	12	5	7	11	11	6	16
AAEL023830	0	0	4	0	0	0	1	0	0	0	1	0
AAEL022840	0	20	5	8	5	4	0	3	4	1	1	2
AAEL012664	0	0	1	0	1	0	0	0	0	0	0	0
AAEL012590	2	0	0	0	0	0	2	0	0	1	1	0
AAEL027414	0	0	0	0	0	1	0	0	0	0	0	0
AAEL012671	15998	12297	13412	12603	14331	13429	10421	13837	13252	12537	11910	17682
AAEL012585	56506	33751	42051	46527	67406	42318	34555	26348	46706	30026	34308	28830
AAEL018244	5445	4622	3951	3746	2093	4766	4114	5017	6208	3644	4397	5768
AAEL021207	14	15	8	12	14	14	6	9	17	29	21	24
AAEL012586	448	452	336	144	305	529	393	487	615	400	447	615
AAEL012588	1109	858	817	800	893	1015	764	1119	1300	943	1137	1482
AAEL019421	558	396	352	351	279	409	351	528	529	341	409	525
AAEL014343	37	24	18	1	1	16	147	92	119	78	90	165
AAEL008447	3	0	0	0	0	0	3	0	3	1	1	3
AAEL024986	1	1	0	1	0	2	4	16191	9458	11477	1	3
AAEL008449	2141	2525	1961	85	134	47	1910	291	69	1220	802	3789
AAEL017350	38	26	15	12	17	2	31	11273	4142	3563	6	42
AAEL021072	36	28	19	289	333	263	19	15	16	65	50	118
AAEL022727	18	18	28	62	48	48	28	33	47	31	20	39
AAEL011295	276	225	213	241	285	213	150	289	257	298	198	307
AAEL022570	5817	2326	2550	6307	8418	8801	2537	2389	3739	5893	6277	11163
AAEL020078	50	37	44	44	122	25	5	16	15	27	48	115
AAEL020583	348	302	250	202	221	264	175	344	301	194	210	348
AAEL008443	466	409	302	253	291	414	321	398	511	336	372	410
AAEL008448	0	0	0	1	0	0	1	0	0	0	0	0
AAEL008442	0	0	0	0	0	0	1	0	0	0	0	0
AAEL027136	0	0	0	0	0	0	2	0	0	3	0	4
AAEL027747	0	0	0	0	0	0	1	0	0	0	1	0
AAEL022313	5	8	9	9	15	17	18	11	7	11	7	11
AAEL009019	1	0	2	0	4	0	2	1	5	0	0	1
AAEL022348	0	0	0	0	0	0	2	1	0	0	0	0
AAEL024952	0	0	1	0	0	4	5	4	4	10	4	6
AAEL017403	41249	53303	52353	116	3724	156	64019	112061	49626	129884	14672	116080
AAEL026426	26	37	23	0	0	0	2685	1060	262	7319	331	10829
AAEL023868	100	172	177	9	25	18	166	29	10	398	95	527
AAEL013027	14942	29621	24788	109	1181	99	40120	130015	53254	106305	12639	90946
AAEL029026	116	195	140	10	41	5	2790	24790	11180	22428	757	11107
AAEL018801	0	0	0	0	0	0	0	2	0	0	0	0
AAEL025795	30	26	22	4	6	8	33	14	5	6	1	2
AAEL026009	0	0	0	0	0	0	0	0	0	0	2	0
AAEL022460	272	210	307	233	167	299	148	253	249	164	219	297
AAEL021324	7	4	6	6	13	7	10	6	16	3	7	17
AAEL014484	696	579	590	1105	1417	1155	539	547	560	902	905	1321
AAEL022191	0	0	0	4	0	4	0	13	0	11	5	1
AAEL011318	27	19	33	11	13	13	27	25	48	28	18	48
AAEL011311	15	3	2	0	0	3	17	14	16	14	21	18
AAEL027332	12	1	6	8	7	6	5	7	12	5	2	6
AAEL022963	9	5	1	3	6	3	9	14	15	2	9	17
AAEL011319	1705	535	715	643	1070	1619	1859	4033	5641	1972	4401	4035
AAEL011317	1291	1092	1223	1103	1350	1094	839	954	971	1117	862	1058
AAEL014205	35	15	7	12	19	24	32	19	28	29	22	22
AAEL011313	197	177	102	298	139	207	117	36	94	94	78	165
AAEL011314	2153	1495	1734	1468	1283	1407	1119	1438	1309	1229	1137	1703
AAEL023987	0	0	0	1	0	0	0	1	0	0	1	1
AAEL014208	2	0	0	2	0	0	1	1	1	2	1	0
AAEL014207	541	270	297	315	271	341	384	451	396	368	348	710
AAEL024515	0	0	0	0	0	0	0	0	0	0	0	0
AAEL017805	0	0	0	0	0	0	0	0	0	0	0	0
AAEL023753	1107	900	1160	798	1628	867	283	150	167	296	637	777
AAEL017674	2	2	0	0	0	0	1	0	0	1	1	0
AAEL018968	1	0	0	1	0	4	0	0	0	0	0	0
AAEL017888	0	0	0	0	0	0	0	0	0	1	0	1
AAEL023678	65	39	31	33	19	56	65	37	60	67	125	212
AAEL013951	0	0	0	0	0	0	0	0	0	0	0	0
AAEL013952	3529	3008	3475	4447	5955	3432	1924	2367	2782	2273	2332	2753
AAEL014868	778	701	532	532	495	761	563	816	874	613	842	1135
AAEL024152	0	0	0	0	0	0	1	0	1	1	1	0
AAEL012284	198	143	213	164	267	203	174	174	195	198	160	136
AAEL025202	1817	1251	1327	1460	1284	1594	1310	1364	1780	1191	1366	1695
AAEL026541	0	0	1	0	1	0	0	0	1	0	0	2
AAEL022634	0	0	0	0	0	0	0	0	0	0	0	0
AAEL014557	462	274	283	286	183	356	338	341	524	300	443	555
AAEL014555	8	4	8	10	11	4	4	5	3	6	3	4
AAEL026910	0	0	0	0	0	0	2	0	1	0	0	0
AAEL014556	731	776	790	788	833	902	515	562	511	290	449	420
AAEL027148	311	207	278	158	187	164	151	133	131	204	132	212
AAEL024336	14	11	9	12	22	9	10	11	9	10	11	10
AAEL023141	42	33	31	22	39	49	72	65	96	66	55	101
AAEL009938	28	27	34	7	22	10	15	5	16	13	20	19
AAEL009935	41	33	57	25	47	21	4	2	4	11	12	11
AAEL009945	223	180	216	271	442	113	124	67	314	127	131	147
AAEL019859	342	274	226	262	180	265	218	440	355	333	389	594
AAEL009936	231	164	179	119	201	138	130	177	168	152	215	360
AAEL009944	251	188	218	192	249	335	182	191	240	131	184	208
AAEL025223	1171	898	786	709	538	855	1278	1244	1443	939	1105	1814
AAEL025007	3	0	0	1	0	0	2	0	1	4	3	2
AAEL013015	30	17	36	18	25	17	33	53	42	21	44	41
AAEL013024	0	1	4	0	0	0	1	4	2	0	4	0
AAEL009946	3345	2144	2290	1944	2129	2529	1605	2223	3193	1788	2071	2433
AAEL024326	36	52	30	20	47	68	67	71	114	59	68	88
AAEL020720	283	319	237	248	392	387	350	150	351	258	258	182
AAEL013625	59236	38040	47624	52598	78723	48962	36928	26583	49244	33738	39788	35945
AAEL020218	5	0	2	0	1	0	0	0	2	0	3	1
AAEL022666	270	183	159	182	164	152	134	211	188	133	146	296
AAEL013624	283	205	216	196	164	184	176	232	257	189	170	342
AAEL027596	0	0	0	0	0	0	1	1	0	0	0	2
AAEL025798	0	0	0	3	2	1	2	3	2	2	1	3
AAEL013626	346	300	232	203	184	318	237	407	361	237	261	398
AAEL013631	932	704	594	718	797	857	593	754	847	595	694	747
AAEL022418	3	2	4	1	4	3	4	6	2	6	4	7
AAEL013014	370	347	222	259	276	392	280	488	436	289	346	422
AAEL023800	1	0	1	0	0	2	3	2	3	2	0	1
AAEL012229	243	234	219	204	208	257	129	236	227	117	178	222
AAEL002388	2031	2154	2149	1645	1736	1383	1315	2542	1772	1726	1468	3319
AAEL012226	246	157	213	195	226	212	143	216	235	194	206	266
AAEL027271	0	0	1	0	0	0	0	0	0	0	0	0
AAEL019430	675	877	439	382	535	1399	745	677	1421	461	1401	1577
AAEL027259	0	2	0	0	0	0	0	0	0	2	0	1
AAEL012230	0	0	0	0	2	0	1	1	0	0	0	0
AAEL019429	3	0	0	1	0	0	0	0	0	0	4	1
AAEL012225	1	2	0	4	6	4	2	4	0	3	2	1
AAEL012227	4030	3195	2652	2894	2649	3553	2189	2613	3740	2141	2668	2385
AAEL015110	4151	1924	3097	3551	3026	2690	991	534	1359	1460	1478	1679
AAEL012839	85	67	55	95	63	67	65	46	66	47	55	58
AAEL023674	3	0	0	2	3	2	0	0	5	0	1	0
AAEL012841	1078	860	915	744	751	826	466	845	810	605	569	914
AAEL022917	13	31	12	38	67	15	31	17	40	20	26	49
AAEL012840	1151	1041	591	404	411	1037	887	1417	1504	602	1006	1205
AAEL012843	697	554	524	442	374	437	423	390	445	424	432	492
AAEL020828	5	3	1	0	3	7	0	1	1	6	0	0
AAEL027042	0	0	0	0	0	0	0	0	0	0	0	0
AAEL020052	0	0	0	0	0	0	0	0	0	0	0	0
AAEL025801	1221	1015	878	787	488	888	837	1260	1124	846	880	1217
AAEL026561	0	0	0	0	0	0	0	0	0	0	0	0
AAEL013063	1632	1377	1520	448	588	989	1259	1918	1322	1115	1163	2426
AAEL013065	801	460	645	589	769	523	370	421	413	499	389	610
AAEL019552	825	615	807	814	919	667	325	541	614	542	538	732
AAEL021948	0	2	0	1	0	1	2	0	5	1	1	0
AAEL018254	3036	2911	2334	2076	1750	2475	2142	2164	2372	1946	2186	2732
AAEL018804	0	0	0	0	0	0	0	0	0	0	0	0
AAEL013061	278	236	247	218	316	230	127	161	207	141	168	215
AAEL013059	51	51	25	27	29	36	39	61	50	71	61	47
AAEL025925	0	0	0	0	0	0	0	0	0	0	0	0
AAEL011496	202	204	226	186	223	229	139	219	183	203	161	319
AAEL011488	59	40	38	55	74	68	57	72	84	74	53	80
AAEL020267	0	0	0	0	0	0	0	0	0	0	0	0
AAEL005692	1396	1376	839	154	392	1710	2832	2774	4460	1949	3035	3942
AAEL005700	16	23	46	48	84	65	22	17	32	25	37	44
AAEL005696	3	3	4	1	0	0	0	2	3	1	5	4
AAEL005695	0	3	2	4	1	0	0	2	2	3	1	1
AAEL005704	1415	1137	1109	628	534	774	1007	1144	985	1071	919	1687
AAEL005708	161	97	144	126	109	96	83	123	103	120	49	114
AAEL020486	126	74	70	34	44	60	299	166	182	198	222	432
AAEL020578	5	3	9	0	0	0	0	1	6	5	4	4
AAEL021232	1547	1394	2187	1157	1484	817	491	484	686	599	617	743
AAEL005535	312	206	171	194	325	413	203	186	308	219	379	605
AAEL028172	0	0	0	0	0	0	0	0	0	0	0	0
AAEL005701	117	114	64	84	63	124	145	243	229	191	217	273
AAEL005677	173	120	133	69	74	83	143	142	119	115	98	231
AAEL005690	607	525	444	432	438	578	402	453	680	350	506	548
AAEL023078	3	1	3	3	5	1	3	1	1	3	2	2
AAEL017053	1315	1016	949	925	695	988	922	1183	1212	1163	952	1345
AAEL005539	258	196	209	145	180	161	171	224	218	128	167	312
AAEL005536	3767	1790	2713	8365	9103	6505	1947	1633	2786	4515	4581	6397
AAEL005548	2	6	5	16	15	15	7	4	8	8	11	11
AAEL012528	190	63	154	212	265	205	122	165	200	228	296	267
AAEL014739	121	81	108	76	111	90	70	92	88	84	101	106
AAEL012526	91	50	58	72	94	85	64	85	87	62	46	116
AAEL014624	5	0	1	5	0	0	6	5	1	4	0	3
AAEL025162	0	0	1	0	0	0	4	3	0	1	1	1
AAEL008717	3	0	1	0	0	1	4	7	6	11	2	5
AAEL025344	73	78	57	83	76	73	85	77	103	94	73	61
AAEL015007	1286	1120	1595	1649	1955	1321	680	884	772	1048	821	1460
AAEL013087	328	330	342	259	233	258	239	365	277	308	278	414
AAEL015002	48	96	57	63	61	51	54	42	55	43	22	37
AAEL013098	2808	1823	1981	1584	1291	1557	1204	2208	2160	1611	1776	2493
AAEL015006	42134	30690	36597	36197	60574	34911	29097	18749	33947	26389	26874	23402
AAEL015003	141	94	147	147	129	130	103	134	127	75	91	120
AAEL015005	193	167	205	156	129	158	199	184	220	219	145	228
AAEL013092	1670	1021	1062	1109	861	1261	1017	1425	1497	1420	1933	2484
AAEL013088	70	29	38	26	31	26	40	35	52	33	22	63
AAEL013103	334	258	287	291	320	365	134	222	271	214	207	248
AAEL013090	371	321	346	279	333	293	285	214	226	309	234	334
AAEL027164	1599	537	931	993	1048	887	1165	928	1083	1077	1263	1041
AAEL013580	4	5	2	4	5	4	8	4	9	7	14	8
AAEL013585	17	28	22	12	19	15	37	4079	2282	2404	6	35
AAEL023994	0	0	0	0	0	0	0	0	1	0	0	0
AAEL010435	7591	4971	12791	689	1397	859	22	9	3	34	16	206
AAEL026592	0	5	2	2	0	4	5	7	12	0	0	2
AAEL019470	13889	12575	25445	11184	15529	8869	30	4	1	584	1061	2353
AAEL019471	0	0	0	0	0	0	0	0	0	0	0	0
AAEL019469	0	0	0	0	0	0	0	0	0	0	0	0
AAEL027641	0	0	0	0	0	0	0	0	0	0	0	2
AAEL013127	98	61	231	81	169	84	0	1	0	3	0	8
AAEL009165	5718	8690	11127	4266	21367	4659	33	15	2	282	354	785
AAEL013118	47828	39731	64550	25467	54823	22060	217	146	13	844	1198	2671
AAEL020299	73	42	34	23	37	48	97	89	132	64	72	134
AAEL019003	0	0	0	0	0	0	0	0	0	0	0	0
AAEL006904	850	458	434	1278	1049	953	626	832	1024	851	884	1644
AAEL006906	0	0	0	0	0	0	0	0	0	0	0	0
AAEL006900	78	147	73	87	128	108	83	133	107	158	93	93
AAEL006903	479	183	463	126	296	79	16	6	0	20	49	146
AAEL023374	29	12	10	3	2	3	69	65	56	61	35	64
AAEL027490	0	1	0	0	0	0	1	0	0	1	1	4
AAEL006907	0	0	0	1	0	0	2	2	0	0	0	0
AAEL006909	212	113	66	585	838	412	213	424	566	440	402	314
AAEL024105	2	0	0	1	0	1	1	2	4	1	0	3
AAEL006899	429	323	340	426	324	402	451	668	699	469	568	662
AAEL006902	765	505	294	1293	278	431	498	702	773	465	650	1132
AAEL008910	31	32	40	33	24	23	17	53	26	40	16	49
AAEL006905	494	478	420	273	372	519	527	645	781	586	740	936
AAEL006908	353	286	349	401	577	413	222	302	299	318	259	433
AAEL019690	1024	625	679	474	245	609	916	841	1079	704	976	1332
AAEL024201	0	0	0	0	0	0	0	0	0	2	1	1
AAEL023632	1452	917	1310	637	559	597	228	209	310	180	326	493
AAEL010289	15	3	3	2	6	12	4	6	4	0	9	16
AAEL010290	1207	902	577	617	631	753	759	1741	1536	857	936	1184
AAEL025218	2	1	0	3	3	1	3	1	0	0	1	0
AAEL020733	2	4	1	2	2	4	3	0	0	2	4	1
AAEL010291	66	36	26	48	42	30	76	38	76	53	61	52
AAEL010294	547	321	310	199	203	266	326	361	517	339	414	386
AAEL010284	1488	953	1677	859	849	579	528	306	679	517	494	725
AAEL010287	153	127	130	131	97	93	118	113	173	81	91	148
AAEL010296	3010	1960	2354	1869	2119	1764	979	1192	1876	939	1446	1174
AAEL022028	11	9	20	8	13	6	5	10	12	18	4	11
AAEL026316	2	1	4	2	1	2	1	2	1	0	0	4
AAEL010283	90	67	67	31	20	47	91	63	88	63	80	101
AAEL010286	53	24	11	12	14	27	63	79	65	46	52	66
AAEL027623	186	163	106	123	83	120	124	126	200	159	173	208
AAEL015394	62	34	22	5	6	37	106	96	137	63	86	107
AAEL028932	0	0	0	0	0	0	0	0	0	0	0	0
AAEL025339	0	0	0	0	0	0	2	0	0	0	0	0
AAEL014625	2	13	14	18	14	12	13	16	22	19	6	11
AAEL020044	44	75	29	12	27	58	67	65	129	62	74	98
AAEL022970	1154	882	1034	636	701	698	786	812	1084	853	854	1100
AAEL009140	255	164	175	205	219	222	165	194	232	155	152	157
AAEL009144	7	4	7	18	11	12	4	5	8	3	9	26
AAEL009147	436	349	361	312	168	491	326	425	430	288	363	534
AAEL020968	32	23	12	3	59	17	15	18	21	24	20	7
AAEL009142	4837	3933	4826	3350	2829	3360	2286	5188	3613	3523	2877	8363
AAEL009148	193	123	102	281	321	361	160	133	216	234	327	564
AAEL021009	0	0	0	0	0	0	0	2	0	0	0	0
AAEL027204	203	166	101	123	46	153	166	166	211	108	124	206
AAEL025761	3	7	6	2	2	4	8	1	4	4	5	9
AAEL022088	1	2	0	0	2	0	2	3	1	4	0	4
AAEL007318	195	149	113	141	116	179	91	116	174	130	126	127
AAEL014050	396	252	318	238	304	227	137	220	206	222	161	308
AAEL007315	1115	596	889	283	212	339	403	506	487	349	546	700
AAEL017545	2539	2340	1693	799	1200	2319	1955	3092	2531	1959	1868	3598
AAEL026447	1	1	1	0	2	1	1	0	3	3	3	4
AAEL007312	509	355	337	157	175	380	462	500	361	334	360	713
AAEL009723	66	40	27	24	19	33	49	65	90	35	69	96
AAEL022380	3	46	53	23	32	4	84	13	79	84	19	5
AAEL024060	2	2	7	2	2	2	0	1	1	1	1	5
AAEL027531	0	0	0	0	0	0	1	0	0	1	0	0
AAEL020446	1189	944	652	516	351	850	1143	1312	1195	851	1185	1637
AAEL026049	0	0	0	0	0	0	0	0	0	0	3	0
AAEL007573	708	519	602	535	597	716	326	478	748	365	484	519
AAEL024947	1	10	6	6	3	5	3	8	6	4	1	4
AAEL020170	30	22	28	25	26	43	25	33	38	23	39	32
AAEL007576	2	0	4	2	3	1	9	5	1	1	0	1
AAEL027528	0	0	0	0	0	0	0	0	0	0	1	0
AAEL007578	0	1	0	0	1	0	0	0	0	0	0	3
AAEL023638	0	0	0	0	0	0	0	0	0	2	0	0
AAEL019744	27	6	4	12	5	12	25	29	45	19	31	44
AAEL007582	12	3	7	10	22	13	15	10	12	8	6	9
AAEL014579	9	9	7	5	6	11	13	10	8	14	1	12
AAEL025739	0	0	0	0	0	0	0	0	0	0	0	0
AAEL007349	844	333	281	2798	3473	3295	543	585	1030	1737	2221	2401
AAEL007342	1859	1083	807	6047	7079	6882	1229	1113	1903	2644	3422	3911
AAEL007344	306	106	56	4001	4285	3784	94	120	155	1742	2572	3262
AAEL020640	0	0	0	0	0	0	0	1	0	0	0	2
AAEL018742	0	0	0	0	0	0	0	2	0	1	0	0
AAEL020651	4649	2972	3299	2319	1911	2722	3401	4295	4481	3199	3564	6045
AAEL013769	403	271	278	257	267	251	202	306	315	261	272	379
AAEL013768	809	589	527	559	677	852	597	649	622	592	743	1338
AAEL025362	2012	2454	1977	3555	3245	3437	1994	1398	2428	1227	2294	1239
AAEL007329	1948	1717	1541	825	706	1328	1532	1554	1958	1359	1376	2728
AAEL007332	589	377	465	704	846	806	406	372	431	559	441	714
AAEL025775	161	129	124	101	91	163	115	166	147	119	139	202
AAEL026700	650	480	518	752	743	599	500	452	729	595	524	646
AAEL007328	1323	953	802	627	562	1010	1075	1068	1384	831	1005	1251
AAEL022309	207	167	96	79	105	142	121	234	226	81	113	187
AAEL007339	2	0	1	1	5	5	1	5	14	1	0	0
AAEL028886	0	0	0	0	0	0	0	0	0	0	0	0
AAEL024589	0	0	0	0	0	0	1	0	0	0	1	0
AAEL019714	847	645	774	552	392	678	691	845	962	745	913	1277
AAEL019963	0	0	0	0	4	0	1	3	0	4	1	2
AAEL019964	0	0	0	0	3	0	1	1	0	0	0	0
AAEL025950	0	0	0	0	0	0	0	0	0	0	0	0
AAEL024651	0	0	0	0	0	0	0	0	0	0	0	0
AAEL015275	300	231	257	219	267	212	177	193	249	261	167	268
AAEL011186	2	1	8	7	5	2	2	3	4	7	0	7
AAEL011193	335	174	197	231	340	209	247	877	459	766	312	446
AAEL020933	0	0	0	0	0	0	0	0	0	0	0	0
AAEL022988	0	0	0	0	0	0	0	0	0	0	0	0
AAEL023791	0	0	0	0	0	0	0	0	0	0	0	0
AAEL019808	49	31	29	26	32	54	53	51	101	30	50	53
AAEL022846	0	0	0	0	0	0	0	0	0	0	0	0
AAEL022965	0	0	1	0	0	0	0	0	0	2	0	0
AAEL025846	0	0	0	0	0	0	1	0	0	0	0	1
AAEL027787	0	0	0	0	0	0	0	0	0	0	0	0
AAEL015073	27	6	14	21	9	24	21	17	29	20	20	26
AAEL027337	1	0	0	0	0	0	1	0	1	0	1	0
AAEL024167	0	0	0	0	0	0	0	0	0	1	0	0
AAEL023042	0	1	1	0	0	0	4	0	1	2	0	0
AAEL022401	24	3	19	23	22	23	14	17	27	6	25	9
AAEL026865	6	2	0	1	3	0	2	4	2	1	0	3
AAEL019818	50	24	15	18	36	21	69	36	48	43	49	44
AAEL014662	129	72	64	750	215	428	37	760	176	133	194	362
AAEL011677	168	133	135	278	202	266	99	213	228	187	244	192
AAEL019722	713	486	516	1367	580	675	265	296	513	289	476	445
AAEL019652	3750	2591	2256	1420	885	2350	2796	3565	3570	2151	2461	3827
AAEL023284	0	0	0	0	0	0	0	0	0	0	0	0
AAEL019466	1434	1227	1331	699	517	671	1075	1770	1291	1206	797	2291
AAEL005503	16	11	12	14	11	7	25	11	18	14	3	17
AAEL025332	1	11	1	0	4	7	6	4	1	3	4	10
AAEL014536	804	672	724	606	555	519	450	536	535	521	441	696
AAEL027535	1	2	0	0	0	0	1	0	0	1	2	0
AAEL020761	571	411	378	381	397	670	342	539	706	378	538	604
AAEL014543	0	0	0	0	2	0	3	1	0	2	0	5
AAEL006276	30	19	9	236	184	154	39	34	42	58	270	194
AAEL014539	6	10	15	20	27	32	11	8	6	12	38	75
AAEL014541	407	236	219	1784	1329	1320	154	129	161	597	895	2212
AAEL014537	413	643	640	490	691	219	307	127	112	374	751	1788
AAEL018808	0	0	0	0	0	0	0	0	0	0	0	0
AAEL014949	810	705	600	469	285	505	579	856	597	570	739	1226
AAEL023874	38	25	32	18	39	30	3	22	27	16	15	24
AAEL020417	6	0	1	0	0	0	1	5	5	2	5	3
AAEL013004	237	251	225	159	213	231	137	773	484	481	278	162
AAEL025008	2	3	0	0	1	1	2	3	3	5	2	2
AAEL013001	220	136	163	74	199	203	60	148	169	84	87	72
AAEL013002	1832	1328	1477	1628	1975	1405	1169	1072	1411	1326	1169	1693
AAEL013006	178	102	111	67	73	148	143	119	155	116	106	152
AAEL013003	323	263	280	221	277	217	221	193	260	236	230	284
AAEL013005	1079	1045	1196	2196	2566	1864	404	807	800	579	942	1611
AAEL014486	722	695	711	390	518	509	457	600	516	359	415	642
AAEL019605	1992	1423	1336	1121	670	1259	1252	1832	1817	1362	1483	2337
AAEL013276	102	22	46	29	37	21	69	41	92	28	32	43
AAEL020740	110	60	94	79	97	56	58	55	45	44	44	65
AAEL013272	26404	20682	24158	24618	40929	25397	21340	13407	23584	19189	19296	17460
AAEL027850	5	1	0	0	0	4	2	0	6	8	0	9
AAEL021260	0	0	0	0	0	0	0	0	0	0	0	0
AAEL025461	0	0	0	0	0	0	0	0	0	0	0	0
AAEL017204	2712	1832	1552	1123	1224	2083	1618	2561	2788	1699	2293	3320
AAEL013275	3255	2789	2399	1247	821	2440	2520	3517	3337	1749	2426	3702
AAEL013271	326	285	343	180	236	170	227	214	248	239	213	314
AAEL022402	26	32	38	25	36	32	61	38	60	49	61	32
AAEL028713	0	0	0	0	0	0	0	0	0	0	0	0
AAEL018973	0	0	0	0	0	0	0	0	0	0	0	0
AAEL028114	0	0	0	0	0	0	2	0	0	0	0	1
AAEL024727	0	0	0	0	0	0	0	0	1	0	0	0
AAEL023047	52	103	41	106	119	100	32	89	184	151	69	63
AAEL022874	0	0	0	0	0	0	1	0	0	0	0	0
AAEL027442	0	0	0	0	0	0	0	0	0	2	0	0
AAEL026371	299	211	219	115	148	155	167	236	213	229	172	287
AAEL014534	948	567	701	653	656	548	624	658	740	634	563	714
AAEL014533	984	649	574	516	427	717	559	674	778	475	559	921
AAEL024596	0	0	0	0	0	0	0	0	1	0	0	0
AAEL013467	595	395	437	415	356	359	411	500	514	500	357	513
AAEL013466	1931	1298	1089	688	498	1813	2532	2886	3262	1857	2609	4268
AAEL007959	1592	1195	1338	725	611	818	1059	2545	2258	1546	1064	1252
AAEL019715	2513	1687	1824	1924	1280	1945	1617	2002	2328	1579	2052	2820
AAEL007955	48	43	51	83	152	60	44	30	55	24	49	19
AAEL007954	14	3	11	3	8	5	6	1	12	4	3	6
AAEL023143	1	2	0	0	3	0	2	1	0	1	0	3
AAEL007962	3183	2437	2785	2936	4572	2433	1537	1701	1903	2103	1567	2088
AAEL023692	0	0	2	0	2	0	0	0	0	0	0	2
AAEL020409	0	0	0	0	0	0	0	0	0	0	0	0
AAEL007948	0	0	0	0	0	0	0	0	0	0	0	0
AAEL027003	4	2	4	6	10	2	1	4	1	2	3	2
AAEL025173	0	0	0	0	0	0	0	0	0	0	0	0
AAEL027519	0	0	0	0	0	0	0	0	0	0	0	0
AAEL026404	0	0	0	0	0	0	0	0	0	0	0	0
AAEL021831	0	0	0	0	0	0	0	0	0	0	0	0
AAEL024134	0	0	0	0	0	0	0	0	0	0	0	0
AAEL007951	2	2	1	0	0	2	2	0	2	3	2	0
AAEL007964	0	0	0	0	0	0	0	0	0	0	0	0
AAEL022511	0	0	0	0	0	0	0	0	0	0	0	0
AAEL007946	223	203	165	471	582	365	143	179	190	211	178	202
AAEL007947	1284	944	783	1428	1549	1042	773	679	892	745	688	889
AAEL007952	150	95	60	103	184	99	56	88	173	51	71	40
AAEL020769	257	156	206	219	222	167	127	157	185	241	140	264
AAEL025236	0	0	0	0	0	0	0	0	0	0	0	3
AAEL023187	9489	6498	7005	11675	8651	15441	3495	4511	5000	5802	9441	33388
AAEL007963	5413	3609	3739	6204	5478	7480	1870	2493	2852	3223	5008	16873
AAEL024609	12	32	21	11	17	3	21	15	29	11	5	9
AAEL023851	1	0	3	0	0	0	2	0	2	1	3	3
AAEL014824	64	18	34	7	2	16	114	104	108	102	88	120
AAEL007945	6575	4651	5021	5902	7148	5309	4454	3909	6073	4234	4816	4734
AAEL007944	1280	1049	1023	855	1057	1266	848	795	978	1043	920	1196
AAEL026310	181	122	126	153	234	187	152	129	142	165	121	167
AAEL013941	0	0	0	0	0	0	0	0	0	0	0	0
AAEL021020	10	1	6	4	5	4	6	6	6	1	3	15
AAEL013939	546	496	414	192	177	470	596	557	650	470	556	911
AAEL016892	0	0	0	0	0	0	0	0	0	0	0	0
AAEL016870	0	0	0	0	0	0	0	0	3	0	0	0
AAEL016871	0	0	0	0	0	0	0	0	0	0	0	0
AAEL016872	0	0	0	0	0	0	0	1	0	0	0	0
AAEL016873	0	0	0	0	0	0	0	0	0	0	0	0
AAEL016874	0	0	0	0	0	0	2	1	0	0	0	0
AAEL016875	0	0	0	0	0	0	0	0	0	0	0	0
AAEL016876	0	0	0	0	0	0	0	0	0	0	0	0
AAEL016877	0	0	0	0	0	0	0	0	0	0	0	1
AAEL016879	0	0	0	0	0	0	0	0	0	1	0	0
AAEL016880	0	0	0	0	0	0	0	1	0	0	0	0
AAEL016881	0	0	0	0	0	0	0	1	0	0	0	1
AAEL016882	0	0	0	0	0	0	0	0	0	0	0	2
AAEL018976	0	0	0	0	0	0	0	0	0	0	0	0
AAEL013700	386	303	312	336	377	372	258	312	377	329	255	377
AAEL021874	6	4	3	0	0	3	13	17	12	8	5	17
AAEL019852	1221	826	883	700	813	963	1251	1393	1738	1003	1092	1265
AAEL011394	1751	1136	1183	1008	1173	1349	1002	1210	1337	991	1256	1768
AAEL014003	917	665	626	396	315	513	965	1323	945	895	768	1531
AAEL011397	36	63	29	45	47	31	28	37	22	19	28	102
AAEL014002	523	288	387	342	274	292	280	395	366	348	324	473
AAEL023163	0	0	0	0	0	0	0	0	0	0	0	0
AAEL020798	0	0	0	0	0	0	0	0	0	0	0	0
AAEL019106	0	0	0	0	0	0	0	0	0	0	0	0
AAEL019105	0	0	0	0	0	0	0	0	0	0	0	0
AAEL023645	10	4	0	1	15	1	7	0	0	1	3	6
AAEL014757	35	11	3	5	10	12	7	8	7	31	14	2
AAEL027658	12	2	4	0	1	3	14	12	25	8	22	12
AAEL028732	0	0	0	0	0	0	0	0	0	0	0	0
AAEL028870	0	0	0	0	0	0	0	0	0	0	0	0
AAEL022399	0	1	3	1	2	2	0	0	4	0	0	0
AAEL020747	865	350	510	577	490	525	379	597	516	440	575	1211
AAEL027477	7	1	6	2	2	5	5	1	5	9	8	10
AAEL003935	429	373	354	291	318	395	189	424	403	243	278	360
AAEL026678	0	0	0	0	0	0	0	0	0	0	0	0
AAEL003923	1925	1042	1078	960	797	1099	1211	1760	1713	1280	1343	2336
AAEL003926	303	258	277	259	294	287	175	260	336	223	217	302
AAEL019599	1772	1166	1141	2082	2210	2268	1419	1621	2073	1585	2639	4080
AAEL003925	42	28	25	28	32	24	33	34	53	24	32	19
AAEL003934	1944	857	1179	1667	1987	1010	1244	1381	1256	1516	1665	2090
AAEL027915	0	0	0	0	0	0	0	0	0	2	0	0
AAEL019680	1358	897	836	815	724	743	1117	1689	1732	951	1128	1327
AAEL019480	1037	894	615	586	499	1011	1003	1124	1559	973	1072	1198
AAEL003060	414238	202668	247307	229398	249603	261742	226989	75298	193453	290598	265848	210068
AAEL003084	1118	918	1335	902	1270	636	447	533	671	946	441	740
AAEL025462	0	1	0	0	0	0	0	2	0	0	0	2
AAEL014187	886	597	535	564	637	587	395	622	690	441	546	720
AAEL027989	0	0	0	0	0	0	2	0	1	1	0	1
AAEL014183	617	487	599	446	516	574	479	511	486	642	534	675
AAEL014180	1254	923	1345	836	837	914	708	565	717	756	554	850
AAEL017419	13091	11392	8335	6726	7634	12909	11433	10409	16246	6574	11651	10252
AAEL022223	0	0	0	0	0	1	0	0	0	0	1	1
AAEL022726	73	149	77	21	21	151	257	273	332	169	192	242
AAEL019985	40	28	24	11	0	25	154	140	187	74	96	139
AAEL019984	0	0	0	0	0	0	3	0	0	1	0	0
AAEL016966	0	0	1	0	2	0	4	1	0	0	0	1
AAEL012023	771	668	521	525	561	695	597	655	698	620	659	836
AAEL021296	14	5	11	13	19	2	10	4	16	2	2	10
AAEL027210	9	8	33	10	8	47	55	6	82	2	33	7
AAEL016796	0	0	0	0	0	0	0	0	0	0	0	0
AAEL002055	863	1053	663	212	574	1451	1551	1664	2806	1518	2067	2389
AAEL002085	0	16	35	0	3	0	1	0	0	0	0	0
AAEL002075	40	28	18	12	11	26	141	120	135	66	125	210
AAEL021580	3	0	3	0	2	0	3	3	0	3	3	3
AAEL002061	2227	1604	1580	1273	1048	1777	1263	1863	2257	1356	1649	2387
AAEL020138	0	0	1	0	0	2	1	0	2	2	0	0
AAEL026122	2	1	1	0	0	0	1	0	0	0	0	0
AAEL002079	100	92	83	122	129	107	106	96	150	167	110	173
AAEL018818	0	0	0	0	0	0	0	0	0	0	1	0
AAEL002068	2758	2081	2334	2786	3388	2446	1825	2433	3046	2337	2284	2439
AAEL028141	599	437	533	556	838	564	413	418	553	520	431	400
AAEL002080	717	487	488	456	448	440	328	496	530	364	359	498
AAEL002065	896	687	648	337	535	330	283	358	406	425	353	474
AAEL002070	368	293	167	99	65	291	711	735	1005	277	553	651
AAEL025674	13	28	4	14	8	22	43	20	57	8	29	32
AAEL002051	754	425	480	427	273	464	683	527	757	615	979	1774
AAEL002057	29	16	22	30	39	33	36	45	35	37	22	24
AAEL008435	220	180	181	169	175	229	169	151	191	188	176	205
AAEL024714	185	164	195	118	143	151	88	228	154	179	100	220
AAEL008434	2908	1966	1822	1024	1253	1862	1605	2102	2424	1786	2003	2717
AAEL023274	2	3	4	1	3	8	6	9	92	21	32	15
AAEL022051	2348	2094	1698	1651	1778	2773	2498	2702	4181	2360	3011	3381
AAEL009586	708	669	724	517	588	518	657	897	698	737	424	917
AAEL009590	545	514	681	611	907	600	343	302	350	449	261	442
AAEL009589	281	217	203	205	289	189	167	151	163	200	149	247
AAEL009592	38	28	23	16	21	23	31	54	121	17	30	68
AAEL009588	1009	1623	1040	21	19	127	779	183	203	117	647	1634
AAEL019319	0	0	0	0	0	0	0	1	0	0	1	0
AAEL009593	92	63	67	83	144	131	120	76	121	67	120	112
AAEL009591	2	0	3	1	0	0	1	0	0	3	0	0
AAEL021827	0	0	0	0	0	0	0	0	0	0	0	0
AAEL020183	0	0	0	0	0	0	0	0	0	0	0	0
AAEL021647	0	0	0	0	0	0	3	1	0	1	0	3
AAEL015109	0	3	1	0	0	2	7	4	6	6	6	5
AAEL000224	7	5	14	19	4	3	4	53	26	4	2	156
AAEL000238	5	3	1	1	2	7	1	2	7	2	0	4
AAEL027037	33	11	13	19	9	12	17	46	57	17	16	29
AAEL020367	1	0	0	0	0	0	0	0	1	0	0	0
AAEL025309	3	0	2	8	5	8	6	13	15	9	16	11
AAEL010262	202	312	146	20	53	338	537	435	836	333	525	676
AAEL023665	0	0	0	0	0	0	0	0	1	0	0	0
AAEL024745	0	0	0	0	0	0	0	0	0	1	0	0
AAEL028124	259	155	171	183	116	148	129	205	135	173	154	287
AAEL010266	2	5	5	3	7	6	8	3	14	6	3	9
AAEL010270	83	117	18	171	217	157	10	37	90	101	340	341
AAEL021534	1	0	0	1	0	2	0	0	1	2	0	0
AAEL026085	4	6	12	9	18	2	5	9	29	19	8	25
AAEL020366	0	0	0	1	0	0	0	0	0	0	1	0
AAEL010265	2	6	5	4	1	4	6	10	8	6	3	3
AAEL010264	0	2	5	2	51	9	7	3	2	26	10	17
AAEL025416	142	178	92	29	79	188	207	162	287	209	248	240
AAEL023624	0	0	0	0	1	0	0	1	1	0	1	0
AAEL010263	33	17	12	25	24	32	11	9	16	13	14	20
AAEL010261	39	39	48	36	44	63	38	45	70	34	35	43
AAEL010260	743	609	550	568	559	696	1017	794	1394	955	1022	1254
AAEL022986	47	17	23	10	24	9	37	35	27	16	39	32
AAEL006299	725	603	620	705	712	552	415	507	611	525	454	595
AAEL010269	1167	772	669	964	994	766	757	702	872	691	611	667
AAEL006285	123	142	149	126	128	125	145	156	167	140	122	178
AAEL006286	172	164	93	100	101	194	75	109	158	72	146	122
AAEL006298	437	329	395	299	315	288	278	293	302	334	181	305
AAEL027084	0	0	0	0	0	0	0	0	0	0	0	0
AAEL006300	389	239	239	189	145	255	252	270	269	251	289	449
AAEL007185	352	339	400	377	578	396	227	299	302	301	296	394
AAEL007187	2412	1961	1662	1360	1230	2101	1658	2702	2432	1513	2025	2781
AAEL025424	10	1	2	0	0	2	5	0	3	2	3	2
AAEL007180	138	137	114	88	122	190	235	215	352	140	205	174
AAEL021429	1591	1090	1000	816	454	1036	1162	1131	1601	1041	1220	1466
AAEL005970	1997	1576	1155	1029	845	1539	1510	1790	1997	1128	1630	2127
AAEL005968	802	498	702	616	749	567	309	391	313	400	300	421
AAEL005958	341	250	295	217	241	222	221	310	343	392	208	377
AAEL005967	9	5	8	16	3	37	8	9	15	4	23	7
AAEL005965	256	175	235	298	435	334	143	196	210	287	204	379
AAEL021856	18	13	7	7	7	8	7	4	9	5	15	11
AAEL024688	0	0	0	0	0	0	0	0	0	1	1	0
AAEL020357	0	0	0	0	0	0	1	0	0	0	0	1
AAEL010745	3	2	3	0	0	0	30	15	23	12	7	33
AAEL026127	0	0	0	0	0	0	0	0	0	1	0	0
AAEL021456	1	3	0	0	1	0	3	0	1	0	0	1
AAEL008593	474	322	264	372	401	330	254	222	374	260	316	372
AAEL018159	2219	1623	1214	1106	974	1077	2019	2581	2968	1481	2221	2209
AAEL008608	901	640	509	378	252	574	695	851	920	653	690	1005
AAEL008595	4625	3514	4345	2871	2597	2899	3156	2144	2812	3129	2325	3555
AAEL017101	419	274	338	261	322	243	214	291	274	297	249	393
AAEL008592	541	367	370	268	230	354	401	440	450	266	336	546
AAEL008590	1722	1317	1088	751	561	1303	1375	1641	1860	1266	1768	2543
AAEL008603	8	4	2	4	2	5	4	8	3	3	3	4
AAEL008601	1580	1090	1207	2055	2758	1570	811	961	1133	929	973	1498
AAEL008605	342	256	274	389	358	296	221	201	361	285	272	193
AAEL008594	1456	948	1250	971	1327	950	767	459	793	816	744	825
AAEL008610	819	377	292	856	660	1405	1166	824	1597	869	1737	1611
AAEL008604	2	3	0	0	0	2	2	1	0	3	8	4
AAEL008600	498	53	203	236	327	278	449	253	582	323	423	117
AAEL008599	265	41	60	56	163	143	159	115	254	198	196	45
AAEL008609	530	549	482	149	295	457	269	270	425	316	229	254
AAEL008598	10	46	17	10	26	13	22	3	19	14	17	24
AAEL024799	1	1	0	0	0	1	3	0	2	0	0	0
AAEL008602	137	160	90	23	50	209	157	161	186	79	201	240
AAEL008607	4467	2696	2161	61571	68887	30261	3033	5063	5909	9134	55418	85540
AAEL014754	583	444	436	3321	3645	1990	179	76	98	926	1891	3739
AAEL008591	1001	839	607	429	342	717	759	1058	1420	835	1132	1547
AAEL008596	272	166	125	553	650	808	204	410	635	369	709	766
AAEL023100	39	21	24	20	44	35	42	44	69	55	60	64
AAEL025853	13	0	10	8	6	14	7	11	18	6	1	12
AAEL020131	2	0	0	0	0	3	2	9	3	7	0	3
AAEL013798	40	51	59	96	62	96	12	37	42	32	41	212
AAEL012553	2022	1495	1598	896	699	1155	1519	1612	2079	1306	1447	1954
AAEL012556	579	499	236	733	771	1277	717	895	1524	540	1320	1285
AAEL011411	0	0	4	6	3	8	0	5	5	1	0	6
AAEL022475	8	2	4	5	4	7	6	0	19	2	6	12
AAEL020991	1	0	0	0	0	0	0	1	0	0	0	0
AAEL014967	0	0	0	0	0	0	0	0	0	0	0	0
AAEL014968	0	0	0	0	0	0	2	0	0	0	0	0
AAEL012903	2	1	0	1	0	0	3	0	0	0	0	0
AAEL019989	25	43	29	16	14	25	88	56	104	68	49	113
AAEL021718	0	2	0	0	0	0	2	0	4	2	1	2
AAEL027197	5	0	0	0	0	0	6	1	3	8	2	8
AAEL012899	23	26	19	9	18	32	20	16	37	17	24	27
AAEL019791	33	31	44	62	20	64	20	40	43	34	21	50
AAEL019792	0	0	0	0	0	0	0	0	0	0	0	0
AAEL012897	22687	15226	13722	17334	16838	13569	19673	35156	31458	19675	23018	20554
AAEL012901	0	1	1	4	0	0	2	1	0	0	1	1
AAEL012902	26	9	4	454	498	131	24	36	34	64	484	156
AAEL024129	0	2	2	3	2	1	7	4	1	5	6	12
AAEL014419	582	302	343	221	275	264	340	306	423	405	303	850
AAEL014416	21	23	17	8	19	19	18	9	34	15	23	21
AAEL024660	21	6	37	32	32	24	16	9	15	23	20	16
AAEL003272	0	7	7	0	3	2	5	7	5	6	3	3
AAEL003226	1	1	0	0	0	0	4	1	4	1	0	0
AAEL003235	2120	1507	1572	1161	1884	1249	2034	1653	3236	1831	1614	1696
AAEL003255	35	16	60	120	255	106	52	25	37	37	76	161
AAEL003266	0	0	0	0	0	0	0	0	0	0	0	0
AAEL003232	0	0	1	0	0	0	0	0	0	1	0	0
AAEL003241	1	0	0	0	0	0	0	0	0	0	0	0
AAEL029121	0	0	0	0	0	0	0	0	1	0	0	0
AAEL029120	0	0	0	0	0	0	0	0	0	0	0	0
AAEL003225	0	0	0	0	0	0	0	0	0	0	0	0
AAEL028944	0	0	0	0	0	0	0	0	0	0	0	0
AAEL003274	0	0	0	0	0	0	0	0	0	0	0	0
AAEL003259	672	359	236	103	220	96	215	397	292	183	218	489
AAEL003231	1	0	2	0	0	0	0	0	0	0	0	0
AAEL003221	5	4	5	9	8	18	7	3	24	2	10	5
AAEL003242	1	0	0	0	1	1	0	4	3	2	1	0
AAEL003256	2	2	1	1	5	3	3	3	0	7	2	0
AAEL003216	135	59	53	44	66	43	44	53	92	26	52	44
AAEL026088	647	584	544	438	507	443	320	444	364	390	307	550
AAEL003246	701	320	469	696	706	552	311	315	350	383	318	576
AAEL003269	93	48	26	77	84	57	40	35	43	46	34	79
AAEL028088	343	179	236	611	681	548	154	210	190	242	312	662
AAEL003264	203	206	160	165	217	169	150	111	116	160	116	179
AAEL010545	139	96	60	93	82	127	144	149	179	144	123	150
AAEL023803	87	74	15	0	86	36	122	6	8	17	5	6
AAEL020835	18	42	13	16	12	13	32	15	20	49	26	41
AAEL003270	141	96	85	94	120	71	109	116	131	122	81	113
AAEL003245	536	403	415	456	220	490	436	799	672	434	541	1017
AAEL003282	538	504	388	441	448	522	393	490	689	347	546	476
AAEL010546	555	414	444	397	351	438	333	374	438	382	355	571
AAEL010551	13	8	5	14	20	14	13	10	13	4	11	9
AAEL003244	103	55	54	38	29	56	90	90	89	44	79	92
AAEL003273	383	325	316	326	307	328	202	317	345	213	252	333
AAEL003210	3273	2396	2926	2397	3013	2378	1704	1931	2569	1958	1956	2665
AAEL021846	1155	1127	909	542	551	973	1004	1680	1681	1025	1386	2171
AAEL003265	3	0	0	0	1	3	13	5	4	4	3	12
AAEL003217	1	0	0	0	0	0	6	5	4	1	1	5
AAEL003234	13770	8563	13147	10886	19552	9314	7707	6619	8955	8515	7442	6851
AAEL019826	2742	1712	2117	2207	2606	2863	2080	2700	2854	2860	2915	4732
AAEL019825	3675	3058	2264	1598	1316	3295	2870	3577	4133	2201	2994	4669
AAEL025596	0	2	1	1	0	1	2	2	0	3	0	1
AAEL000370	3196	1850	1811	1533	1060	1587	1874	1719	2372	1744	2283	2227
AAEL000335	3675	3520	3043	2209	1728	2621	1913	3388	2953	2007	2045	4091
AAEL026000	57	29	50	22	38	26	39	61	35	33	18	39
AAEL000304	706	502	422	1486	2002	1805	486	747	810	745	1558	2124
AAEL000311	784	249	509	18758	13164	7847	629	1629	1902	2183	8931	22852
AAEL000377	0	0	0	0	0	0	0	4618	2895	3040	1	3
AAEL000344	1	0	0	0	0	0	0	1932	1403	938	0	0
AAEL000316	356	434	304	689	861	806	321	395	509	728	763	1077
AAEL000312	22	11	33	14	31	24	10	13	15	20	12	18
AAEL026580	4	4	9	0	0	5	2	8	15	18	1	17
AAEL000324	215	49	54	20	48	90	46	86	111	77	92	138
AAEL022289	1	5	56	1	2	5	4	4	11	17	6	16
AAEL000359	0	0	0	0	0	0	1	0	0	0	0	0
AAEL000315	513	381	456	485	479	427	501	390	579	464	530	578
AAEL000337	199	141	145	166	152	195	146	101	216	192	165	201
AAEL000305	103	37	55	48	41	83	41	34	57	51	62	78
AAEL021602	425	344	275	1227	1148	1283	218	408	576	361	1072	1970
AAEL026948	11	5	1	1	1	8	8	4	3	6	3	11
AAEL000328	2934	2166	1560	969	1685	2939	3032	2789	3430	1968	4255	3906
AAEL000354	427	336	361	216	245	179	226	345	236	312	185	411
AAEL018293	2495	1862	1772	1297	907	1634	1588	1813	2245	1370	1531	1984
AAEL000341	44	30	19	30	57	31	23	30	21	32	56	47
AAEL018789	0	0	0	0	0	0	0	0	0	0	0	0
AAEL024818	0	1	0	0	0	0	0	1	0	1	0	1
AAEL000382	3	2	2	3	5	6	1	2	5	0	3	2
AAEL000308	63	61	62	66	70	60	30	36	18	45	61	101
AAEL000329	3	1	11	9	9	5	4	10	3	2	2	7
AAEL029022	0	0	0	0	0	0	2	2	1	0	0	0
AAEL029004	1050	755	907	1154	1748	953	724	631	1055	733	797	844
AAEL023900	6	3	2	4	2	3	17	17	20	9	4	14
AAEL000334	97	35	47	45	34	39	40	59	51	41	51	65
AAEL000332	477	245	329	466	605	318	242	222	256	270	218	289
AAEL020848	531	393	423	404	418	430	351	682	611	449	380	801
AAEL019833	2335	2554	1409	289	334	1518	3627	3386	4600	1419	2920	4566
AAEL005367	983	775	743	688	600	792	867	986	1113	859	921	1158
AAEL022002	0	0	0	0	0	0	1	2	0	2	0	2
AAEL005363	105	70	43	90	180	54	51	73	86	85	212	124
AAEL026767	0	0	0	0	0	0	0	0	0	0	0	2
AAEL005345	38	32	17	30	39	41	42	37	46	42	55	71
AAEL005347	277	362	193	127	133	349	401	606	586	361	512	688
AAEL005368	1021	909	731	453	496	741	793	859	882	785	728	1137
AAEL005355	422	316	339	463	519	419	239	301	353	274	250	328
AAEL005350	11	9	28	20	8	6	37	17	44	13	19	21
AAEL019606	2511	2272	1967	1528	1006	1561	2005	2829	2688	1976	1814	3162
AAEL001242	529	351	386	328	201	401	515	465	653	509	559	636
AAEL029024	0	0	0	0	0	0	2	0	0	1	0	4
AAEL018815	0	0	0	0	0	0	0	0	0	0	0	0
AAEL001235	116	116	130	242	247	266	129	196	155	199	189	377
AAEL001243	34	26	24	52	38	73	55	32	104	50	62	49
AAEL001238	912	657	577	617	522	727	910	606	1104	568	891	886
AAEL022844	1669	863	1106	1612	1297	1097	750	789	1045	911	1231	1385
AAEL001233	54	39	32	32	39	20	25	26	41	45	30	26
AAEL001240	3	2	10	0	4	12	33	44	15	22	16	23
AAEL001237	0	3	1	0	1	0	4	0	1	0	0	3
AAEL022279	2	4	5	2	0	0	4	3	16	4	9	3
AAEL024593	12	0	3	2	4	1	4	11	13	2	9	10
AAEL013148	14	1	2	2	4	7	13	13	21	10	7	21
AAEL013152	6	1	2	2	3	2	11	4	12	4	5	3
AAEL013157	0	0	0	0	0	0	0	1	0	0	0	0
AAEL013154	48	30	26	34	38	46	45	33	46	24	46	58
AAEL013156	17	0	1	0	0	0	9	0	7	2	2	6
AAEL013151	424	410	358	269	261	364	350	364	392	356	274	444
AAEL024320	0	1	0	0	0	3	2	0	2	1	3	1
AAEL027537	0	0	1	0	0	1	0	0	0	0	0	0
AAEL023172	0	5	2	9	1	11	2	3	8	7	6	7
AAEL026595	1	0	2	0	0	0	1	1	6	0	4	4
AAEL013150	453	348	351	352	394	432	310	280	396	357	374	381
AAEL013153	1	0	3	2	0	0	3	0	0	1	0	2
AAEL013155	0	0	0	1	0	0	0	0	0	1	1	0
AAEL001809	251	86	46	40	39	42	49	30	59	80	69	74
AAEL020719	0	3	0	0	0	0	1	2	0	1	0	0
AAEL001814	0	0	0	0	0	0	1	2	0	0	0	0
AAEL023225	5	5	0	0	1	0	1	2	0	1	2	0
AAEL018004	0	0	0	0	0	0	0	0	0	0	0	0
AAEL020509	0	0	0	0	0	0	0	0	0	0	0	0
AAEL001820	2	2	0	1	5	6	5	14	9	8	7	8
AAEL001797	270	206	284	272	496	195	121	139	135	171	126	243
AAEL025411	0	0	0	0	0	0	1	0	0	0	0	0
AAEL026493	0	0	0	0	0	0	0	0	0	0	1	0
AAEL022985	0	0	0	0	0	0	0	0	0	0	0	0
AAEL027770	0	0	0	0	0	0	0	0	0	0	0	0
AAEL001810	1210	1040	997	1155	1165	1247	1158	1250	1587	1341	1294	1501
AAEL001819	510	336	379	262	185	332	355	426	473	350	429	527
AAEL001830	1252	733	896	1122	1048	1088	622	583	883	720	914	1081
AAEL019959	7	13	4	13	29	24	8	6	36	5	220	37
AAEL019958	25	31	22	18	16	58	16	12	17	18	38	48
AAEL001794	1234	954	658	6098	6617	8099	841	1377	3213	1262	7903	10373
AAEL001816	493	381	417	420	331	443	414	547	542	603	307	609
AAEL001801	4	2	0	0	0	0	0	2	0	0	0	1
AAEL018042	177	118	142	100	105	128	116	235	191	183	119	216
AAEL020621	0	0	0	0	0	0	0	0	0	0	0	0
AAEL018041	68	37	62	34	28	53	38	45	37	46	41	90
AAEL001803	338	176	228	201	103	236	225	330	350	232	290	694
AAEL001817	119	104	130	187	175	164	112	162	141	151	125	186
AAEL001822	3	2	1	13	10	9	1	1	0	3	4	5
AAEL021826	1606	1191	1107	760	563	808	991	1406	1259	867	1067	1522
AAEL001807	99	104	222	77	19	142	93	85	95	93	74	123
AAEL020875	13	4	2	5	2	5	16	8	8	12	10	17
AAEL018769	0	0	0	0	0	0	0	0	0	0	0	0
AAEL018771	0	0	0	0	0	0	0	0	0	0	0	0
AAEL024197	5	2	4	3	0	0	5	3	2	2	3	6
AAEL018278	1445	1008	990	749	572	1050	688	1238	1086	754	805	1341
AAEL001805	137	82	108	75	103	87	99	80	110	115	90	120
AAEL001831	484	394	393	482	626	497	321	354	492	363	364	410
AAEL025478	0	0	1	1	0	1	0	2	0	1	0	0
AAEL001800	465	343	410	420	564	550	289	403	470	337	378	472
AAEL028814	0	0	0	0	0	1	0	0	1	0	1	0
AAEL028705	8	3	3	1	6	2	3	2	17	0	3	10
AAEL001818	192	75	66	797	679	580	230	154	242	254	600	393
AAEL001821	8	5	1	7	6	8	4	1	7	7	2	9
AAEL001835	383	432	422	142	94	81	271	303	399	388	157	215
AAEL001799	117	103	76	80	126	152	188	128	219	200	143	165
AAEL001813	942	562	964	327	107	187	528	1025	462	452	278	581
AAEL001815	848	699	650	507	585	808	572	1581	1156	462	913	890
AAEL024000	0	0	0	0	0	0	0	0	0	0	0	0
AAEL021670	13	1	7	1	4	1	2	0	1	0	2	0
AAEL017384	1	0	0	1	0	2	0	0	0	0	0	0
AAEL023378	0	0	0	0	0	0	0	2	1	0	0	0
AAEL027468	4	0	0	0	0	0	0	0	0	0	0	0
AAEL001836	34	8	16	11	18	10	7	16	4	10	3	22
AAEL022251	34	47	56	31	59	8	14	20	24	50	18	55
AAEL001826	0	0	0	0	0	0	0	1	0	0	0	0
AAEL001796	372	360	291	269	262	400	345	258	396	254	421	587
AAEL001811	249	213	213	231	191	295	231	267	299	244	216	263
AAEL001827	441	344	406	290	311	266	340	356	361	336	314	467
AAEL001812	392	201	301	219	260	433	382	322	423	399	360	313
AAEL001808	2015	2068	1774	889	614	1300	1700	2077	2070	1256	1613	3533
AAEL001798	4706	3890	2632	2879	3409	4926	4335	5280	6839	2675	5429	7340
AAEL001795	1010	572	714	962	1593	659	516	242	616	357	418	263
AAEL001832	798	511	497	437	451	660	591	660	660	528	778	923
AAEL001833	290	199	165	274	454	240	142	90	135	175	197	200
AAEL004732	31	13	23	17	25	27	113	80	123	78	43	76
AAEL004719	457	215	206	359	347	363	272	294	388	355	461	611
AAEL023948	14	3	15	10	21	24	18	943	51	13	7	18
AAEL025526	0	0	1	0	6	1	0	2	1	1	0	1
AAEL004727	706	351	497	570	469	613	449	491	693	473	573	932
AAEL024552	11	5	12	3	4	5	2	2	3	6	2	6
AAEL004712	2	0	0	4	2	1	2	0	3	5	0	2
AAEL004735	0	0	0	0	0	0	2	2	2	0	0	5
AAEL004715	513	447	308	18	33	197	2434	1807	2073	662	1534	2545
AAEL004716	3553	3359	2213	1318	1392	3510	3581	4311	4064	1855	2822	5462
AAEL004718	240	198	184	150	151	131	115	185	109	171	112	245
AAEL020326	0	0	0	0	0	1	1	0	2	0	0	0
AAEL004710	775	651	641	608	857	834	619	597	540	705	635	1381
AAEL025012	0	1	1	0	0	2	1	1	1	3	3	0
AAEL023352	7	6	38	16	29	44	31	18	35	26	7	26
AAEL004726	177	143	161	121	162	183	110	126	145	108	85	106
AAEL004711	6	9	7	8	1	3	7	13	3	9	9	15
AAEL028037	4286	2960	2929	2022	1651	3236	3026	3211	4095	2979	3223	5257
AAEL021478	4	0	0	0	0	4	5	0	1	1	0	1
AAEL026180	1	0	0	0	0	0	0	0	0	0	0	0
AAEL029018	2	9	6	0	2	0	3	2	1	1	1	0
AAEL004717	14	24	7	0	5	5	59	38	59	27	45	66
AAEL004731	240	180	152	69	47	144	441	296	528	227	355	377
AAEL004734	754	574	666	484	512	582	522	673	645	542	416	731
AAEL004713	755	557	680	538	499	535	563	396	457	538	479	531
AAEL004724	80	47	70	39	64	42	36	37	55	67	53	70
AAEL004709	1738	1172	1397	818	852	1558	1246	1196	1651	1185	1390	2218
AAEL026708	2	0	1	2	3	0	1	2	4	0	0	1
AAEL004728	1415	1237	1972	277	592	286	324	437	268	496	273	707
AAEL025094	62	52	58	43	82	27	30	47	23	21	20	38
AAEL023457	11	7	6	3	9	7	6	11	7	3	5	2
AAEL023262	15	10	14	9	9	7	20	9	11	2	6	3
AAEL004730	174	113	147	101	138	92	95	140	93	51	54	84
AAEL004729	367	271	278	239	325	174	165	258	204	77	98	163
AAEL004736	24	7	15	8	5	12	6	10	11	4	2	3
AAEL004725	434	343	288	370	332	463	503	534	856	606	630	697
AAEL022597	14	2	4	6	3	4	2	1	0	4	1	10
AAEL022850	0	3	0	0	0	0	2	0	2	0	1	1
AAEL004733	1440	1111	1485	1757	1884	1739	761	876	930	1064	1025	1630
AAEL009951	905	874	725	541	581	765	499	1287	878	832	844	569
AAEL009948	1023	1761	1662	1076	1119	770	500	1840	1251	1199	814	1459
AAEL020529	1	0	2	2	0	2	0	1	3	2	0	3
AAEL025572	134	103	68	73	70	124	137	137	172	120	145	239
AAEL010154	282	355	229	412	464	355	87	134	110	76	169	271
AAEL023484	0	0	0	0	0	0	0	0	0	0	0	0
AAEL010157	6	3	3	22	22	10	6	1	2	2	14	2
AAEL019583	2542	3457	2924	707	473	800	3812	4715	2351	2501	1849	6338
AAEL005649	25	8	13	6	1	19	46	25	38	25	22	44
AAEL010158	0	0	1	0	3	0	1	0	21	0	0	3
AAEL010151	287	125	172	319	363	290	280	542	477	473	304	289
AAEL027799	0	0	0	0	0	0	0	0	0	0	0	0
AAEL020510	0	0	0	0	0	0	0	0	1	2	0	0
AAEL028184	0	0	0	0	0	0	2	0	2	0	2	6
AAEL018346	71	48	118	52	55	45	116	53	79	52	135	77
AAEL005645	89	88	26	49	55	39	76	89	118	65	96	131
AAEL005662	2391	1862	1523	2370	2278	3179	1811	2111	2334	1946	2328	4015
AAEL005651	4919	2775	2718	2649	2761	3987	3473	3490	4214	2487	3772	4589
AAEL025384	7	8	6	4	5	4	3	3	0	6	1	11
AAEL005648	41	27	38	38	26	27	17	25	31	19	10	22
AAEL005660	98	126	75	55	89	112	107	196	200	152	118	156
AAEL005643	1177	976	718	469	241	883	1129	1324	1303	867	1022	1406
AAEL005663	217	222	209	221	348	310	252	274	351	245	274	249
AAEL005653	1221	934	964	697	654	772	855	573	895	683	750	1033
AAEL005646	493	381	356	248	269	377	504	669	646	536	454	654
AAEL005657	21	17	5	6	8	4	24	14	19	11	25	38
AAEL017446	2	0	4	0	1	0	0	0	3	2	1	3
AAEL005655	1001	746	637	661	446	926	593	977	863	695	943	1586
AAEL005656	2695	2219	961	1542	1428	2421	5753	5871	10131	2019	6121	4703
AAEL005659	331	217	226	193	237	236	229	300	364	317	286	339
AAEL018347	275	205	180	163	210	137	168	193	297	195	242	244
AAEL020008	23	12	5	6	7	9	23	31	16	12	21	19
AAEL020009	0	0	2	0	0	0	2	0	1	0	0	9
AAEL014102	11	15	8	1	3	8	60	52	54	40	46	51
AAEL025382	0	0	0	0	0	0	0	0	0	0	0	0
AAEL010866	340	189	278	399	438	352	146	155	205	284	255	589
AAEL010867	959	539	523	3199	3341	2707	561	654	1499	995	2891	3505
AAEL010868	47	8	2	27	21	47	66	50	81	51	30	23
AAEL012266	764	800	776	2847	1497	912	564	1172	850	603	577	1155
AAEL020149	3	12	2	2	22	27	12	12	8	10	16	35
AAEL012262	2493	2227	1648	1596	2495	3100	1877	2165	3107	1664	2580	3966
AAEL012267	1005	751	720	595	529	754	869	969	882	912	1299	2230
AAEL012264	425	380	316	320	471	540	262	257	447	262	370	312
AAEL012268	12	20	4	8	3	6	15	11	18	12	50	212
AAEL012261	528	411	364	513	538	633	352	325	395	345	424	494
AAEL012265	2234	1537	1717	1474	1485	1475	1441	1105	1428	1317	1280	1594
AAEL012263	227	175	161	153	135	207	128	206	240	148	145	257
AAEL021089	0	0	0	0	0	0	0	0	0	0	0	0
AAEL007670	63	55	55	5	9	61	147	136	197	78	115	209
AAEL020408	1	0	0	0	0	0	0	0	0	0	1	2
AAEL014653	63	61	45	43	28	55	71	54	83	37	75	70
AAEL012929	700	758	537	223	240	701	892	1019	1066	617	816	1167
AAEL012930	2888	2275	1896	1531	1196	2254	1737	2774	2912	1337	2172	2981
AAEL023465	14	10	17	5	5	5	9	4	9	8	6	9
AAEL025510	0	0	0	0	0	0	0	0	0	0	0	0
AAEL028053	0	0	0	0	0	0	0	0	0	0	0	0
AAEL005287	23	8	14	5	27	3	11	5	16	8	6	9
AAEL020647	4	3	0	1	4	0	2	0	2	0	1	1
AAEL004325	72485	48996	52877	63191	86741	62061	52682	35650	67596	48886	55107	52491
AAEL004308	1458	1049	1544	1718	1626	1564	731	666	926	943	964	1342
AAEL025155	2	25	6	0	2	3	3	7	22	7	8	16
AAEL022262	7	0	1	1	0	5	2	4	5	1	4	0
AAEL004319	846	791	604	295	350	736	843	878	1035	821	1061	2022
AAEL004307	2056	1236	1225	1032	771	1834	2127	2467	2876	1718	2526	3693
AAEL004313	6437	4968	5939	2039	3157	1959	829	613	932	689	1407	1394
AAEL021025	0	0	0	2	0	0	0	0	0	7	0	6
AAEL020587	53	34	17	11	4	16	68	58	66	58	49	113
AAEL018320	2940	1984	1960	1147	726	1665	2668	2732	3126	2315	2591	4245
AAEL004323	3	1	0	2	1	1	18	6	6	7	9	12
AAEL004305	1226	1232	772	464	388	1181	1020	1573	1512	831	1050	1638
AAEL017495	0	0	0	0	0	0	0	0	2	0	0	0
AAEL013174	161	84	85	83	49	139	187	172	237	159	197	300
AAEL013172	893	711	728	387	386	664	719	979	1033	627	752	1270
AAEL013176	625	508	486	511	585	566	460	446	653	357	433	455
AAEL013177	163	125	137	177	140	139	125	84	159	147	109	164
AAEL027111	1461	1141	1078	971	797	1053	1225	1488	1518	1187	1153	1750
AAEL013171	1425	1151	934	1696	1858	2449	863	1457	1272	1113	1797	2602
AAEL025171	750	702	474	369	294	744	768	902	960	550	787	1286
AAEL013170	1767	1382	1362	909	850	1660	996	1176	1401	1352	1410	2145
AAEL023938	15	23	10	8	11	1	6	8	7	3	4	3
AAEL001901	23	9	10	5	2	13	79	33	74	30	52	128
AAEL025100	0	0	0	0	0	0	0	0	0	0	0	0
AAEL021965	0	0	0	0	0	0	0	2	0	0	0	0
AAEL001887	9606	7649	7582	4508	5517	8926	2011	2450	2664	1795	4769	7484
AAEL001899	35	25	24	36	47	47	36	55	66	56	45	32
AAEL001893	69	64	60	49	34	49	50	119	92	96	80	91
AAEL001911	0	0	0	0	0	0	0	1	0	0	0	0
AAEL001903	10	12	24	3	13	15	17	14	16	23	23	20
AAEL001896	3851	3038	2373	2486	2450	3640	3002	4324	5503	2587	3415	3608
AAEL001910	1102	857	516	512	440	964	827	901	1234	676	990	958
AAEL001906	1401	1249	969	372	559	1285	1598	2186	1985	1027	1467	2001
AAEL017659	6	4	6	5	11	3	7	13	12	3	7	2
AAEL025269	4	1	1	0	5	0	1	1	3	0	1	3
AAEL001902	134	92	66	48	61	74	76	78	51	56	54	115
AAEL001915	623	461	391	227	115	349	572	666	611	420	417	782
AAEL025215	2	0	0	1	3	1	8	3	0	1	0	0
AAEL021642	0	0	0	0	0	0	0	0	0	0	0	0
AAEL001913	1090	684	672	501	382	882	803	1375	1292	770	1238	1785
AAEL022834	0	0	2	0	0	0	2	0	0	1	1	2
AAEL001905	34	78	43	33	47	20	45	27	46	21	16	38
AAEL001904	1423	1319	1043	990	947	1661	983	1424	1681	1088	1434	2270
AAEL024401	0	0	0	0	0	0	0	0	0	0	0	0
AAEL001909	6	1	0	5	0	2	3	2	3	0	1	4
AAEL001881	61	39	37	35	50	65	34	32	45	31	69	59
AAEL001891	407	307	308	138	107	215	335	585	465	364	226	610
AAEL001889	0	0	2	0	0	0	0	0	1	0	0	0
AAEL001898	4712	4013	3098	2592	1929	3428	3971	4170	5733	3084	4317	5217
AAEL001900	136	38	51	13	9	57	154	162	274	137	132	115
AAEL026657	0	0	0	0	0	0	0	0	0	0	0	0
AAEL001895	1	0	0	0	0	0	3	0	2	3	1	4
AAEL020699	0	0	0	0	0	0	0	0	1	2	0	2
AAEL024182	0	0	0	0	0	0	0	0	0	0	0	0
AAEL026932	0	0	0	0	2	2	2	0	1	2	0	0
AAEL001912	15	20	19	14	19	25	37	37	47	27	31	29
AAEL019902	402	287	266	6316	5277	4937	233	228	317	505	5485	4662
AAEL019903	304	229	221	3431	3765	3882	187	221	235	646	4944	4124
AAEL018837	0	0	0	0	0	2	0	0	0	0	8	3
AAEL001897	176	61	116	905	1064	838	95	92	168	264	1206	1147
AAEL001882	44	37	16	142	253	136	31	73	82	120	170	252
AAEL001888	2707	1822	3050	2009	3411	1260	908	537	557	672	653	1577
AAEL001914	666	382	394	385	351	592	744	1004	878	673	893	1665
AAEL017030	2974	2227	2062	1566	1859	2857	2469	2685	4276	2812	3274	3348
AAEL001879	439	316	262	297	303	442	294	300	429	295	338	325
AAEL001883	355	336	350	241	301	290	221	410	333	251	292	438
AAEL001886	227	165	155	89	102	175	140	183	205	159	111	264
AAEL001894	45	11	10	4	0	5	109	61	61	72	57	78
AAEL001364	20	16	14	25	35	31	24	6	25	28	36	70
AAEL001368	95	74	36	24	39	118	135	161	196	81	148	145
AAEL027571	0	1	0	0	0	1	1	1	1	1	1	1
AAEL008501	133	107	127	111	143	195	115	169	252	153	191	392
AAEL008500	12465	13714	8168	1794	2289	11291	9103	17179	13421	6727	10271	16744
AAEL008505	147	102	125	86	87	111	133	82	143	103	97	141
AAEL008492	542	403	349	451	585	371	463	291	444	444	376	442
AAEL008497	466	315	448	620	751	688	354	325	311	552	579	976
AAEL008496	57	25	31	19	5	10	55	69	68	46	39	44
AAEL008493	72	72	94	47	76	86	58	80	67	80	86	74
AAEL008498	0	2	3	0	3	1	7	4	6	5	5	4
AAEL025921	2612	2232	2030	1876	2344	1526	1246	1270	1275	786	1325	1992
AAEL008502	752	408	506	572	573	585	658	742	1038	728	741	776
AAEL008495	205	198	117	48	56	118	298	513	347	207	286	419
AAEL020973	0	0	0	0	0	0	2	0	0	0	0	2
AAEL021689	0	0	0	0	0	0	0	0	2	0	0	1
AAEL005133	0	0	0	2	0	0	0	0	0	0	0	0
AAEL024554	3	0	0	0	0	0	1	2	0	1	10	5
AAEL018228	232	61	81	110	44	44	170	112	112	142	90	186
AAEL011890	3167	2972	2271	3763	5999	4091	1868	2228	2707	1586	2372	2846
AAEL020097	198	50	65	6274	5111	1813	390	1304	3107	1171	5363	6593
AAEL011882	7	9	23	22	41	16	8	12	16	13	26	9
AAEL011888	1	0	0	0	9	1	1	8	4	2	1	4
AAEL011889	0	0	0	2	0	0	0	3	0	0	0	0
AAEL011891	0	0	0	1	1	2	1	0	0	0	0	15
AAEL016975	0	0	1	13	1	6	0	0	1	6	1	31
AAEL011887	168	67	84	97	82	111	75	128	104	93	66	154
AAEL011881	2032	1366	1339	1585	1573	1655	962	1357	1747	1180	1334	1578
AAEL026058	6	14	11	10	31	13	6	4	10	14	19	25
AAEL010116	672	514	563	655	699	601	504	620	821	631	667	890
AAEL010120	43	57	28	3	19	51	79	92	110	56	79	106
AAEL010119	187	125	164	110	155	151	160	154	146	178	122	215
AAEL019711	869	637	574	287	246	711	761	912	841	556	642	1294
AAEL010117	33	27	19	3	4	3	21	14	19	6	12	17
AAEL010123	785	535	560	605	732	504	551	695	625	799	626	1374
AAEL009760	3769	2813	2176	1564	2189	7284	4190	2853	6029	2405	2805	1246
AAEL009761	77	54	64	14	26	61	211	173	185	197	143	237
AAEL022003	40	37	20	25	41	54	58	54	92	35	58	58
AAEL018890	0	0	0	0	0	0	1	0	0	0	0	0
AAEL006975	0	0	7	0	0	0	3	2	4	4	0	8
AAEL006962	630	414	396	4005	5386	3758	518	496	908	814	3443	3526
AAEL006971	39	14	20	5128	8890	9362	22	20	114	356	4084	5540
AAEL006968	4153	3711	4631	6835	11185	7211	2183	2958	3468	3299	4435	5787
AAEL006969	55	46	59	125	163	142	23	20	34	31	59	66
AAEL006964	356	274	310	444	777	721	234	298	446	246	413	408
AAEL006983	421	341	367	291	291	355	384	279	302	433	230	468
AAEL006977	3506	2513	2482	2478	2548	3544	2295	2960	3412	2271	3191	4001
AAEL006966	1118	669	818	1295	2160	1220	525	725	600	818	740	1100
AAEL006970	0	7	4	0	0	2	8	5	5	2	8	5
AAEL006980	18	27	11	14	15	38	16	21	30	19	53	142
AAEL025227	0	0	0	0	0	0	0	0	0	0	0	0
AAEL021366	0	0	0	0	0	0	0	0	1	0	0	0
AAEL027397	11	6	8	4	4	5	6	7	14	8	11	9
AAEL026917	183	188	388	59	26	173	78	527	93	296	172	181
AAEL023813	0	0	0	0	0	0	0	0	0	0	0	0
AAEL006982	96	68	55	97	136	202	80	124	110	187	170	224
AAEL006961	7	9	8	0	9	4	7	5	4	7	8	4
AAEL006978	697	222	288	2305	2281	2237	319	483	723	878	1478	2115
AAEL026610	0	0	0	1	4	4	1	0	0	0	0	1
AAEL006965	126	78	54	46	93	158	69	87	97	75	69	106
AAEL006972	521	396	377	411	416	451	358	346	588	316	446	411
AAEL006963	578	396	410	413	237	384	333	557	535	367	363	542
AAEL027726	1	1	0	0	1	1	2	2	0	2	0	3
AAEL028171	0	1	0	0	0	0	0	1	0	1	1	0
AAEL006973	490	247	216	242	286	440	441	566	684	331	447	650
AAEL006976	2390	2136	1474	704	748	1813	2822	3414	4543	1826	2807	3745
AAEL013253	1108	870	658	699	552	979	949	1105	1405	962	1219	1355
AAEL013258	909	628	378	365	245	551	575	640	785	346	622	811
AAEL013260	163	128	181	181	163	152	121	119	163	110	125	159
AAEL013254	69	30	15	46	21	19	43	30	67	45	41	55
AAEL013249	2303	2095	1351	925	926	2669	1592	2199	3135	1121	2062	2354
AAEL027582	5	0	2	0	0	0	5	1	1	2	2	0
AAEL013256	683	505	646	537	600	489	497	456	515	651	448	614
AAEL018806	0	0	0	0	0	0	0	0	0	0	0	0
AAEL016989	247	244	113	148	127	206	211	238	224	213	186	207
AAEL023351	4	4	4	3	21	1	11	2	2	1	3	3
AAEL026745	2	5	2	3	10	2	7	5	1	5	3	3
AAEL013261	186	137	138	115	142	152	127	126	193	155	134	152
AAEL013257	28	16	16	21	16	35	24	34	28	44	28	14
AAEL013251	48	18	18	11	7	18	140	103	100	78	76	82
AAEL013248	360	292	290	325	280	325	290	246	316	330	305	301
AAEL013250	515	470	306	237	205	457	459	577	578	337	434	709
AAEL013252	836	680	626	613	766	984	623	853	883	851	861	1287
AAEL019007	1	0	0	0	0	0	0	0	1	0	0	2
AAEL024644	0	1	0	0	0	0	0	1	0	0	0	0
AAEL019487	1995	1256	1627	2996	3534	2436	1217	1307	1505	1780	1783	2179
AAEL014280	92	55	95	67	90	71	54	58	61	85	47	105
AAEL014283	219	229	241	137	204	193	167	243	143	181	129	275
AAEL019749	0	3	0	0	0	2	1	1	0	0	2	1
AAEL019750	8	2	5	4	0	0	1	5	1	1	1	4
AAEL014286	736	644	591	337	317	454	571	681	711	567	456	888
AAEL014287	403	508	408	288	284	318	269	262	252	420	283	437
AAEL014282	543	463	480	438	480	449	392	346	557	451	489	474
AAEL014281	562	404	474	490	572	480	304	350	433	315	383	391
AAEL020937	17	5	1	7	12	18	17	3	13	6	15	38
AAEL014284	6	4	4	8	18	8	8	7	13	6	17	8
AAEL029023	0	0	0	0	0	1	1	0	0	0	0	1
AAEL003331	123	72	119	63	62	45	74	50	85	51	89	137
AAEL017156	970	748	951	721	633	764	720	791	1131	609	764	907
AAEL003344	490	449	450	426	624	390	342	327	483	407	370	451
AAEL003326	2078	1906	1539	1082	1001	2018	1287	2018	2211	1238	1777	2779
AAEL003343	711	551	573	240	179	427	419	741	453	499	597	1338
AAEL003336	527	399	481	630	843	607	159	319	367	288	397	545
AAEL019427	366	180	139	184	168	262	315	601	493	250	317	627
AAEL003337	2	2	1	1	0	1	6	33	3	1	2	2
AAEL003358	5	4	0	2	1	1	8	19	11	10	3	5
AAEL017252	1	0	1	1	2	0	6	18	1	7	3	2
AAEL017359	0	1	0	0	1	0	0	11	4	1	0	4
AAEL017111	2	0	0	1	0	0	4	17	3	8	1	3
AAEL003351	51	4	1	19	3	11	10	26	11	23	10	52
AAEL026140	0	2	1	1	0	0	0	5	8	1	2	1
AAEL003345	15877	5524	5459	6581	6934	11601	4688	13159	10556	8234	14194	20502
AAEL003342	184	169	129	68	48	171	105	133	113	116	118	142
AAEL019883	6388	4102	4315	4320	3369	4692	4601	4673	5236	4658	6937	10728
AAEL003356	178	70	86	48	78	69	125	110	117	114	80	223
AAEL026782	1381	1062	1218	999	872	1279	1010	1419	1320	1058	1196	1871
AAEL024329	0	0	0	0	0	0	0	0	0	0	0	0
AAEL020657	1	2	0	1	0	0	2	2	0	2	1	0
AAEL025736	90	49	56	62	40	62	79	110	155	137	112	171
AAEL017591	0	0	0	0	0	0	0	0	0	0	0	0
AAEL018779	0	0	0	0	0	0	0	0	0	0	0	0
AAEL018776	0	0	0	0	0	0	0	0	0	0	0	0
AAEL010243	1108	633	700	698	559	705	437	569	651	522	631	822
AAEL015255	922	670	649	598	521	652	793	857	1050	697	759	1198
AAEL010232	12	4	11	1	5	5	4	2	5	8	5	5
AAEL010226	1203	599	474	468	203	617	634	718	914	445	714	961
AAEL010239	86	86	96	78	87	106	107	110	96	79	91	120
AAEL021307	4310	2782	2748	2965	2896	3165	1963	3357	3747	2005	2550	3193
AAEL027683	1	2	1	5	1	4	0	4	4	2	5	2
AAEL010235	1408	1531	1665	799	2381	2507	1190	1997	2899	1172	1602	1005
AAEL010228	1592	1359	1661	848	1590	2088	1530	1940	2438	1320	1431	994
AAEL010242	737	804	974	466	1052	658	736	840	720	498	684	445
AAEL027483	1234	967	812	657	567	850	927	1357	1083	784	1086	1750
AAEL010227	1026	664	930	566	883	404	282	310	301	384	339	473
AAEL010230	3886	2630	3746	3612	5633	3041	2180	2400	2833	2767	2136	2215
AAEL010240	931	781	667	528	626	851	646	586	755	691	628	497
AAEL028068	0	0	0	0	0	0	0	0	0	1	0	0
AAEL010229	1918	1355	1169	945	1253	1164	1268	1320	1172	1820	900	1810
AAEL020186	362	207	152	120	168	267	237	228	308	210	246	247
AAEL023485	5	0	7	1	0	0	13	4	0	6	1	6
AAEL010343	1231	943	894	797	600	786	1104	1629	1492	1192	982	1585
AAEL010345	1576	1409	1437	668	795	985	1049	1055	1051	1053	894	1473
AAEL010341	1022	815	724	585	700	940	515	813	837	554	724	896
AAEL010348	472	212	208	196	274	267	279	349	377	353	427	494
AAEL022581	4	3	2	1	3	1	13	2	7	2	3	4
AAEL010347	51	29	28	5	15	20	71	119	105	52	51	121
AAEL021044	0	0	0	0	0	0	0	0	0	0	0	0
AAEL010336	476	365	405	362	386	426	278	340	433	260	301	378
AAEL024597	133	91	94	73	87	95	89	98	125	60	83	115
AAEL023297	0	0	0	0	0	0	0	0	0	0	0	0
AAEL010342	702	570	663	503	369	433	434	739	555	543	409	728
AAEL010340	4286	2683	2745	2188	2202	2574	2277	2876	3434	2653	2319	3517
AAEL010346	7	9	9	12	6	10	10	10	9	13	8	13
AAEL010349	355	224	283	277	289	278	255	275	325	228	258	272
AAEL010339	466	394	404	448	569	375	279	283	325	350	256	281
AAEL010333	257	186	180	225	270	204	146	138	228	150	138	185
AAEL017368	5418	4150	3341	2492	2489	4427	2825	3735	4799	2260	3331	3966
AAEL010337	1212	616	1200	1829	2882	949	763	1609	1059	1083	1052	1503
AAEL026674	0	1	3	0	3	0	20	11	7	9	10	15
AAEL010344	1305	1972	1290	216	214	308	1339	267	369	328	465	1273
AAEL010338	3383	6706	7018	991	1305	538	472	296	519	364	252	413
AAEL010334	185	97	101	146	129	217	167	178	263	176	172	191
AAEL026269	113	65	99	57	42	54	162	126	230	159	162	149
AAEL009338	208	169	130	206	390	240	210	198	210	205	196	206
AAEL009333	7	2	2	5	5	5	5	9	13	7	8	5
AAEL009334	135	85	81	98	177	108	102	96	136	91	140	129
AAEL025355	36	18	12	30	72	59	22	20	51	36	94	95
AAEL028168	326	260	322	264	255	243	203	257	243	232	162	399
AAEL009345	3149	2267	2876	3762	5183	2970	1807	1745	2246	1998	2004	2265
AAEL026621	1	0	13	1	0	1	0	0	3	0	1	1
AAEL021743	0	0	0	0	0	0	0	0	0	0	0	0
AAEL017371	209	144	179	216	344	230	98	153	172	155	175	236
AAEL009340	333	291	267	232	203	241	201	255	292	236	173	309
AAEL025727	0	3	1	1	2	0	1	0	2	2	2	1
AAEL026761	60	45	38	68	30	50	28	66	62	30	58	70
AAEL023681	32044	21398	28063	27107	46303	26682	19419	15053	26076	21089	19325	17581
AAEL026803	12	14	3	3	21	13	15	10	25	10	15	12
AAEL009342	437	390	386	258	305	344	345	353	394	402	310	514
AAEL012125	480	390	376	289	309	465	468	611	653	655	667	996
AAEL016697	0	0	0	0	0	0	1	0	0	0	0	0
AAEL025701	2	2	1	0	0	2	3	1	1	1	1	1
AAEL023406	1	0	0	0	0	0	0	0	3	0	2	0
AAEL028723	0	0	0	0	0	0	0	0	0	0	0	0
AAEL012114	714	487	496	570	749	728	619	664	789	572	471	649
AAEL018232	175	81	112	46	33	101	185	232	165	123	136	229
AAEL012117	3315	1773	2010	1657	1353	2536	2575	3490	4356	2340	3253	3837
AAEL012113	2579	1613	1966	2815	2626	2758	2074	1693	2826	2197	2829	3118
AAEL012126	138	130	153	109	106	91	136	103	145	148	136	163
AAEL012119	212	252	111	98	244	515	170	138	403	85	280	255
AAEL014064	1188	943	1410	2558	3333	2093	512	566	658	1132	1259	1822
AAEL014070	402	313	368	331	270	362	269	411	461	427	331	479
AAEL012122	1773	1304	1734	2004	2268	1979	798	1362	1319	1087	1224	1898
AAEL014068	1048	811	916	765	807	780	615	635	657	756	619	1018
AAEL012120	1252	799	699	1836	1079	1177	584	855	1172	738	811	1213
AAEL014071	1403	1144	924	570	626	1186	955	1337	1551	740	1008	1388
AAEL014066	253	90	187	185	112	186	194	78	283	114	155	251
AAEL014076	70	55	55	25	30	25	35	49	36	36	31	76
AAEL022006	0	3	0	1	0	2	1	0	6	1	0	0
AAEL014622	2211	1878	1357	352	432	1767	1873	2086	2297	1179	1923	2822
AAEL014067	0	1	0	1	0	0	2	3	0	0	2	4
AAEL014069	34	49	21	34	114	48	46	40	74	74	75	65
AAEL019800	108	45	26	94	36	69	86	98	90	48	91	70
AAEL007120	16	11	16	1	3	2	107	44	154	76	82	31
AAEL022306	68	7	2	42	10	67	21	3077	426	561	30	98
AAEL014238	5868	4421	5524	4062	4037	3555	3487	4056	3509	3503	3970	5385
AAEL014242	1	0	0	1	0	3	1	0	0	3	1	3
AAEL010731	701	452	500	979	933	1194	561	629	728	863	1279	1666
AAEL010732	490	337	370	325	292	361	284	471	449	280	304	483
AAEL010743	1580	993	1233	2068	2354	1679	1090	1231	1653	1133	1888	1619
AAEL010733	209	118	173	67	124	137	219	137	273	195	171	246
AAEL010742	1886	1001	971	1257	1343	1403	1478	1612	2531	1306	1581	1286
AAEL010738	1783	948	984	1477	1090	1485	1661	1529	2327	1621	2063	2768
AAEL010739	27	11	7	17	28	38	17	15	47	21	20	49
AAEL026112	0	0	0	0	0	0	0	0	0	0	0	0
AAEL000599	27	27	24	19	24	24	33	38	63	31	20	36
AAEL000618	49	22	46	64	138	61	71	31	96	40	86	79
AAEL000600	7	10	6	23	29	15	9	7	18	16	31	30
AAEL000596	983	671	668	837	1148	983	1036	1421	1633	1058	1180	1019
AAEL000630	18	8	11	17	17	8	11	28	27	12	13	24
AAEL018350	1837	1447	1167	1068	934	1721	1550	2033	2220	1397	1998	2550
AAEL020192	109	72	62	2076	2047	1754	87	75	445	409	1593	1144
AAEL000597	300	275	151	54	51	274	487	486	766	294	541	744
AAEL023243	87	42	43	18	13	33	296	192	229	186	183	327
AAEL000605	371	261	268	526	684	529	184	289	246	227	368	530
AAEL000628	0	0	2	0	0	0	0	1	0	0	0	0
AAEL000614	1	0	0	0	1	0	1	0	0	0	0	0
AAEL000613	0	0	2	0	0	0	2	0	3	0	0	2
AAEL000616	0	0	1	2	0	0	2	1	0	1	0	2
AAEL001196	76	5	68	7	5	24	127	139	98	91	48	181
AAEL023248	0	0	0	0	0	0	0	0	0	0	0	0
AAEL025074	0	0	0	0	0	0	0	0	0	0	0	0
AAEL018183	24	23	17	20	33	28	23	43	48	17	21	28
AAEL001221	1	0	0	0	0	0	2	0	0	0	0	0
AAEL001208	18	12	11	7	9	11	30	54	29	31	17	30
AAEL001199	1	1	0	1	11	3	4	1	1	9	3	5
AAEL001218	7068	4469	5112	7056	10501	5798	3424	3477	5317	2571	4484	4310
AAEL001211	666	508	584	471	500	451	477	372	510	638	377	615
AAEL001200	279	211	229	176	264	249	166	276	300	223	200	272
AAEL024349	1	1	0	0	0	4	0	0	1	0	0	5
AAEL001204	2847	1978	1926	2338	1780	2099	1895	1878	2182	1902	2070	2745
AAEL001207	189	254	227	90	27	164	255	256	288	172	255	286
AAEL025848	0	0	0	0	0	0	1	2	0	2	0	0
AAEL027685	0	0	0	0	0	0	0	0	0	0	0	0
AAEL001198	801	572	669	667	663	583	707	1281	927	1042	618	1308
AAEL001201	521	359	362	283	248	477	395	684	675	409	425	684
AAEL001210	1795	1271	1515	1649	2751	1607	1198	1194	1522	1314	1319	1310
AAEL001215	1457	1136	1106	849	743	912	1100	1756	1608	1234	995	1958
AAEL027660	0	0	0	0	0	0	0	0	0	0	0	0
AAEL001216	8317	6247	5987	5632	5049	6563	6532	4652	7439	6080	6340	6778
AAEL001205	1199	884	659	543	577	1124	960	1331	1302	900	1289	1986
AAEL001206	6829	4543	5478	8469	9990	7264	3864	3871	5587	3535	5730	6313
AAEL001195	9	4	12	16	13	10	4	9	3	12	5	20
AAEL001203	98	58	68	38	49	70	84	71	104	79	64	86
AAEL001223	354	222	248	267	183	267	281	292	367	247	382	475
AAEL001202	125	91	86	118	106	121	90	61	97	96	119	91
AAEL001209	2698	1639	1759	813	982	1337	2418	4733	4277	2722	2870	2401
AAEL001212	1561	1107	1065	1104	952	1365	913	1133	1378	1133	1431	1908
AAEL021281	0	0	1	0	1	1	0	0	3	0	0	0
AAEL001219	5	10	8	25	6	14	14	20	10	11	14	11
AAEL001220	364	254	305	150	115	218	515	1774	1767	803	402	541
AAEL006419	359	181	184	142	115	206	184	231	304	195	235	262
AAEL006404	3	0	0	1	2	1	3	5	3	6	8	4
AAEL026470	679	676	435	346	318	813	472	705	855	313	626	706
AAEL006412	2292	1542	1470	971	1042	1526	1619	2248	2406	1552	1803	2311
AAEL006413	395	286	253	214	308	264	326	327	348	308	238	364
AAEL006400	1000	735	722	1111	966	873	692	739	1093	740	907	891
AAEL006409	675	532	604	503	562	478	393	453	549	554	430	738
AAEL006407	337	262	210	145	155	229	273	245	240	311	178	424
AAEL027614	8	3	1	3	0	3	27	15	12	48	25	55
AAEL026494	647	778	602	349	179	332	460	614	488	363	408	898
AAEL021989	0	0	0	0	0	0	0	0	0	0	0	0
AAEL006401	185	179	183	200	286	177	151	190	137	253	144	202
AAEL028720	0	0	0	0	0	0	0	0	0	0	0	0
AAEL028970	0	0	0	0	0	0	0	0	0	0	0	0
AAEL006415	4276	2597	3164	5178	6872	3564	1593	1972	2742	1532	2345	3032
AAEL006429	0	0	0	3	1	0	1	0	1	0	3	15
AAEL006418	6	0	0	3	6	0	2	1	11	8	11	8
AAEL006421	0	0	0	0	0	0	1	0	0	0	0	8
AAEL006430	0	0	0	0	0	0	0	0	1	0	0	2
AAEL006414	0	1	0	1	1	0	1	0	1	0	0	10
AAEL006403	0	0	0	0	0	0	0	0	0	0	0	7
AAEL025491	0	0	0	0	13	0	0	5	3	1	2	1
AAEL006425	16951	5141	12787	6502	6781	13819	10606	14641	19796	16276	14572	8890
AAEL019461	611	485	453	170	233	453	1311	1387	1458	871	939	1397
AAEL006420	1149	833	738	1032	1092	1260	638	1014	1020	896	927	1423
AAEL024812	1111	836	840	828	671	862	854	911	1393	829	947	1049
AAEL021029	119	101	88	57	41	70	121	81	126	108	142	156
AAEL006424	160	140	213	101	126	121	78	193	158	236	172	104
AAEL006417	2713	2598	2913	1069	2928	2888	2538	3725	3165	2275	2410	2463
AAEL029077	5	4	3	5	9	2	12	2	8	2	4	3
AAEL006406	772	681	615	308	562	767	651	1021	848	355	834	509
AAEL006423	780	771	963	430	509	929	837	863	763	854	599	549
AAEL024303	566	434	445	303	559	562	532	769	720	552	556	579
AAEL006399	2	0	2	0	0	0	1	0	3	0	1	1
AAEL024007	0	1	1	1	0	1	3	3	3	0	0	0
AAEL008336	18	7	14	10	13	14	16	28	41	20	34	42
AAEL024743	0	0	0	0	0	0	1	3	0	2	0	0
AAEL026647	0	0	0	0	0	0	0	0	0	0	0	0
AAEL026563	0	0	6	1	0	0	0	16271	4707	3956	0	5
AAEL026372	0	0	0	0	0	0	0	0	0	0	0	0
AAEL010041	50	46	59	44	49	46	48	66	89	47	48	74
AAEL010042	784	686	619	652	634	727	530	627	845	444	651	636
AAEL010040	37	22	23	13	26	43	15	4	10	10	10	15
AAEL010043	293	170	180	147	146	130	221	213	321	163	188	317
AAEL010685	10	10	13	11	15	7	11	9	11	21	15	18
AAEL010681	630	426	393	363	468	433	445	502	671	620	608	544
AAEL018783	0	0	2	0	0	0	0	0	0	2	1	1
AAEL023086	0	0	0	0	0	0	2	0	0	0	0	0
AAEL010680	51	14	46	60	44	41	28	31	13	27	64	30
AAEL010689	939	639	593	471	461	790	752	948	987	677	903	1009
AAEL010684	964	653	595	1199	1296	1362	516	4232	1993	2010	1156	1211
AAEL010688	102	84	48	195	291	277	84	92	187	121	139	270
AAEL021088	8	2	7	0	1	5	3	4	0	2	0	23
AAEL025675	0	0	0	0	0	2	0	0	0	2	1	0
AAEL010682	16	11	17	21	40	20	20	16	22	17	35	37
AAEL008961	184	126	130	54	57	98	145	181	247	173	152	267
AAEL024132	10	23	16	2	3	23	23	21	34	22	30	23
AAEL019495	72	52	23	6	5	49	150	103	153	98	134	123
AAEL018574	0	0	0	0	0	0	0	0	0	0	0	0
AAEL019494	7	0	4	3	4	2	12	10	3	12	18	9
AAEL016673	0	0	0	0	0	0	0	0	0	0	0	0
AAEL009129	1389	1026	949	2406	2971	2691	882	1547	1425	1512	2141	2497
AAEL009131	475	236	474	192	33	303	407	615	736	119	306	81
AAEL009130	153	146	220	151	173	119	94	226	264	136	156	107
AAEL009123	264	269	353	538	1126	412	277	236	497	190	294	225
AAEL026513	0	1	2	1	5	1	1	0	0	1	3	0
AAEL009127	600	233	357	2846	1535	1637	303	307	414	658	1482	1080
AAEL009125	319	295	217	237	321	373	98	372	316	267	229	563
AAEL017297	251	168	211	207	181	272	139	379	330	225	232	338
AAEL022837	1	0	0	0	0	0	0	2	0	0	0	0
AAEL009117	91	71	86	108	102	111	44	130	98	91	77	138
AAEL009128	465	312	379	2221	817	952	249	376	394	580	395	598
AAEL009132	459	284	404	297	438	234	231	308	413	177	236	433
AAEL026399	0	0	0	0	0	0	0	2	0	1	0	0
AAEL009122	6	1	2	6	1	0	7	2	3	1	2	1
AAEL009133	0	0	0	0	0	0	0	0	0	0	0	0
AAEL009137	4	0	2	4	7	6	0	7	3	1	3	4
AAEL009120	86	36	51	66	118	83	66	41	81	56	68	102
AAEL009124	219	114	159	2256	990	821	135	245	250	321	516	585
AAEL009126	277	154	165	826	1119	748	216	201	284	198	275	356
AAEL009138	0	0	0	0	0	0	2	2	0	0	3	0
AAEL023149	0	0	0	0	0	0	1	0	0	0	0	0
AAEL017556	15	14	13	41	91	25	2	5	12	8	19	47
AAEL009121	157	149	66	100	95	78	99	58	110	160	98	120
AAEL025973	8	7	18	0	2	5	30	14	38	25	15	24
AAEL007143	49	13	17	19	18	26	116	97	115	64	106	164
AAEL027729	6	0	1	1	2	3	3	3	4	2	5	6
AAEL007146	81	57	55	56	57	94	144	109	174	92	117	126
AAEL007147	29	12	6	14	4	12	34	12	41	25	18	9
AAEL028228	73	58	58	40	47	45	54	486	126	90	60	131
AAEL019762	713	468	531	508	774	634	472	675	720	629	560	861
AAEL019763	0	1	1	0	0	1	16	9	6	17	2	11
AAEL007241	162	127	132	98	75	101	124	163	153	108	116	158
AAEL007226	1694	1781	1733	82	68	94	337	152	552	113	160	181
AAEL007235	1685	1120	964	1060	770	1099	1544	1590	2235	1212	1284	1251
AAEL007236	4963	3534	4637	3602	4531	3440	2136	3600	2656	3205	3078	5596
AAEL007238	239	146	198	620	786	486	108	130	110	306	313	579
AAEL007246	280	205	218	346	413	374	120	219	199	248	258	421
AAEL007228	472	287	359	351	286	347	312	443	447	490	310	671
AAEL023227	50	46	50	34	64	48	27	52	33	41	39	55
AAEL007237	209	182	173	153	156	171	204	226	271	171	188	288
AAEL007230	310	276	278	285	294	234	146	261	257	226	265	268
AAEL018136	49	38	53	21	48	63	34	60	60	27	33	45
AAEL007244	142	143	132	77	78	126	135	198	187	155	107	158
AAEL007245	1453	1083	855	503	385	1106	1565	1628	1484	997	1185	2007
AAEL007224	100	58	77	56	83	60	59	122	117	101	97	79
AAEL023798	9	3	7	16	17	42	12	31	28	6	31	20
AAEL007233	14	8	10	21	22	24	29	20	26	25	21	23
AAEL007229	1129	763	871	749	771	665	507	602	576	613	549	1003
AAEL007225	14	84	17	22	41	68	24	11	37	45	49	23
AAEL007243	745	545	714	601	917	637	626	553	772	684	582	525
AAEL007234	2233	1830	1140	721	454	1888	2636	2650	2989	1476	2411	3028
AAEL027249	2564	1813	1857	1678	1616	1990	1349	2286	2185	1504	1871	2515
AAEL025283	1	0	0	0	0	1	0	0	0	0	1	0
AAEL022895	6	0	0	0	4	2	4	2	3	1	1	4
AAEL007239	449	345	383	350	424	380	209	352	397	290	281	410
AAEL007227	200	147	142	141	93	148	151	271	210	162	139	292
AAEL028990	0	0	0	0	0	0	0	0	0	0	0	0
AAEL028662	0	0	0	0	0	0	0	0	0	0	0	0
AAEL018990	0	0	0	0	0	0	0	0	0	0	0	1
AAEL018991	0	0	0	0	0	0	1	0	0	0	0	0
AAEL028806	0	0	0	0	0	0	0	0	0	0	0	0
AAEL007221	15	11	11	13	16	30	14	19	16	15	11	11
AAEL007240	974	999	646	326	301	936	1481	1336	1548	844	1305	1858
AAEL025629	0	0	1	0	2	0	1	0	0	0	2	1
AAEL012057	3312	2627	2325	1309	908	2027	3067	3837	3127	2171	2054	4887
AAEL026270	0	0	0	0	0	0	0	0	0	0	0	0
AAEL012058	16	12	10	3	12	17	13	10	13	7	8	20
AAEL023876	0	0	0	0	0	0	0	0	0	0	0	1
AAEL026046	0	1	0	0	0	0	1	1	1	4	1	1
AAEL014635	22	11	11	15	17	14	21	19	35	11	31	21
AAEL001960	429	190	191	1511	1477	1173	312	283	503	473	924	764
AAEL002005	21	2	6	34	33	32	10	7	7	20	25	32
AAEL002031	1467	701	1077	1198	1231	1185	844	862	1050	1124	968	1151
AAEL001992	4100	2867	2378	1869	1117	2968	3776	4571	4567	2689	3561	6494
AAEL027350	290	190	155	85	119	124	128	199	162	126	145	239
AAEL022717	0	0	0	0	0	0	0	0	0	0	0	0
AAEL024275	17	5	2	0	10	5	0	0	4	0	6	11
AAEL026291	1	0	0	0	0	0	0	0	1	0	0	0
AAEL019890	356	309	307	285	274	335	193	340	283	210	241	314
AAEL020031	226	175	112	113	124	153	147	224	228	117	135	234
AAEL019891	193	169	127	70	103	216	151	225	234	147	209	179
AAEL001997	212	331	319	328	498	490	145	238	351	176	288	260
AAEL025373	10	11	19	8	9	11	7	12	3	20	2	24
AAEL027697	0	1	0	5	6	0	3	2	7	0	3	8
AAEL019889	185	130	107	63	84	144	121	124	150	108	108	148
AAEL001984	530	440	318	449	374	528	250	342	408	279	310	383
AAEL001974	437	348	450	469	576	417	308	269	349	343	352	290
AAEL002039	100	65	31	18	43	27	53	43	35	25	10	69
AAEL018979	0	0	0	0	0	0	0	0	0	0	0	0
AAEL016161	0	0	0	0	0	0	0	0	0	0	0	0
AAEL002000	0	0	0	0	0	0	5	2	0	0	3	0
AAEL016162	0	0	0	0	0	0	1	0	0	0	0	0
AAEL016164	0	0	0	0	0	0	0	0	0	0	0	0
AAEL016165	0	0	0	0	0	0	0	0	0	0	0	0
AAEL028859	0	0	0	0	0	0	0	0	0	0	0	0
AAEL028748	1	0	0	0	0	0	0	0	0	0	0	0
AAEL028959	0	0	0	0	0	0	0	0	0	0	0	2
AAEL016170	0	0	0	0	0	0	0	0	0	1	0	0
AAEL001998	5100	3927	3790	7184	5993	4696	2805	2526	3806	3519	4310	4709
AAEL001978	128	111	93	72	103	117	101	135	151	132	107	164
AAEL002011	103	44	48	61	64	75	60	65	92	79	42	100
AAEL001965	6324	4261	4130	76711	90470	58236	2073	2318	3319	9271	39015	31438
AAEL002023	7743	5218	6190	52209	55274	25186	4033	5111	6694	8393	30137	16938
AAEL001963	627	496	529	335	342	318	359	379	490	298	274	288
AAEL019813	757	398	449	351	321	360	448	589	713	372	514	518
AAEL001985	123	137	142	172	252	211	82	59	68	121	83	138
AAEL001969	1820	1173	1146	4805	6176	3712	1413	1410	2068	2103	3077	3139
AAEL002009	472	281	269	279	326	362	258	408	400	389	389	474
AAEL002026	5	0	2	0	0	0	8	0	7	0	5	15
AAEL001994	0	0	0	0	0	0	0	0	0	0	0	0
AAEL001989	0	0	0	0	0	0	0	0	0	0	0	0
AAEL002034	0	0	0	0	0	0	0	0	0	0	0	0
AAEL001975	0	0	0	0	0	0	0	0	0	0	0	0
AAEL002040	0	0	0	0	0	0	0	0	0	1	0	0
AAEL001981	2	0	0	3	0	0	2	0	2	0	0	0
AAEL001999	0	0	0	0	2	1	0	0	0	0	0	0
AAEL002024	0	0	0	0	0	1	1	0	0	0	0	0
AAEL001995	0	0	0	0	0	0	0	0	0	0	0	0
AAEL002041	0	0	0	0	0	0	0	0	0	0	0	1
AAEL002029	0	0	0	2	2	3	0	0	0	0	0	0
AAEL001967	0	1	0	0	0	0	0	0	0	0	0	0
AAEL002021	0	0	0	0	2	1	1	0	0	0	0	3
AAEL002035	0	0	0	0	0	0	0	0	0	0	0	0
AAEL001993	0	2	0	0	2	2	0	0	0	0	0	1
AAEL001991	1	1	3	3	2	0	3	1	0	2	1	2
AAEL002015	0	0	0	1	9	7	0	1	8	0	1	2
AAEL002004	0	0	2	1	6	2	0	0	0	0	0	3
AAEL001988	17	4	7	19	38	51	2	3	4	12	29	9
AAEL001987	0	0	0	0	0	0	0	0	0	1	0	1
AAEL001980	0	0	0	0	0	2	0	0	0	0	0	0
AAEL002038	3	0	1	5	0	4	0	1	0	0	0	0
AAEL002017	0	0	2	3	0	0	0	0	0	0	1	0
AAEL002001	0	0	2	0	3	5	0	1	0	0	1	0
AAEL002007	4	3	10	9	55	8	2	0	2	1	22	1
AAEL002003	2	2	1	4	7	2	0	0	0	1	13	0
AAEL002028	5	0	0	11	28	26	0	0	1	0	12	3
AAEL002022	18	7	8	66	56	95	19	24	18	24	204	33
AAEL001964	7723	3407	3016	26473	29835	21784	3815	3514	5850	7989	24981	13021
AAEL002012	1088	812	742	819	872	1044	528	869	937	612	708	1092
AAEL001962	467	398	334	316	349	465	329	426	410	467	539	628
AAEL024814	656	568	582	584	418	615	641	674	874	473	744	796
AAEL002010	599	394	618	796	2285	457	205	298	350	255	256	370
AAEL019559	2241	1783	1655	1422	1194	2232	1783	2790	3161	1709	2300	2700
AAEL028684	0	0	0	0	0	0	3	0	1	0	0	0
AAEL023970	2	14	7	0	1	6	12	8	14	11	7	8
AAEL002036	5270	3866	3840	4013	3177	3632	2776	3926	4658	3352	3073	4118
AAEL002016	1632	1186	1257	1073	1001	991	721	1152	1159	818	822	1103
AAEL026481	7	2	6	10	3	2	9	3	9	7	22	7
AAEL022098	1029	792	931	1223	1156	904	518	659	820	580	611	742
AAEL002002	0	0	0	0	0	0	0	0	0	0	0	0
AAEL002006	821	541	529	458	339	499	326	494	546	370	503	488
AAEL001972	243	214	252	304	299	267	136	209	198	152	171	246
AAEL001982	288	276	291	246	194	238	193	247	292	229	251	340
AAEL001976	374	238	279	219	192	227	250	274	311	247	184	236
AAEL001958	326	243	284	216	225	259	266	271	299	287	263	351
AAEL018281	790	743	780	719	705	605	501	630	624	707	519	898
AAEL001986	292	240	245	230	170	193	217	214	203	204	198	410
AAEL001959	1290	1481	1190	834	1000	1323	912	1350	1299	1344	1430	2483
AAEL001968	3392	2249	2848	1466	1750	1554	1384	2268	1719	1646	1377	2776
AAEL001971	328	236	255	224	253	298	203	256	288	204	246	358
AAEL002019	295	264	248	242	276	239	223	293	336	205	223	309
AAEL028027	2	2	1	4	1	2	3	2	4	0	2	3
AAEL025427	5	1	0	3	0	0	8	1	2	0	1	2
AAEL025245	718	538	446	296	196	575	669	701	1051	524	566	784
AAEL019588	74	34	41	10	16	53	242	241	227	98	201	209
AAEL011624	429	252	206	607	897	1082	178	324	437	234	538	92
AAEL019482	10766	6030	5983	5895	8513	7699	10687	10480	16375	7570	10348	8899
AAEL013879	192	133	194	172	204	164	114	185	180	167	171	258
AAEL013877	2622	2083	2625	1531	1249	1104	1303	1656	1381	1804	1118	2542
AAEL024274	101	122	136	66	120	124	59	132	104	180	70	162
AAEL021321	0	0	0	0	0	0	1	0	0	0	0	0
AAEL002220	5	4	6	0	2	1	32	20	15	13	12	12
AAEL023761	1	3	4	0	1	0	7	1	6	13	0	6
AAEL002215	868	768	712	607	510	568	470	805	672	574	506	752
AAEL024378	2	0	0	0	2	0	0	0	1	0	0	0
AAEL002184	983	741	770	1126	1540	1462	570	965	906	887	1029	1579
AAEL002194	1600	166	376	8641	14651	8275	270	234	828	1432	8281	7870
AAEL002199	0	0	0	0	0	0	0	0	0	0	0	1
AAEL002217	25	24	3	56	80	76	6	5	43	30	56	50
AAEL002242	110	101	129	231	151	100	12	36	37	72	139	147
AAEL025380	282	189	178	204	303	342	259	299	459	301	299	372
AAEL002192	6	19	12	22	57	23	14	26	18	17	23	26
AAEL002196	57	90	85	35	60	41	240	1250	541	826	96	377
AAEL027365	2	5	0	0	0	0	0	8	0	0	0	0
AAEL002213	3	5	0	0	1	0	1	7	2	2	0	1
AAEL002185	3915	1505	3690	2419	3505	1826	1026	1414	1557	644	1192	1505
AAEL023215	0	0	0	0	3	0	0	0	0	0	1	0
AAEL026304	2761	2718	5693	2580	4935	1422	154	305	292	221	602	1270
AAEL022835	0	0	0	0	2	0	0	0	0	0	0	1
AAEL024828	18	8	8	4	4	4	4	4	3	1	2	2
AAEL017402	21	77	47	91	90	98	8	5	11	29	13	16
AAEL025608	117	133	434	225	197	101	7	12	17	23	34	23
AAEL021930	25	25	102	78	43	40	3	9	5	5	12	5
AAEL002212	0	0	0	0	0	1	0	0	0	0	0	0
AAEL020593	63	29	80	37	71	30	10	15	3	16	5	12
AAEL025172	0	0	0	0	1	0	0	0	0	0	1	0
AAEL027929	0	0	0	0	0	0	1	0	0	0	0	0
AAEL017232	0	0	0	0	1	0	0	0	1	0	0	0
AAEL024249	0	0	0	0	0	0	3	0	3	0	0	0
AAEL027838	0	0	0	0	1	0	0	0	0	1	0	0
AAEL027885	0	2	0	0	0	1	0	0	0	0	0	0
AAEL021730	0	0	0	0	0	0	0	0	0	0	0	1
AAEL026288	0	0	0	0	0	0	0	0	0	0	0	0
AAEL002229	1	2	0	0	0	1	0	0	6	0	0	0
AAEL002243	0	0	0	0	0	0	0	0	0	0	0	0
AAEL002239	0	0	0	0	3	1	0	5	0	0	0	1
AAEL022045	0	0	0	0	0	0	0	0	0	0	0	0
AAEL002223	1	1	0	1	1	0	0	0	0	0	0	0
AAEL025678	0	1	0	1	0	0	0	0	0	0	0	0
AAEL002191	1	1	0	0	0	1	0	1	0	0	1	0
AAEL020818	0	0	0	0	0	0	0	0	0	0	0	0
AAEL002233	0	0	0	0	4	0	0	1	0	1	0	0
AAEL029006	8	3	0	4	2	0	2	4	9	2	0	0
AAEL002189	0	0	0	0	0	0	0	0	0	0	0	0
AAEL002241	0	0	0	0	2	0	1	0	0	0	0	2
AAEL002187	1	1	0	2	0	3	0	0	0	4	0	2
AAEL002245	2	0	0	0	0	0	0	0	0	0	0	0
AAEL002208	6	1	0	0	0	0	0	0	0	1	0	1
AAEL002202	0	0	0	2	0	1	0	0	2	0	0	2
AAEL002246	4	2	7	3	5	1	6	9	2	1	2	8
AAEL002231	70	118	157	76	117	68	57	93	116	61	45	68
AAEL019554	71	35	39	29	59	32	37	53	57	71	53	40
AAEL027299	1	0	0	0	0	0	0	0	0	0	0	0
AAEL024550	0	0	0	0	0	0	0	0	0	0	0	0
AAEL024023	1	0	0	0	1	0	0	0	0	0	0	0
AAEL027491	1	0	1	0	2	0	0	1	2	0	1	0
AAEL002228	2040	1638	2201	1859	1334	1799	2590	3249	4249	2454	2900	2818
AAEL022506	809	828	797	924	738	1031	1155	1610	1901	735	1444	1338
AAEL029069	46	42	83	25	39	44	99	136	127	86	113	200
AAEL002237	1	1	1	0	1	0	2	0	0	0	0	0
AAEL023112	23	19	18	179	173	89	49	15	102	160	128	209
AAEL002195	543	460	421	338	313	476	257	411	444	261	326	434
AAEL002234	32	30	9	2	0	13	109	101	134	61	83	115
AAEL002186	486	358	365	356	365	344	275	335	499	235	329	299
AAEL002235	2443	1768	1642	1527	1408	1801	1426	2363	1960	1479	1522	3361
AAEL002221	397	286	324	284	349	262	289	333	258	318	279	410
AAEL002198	317	251	315	233	298	222	133	197	148	218	153	241
AAEL019753	3039	2659	1767	1241	1012	2781	1924	2650	3338	1605	2546	3066
AAEL002232	254	228	215	317	315	374	218	206	304	191	217	183
AAEL019793	6941	4595	3203	1345	1201	4736	8683	8237	7896	3296	6075	11405
AAEL018785	0	0	0	0	0	0	0	0	0	0	0	0
AAEL002182	1016	706	693	911	791	910	1093	973	1367	876	918	774
AAEL025385	0	0	1	1	0	0	3	0	0	0	0	0
AAEL022675	0	0	0	0	0	0	0	0	0	0	1	0
AAEL002209	54	34	41	40	42	55	85	92	118	86	73	95
AAEL025216	819	620	516	288	207	546	904	756	949	651	907	1166
AAEL002244	58	43	63	29	32	33	63	53	46	60	15	45
AAEL002214	1942	1463	1474	991	898	1121	1246	1441	1325	1329	1398	1940
AAEL002183	1804	1545	1958	1235	2215	1270	711	457	683	961	778	1128
AAEL002216	966	771	802	732	838	938	491	786	952	633	728	820
AAEL002238	750	636	654	543	572	635	383	631	660	450	481	582
AAEL002190	1277	674	748	1031	1148	924	1209	850	1646	784	1010	716
AAEL002225	369	285	242	396	540	296	245	177	334	327	306	300
AAEL002219	475	331	361	210	166	271	295	264	275	294	288	564
AAEL002240	1312	1032	971	994	805	1177	971	1493	1422	993	1352	2494
AAEL002179	293	190	250	282	304	270	201	187	296	188	208	194
AAEL002207	898	612	571	532	700	683	559	549	760	585	617	731
AAEL002222	226	162	192	195	193	196	119	154	198	200	188	232
AAEL020440	191	92	134	167	134	110	182	93	165	127	122	231
AAEL024939	152	119	166	139	271	177	164	115	187	165	141	121
AAEL007975	119	84	119	161	129	138	132	98	156	120	129	195
AAEL024380	17	17	14	20	27	44	38	20	73	26	48	33
AAEL007979	3039	2034	1698	1084	1095	1958	1768	1679	2399	1324	1827	2432
AAEL023440	2	2	0	0	0	1	5	6	5	1	5	4
AAEL007971	1855	1247	1354	994	843	1153	970	1760	1482	1122	963	1588
AAEL025229	39	10	17	19	32	28	33	20	27	33	26	14
AAEL027921	120	78	88	59	59	75	84	148	107	95	60	149
AAEL020775	6	7	4	4	1	4	1	1	0	3	4	3
AAEL024483	0	0	0	1	0	0	3	0	0	1	0	0
AAEL007982	385	309	314	237	228	189	261	283	271	266	225	412
AAEL022218	58	63	45	48	86	50	56	50	47	40	44	68
AAEL026701	119	139	89	159	164	218	117	120	132	125	119	115
AAEL007970	104	115	86	68	93	130	104	112	106	133	74	148
AAEL007974	207	185	167	107	114	171	165	235	214	153	114	281
AAEL026156	73	17	26	2	6	0	1	31	8	7	14	33
AAEL020637	90	85	73	22	36	82	44	85	94	57	65	100
AAEL007981	32	61	29	11	39	75	41	46	63	17	44	69
AAEL024367	167	259	142	45	93	295	208	255	382	191	221	259
AAEL024902	75	83	53	37	40	153	84	71	115	75	87	127
AAEL027551	521	422	352	343	286	538	388	561	621	310	464	590
AAEL020870	0	0	2	0	0	0	0	0	0	0	0	0
AAEL027341	63	130	51	6	25	73	89	70	141	72	75	167
AAEL023501	0	1	0	0	0	0	0	0	0	1	0	0
AAEL007977	162	138	101	29	54	192	129	134	226	119	175	233
AAEL023057	77	109	75	22	30	78	120	73	196	127	119	171
AAEL028026	73	93	52	17	26	53	92	59	148	84	85	138
AAEL007983	57	49	55	33	69	56	56	51	84	56	55	62
AAEL021410	16	5	6	5	11	15	4	9	12	4	22	12
AAEL019649	140	83	112	85	165	69	54	88	86	50	155	229
AAEL019650	2166	1826	1927	915	2060	1248	1003	1184	1524	879	1175	2759
AAEL026517	254	148	195	89	122	210	101	63	102	112	102	233
AAEL002676	26	6	10	26	19	10	16	11	36	16	16	26
AAEL007969	145	84	87	757	558	368	72	66	101	142	380	628
AAEL021995	49	31	56	34	31	25	29	34	21	33	33	23
AAEL027439	23	1	19	9	4	12	7	8	14	2	8	5
AAEL017025	3	0	0	1	0	0	3	1	0	1	3	1
AAEL017460	558	381	890	940	585	760	493	451	755	294	298	208
AAEL017451	13492	13622	16682	4258	5963	2747	3397	4926	4961	4516	3275	5381
AAEL019785	1057	749	656	662	615	1077	993	1494	1271	932	1024	1691
AAEL023459	0	0	0	0	0	0	0	0	0	0	0	0
AAEL018830	0	0	0	0	0	0	0	0	0	0	0	0
AAEL016221	0	0	0	0	0	0	1	0	0	0	0	0
AAEL016222	0	0	0	0	0	0	0	0	0	0	0	0
AAEL002674	0	0	0	0	0	3	1	5	1	1	0	0
AAEL016223	0	0	0	0	0	0	0	0	0	0	0	0
AAEL016224	0	0	0	0	0	0	0	0	0	0	0	0
AAEL016225	0	0	0	0	0	0	0	0	0	0	1	0
AAEL016227	0	0	0	0	0	0	0	0	0	0	0	0
AAEL016228	0	0	0	0	0	0	0	1	0	0	0	1
AAEL016230	0	0	0	0	0	0	0	0	0	0	0	0
AAEL016231	0	0	0	0	0	0	0	0	0	0	0	0
AAEL016232	0	0	0	0	0	0	0	0	1	0	0	0
AAEL016233	0	0	0	0	0	0	0	0	0	0	0	0
AAEL016234	0	0	0	0	0	0	0	0	0	0	0	0
AAEL016235	0	0	0	1	0	0	0	0	0	0	0	0
AAEL002666	9	4	6	14	10	2	5	5	6	8	1	2
AAEL027432	0	0	0	0	0	1	1	1	1	2	2	4
AAEL002669	171	136	215	933	332	274	99	469	398	330	211	484
AAEL002658	805	315	492	581	498	429	340	1392	910	672	580	485
AAEL019950	1482	1062	790	443	440	1487	1225	1425	1666	845	1706	2816
AAEL016239	0	0	0	0	0	0	0	0	0	0	0	1
AAEL028690	0	0	0	0	0	0	0	0	0	0	0	0
AAEL027831	1	4	0	0	0	2	0	7	6	1	1	2
AAEL016241	0	0	0	0	0	0	0	0	0	0	0	0
AAEL016242	0	0	0	0	0	0	0	0	0	0	0	0
AAEL016243	0	0	0	0	0	0	0	0	0	0	0	0
AAEL016244	0	0	0	0	0	0	1	0	0	2	0	0
AAEL016246	0	0	0	0	0	0	0	0	0	0	0	0
AAEL016247	0	0	0	0	0	0	0	0	0	0	0	0
AAEL025797	1	1	1	0	1	1	1	1	0	0	3	0
AAEL016249	0	0	0	0	0	0	0	0	0	0	0	0
AAEL002678	412	286	326	358	514	437	240	356	308	379	405	665
AAEL024706	1	0	0	0	1	0	2	4	1	1	2	8
AAEL025573	0	0	0	0	0	0	0	0	0	1	1	0
AAEL002655	79	46	37	132	644	65	45	82	83	161	201	1961
AAEL002672	101	64	93	101	84	63	44	98	94	73	94	195
AAEL002665	391	244	322	332	503	139	208	357	508	207	405	718
AAEL022064	0	1	0	0	0	0	0	0	0	1	0	0
AAEL002677	0	0	0	0	1	0	0	0	1	1	0	0
AAEL002661	25	26	13	427	396	120	5	2	4	30	55	122
AAEL002675	1500	813	779	1190	2168	973	966	554	1646	487	876	220
AAEL018828	0	0	0	0	0	0	0	0	0	0	0	0
AAEL016251	0	0	0	0	0	0	1	0	0	0	0	0
AAEL018829	0	0	0	0	0	0	0	0	0	0	0	0
AAEL020336	3	3	3	0	1	8	3	2	2	0	3	6
AAEL016253	0	0	0	0	0	0	0	0	0	0	0	0
AAEL016254	0	0	0	0	0	0	1	0	0	0	0	0
AAEL016256	0	0	0	0	0	0	0	0	0	0	0	0
AAEL026123	3	2	1	1	0	0	8	2	4	0	0	2
AAEL025193	0	7	2	0	2	1	0	0	0	0	0	0
AAEL023904	1	8	21	5	9	16	6	1	3	0	3	7
AAEL021463	0	3	0	2	0	2	0	0	1	0	0	0
AAEL002670	24	6	53	42	8	10	0	9	7	4	24	31
AAEL002680	169	240	263	539	320	270	48	67	76	67	142	167
AAEL022333	0	0	0	0	0	0	0	1	0	0	0	1
AAEL023478	0	1	1	1	1	3	0	2	8	8	0	9
AAEL028014	6	0	0	0	0	0	2	2	1	0	3	15
AAEL002671	12	4	0	1	12	0	3	2	9	2	0	21
AAEL002668	530	312	430	1110	743	697	255	338	460	429	731	801
AAEL002656	254	180	156	87	181	214	249	305	249	210	155	168
AAEL002662	287	294	390	30	47	29	324	56	31	995	70	1367
AAEL002673	612	496	428	273	342	287	542	252	268	285	353	559
AAEL002657	0	0	0	0	0	0	2	0	0	0	0	0
AAEL019904	39	24	16	14	20	55	95	72	65	54	49	62
AAEL005753	898	617	796	479	692	435	719	679	867	563	693	557
AAEL005765	11	6	6	9	24	26	8	14	25	17	12	13
AAEL005748	308	413	183	4494	5494	2031	98	141	401	736	2079	3926
AAEL005763	9426	9913	9511	2684	3804	1962	900	629	971	975	2000	4167
AAEL005752	140	125	96	93	127	138	82	3258	936	637	214	391
AAEL021094	4	8	8	3	3	4	9	10	11	6	8	23
AAEL024595	5	47	21	1	11	6	14	3	18	3	6	22
AAEL005749	1722	1915	1087	1315	1379	830	724	500	884	239	929	1822
AAEL005754	219	137	140	246	220	257	191	161	238	187	249	403
AAEL016408	0	0	0	0	0	0	0	0	0	0	0	0
AAEL018352	36	4	9	3	1	2	110	108	77	61	76	135
AAEL016406	0	0	0	0	0	0	0	0	0	0	0	0
AAEL016404	0	0	0	0	0	0	1	0	0	0	0	0
AAEL016403	0	0	0	0	0	0	0	0	0	0	0	2
AAEL016402	0	0	0	0	0	0	0	0	0	0	0	0
AAEL022772	23	25	15	48	18	52	12	28	59	57	46	51
AAEL016398	0	0	0	0	0	0	0	0	0	0	0	0
AAEL016397	0	0	0	0	1	0	0	0	0	0	0	1
AAEL018882	0	0	0	0	0	0	0	0	0	0	0	0
AAEL016395	0	0	0	0	0	0	0	0	0	0	0	0
AAEL005762	702	323	378	195	125	241	240	168	294	251	230	473
AAEL005759	5	10	5	3	4	8	11	855	38	4	4	3
AAEL016394	0	1	0	0	1	0	3	2	1	1	3	1
AAEL019523	13677	7672	7692	5379	4994	5464	6549	6875	9232	4082	7974	5168
AAEL005735	121	119	117	131	114	129	102	129	102	147	109	138
AAEL023708	0	2	0	0	1	0	0	0	0	0	0	0
AAEL024649	4	2	2	0	2	2	0	2	0	5	1	1
AAEL005730	888	656	564	587	628	881	439	776	820	498	668	730
AAEL005739	311	203	156	1120	1046	1323	204	222	316	630	1145	1639
AAEL005744	2942	1920	1653	2439	2132	3088	2530	2214	4810	1948	2964	1633
AAEL005732	279	205	300	527	346	366	162	254	284	219	188	305
AAEL016392	2	0	0	0	2	0	1	0	0	0	0	0
AAEL005728	3450	2300	2756	3444	4407	3110	1416	2002	2483	1682	2062	2489
AAEL018870	0	0	0	0	0	0	1	0	0	0	0	0
AAEL021840	0	0	0	2	0	1	0	0	2	1	1	1
AAEL016389	0	0	0	0	0	0	0	0	0	0	0	0
AAEL005731	1515	1226	1025	891	1155	1853	1629	1952	2229	1434	1917	3005
AAEL016388	0	0	0	0	0	0	10	3	4	1	0	7
AAEL018871	0	0	0	0	0	0	0	0	0	0	0	0
AAEL005734	1378	978	861	359	272	766	1437	1602	1622	954	1370	2371
AAEL005742	577	477	595	539	802	478	364	343	481	572	427	530
AAEL006447	1238	1139	855	470	340	1095	1294	1479	1672	877	1322	1718
AAEL025696	0	0	0	0	0	1	0	0	0	1	0	0
AAEL006449	2268	1427	1872	2151	2998	1499	1390	2149	2109	1518	1379	2222
AAEL006435	663	590	488	614	430	549	453	434	528	510	458	596
AAEL027022	0	0	0	0	0	0	0	0	0	0	0	0
AAEL006438	641	410	750	611	698	464	298	295	353	393	386	438
AAEL022133	0	0	0	0	0	0	0	0	0	0	0	0
AAEL006441	1639	1317	1921	2144	2828	1720	687	788	854	994	1053	1583
AAEL006437	412	337	333	250	373	480	264	375	532	292	378	409
AAEL006432	104	25	35	26	32	46	102	83	135	118	106	277
AAEL024915	0	5	1	1	1	4	5	5	9	0	5	9
AAEL027820	0	2	5	5	1	9	5	9	3	11	9	1
AAEL006451	286	347	299	482	1096	503	468	442	579	529	458	428
AAEL006433	2765	1655	1678	1635	1754	1969	2399	2821	3315	2310	3272	4324
AAEL006440	0	0	0	0	0	0	0	0	0	0	0	0
AAEL006436	1440	734	890	888	856	806	951	1617	1496	1553	1115	1526
AAEL006445	217	153	159	157	109	116	144	152	133	195	110	251
AAEL006450	541	406	523	391	414	299	331	373	408	433	327	489
AAEL006446	8298	3388	4018	2783	5650	3809	4712	12367	7095	8965	10091	12026
AAEL006439	940	757	506	211	457	757	1312	1098	1806	853	931	1619
AAEL024503	0	0	0	3	2	5	4	6	8	8	3	4
AAEL026659	1	0	0	0	1	0	1	0	3	4	8	2
AAEL006452	107	76	59	61	87	83	72	77	97	100	119	137
AAEL006442	13	7	5	5	7	9	23	14	11	11	4	18
AAEL006434	707	421	543	1645	1574	1019	367	638	883	532	1130	1425
AAEL001728	0	0	0	0	0	0	1	0	0	0	0	0
AAEL028169	0	0	0	0	0	0	0	2	0	0	0	2
AAEL026593	0	0	0	0	0	0	0	0	0	0	0	1
AAEL021964	48	15	26	16	27	41	2	8	11	30	4	23
AAEL001713	0	0	0	0	0	0	0	0	0	0	0	0
AAEL017229	55	33	35	16	49	53	57	150	98	66	82	169
AAEL001729	423	318	233	285	329	406	200	257	409	184	282	307
AAEL001706	782	706	730	622	711	660	536	503	574	633	460	636
AAEL001716	1329	966	958	661	532	1066	925	1319	1466	849	1110	1464
AAEL001724	139	81	89	122	177	103	119	141	171	133	96	164
AAEL001730	23	27	14	23	21	13	14	15	22	12	21	15
AAEL001719	364	280	300	318	343	337	321	361	447	283	373	348
AAEL027529	0	0	0	0	1	3	0	0	1	0	0	2
AAEL028061	15	5	8	6	3	14	4	3	5	2	0	5
AAEL019616	1248	1362	843	262	326	1158	1124	1209	1538	682	1245	1806
AAEL023789	0	0	0	0	0	0	0	0	0	1	0	0
AAEL001710	1009	706	825	472	299	586	1108	1074	1226	837	875	1802
AAEL021468	0	0	1	0	0	0	2	0	0	2	3	0
AAEL001726	4	3	0	0	3	0	3	4	3	2	0	4
AAEL001707	388	299	484	171	247	205	179	135	174	199	165	373
AAEL025843	0	0	3	0	0	0	3	1	0	3	0	1
AAEL023068	1	1	0	0	0	0	1	0	0	0	1	1
AAEL019274	0	0	0	0	0	0	0	0	0	0	0	0
AAEL027566	609	422	428	259	217	243	467	532	595	449	339	783
AAEL001715	6566	4327	4503	7210	6701	7204	3827	4123	6331	3464	5962	5524
AAEL001717	275	222	197	201	207	213	180	220	214	204	148	254
AAEL001714	0	1	0	0	0	0	0	0	0	0	0	0
AAEL022868	8	1	2	1	1	5	11	3	1	3	8	7
AAEL020048	3	0	8	2	3	0	5	6	0	2	7	13
AAEL001709	1980	1496	1270	986	951	1695	1509	2041	2074	1310	1730	2563
AAEL001725	1076	723	674	494	495	729	913	1052	1449	756	973	1107
AAEL001708	894	632	1126	874	1035	583	653	511	704	733	486	372
AAEL019708	3369	2761	2321	122	167	403	524	349	313	373	844	2437
AAEL023496	0	0	0	0	0	2	1	1	1	1	0	0
AAEL009745	77	92	82	48	19	106	116	92	189	181	150	240
AAEL005027	399	306	328	322	465	327	242	165	253	199	227	217
AAEL005019	267	185	223	116	105	154	165	249	188	195	149	282
AAEL005021	6	14	5	13	14	15	16	8	25	15	10	13
AAEL005040	444	427	436	395	622	487	231	332	413	393	362	722
AAEL005023	1092	631	676	645	587	726	714	758	929	829	813	1203
AAEL005042	250	219	143	219	198	190	163	116	241	154	205	206
AAEL005018	360	314	271	261	240	326	243	284	401	237	235	347
AAEL025254	2	0	0	1	9	1	3	0	2	2	4	3
AAEL005037	4925	2735	3758	4043	4808	2927	1311	1727	2341	1421	1753	2233
AAEL005025	1782	1306	1375	1361	1279	1830	967	1360	1683	1046	1228	1419
AAEL005028	234	218	186	171	144	194	166	197	188	199	169	257
AAEL005033	156	100	128	111	88	157	107	124	156	122	142	143
AAEL005041	968	664	764	855	776	843	553	593	772	469	681	629
AAEL028100	184	165	191	121	122	148	112	105	121	143	97	163
AAEL005035	512	414	453	311	222	321	334	375	390	346	365	570
AAEL005038	3931	3157	3358	2540	2622	2932	2666	3454	3747	3581	2773	4765
AAEL005039	1	1	0	2	3	3	6	0	4	2	3	4
AAEL005016	390	317	321	239	265	263	304	270	370	308	267	347
AAEL005024	39	7	20	2	4	4	8	6	19	16	8	3
AAEL005022	1984	1776	1633	1401	1026	1571	1251	1908	1853	1403	1240	2216
AAEL005031	220	180	144	180	116	221	140	191	201	140	153	258
AAEL005020	411	276	263	287	222	229	169	274	327	189	220	393
AAEL027186	188	173	135	189	176	179	130	143	184	114	164	148
AAEL005017	1383	891	809	916	1223	2163	1070	1220	1930	1162	1890	2846
AAEL005013	4148	2900	2574	3925	3926	4244	2627	8045	6021	4906	3309	4424
AAEL005044	110	55	49	22	13	39	380	672	369	255	260	721
AAEL024272	7	0	2	1	0	0	2	4	5	3	1	1
AAEL005043	781	571	693	1277	990	927	495	429	445	536	436	625
AAEL018940	0	0	0	0	0	0	0	0	0	0	0	0
AAEL005026	34	20	39	136	93	90	35	184	61	42	65	89
AAEL005045	237	168	253	1131	508	429	70	148	97	238	124	358
AAEL005030	59	19	40	22	15	21	70	54	61	41	56	56
AAEL005014	182	86	74	30	31	111	201	259	289	170	203	316
AAEL005034	0	0	1	1	0	0	0	0	1	3	1	1
AAEL025651	0	0	0	0	0	0	1	0	0	0	0	0
AAEL005029	342	335	258	288	257	297	203	220	330	193	284	227
AAEL020793	63	92	101	267	455	232	24	35	81	100	173	227
AAEL005046	1571	1286	1230	886	1100	1467	1233	1668	1899	1277	1355	1668
AAEL005036	162	135	163	138	146	143	118	152	157	169	119	172
AAEL005032	2980	770	1343	1376	2450	1143	3125	9221	6053	5667	3248	4736
AAEL023006	2	1	0	0	0	1	0	6	8	5	0	1
AAEL026365	0	0	0	0	0	0	1	1	0	2	0	0
AAEL015293	215	179	209	125	131	261	125	275	245	170	197	273
AAEL022457	147	115	129	141	85	137	91	149	186	145	148	143
AAEL022794	110	82	92	88	88	69	75	66	64	71	63	110
AAEL026244	215	144	133	130	119	183	167	128	174	145	130	158
AAEL023699	1468	1318	1438	766	724	686	834	1273	971	995	507	1986
AAEL014031	885	651	599	427	329	713	626	892	1002	526	797	990
AAEL025821	0	0	3	0	1	0	1	0	0	0	2	1
AAEL019574	1025	758	682	487	298	468	847	774	726	670	641	1216
AAEL010500	145	29	93	311	630	133	75	59	131	160	113	261
AAEL010492	150	100	89	86	104	97	63	102	109	83	86	157
AAEL027690	2	0	2	1	0	0	0	2	0	3	6	5
AAEL010502	1041	941	565	410	284	730	1566	1588	1429	913	1172	2470
AAEL026037	14	40	20	10	21	39	5	1	17	13	7	15
AAEL010491	1415	1203	1170	1131	981	1484	828	993	1257	712	998	1162
AAEL020776	0	0	0	0	0	0	0	0	0	1	0	0
AAEL023233	1	1	4	1	0	5	2	0	3	1	0	0
AAEL021212	1	6	5	3	8	4	5	6	2	7	3	5
AAEL010496	1210	996	1084	1379	1513	1305	695	739	849	750	949	1285
AAEL028016	1	1	1	1	2	1	4	1	1	2	0	4
AAEL022478	1429	1133	1067	765	514	1138	986	1474	1324	857	979	1556
AAEL010498	270	176	196	178	148	168	156	252	235	167	156	290
AAEL010494	145	151	99	56	81	182	161	148	178	107	159	189
AAEL020015	873	517	656	597	636	596	552	414	523	641	463	687
AAEL020014	62	67	51	35	46	67	66	93	114	87	90	118
AAEL025220	0	0	0	0	0	0	1	1	0	0	0	1
AAEL020013	340	258	228	231	283	316	279	354	374	273	298	442
AAEL020012	208	135	105	106	91	213	158	144	212	139	156	136
AAEL018195	347	241	201	196	218	235	179	260	262	140	199	327
AAEL010488	517	495	405	312	265	567	524	606	731	387	528	1010
AAEL027251	0	0	0	2	0	0	0	0	0	1	0	3
AAEL027794	10	2	6	3	3	2	17	9	6	11	26	10
AAEL023325	13	12	3	1	0	3	30	7	9	23	52	16
AAEL026940	0	0	0	0	0	0	0	1	1	0	0	0
AAEL023725	9	2	1	2	5	0	25	7	2	12	3	10
AAEL022784	2	3	0	0	0	2	2	0	2	1	1	1
AAEL001315	521	453	403	396	370	535	329	484	504	344	427	523
AAEL001292	2	0	0	0	0	0	0	0	4	0	1	0
AAEL001312	227	138	164	280	248	234	242	203	248	218	281	300
AAEL025530	27	3	10	33	68	53	13	12	15	2	17	35
AAEL001320	14	2	10	8	13	16	16	12	21	4	16	11
AAEL020558	0	0	1	1	1	3	1	1	2	3	3	0
AAEL001308	2279	1808	1934	918	978	733	829	631	794	619	574	997
AAEL027668	2	0	1	0	0	0	2	1	2	0	1	0
AAEL025053	111	91	71	60	129	46	80	36	61	46	50	94
AAEL001318	7	4	10	7	6	3	5	721	153	280	9	5
AAEL001301	396	567	636	38	251	158	66	57	24	51	15	141
AAEL001307	4269	3000	4984	1052	900	986	564	70	98	390	1045	3376
AAEL001293	2286	2029	2842	1709	1447	1697	635	749	585	1015	1585	3122
AAEL001316	224	169	183	148	266	172	129	110	147	197	112	208
AAEL001305	130	43	61	100	105	151	70	148	168	113	109	53
AAEL001295	244	146	167	71	123	127	245	311	347	228	146	121
AAEL001309	2	3	1	2	1	2	0	1	1	0	0	2
AAEL001306	2903	1909	2355	980	1368	1164	1552	2003	2152	1553	1282	1079
AAEL026057	96	86	72	37	53	50	116	77	108	80	78	39
AAEL001287	936	502	608	1104	930	795	496	430	507	641	561	552
AAEL001294	295	330	224	494	461	339	178	202	259	304	433	468
AAEL025479	0	0	0	1	0	0	2	0	1	0	0	0
AAEL026376	0	0	0	1	0	0	0	0	0	2	1	2
AAEL001323	894	645	500	203	278	248	601	2313	1203	447	498	1225
AAEL024618	3409	2318	2586	2146	1342	2364	2822	2989	3564	2786	2979	4498
AAEL017564	4	1	1	0	2	0	6	2	1	1	0	1
AAEL022663	1	1	1	0	2	0	3	0	0	2	0	2
AAEL027009	0	0	0	3	7	0	0	0	1	0	2	0
AAEL001304	593	455	430	199	210	401	541	868	648	495	487	968
AAEL011900	611	379	286	167	134	335	537	510	543	402	579	876
AAEL021608	77	27	35	364	451	336	71	53	92	96	234	194
AAEL011897	115	91	96	91	188	80	77	79	98	87	88	134
AAEL011903	119	111	102	63	61	87	173	135	146	110	121	219
AAEL024295	27	2	2	0	3	2	2	2	2	1	2	2
AAEL011901	258	254	217	121	167	117	235	73	181	135	104	121
AAEL020825	2	0	1	0	0	0	2	0	1	4	0	0
AAEL011898	1350	788	871	427	502	629	470	614	731	623	800	981
AAEL022519	0	0	0	1	2	0	0	0	0	0	0	0
AAEL021887	0	0	0	0	0	0	0	0	0	0	0	0
AAEL024610	4	0	0	0	0	0	0	0	0	0	0	0
AAEL025406	2	0	0	0	0	0	0	0	0	0	0	0
AAEL024659	2	0	0	0	0	0	0	0	0	0	0	0
AAEL021662	0	0	0	0	0	0	0	0	0	0	0	0
AAEL022308	1	1	2	0	0	0	1	0	0	0	0	0
AAEL021283	4	0	0	14	11	7	5	19	0	0	1	1
AAEL025558	13	15	5	10	2	61	12	13	8	2	4	11
AAEL010552	2	7	1	1	8	1	3	5	4	2	0	0
AAEL021359	277	163	197	117	142	162	154	344	347	220	260	333
AAEL013417	537	534	647	3	180	65	173	68	110	207	251	216
AAEL021679	408	204	209	155	98	217	445	706	625	438	604	1068
AAEL023858	0	0	0	0	1	1	1	1	0	0	4	5
AAEL028146	1	0	1	2	0	3	0	0	2	1	3	2
AAEL023218	0	0	2	0	2	0	0	1	0	0	0	2
AAEL004505	0	1	0	0	0	1	1	1	3	1	0	5
AAEL020681	24	11	15	27	9	9	11	10	23	19	21	13
AAEL021341	0	0	3	0	0	3	3	0	2	0	0	7
AAEL004488	70	61	44	32	62	78	114	144	156	77	112	242
AAEL004495	6	3	5	2	1	4	17	14	23	21	15	15
AAEL023461	1	1	0	0	0	0	3	0	1	3	0	3
AAEL027956	7	1	3	1	1	0	27	21	23	6	10	26
AAEL020737	22	34	22	27	26	34	16	17	19	18	21	14
AAEL024995	1	1	0	0	0	2	1	1	1	6	1	2
AAEL021379	1	1	1	2	0	3	1	1	1	1	0	2
AAEL004509	133	101	53	269	641	289	79	101	105	111	98	141
AAEL004487	12	0	7	3	6	5	6	7	3	6	5	2
AAEL022219	684	422	514	948	1610	876	522	469	461	544	385	736
AAEL004486	245	121	203	436	734	267	136	159	208	128	150	313
AAEL004507	232	187	230	620	555	288	140	134	182	150	157	226
AAEL004493	1945	1410	1224	1876	1846	2321	1856	1754	3316	1159	2480	1492
AAEL004490	1162	882	984	1090	1423	905	647	884	863	716	700	950
AAEL026154	278	168	197	311	570	443	276	155	332	270	351	274
AAEL004500	106730	67132	66538	63080	78312	82823	73333	62567	115872	50252	92560	82166
AAEL025054	2	1	3	1	0	5	3	5	11	3	3	6
AAEL020284	30	14	31	23	44	48	26	36	13	25	15	31
AAEL004492	723	756	742	362	506	573	566	617	572	681	457	874
AAEL019084	0	0	0	0	0	0	0	0	2	0	0	0
AAEL004496	1769	1208	1184	1469	1682	1763	1454	1666	1882	1461	1892	2606
AAEL023756	3495	2845	2653	2004	1955	3293	1798	2596	3027	2014	2168	3155
AAEL004497	1085	695	844	750	787	746	618	643	682	746	612	954
AAEL004485	1492	1005	1087	1555	1539	1447	978	1194	1359	1225	1332	1810
AAEL023124	10	10	30	7	10	7	7	8	5	7	8	19
AAEL019568	27205	22370	15798	14006	16808	30193	36087	22730	49868	18921	41491	43765
AAEL027518	9	5	4	1	3	6	7	11	17	3	8	13
AAEL004502	115	71	53	58	97	144	60	172	223	135	161	170
AAEL027073	0	0	0	0	0	0	0	0	0	1	0	0
AAEL017374	500	383	406	227	237	464	484	1013	810	570	455	793
AAEL012067	1	0	0	0	0	0	0	4	0	0	0	0
AAEL021971	3	1	0	1	0	2	0	0	0	2	3	0
AAEL023452	1	1	0	0	1	1	0	0	0	0	0	3
AAEL012828	42	15	23	15	27	33	20	8	8	19	15	32
AAEL021355	14	9	34	16	28	31	20	9	18	52	16	28
AAEL008630	545	376	439	341	279	349	410	423	437	424	343	581
AAEL008623	54	73	62	35	56	58	60	96	74	85	65	102
AAEL025351	18	45	6	15	47	3	11	6	43	8	9	13
AAEL022298	1	1	0	1	0	1	4	1	1	1	2	0
AAEL008621	759	556	774	421	464	367	396	540	462	698	396	864
AAEL008622	46	21	19	145	118	239	10	10	5	35	82	139
AAEL008634	1919	1749	1243	739	646	1588	1571	1954	2392	1326	1634	2414
AAEL025690	2	0	1	0	0	0	0	0	1	0	1	0
AAEL008635	2208	1957	2445	2297	1659	1821	913	846	861	980	2224	4560
AAEL027367	1196	594	498	973	1266	1156	966	1185	1279	792	1305	1081
AAEL019463	1492	986	1655	594	611	687	625	409	480	612	1016	1547
AAEL019462	0	0	0	0	0	0	0	0	0	5	0	1
AAEL027309	0	0	2	0	0	0	2	1	0	3	0	4
AAEL008625	324	244	280	155	241	175	195	184	198	172	165	191
AAEL008628	66	32	42	95	120	84	30	39	35	46	72	116
AAEL008632	584	447	542	640	840	631	390	754	550	696	571	605
AAEL008624	1370	699	862	831	862	759	891	1113	1591	1014	982	1270
AAEL026976	265	169	211	168	172	188	148	110	181	157	152	241
AAEL018117	2487	1737	1696	2832	2797	3870	1820	2470	2988	2526	3801	5265
AAEL027274	4	0	6	5	14	2	5	2	3	1	1	8
AAEL020966	0	0	3	0	0	0	1	1	0	1	5	5
AAEL019474	9357	6366	5774	4689	2625	6577	7566	5991	9546	5477	8207	7381
AAEL021961	1	0	0	0	2	0	1	1	1	3	0	1
AAEL000715	119	60	66	62	64	39	114	77	93	72	77	55
AAEL000689	58	60	50	66	78	65	31	27	44	30	55	41
AAEL000705	89	92	99	82	61	64	71	96	63	97	72	86
AAEL000690	71	57	49	25	23	20	43	41	46	40	25	21
AAEL000694	0	0	0	1	0	0	0	0	0	0	0	0
AAEL027315	1	0	2	3	1	1	6	1	0	3	0	2
AAEL023713	12	4	9	9	15	5	1	6	13	8	9	9
AAEL000686	1	0	0	0	0	0	0	0	0	0	0	0
AAEL000687	257	153	132	690	815	442	113	178	198	191	303	389
AAEL000698	315	273	372	193	190	102	243	398	209	352	129	451
AAEL020766	2	7	5	2	3	11	2	9	7	9	3	15
AAEL024314	0	0	1	0	0	2	0	0	0	0	0	0
AAEL000682	3093	2380	1964	1430	922	2135	2164	2707	2595	1628	2187	3682
AAEL000701	591	489	509	560	746	546	317	335	456	399	382	432
AAEL000697	122	116	91	98	110	106	80	93	111	106	52	123
AAEL000692	209	183	170	101	133	165	140	181	161	184	134	246
AAEL000709	5180	3584	3337	5896	5700	5757	3819	4174	4105	3807	5443	8549
AAEL023995	0	0	0	2	0	0	1	0	0	0	0	0
AAEL000703	9013	7244	5527	2556	2569	3394	4486	24651	11572	8350	4916	8319
AAEL020338	0	0	0	0	0	0	0	0	0	0	0	0
AAEL000713	4661	3823	3822	924	1676	2549	3262	4055	5091	2742	2908	3678
AAEL000706	2607	1495	1671	2684	2299	2281	1653	1770	2011	2228	2158	2990
AAEL000704	194	143	73	22	13	105	403	373	611	223	384	472
AAEL000716	958	810	736	467	583	710	582	678	739	781	541	913
AAEL026540	375	235	256	278	348	200	276	385	315	305	227	255
AAEL019578	458	238	243	107	122	211	678	681	822	514	645	895
AAEL020638	1847	1275	1355	1199	843	1293	1333	1380	1805	1207	1509	1880
AAEL000707	750	586	575	583	569	621	419	578	700	430	468	632
AAEL000699	234	225	164	176	171	288	112	182	256	134	188	169
AAEL000720	94	95	121	81	102	108	76	84	66	119	80	117
AAEL026693	2	2	0	0	0	1	0	0	0	2	0	0
AAEL000719	1500	1224	1138	962	854	1165	1116	1516	1591	1178	999	1401
AAEL000683	16	14	7	9	4	8	29	21	18	21	15	20
AAEL000685	395	257	284	202	200	259	234	258	277	269	312	372
AAEL024955	0	2	0	0	0	0	0	1	0	0	0	0
AAEL000679	846	759	864	887	1194	870	571	656	655	668	649	784
AAEL000708	302	299	238	272	326	377	210	210	333	204	231	236
AAEL000714	551	372	446	495	831	538	451	511	702	645	492	396
AAEL000717	19	12	16	13	10	12	36	27	42	27	29	41
AAEL007849	149	102	101	113	124	118	53	63	65	79	77	80
AAEL007848	1129	907	874	1374	1610	1263	715	1107	1201	915	1067	1425
AAEL007862	527	397	458	383	376	410	316	344	462	407	345	496
AAEL019689	87	69	71	65	77	73	48	86	60	92	53	75
AAEL007842	1053	722	988	572	734	530	590	588	658	778	559	1355
AAEL007856	12	7	14	6	6	16	28	13	38	17	15	24
AAEL007845	2251	2124	1384	531	901	2709	2083	2861	3747	1799	3240	4707
AAEL007865	1275	866	853	813	796	833	711	1096	1163	910	724	1116
AAEL024022	768	529	627	418	391	498	499	835	637	595	474	803
AAEL007855	308	280	401	219	248	233	202	229	208	287	132	340
AAEL007858	1053	724	726	705	649	920	430	695	818	455	635	717
AAEL007857	898	764	511	370	316	693	732	1027	837	523	683	1224
AAEL007863	1381	1242	915	729	593	1193	774	1559	1452	764	1055	1327
AAEL021145	3877	2935	2572	1551	1490	2699	3235	3868	4035	2353	2931	4816
AAEL024416	3	2	3	2	3	4	6	5	6	7	5	15
AAEL020664	0	0	0	0	0	0	1	0	0	1	0	2
AAEL007854	816	607	724	711	798	574	462	740	655	564	502	761
AAEL028221	78	59	56	53	137	106	91	112	150	90	93	229
AAEL027090	220	156	135	146	118	161	107	186	211	122	117	153
AAEL025868	1088	674	812	482	554	564	690	894	930	689	611	1158
AAEL007853	358	290	258	242	231	358	183	269	373	172	245	278
AAEL007850	304	228	214	240	208	295	219	229	277	235	229	282
AAEL007844	7	1	1	1	0	0	49	12	6	11	10	14
AAEL021610	24	19	26	13	7	19	217	59	56	130	31	92
AAEL026638	9	12	8	6	0	3	80	23	31	77	3	36
AAEL003355	1170	1288	1176	598	376	510	773	1333	776	794	458	1687
AAEL003352	4024	3841	3340	3355	2962	3751	2810	2175	3116	3031	2053	2280
AAEL003347	739	693	596	623	528	567	526	956	959	1070	801	1815
AAEL023089	6	1	8	5	4	13	7	4	3	8	8	14
AAEL003346	404	350	306	223	398	353	269	348	307	290	227	454
AAEL027947	0	1	0	0	0	0	0	0	0	0	0	1
AAEL022825	1	0	0	0	0	0	0	0	0	0	2	0
AAEL003332	663	452	674	362	490	391	302	484	445	371	316	674
AAEL020615	387	298	286	186	138	337	451	696	647	411	436	574
AAEL024019	0	0	0	1	0	0	1	0	0	0	0	3
AAEL006609	1232	662	659	694	824	1126	1276	1620	1879	1031	1674	1151
AAEL006628	475	364	417	299	361	358	331	308	332	409	262	383
AAEL021388	58	43	39	44	35	47	63	33	79	50	36	61
AAEL023698	0	0	0	0	0	0	3	6	3	2	0	2
AAEL006610	1078	766	804	891	779	996	776	915	1283	836	950	816
AAEL006602	1975	1524	1959	193	781	234	289	274	351	283	403	280
AAEL006605	169	85	85	64	72	64	114	107	213	95	108	117
AAEL006620	80	77	70	48	95	54	36	70	88	76	53	74
AAEL006603	68	79	66	75	77	101	65	25	81	137	73	107
AAEL006624	258	189	306	30	39	59	212	187	289	123	133	181
AAEL006607	608	591	714	52	118	160	514	475	664	303	321	364
AAEL006630	343	235	333	131	135	131	162	263	352	248	123	222
AAEL006617	1328	1230	1633	1569	3317	1238	739	241	636	376	492	695
AAEL019914	1953	1091	1453	2429	2448	1772	1294	1446	1974	1673	1809	2199
AAEL019915	0	0	1	0	0	0	1	1	0	3	0	0
AAEL028834	0	0	0	0	0	0	0	0	0	0	0	0
AAEL006613	0	5	4	7	2	1	2	3	0	6	3	4
AAEL006606	13	3	5	3	6	3	9	7	6	11	3	4
AAEL021153	0	0	0	0	0	0	0	0	0	0	0	0
AAEL023253	141	105	110	79	111	119	157	181	228	175	140	170
AAEL026289	4	19	22	12	10	21	11	10	11	11	5	14
AAEL006627	5	2	9	0	1	0	7	5	3	1	2	7
AAEL006601	113	54	99	67	115	79	96	107	94	118	94	105
AAEL020673	0	1	0	0	0	0	1	0	4	1	4	0
AAEL020303	689	466	625	892	938	726	401	554	520	526	748	1385
AAEL027007	89	88	100	74	123	68	54	46	66	67	48	95
AAEL006623	1	0	1	1	1	4	0	0	5	0	1	3
AAEL006615	12	12	14	6	13	16	26	18	43	16	17	35
AAEL023891	0	0	3	2	1	3	0	0	0	0	0	0
AAEL024901	2	0	0	0	0	1	1	0	0	1	0	5
AAEL019764	317	229	194	236	178	266	199	260	276	220	243	313
AAEL006625	370	363	309	312	507	438	208	390	469	229	317	308
AAEL020287	134	71	84	57	57	91	96	153	109	79	91	151
AAEL006614	170	107	106	101	98	156	140	138	219	159	171	207
AAEL023251	151	147	73	74	73	104	101	186	198	88	129	197
AAEL020324	1	0	1	0	2	0	1	1	1	2	0	2
AAEL023942	4	0	0	1	1	1	5	6	1	3	1	3
AAEL025405	48	23	32	26	2	6	21	5	34	29	19	24
AAEL021979	305	230	248	292	364	297	202	187	290	248	180	243
AAEL006611	1109	850	1075	1288	1577	1078	632	710	787	1084	800	1321
AAEL006619	205	214	176	43	104	243	282	335	392	219	339	529
AAEL022736	2	1	1	0	0	0	5	2	3	1	2	2
AAEL027404	0	0	0	0	1	0	0	0	0	0	1	1
AAEL014970	100	70	79	82	161	128	131	140	230	134	151	160
AAEL018280	2356	1877	1447	948	775	1873	1649	2875	2602	1491	2000	3103
AAEL014495	160	158	122	119	163	167	119	147	168	186	129	184
AAEL014709	2659	1599	1978	2680	2705	2062	1589	1545	2425	1373	1847	1809
AAEL024141	5013	3978	3339	2095	1734	3518	4125	5602	5185	3606	3644	6999
AAEL014492	315	261	305	329	532	371	267	176	311	285	268	300
AAEL014497	303	238	254	190	121	198	188	286	273	210	196	356
AAEL023062	7	7	5	0	1	2	5	0	2	5	4	10
AAEL014493	307	211	335	135	349	247	258	240	395	161	172	363
AAEL002683	5555	3589	3325	4112	4156	3092	1499	1026	1984	1280	2527	3218
AAEL024381	2	2	0	1	0	1	2	1	6	1	0	4
AAEL022091	2002	1534	1320	1165	1062	1832	1254	1819	1947	1018	1652	1974
AAEL002688	779	361	537	1086	1396	750	545	738	666	490	525	914
AAEL002687	2715	2118	2769	3130	2670	2549	1162	2531	2360	1883	1894	2954
AAEL021852	0	0	0	0	0	0	0	0	0	0	0	0
AAEL020879	0	0	0	0	0	0	0	0	0	0	0	0
AAEL023252	232	175	131	199	136	264	170	197	235	151	213	234
AAEL020604	0	0	1	0	1	0	1	1	1	0	0	0
AAEL022211	0	0	0	0	0	0	0	0	0	0	0	0
AAEL002684	66	51	54	27	16	60	108	98	148	80	109	110
AAEL002686	201	149	129	118	401	270	156	92	153	91	284	86
AAEL002694	686	451	452	620	565	462	396	427	475	521	654	788
AAEL002692	86	61	59	28	59	143	121	158	215	127	130	175
AAEL002690	25	8	14	8	16	15	44	24	47	36	35	73
AAEL002689	0	0	0	0	0	0	0	0	0	0	0	0
AAEL020808	2	0	0	0	0	0	0	1	0	0	0	0
AAEL002682	2	0	2	0	4	1	0	1	2	0	0	1
AAEL022468	0	0	0	0	0	0	0	0	0	0	0	0
AAEL019775	0	0	0	1	0	1	2	1	0	0	0	0
AAEL025914	0	0	0	0	0	0	0	0	1	0	0	0
AAEL024726	1	0	0	0	0	0	0	0	1	2	0	1
AAEL002693	1330	872	1429	827	1622	1163	662	1275	1762	1692	1492	1754
AAEL006524	3	2	10	0	5	1	0	6	0	0	4	0
AAEL006507	368	342	397	923	1247	317	139	145	190	213	166	376
AAEL006515	146	115	107	140	171	122	86	76	129	139	119	162
AAEL006522	200	238	92	37	42	212	581	434	743	285	481	584
AAEL006511	25106	18074	20150	21088	32803	22274	20210	12309	22348	15200	17446	15630
AAEL006519	2621	1531	1635	1559	1179	1812	1529	1679	2240	1539	1840	1990
AAEL006508	141	121	130	121	103	111	102	109	155	116	112	121
AAEL006521	250	215	186	240	399	236	149	164	185	172	149	202
AAEL018052	5	4	2	13	2	4	17	14	10	7	17	8
AAEL027881	18	19	14	7	4	3	19	21	24	16	21	35
AAEL006534	5	6	2	2	2	0	13	17	13	11	3	15
AAEL022094	1	0	0	0	0	0	0	0	1	3	1	0
AAEL021828	856	673	561	499	564	446	677	934	949	732	808	983
AAEL026852	1323	1007	925	824	734	943	947	1017	1275	884	990	1530
AAEL024315	0	0	0	0	0	0	2	0	0	0	0	0
AAEL006516	2904	1750	2118	2436	2425	2427	2223	2247	3343	2205	2709	2961
AAEL006532	194	232	189	134	187	155	142	180	160	133	131	211
AAEL006518	1	3	2	7	12	12	1	3	10	8	4	13
AAEL020750	0	0	0	0	0	0	2	3	1	0	1	5
AAEL006509	8122	5384	7111	6565	11349	5808	4125	4416	5315	5254	4585	4129
AAEL006520	2049	1376	1244	2090	2389	2094	1072	1744	1984	1214	1596	1914
AAEL006526	727	569	442	268	479	316	754	583	942	1015	677	419
AAEL006535	418	367	350	551	594	505	367	505	601	391	352	399
AAEL006533	6	1	0	120	164	118	6	3	8	20	69	120
AAEL022021	0	0	0	0	0	0	0	0	0	0	0	2
AAEL021075	23	9	4	4	7	8	24	17	17	7	10	12
AAEL006525	1144	714	732	727	636	717	634	535	795	722	586	826
AAEL006510	2159	1372	1391	1187	1036	1623	2171	2216	3175	1673	2167	2714
AAEL025578	1162	872	795	860	793	1200	792	1178	1351	846	956	1135
AAEL006514	4324	2655	2249	3606	3805	4511	1445	1784	1946	1472	1762	4562
AAEL021769	2	16	2	0	4	7	7	0	2	2	0	3
AAEL006523	485	437	471	293	271	366	379	540	356	418	301	683
AAEL022166	2	0	0	1	0	0	7	9	6	15	3	8
AAEL027724	11	5	5	3	6	1	89	29	23	64	20	34
AAEL025279	1	0	0	0	0	0	4	0	0	0	0	2
AAEL021575	5	0	2	0	0	0	0	3	7	1	1	7
AAEL017445	57	37	21	18	9	97	164	163	272	144	167	154
AAEL023093	4	0	1	0	2	3	5	0	0	3	1	2
AAEL007704	483	406	267	482	544	648	341	449	450	468	620	993
AAEL007697	396	341	402	430	379	388	273	245	335	275	256	310
AAEL007702	5327	3723	4044	5857	6208	6170	3756	3694	5589	3372	4947	4246
AAEL007708	8	10	12	17	5	14	7	5	7	15	5	16
AAEL021700	0	0	0	0	0	0	0	0	0	0	0	0
AAEL027255	0	0	0	0	0	0	0	0	0	0	0	0
AAEL026096	12	13	12	18	5	16	5	6	7	11	8	10
AAEL007710	849	684	674	660	733	789	488	655	631	541	582	816
AAEL007699	41759	28460	33879	36598	59939	37664	25411	19918	34527	24140	26839	23441
AAEL007698	2108	1607	1662	1219	1268	1411	1916	1995	2127	2123	1494	2959
AAEL007707	10816	7278	7809	5162	5533	4949	6655	9199	8775	8198	5596	6981
AAEL022295	0	0	0	0	0	0	7	2	1	3	2	3
AAEL007705	4328	3011	2231	1881	1524	3750	4514	5113	6085	2913	4662	5579
AAEL007701	1185	1220	1259	854	834	911	864	1169	1161	1130	879	1546
AAEL007706	1	0	3	3	1	1	2	1	2	5	1	8
AAEL007700	0	7	2	5	8	8	7	11	12	6	7	6
AAEL024480	14	21	19	17	27	24	18	23	30	17	24	27
AAEL026504	9	3	5	0	3	1	6	2	3	2	2	11
AAEL007696	2821	1963	1853	1990	2116	1881	1947	3170	2699	2115	2094	3214
AAEL007703	7997	3571	3180	8069	8357	8980	921	1558	6820	2685	5419	9081
AAEL020317	301	164	174	214	269	189	159	220	171	161	209	181
AAEL021867	1	6	1	13	7	2	0	8	4	0	2	2
AAEL022793	263	183	177	78	122	175	263	339	419	286	353	489
AAEL025006	23	17	13	6	30	11	73	53	33	56	33	44
AAEL029075	2	1	4	0	3	3	1	3	5	5	2	7
AAEL006005	2	1	3	0	4	2	0	1	0	1	0	2
AAEL027875	0	0	1	2	0	0	0	1	0	1	1	4
AAEL005999	0	0	0	0	1	1	0	0	0	1	0	1
AAEL006003	18	3	4	0	3	1	0	0	1	1	0	2
AAEL006004	187	180	134	136	176	610	559	467	876	419	522	575
AAEL023448	2	1	0	0	0	0	3	0	1	1	1	3
AAEL006002	1422	1103	1090	1101	1008	1444	936	1252	1287	1241	1767	2945
AAEL020457	453	390	288	382	294	428	242	345	423	240	376	374
AAEL006010	368	293	288	286	338	293	237	453	400	379	285	367
AAEL006001	571	313	588	591	645	528	314	329	344	420	397	599
AAEL019719	1408	327	1061	61	1166	122	1773	92	626	839	389	520
AAEL026797	76	82	67	99	121	80	24	51	43	53	34	105
AAEL019718	2942	1402	2119	1018	2222	712	2251	759	1618	1373	971	1133
AAEL006012	3184	2270	2100	1749	992	2101	2610	2594	2992	2078	2718	4493
AAEL006011	6216	4541	5761	8374	9364	7510	2797	1970	3081	3981	3983	5866
AAEL006006	1120	1109	944	857	1302	1330	829	1726	1203	1125	1175	2454
AAEL006009	177	104	105	118	176	158	86	93	138	102	100	85
AAEL027232	194	191	169	159	160	202	135	231	220	166	201	289
AAEL019477	2122	1533	1394	855	804	1283	1587	2212	2317	1364	1557	2560
AAEL024819	0	0	0	0	0	0	0	0	0	0	0	0
AAEL021895	16	58	76	24	96	26	31	36	7	36	45	91
AAEL004457	11096	7995	8631	5849	9515	9350	8017	9571	11305	8375	8024	8602
AAEL004469	2005	1456	1208	890	800	1533	1305	1570	2022	1133	1755	2630
AAEL025568	1	0	2	0	5	0	0	3	5	5	2	5
AAEL017010	1499	1191	1077	1260	896	1374	1111	938	1618	974	1157	1301
AAEL021012	77	96	43	6	21	97	143	174	208	108	173	189
AAEL018148	308	241	246	214	298	289	354	225	403	357	404	423
AAEL007895	382	363	301	264	244	363	387	338	437	374	365	420
AAEL007891	499	494	382	305	511	605	273	457	499	274	386	663
AAEL017155	91	99	61	67	87	78	92	61	94	94	70	105
AAEL007896	38	61	46	12	25	53	55	68	69	57	87	91
AAEL007899	119	138	107	70	81	208	146	142	166	93	133	134
AAEL007902	26	24	24	8	15	52	70	56	100	60	106	226
AAEL007911	3	2	0	0	0	2	6	1	0	2	0	1
AAEL024665	0	0	0	0	0	0	3	0	0	0	0	0
AAEL007903	41	30	17	6	15	16	18	16	44	10	24	21
AAEL007913	88	168	127	22	56	55	102	91	129	68	57	129
AAEL025391	493	1154	460	158	171	912	4530	2721	6215	1325	3428	6126
AAEL025410	35	46	53	11	3	24	1276	733	1437	262	611	1412
AAEL007910	129	138	132	62	170	95	113	126	219	164	199	406
AAEL007900	69	118	79	70	158	130	57	55	118	103	101	135
AAEL021825	5	4	2	0	6	0	0	6	5	4	0	0
AAEL007907	56	68	39	22	27	44	73	63	121	57	74	116
AAEL007893	355	430	318	288	658	313	228	315	344	330	350	587
AAEL017212	2227	3136	1737	357	951	2831	1576	2061	2729	1785	2397	2863
AAEL007897	29	36	18	13	32	52	90	156	67	82	70	162
AAEL007914	184	318	80	30	30	173	252	193	420	156	255	469
AAEL025883	3	0	1	1	4	1	3	3	13	6	10	7
AAEL029017	0	0	0	0	0	0	0	0	0	0	0	0
AAEL022842	15	16	27	13	20	17	13	20	34	11	10	28
AAEL021149	0	2	0	6	0	0	0	0	0	0	0	1
AAEL000236	0	0	0	0	0	0	0	0	0	0	0	0
AAEL023536	1	0	0	0	0	0	0	0	0	0	0	1
AAEL027275	200	141	150	128	122	134	174	160	187	181	148	263
AAEL000404	8	11	10	5	11	12	6	18	10	4	7	6
AAEL000449	0	0	0	0	0	0	0	1	0	0	0	0
AAEL020907	0	0	0	0	0	0	1	0	0	0	0	0
AAEL022929	0	0	2	0	0	1	2	6	4	2	0	5
AAEL023005	90	82	87	63	40	65	70	87	71	97	86	149
AAEL020693	0	0	2	0	2	0	0	0	0	0	0	4
AAEL024672	0	0	0	0	0	0	0	0	0	0	0	0
AAEL020596	6	5	9	4	11	15	1	7	3	4	4	7
AAEL000459	55	191	201	43	72	71	144	49	96	143	111	177
AAEL024301	0	0	0	0	0	0	0	0	0	0	0	0
AAEL022375	2	0	0	0	0	0	3	0	3	1	3	0
AAEL025275	1	2	2	1	1	0	2	4	1	1	2	3
AAEL027749	239	218	221	138	220	244	99	162	177	116	122	154
AAEL026454	9	7	5	3	6	11	3	4	4	4	5	4
AAEL027608	0	0	0	0	0	0	0	0	0	0	0	0
AAEL026645	0	0	0	0	0	0	0	0	0	0	0	0
AAEL024143	0	0	0	0	0	0	0	0	0	0	0	0
AAEL022843	0	0	0	0	0	0	0	0	0	0	0	0
AAEL025817	0	0	0	0	0	0	0	0	0	0	0	0
AAEL024168	0	0	0	0	0	0	0	0	0	0	0	0
AAEL027845	0	0	0	0	0	0	0	0	0	0	0	0
AAEL026809	0	0	0	0	0	0	0	0	0	0	0	0
AAEL023224	0	0	0	0	0	0	0	0	0	0	0	0
AAEL027974	0	0	0	0	0	0	0	0	0	0	0	0
AAEL027501	0	0	0	0	0	0	0	0	0	0	0	0
AAEL020211	0	0	0	0	0	0	0	0	0	0	0	0
AAEL023305	0	0	0	0	0	0	0	0	0	0	0	0
AAEL027168	0	0	0	0	0	0	0	0	0	0	0	0
AAEL022670	0	0	0	0	0	0	0	0	0	0	0	0
AAEL020831	0	0	0	0	0	0	0	0	0	0	0	0
AAEL026417	0	0	0	0	0	0	0	0	0	0	0	0
AAEL024498	0	0	0	0	0	0	0	0	0	0	0	0
AAEL021778	0	0	0	0	0	0	0	0	0	0	0	0
AAEL025561	0	0	0	0	0	0	0	0	0	0	0	0
AAEL021405	0	0	0	0	0	0	2	0	0	0	0	0
AAEL020911	0	0	0	0	0	0	0	0	0	0	0	0
AAEL023956	0	2	0	2	1	9	2	5	1	3	4	19
AAEL022933	3	1	2	0	5	6	16	2	4	0	13	12
AAEL025881	32	8	12	10	38	17	28	15	22	26	7	36
AAEL000502	67	12	39	32	42	42	62	26	34	44	23	46
AAEL000477	4	3	1	1	0	1	1	2	1	1	1	2
AAEL021338	0	0	0	0	0	0	1	0	0	0	0	0
AAEL027334	0	0	0	0	0	0	0	0	0	0	0	0
AAEL000749	804	794	1018	380	1109	772	487	900	812	543	485	600
AAEL000808	0	0	0	1	0	0	0	0	0	0	0	0
AAEL022151	7	7	6	7	11	2	1	0	5	3	0	3
AAEL025370	14	19	7	3	0	9	7	12	10	4	4	18
AAEL026893	9	6	7	0	3	0	0	5	0	0	2	3
AAEL022371	1	0	0	0	0	1	0	3	0	0	2	2
AAEL000963	2	3	1	4	2	0	2	1	5	4	1	2
AAEL024591	192	236	56	164	184	138	151	143	167	190	220	155
AAEL023498	0	0	0	0	0	0	0	0	0	2	0	4
AAEL001130	0	1	1	2	0	6	7	2	0	2	0	0
AAEL001224	0	0	0	0	0	0	0	0	0	0	0	0
AAEL001289	748	104	179	137	101	124	529	806	531	876	535	151
AAEL023869	0	0	0	0	0	0	0	0	0	0	0	0
AAEL022172	0	0	0	0	0	0	0	0	0	0	2	0
AAEL001313	4	1	1	2	0	1	1	1	0	2	2	3
AAEL001522	0	0	0	1	0	0	0	0	0	0	0	0
AAEL002110	0	0	0	2	0	1	0	0	0	0	0	0
AAEL028212	0	0	0	0	0	0	0	0	0	0	0	0
AAEL017258	184	62	113	48	112	329	102	171	82	107	228	610
AAEL002318	1	0	0	2	2	1	0	0	1	0	2	1
AAEL025207	0	0	0	0	0	0	0	1	0	0	0	1
AAEL025830	9	7	3	4	0	10	3	3	6	3	6	18
AAEL021160	2	2	0	0	1	0	1	1	0	0	1	2
AAEL021031	4	4	3	0	5	3	1	4	4	0	2	3
AAEL002389	1	0	0	1	1	2	0	0	0	1	1	3
AAEL020067	0	0	0	0	0	0	0	0	0	0	0	0
AAEL023097	11	1	4	2	2	2	2	19	8	14	6	2
AAEL002615	0	0	1	2	2	2	0	0	0	0	1	0
AAEL027289	1	5	0	10	4	8	1	3	6	1	2	3
AAEL002622	8	7	5	4	5	4	7	1	9	1	4	13
AAEL024096	1	0	0	0	0	0	0	1	1	0	0	1
AAEL002815	1023	658	687	137	122	110	139	107	127	74	122	424
AAEL002908	1788	2054	1614	2019	2733	1613	151	16	4	1682	2625	623
AAEL022479	1	3	0	3	1	0	2	7	5	3	4	6
AAEL002915	0	0	1	0	0	1	10	3	0	3	0	1
AAEL022598	0	1	1	0	0	0	3	2	2	0	3	3
AAEL025266	2	0	0	0	0	0	6	1	5	0	1	5
AAEL020129	0	0	0	0	0	0	0	0	0	0	0	0
AAEL003188	174	159	182	158	215	171	124	206	179	187	133	233
AAEL026956	0	0	0	0	0	0	0	0	0	0	0	0
AAEL028198	0	0	0	0	0	0	0	0	0	0	0	0
AAEL024002	0	0	0	0	0	0	0	0	0	0	0	0
AAEL022449	0	0	0	0	0	0	0	0	0	0	0	0
AAEL021498	0	0	0	0	0	0	0	0	0	0	0	0
AAEL026083	1	1	0	0	0	1	4	0	0	0	0	2
AAEL023595	27	457	484	130	609	194	229	123	143	202	56	146
AAEL026045	21	24	27	20	30	21	18	17	36	22	10	16
AAEL003192	204	148	149	162	164	260	147	151	192	203	183	398
AAEL027839	644	433	526	362	502	409	200	164	182	221	186	202
AAEL003195	0	0	0	0	0	0	0	0	0	0	0	0
AAEL020734	0	0	0	0	0	0	0	0	0	0	0	0
AAEL003202	115	63	83	94	117	115	77	55	73	63	67	70
AAEL027962	0	1	0	2	2	0	3	0	3	0	0	0
AAEL003208	1	7	7	0	0	2	1	11	1	5	6	0
AAEL003290	1	0	0	0	0	4	0	0	0	0	1	0
AAEL003339	15	3	7	3	6	7	6	6	14	6	9	4
AAEL003448	3	2	0	2	0	2	0	0	0	1	0	1
AAEL028966	0	0	0	0	0	0	0	0	0	0	0	0
AAEL003461	0	0	0	1	1	3	2	1	2	3	0	0
AAEL027762	2	4	0	6	7	10	3	5	3	5	4	4
AAEL003541	0	77	32	19	33	24	59	27	42	38	54	57
AAEL004475	2	2	3	5	1	6	4	0	1	3	5	4
AAEL004477	34	32	19	23	3	21	23	22	29	17	25	36
AAEL026545	1	0	0	0	0	0	0	1	1	0	0	0
AAEL004458	0	0	1	0	0	2	0	0	1	0	0	0
AAEL004450	3	6	15	8	10	13	2	9	5	11	5	2
AAEL021242	7	8	9	7	8	4	12	7	13	6	5	12
AAEL004489	868	686	561	382	259	950	471	761	963	471	675	817
AAEL023273	0	0	0	0	0	0	0	0	1	0	0	0
AAEL004503	25294	19410	23316	22658	39299	20874	17982	11241	17227	16926	15234	13892
AAEL004793	96	106	79	47	110	120	228	151	251	169	214	213
AAEL023879	7	1	1	1	1	3	5	1	5	2	0	1
AAEL024505	0	0	0	0	0	0	0	0	0	0	0	0
AAEL018887	0	0	0	0	0	0	2	0	0	1	2	0
AAEL028816	0	0	0	0	0	0	0	0	0	0	0	0
AAEL028737	0	0	0	0	0	0	0	0	0	0	0	0
AAEL017192	0	1	0	0	0	0	0	0	0	1	0	0
AAEL018873	0	0	0	0	0	0	0	0	0	0	0	0
AAEL023653	6	8	5	5	3	5	7	23	8	7	9	8
AAEL027000	3	2	0	2	6	4	3	6	1	2	0	0
AAEL022857	13	4	9	23	23	17	17	10	10	8	2	13
AAEL020703	0	0	0	0	0	0	0	0	0	0	0	0
AAEL005140	2	0	2	1	0	2	2	1	3	1	2	3
AAEL005136	0	1	3	0	1	0	0	0	5	0	0	0
AAEL026783	1	8	5	1	4	5	4	1	7	3	4	4
AAEL005176	0	3	0	0	0	0	7	4	3	4	4	5
AAEL011772	10	6	6	0	3	11	10	2	7	3	5	8
AAEL005245	150	186	87	42	95	255	137	168	208	93	169	244
AAEL024170	21	6	5	8	15	16	23	11	26	16	21	15
AAEL005252	0	12	9	5	19	13	13	8	9	10	5	4
AAEL005399	30	26	27	22	24	14	25	21	25	40	10	29
AAEL022054	1	0	0	0	0	0	0	0	0	0	0	2
AAEL024350	0	0	0	0	0	0	1	0	0	0	1	0
AAEL005433	73	32	48	29	41	41	36	47	41	50	35	62
AAEL022095	0	1	0	1	0	1	1	0	0	0	0	2
AAEL005525	691	471	469	219	71	373	565	691	649	543	400	1318
AAEL020051	32	7	17	27	52	35	29	31	35	33	43	43
AAEL024830	45	28	19	32	33	37	50	48	94	36	42	39
AAEL005571	0	0	0	2	0	0	0	1	0	0	0	1
AAEL005598	2	1	0	2	3	2	1	0	0	0	0	0
AAEL024040	45	52	60	38	67	49	55	34	54	50	28	32
AAEL005601	7	6	7	20	18	17	9	2	11	7	9	3
AAEL026662	4	3	6	3	1	1	4	3	8	1	2	4
AAEL024242	0	0	0	0	0	0	0	0	0	0	0	0
AAEL005671	5	5	0	5	8	0	4	7	4	4	1	3
AAEL024932	21	23	20	17	21	23	14	35	28	30	20	35
AAEL005680	2	0	0	1	2	1	2	1	0	2	1	3
AAEL005821	1332	325	450	2752	1816	1422	601	310	663	633	866	924
AAEL005866	137	125	95	108	101	105	126	55	101	85	125	59
AAEL005891	0	0	0	0	0	0	0	0	0	0	0	0
AAEL005877	203	129	140	165	60	132	72	136	159	117	86	120
AAEL022622	2	0	0	0	0	1	0	0	0	0	0	0
AAEL022818	0	0	0	0	0	0	0	0	0	0	0	0
AAEL005880	10	13	17	3	8	3	1	8	8	16	6	9
AAEL005892	206	124	140	47	50	38	97	138	114	110	104	114
AAEL025749	25	15	8	3	10	17	6	16	4	8	13	7
AAEL005893	293	149	170	117	77	94	135	249	165	128	130	254
AAEL005939	513	207	327	239	333	258	199	320	267	402	265	372
AAEL023240	118	104	66	122	128	173	52	38	96	91	96	115
AAEL006081	218	98	90	185	111	153	76	88	124	120	143	134
AAEL025772	127	88	108	77	49	92	56	62	67	112	85	125
AAEL022383	5	0	0	2	1	3	4	1	2	0	9	1
AAEL027522	4	4	0	1	0	4	0	0	1	1	2	3
AAEL006570	0	0	0	0	0	0	0	0	0	0	0	0
AAEL028819	0	0	0	0	0	0	0	0	0	0	0	0
AAEL006772	141	253	143	55	105	108	133	97	157	161	111	143
AAEL024450	1	0	0	0	0	0	0	1	0	1	0	0
AAEL025938	0	0	0	0	0	0	1	0	0	0	0	0
AAEL021434	0	0	0	0	0	0	2	1	2	1	0	1
AAEL006999	7	8	12	3	9	13	1	4	8	4	9	10
AAEL007010	1108	624	509	485	1114	986	2004	903	3107	1813	1679	591
AAEL027312	0	0	0	0	0	0	0	0	0	0	0	0
AAEL023781	0	1	1	0	0	0	0	1	0	0	0	1
AAEL022915	0	0	0	0	2	0	0	1	0	0	0	0
AAEL028089	8	5	6	8	7	12	9	8	10	2	10	3
AAEL007017	401	338	297	279	455	318	297	297	355	407	264	460
AAEL007077	625	432	489	613	585	539	399	418	463	380	422	393
AAEL024156	0	0	0	0	0	0	0	0	2	0	0	0
AAEL027743	0	0	0	0	1	0	0	0	0	0	0	0
AAEL027945	0	0	0	0	1	0	0	3	0	1	0	0
AAEL020187	49	24	40	25	29	46	17	27	30	25	28	47
AAEL022236	0	0	0	0	0	0	1	1	2	2	0	0
AAEL026534	2	1	0	0	0	3	1	0	2	0	1	1
AAEL007080	77	36	63	20	14	39	48	58	74	49	37	22
AAEL025261	0	0	0	0	0	0	0	1	0	0	0	0
AAEL007496	2	0	1	0	0	0	0	0	1	0	0	0
AAEL022092	3	13	23	38	46	23	26	27	30	18	7	27
AAEL024352	0	1	0	0	0	0	0	0	0	0	0	0
AAEL007545	0	0	0	0	0	0	0	0	0	0	1	0
AAEL007581	1	1	2	4	0	1	5	0	1	2	0	3
AAEL007572	52	39	38	46	39	46	33	42	42	32	31	50
AAEL025019	0	0	0	0	0	0	0	0	0	0	0	0
AAEL023687	0	0	0	0	0	0	0	0	0	0	0	0
AAEL027892	0	0	0	0	0	0	0	0	0	0	0	0
AAEL021474	115	88	76	82	63	58	66	66	94	74	82	104
AAEL007747	155	96	160	127	77	136	169	216	168	67	164	221
AAEL027458	232	226	335	228	330	173	148	175	153	123	163	161
AAEL025230	244	172	207	185	187	208	140	183	215	116	157	140
AAEL024737	0	0	1	0	0	0	0	0	0	0	0	0
AAEL007880	319	121	276	1228	1429	890	130	40	142	383	664	820
AAEL008159	5	12	10	1	15	17	15	17	16	11	15	12
AAEL021362	0	0	0	0	0	0	0	0	0	0	0	0
AAEL008245	0	0	0	0	0	0	0	0	0	0	0	0
AAEL008266	0	0	3	1	1	6	5	2	3	2	11	4
AAEL008267	7	4	4	11	4	19	6	20	5	7	16	21
AAEL026702	0	1	0	0	0	0	0	0	0	0	0	0
AAEL008395	172	110	126	117	69	121	236	112	210	169	140	176
AAEL008404	12	20	17	239	303	92	13	11	18	118	97	112
AAEL008412	1333	1244	1200	1326	1641	1655	929	1174	1879	1033	1216	875
AAEL008411	0	1	0	0	3	2	10	2	3	6	5	2
AAEL008417	0	5	0	0	1	0	1	3	2	0	4	1
AAEL008416	0	2	0	0	2	1	4	1	0	5	3	3
AAEL023848	0	0	0	0	0	0	1	0	2	0	0	0
AAEL020758	0	0	0	0	0	0	0	0	0	0	0	0
AAEL023277	0	0	0	0	0	0	0	0	0	0	0	0
AAEL008454	455	219	259	395	385	410	166	118	193	222	374	267
AAEL026042	0	0	0	0	0	0	0	0	0	0	0	0
AAEL008494	2	7	4	4	5	3	7	5	2	7	2	7
AAEL009166	35	50	99	36	107	39	0	1	0	2	1	10
AAEL009181	25	24	9	8	17	14	10	14	16	11	4	9
AAEL021090	113	57	82	78	44	99	51	62	82	70	121	141
AAEL009306	9	4	7	5	3	4	1	0	4	1	4	8
AAEL027062	89	57	51	36	22	65	91	84	112	56	96	135
AAEL023559	3345	2181	2052	2221	41	621	93	69	212	296	613	705
AAEL009314	57	32	37	47	36	50	29	51	55	46	36	53
AAEL018917	0	0	0	0	0	0	0	0	0	0	0	0
AAEL009339	296	231	194	251	204	246	351	270	451	151	234	338
AAEL009394	13	7	5	18	16	14	9	17	6	16	5	6
AAEL027934	2	0	0	0	2	0	2	0	1	2	1	1
AAEL020349	0	5	1	0	1	3	2	3	5	2	2	1
AAEL020173	0	2	0	1	1	0	1	1	0	0	3	0
AAEL025829	0	0	0	0	0	0	0	0	0	0	0	0
AAEL009503	0	0	0	0	0	0	0	0	0	0	0	0
AAEL021880	0	0	0	0	0	0	0	0	0	0	0	0
AAEL009825	108	80	77	56	98	92	67	44	81	58	37	57
AAEL021392	0	0	0	0	0	0	0	0	0	1	0	4
AAEL028097	46	58	42	68	58	52	32	50	58	56	82	74
AAEL009987	127	79	92	149	128	103	129	82	128	58	65	111
AAEL010008	0	0	0	0	0	0	0	0	0	0	0	0
AAEL010013	0	1	0	0	0	0	0	0	0	0	0	0
AAEL022423	0	0	0	0	0	0	0	0	0	0	0	0
AAEL010049	7	3	8	0	4	1	2	8	3	3	1	19
AAEL022340	1	0	0	0	0	1	0	0	2	0	0	0
AAEL027593	0	0	0	0	0	0	0	0	0	0	0	0
AAEL010069	6	9	8	3	0	7	4	13	13	10	22	11
AAEL024964	68	35	5	3	6	22	24	57	32	40	52	75
AAEL026812	0	4	1	0	5	1	2	13	3	3	7	11
AAEL020197	244	187	121	231	281	261	192	227	232	271	215	242
AAEL022585	34	8	20	4	0	4	10	33	44	49	21	36
AAEL028020	3	0	1	0	3	6	0	0	0	1	0	0
AAEL021797	0	0	0	0	0	0	1	0	0	0	0	0
AAEL020080	13	20	13	11	19	20	13	27	25	15	20	33
AAEL010461	226	111	148	146	28	156	82	91	151	163	171	213
AAEL026616	0	0	0	0	0	0	0	0	0	0	0	0
AAEL023963	2	0	0	0	0	0	0	0	1	0	0	2
AAEL010859	6	1	2	6	4	3	6	3	3	1	5	1
AAEL022530	101	158	100	54	77	60	121	83	143	54	112	104
AAEL010886	0	0	0	0	1	1	0	0	2	0	0	0
AAEL025182	1	0	0	0	0	0	1	0	0	3	0	1
AAEL028163	63	91	46	13	40	81	126	91	114	86	121	117
AAEL010946	88	62	55	23	29	39	93	25	87	34	36	19
AAEL028965	0	0	0	0	0	0	0	0	0	0	0	0
AAEL025711	0	0	0	0	0	0	1	0	0	1	2	2
AAEL011025	1368	736	875	1032	1091	1073	834	713	1220	945	907	908
AAEL011259	0	0	1	0	2	0	0	0	1	1	0	0
AAEL011358	6	9	4	9	4	4	4	23	5	7	10	7
AAEL021629	43	57	51	58	49	57	35	76	41	49	41	48
AAEL024423	387	273	282	325	426	306	189	212	259	242	221	350
AAEL023690	0	0	0	0	0	0	0	0	0	0	0	0
AAEL027591	0	2	0	1	0	1	1	0	1	1	0	1
AAEL024881	0	0	2	0	0	0	0	0	0	0	0	0
AAEL023998	13	8	9	12	7	9	8	11	4	4	3	4
AAEL024731	37	31	28	61	27	26	26	19	34	30	35	33
AAEL020277	1	0	0	0	0	0	0	0	0	0	0	0
AAEL022974	0	0	1	0	0	0	0	1	0	3	0	0
AAEL011521	8	0	26	6	1	2	0	2	56	26	2	12
AAEL025593	1	10	0	5	2	4	1	2	1	0	0	12
AAEL021346	43	12	16	37	41	38	10	22	33	23	19	46
AAEL011751	597	210	313	458	503	601	271	485	527	205	256	872
AAEL025082	631	709	580	483	805	639	487	328	572	605	439	374
AAEL024358	672	363	352	548	445	656	314	436	366	403	605	663
AAEL011754	121	64	89	90	90	81	82	50	62	72	88	141
AAEL022346	169	93	145	106	132	92	83	107	89	77	97	102
AAEL027081	0	1	0	0	0	0	1	0	0	0	0	1
AAEL025877	0	1	4	2	9	3	2	1	2	0	3	13
AAEL022450	0	0	0	0	0	0	0	1	2	1	1	0
AAEL019493	154	86	87	121	141	137	74	119	109	124	138	172
AAEL019492	0	0	0	0	0	0	0	0	0	0	0	0
AAEL025640	17	0	11	5	8	12	12	9	5	11	27	9
AAEL011756	3673	2715	3549	3055	4585	2178	329	199	446	408	662	1097
AAEL011835	0	0	0	0	0	0	0	0	0	0	0	0
AAEL026805	3	8	12	6	3	3	3	1	3	5	2	3
AAEL011968	0	0	1	0	0	0	1	4	1	1	1	0
AAEL012088	0	0	0	0	0	0	0	0	0	0	0	0
AAEL027656	0	0	0	0	0	0	1	0	0	0	0	1
AAEL012235	1	7	3	2	3	12	7	4	12	1	5	4
AAEL024190	2	1	0	1	0	0	6	0	1	0	1	0
AAEL012339	301	236	473	58	159	90	249	259	37	92	83	371
AAEL020777	6	1	0	2	9	3	3	0	1	1	3	0
AAEL024512	20	12	23	74	74	57	27	42	78	16	27	81
AAEL022059	3	3	1	24	30	18	2	2	2	3	7	16
AAEL025465	0	0	0	0	0	0	0	0	0	0	0	1
AAEL012645	2	0	0	0	1	4	2	0	1	3	2	5
AAEL012653	0	1	0	0	0	0	0	1	0	0	0	0
AAEL012648	0	1	0	0	0	0	0	0	0	0	0	0
AAEL013135	50	68	70	44	39	103	108	131	130	66	77	120
AAEL023175	3	2	3	0	3	7	1	1	3	6	4	3
AAEL013232	0	0	1	0	1	0	0	1	0	0	0	2
AAEL013691	2	1	0	0	0	1	2	0	1	0	0	0
AAEL024074	2	0	0	0	0	0	4	0	0	0	0	3
AAEL014054	565	314	329	245	205	220	356	341	323	386	354	897
AAEL022556	0	0	0	0	0	0	0	0	1	0	0	0
AAEL021122	0	0	0	0	0	0	0	0	0	0	0	0
AAEL022665	25	28	26	32	48	22	7	21	32	25	10	22
AAEL015119	15	25	20	20	36	7	10	16	8	13	11	7
AAEL014668	2	8	0	1	2	1	5	2	5	1	13	4
AAEL024082	1	0	0	1	0	1	0	0	0	0	2	9
AAEL014767	0	0	0	1	0	2	0	1	0	0	0	2
AAEL014936	64	90	118	80	95	85	14	38	24	18	10	37
AAEL028687	0	0	0	0	0	0	0	0	0	0	0	0
AAEL020773	1	0	0	0	0	0	0	0	0	0	0	0
AAEL015106	0	0	0	0	0	0	0	0	0	0	0	0
AAEL028694	0	0	0	0	0	0	0	0	0	0	0	0
AAEL016523	0	0	0	0	0	0	0	0	0	0	0	0
AAEL016522	0	0	0	0	0	0	0	0	0	0	0	0
AAEL017316	0	0	0	0	0	0	0	0	0	0	0	0
AAEL025413	0	0	0	0	0	0	0	0	0	0	0	0
AAEL021241	0	0	0	0	0	0	0	0	0	0	0	0
AAEL018358	0	0	0	0	0	0	1	1	0	0	0	0
AAEL018694	0	0	0	0	0	0	0	0	0	0	0	0
AAEL018658	274	1349	785	505	80	572	913	480	835	877	1148	1756
AAEL018659	0	0	0	0	0	0	0	0	0	0	0	0
AAEL018660	0	0	0	0	0	0	0	0	0	0	0	0
AAEL018661	0	0	0	0	0	0	0	0	0	0	0	0
AAEL018662	4117	15510	8764	4842	486	5568	21158	6571	16744	12489	17243	30559
AAEL018663	0	0	0	0	0	0	0	0	0	0	0	0
AAEL018664	0	2	0	0	0	1	3	0	0	0	0	0
AAEL018665	0	0	0	0	0	0	0	0	0	0	0	0
AAEL018666	0	0	0	0	0	0	0	0	0	0	0	0
AAEL018667	0	0	0	0	0	0	0	0	0	0	0	0
AAEL018668	8	54	21	18	4	21	53	17	35	33	30	68
AAEL018669	3850	16726	9385	8066	1380	8930	18006	6107	11784	13201	11687	16680
AAEL018670	0	0	0	0	0	0	0	0	0	0	0	0
AAEL018671	0	0	0	0	0	0	0	0	0	0	0	0
AAEL018672	0	0	0	0	0	0	0	0	0	0	0	0
AAEL018673	0	0	0	0	0	0	0	0	0	0	0	0
AAEL018674	0	0	0	0	0	0	0	0	0	0	0	0
AAEL018675	0	0	0	0	0	0	0	0	0	0	0	0
AAEL018676	0	0	0	0	0	0	0	0	0	0	0	0
AAEL018677	0	0	0	0	0	0	0	0	0	0	0	0
AAEL018678	239	736	460	339	161	420	1132	459	608	925	625	847
AAEL018679	0	0	0	0	0	0	0	0	0	0	0	0
AAEL018680	1470	8409	5183	3562	448	3879	7485	3483	5269	6701	6028	9335
AAEL018681	9	43	13	11	2	18	43	22	37	37	39	71
AAEL018682	0	0	0	0	0	0	0	0	0	0	0	0
AAEL018683	0	0	0	0	0	0	0	0	0	0	0	0
AAEL018684	13	55	25	28	12	16	30	30	29	31	39	53
AAEL018685	10049	33265	20562	14103	1946	15876	44513	14606	30779	27069	31813	44895
AAEL018686	0	0	0	0	0	0	0	0	0	0	0	0
AAEL018687	174	851	535	615	97	558	695	453	521	768	483	733
AAEL018688	0	0	0	0	0	0	0	0	0	0	0	0
AAEL018689	594	1535	778	652	434	790	1470	748	1049	1612	2381	2408
AAEL018690	0	0	0	0	0	0	0	0	0	0	0	0
AAEL018691	1	0	0	0	0	0	0	0	0	0	0	0
AAEL020667	0	0	0	0	0	0	0	0	0	0	0	0
AAEL018692	0	0	0	0	0	0	0	0	0	0	0	0
AAEL018693	0	0	0	0	0	0	0	0	0	0	0	0
AAEL024104	42	26	32	36	12	31	47	32	78	26	65	66
AAEL019291	0	1	1	0	4	1	2	0	2	0	1	1
AAEL019292	0	0	0	0	0	0	0	0	0	0	0	0
AAEL019322	0	0	1	0	0	0	0	0	0	0	0	1
AAEL019359	3	0	0	1	0	0	0	1	0	0	0	4
AAEL019361	6	0	0	0	17	4	0	1	0	5	1	4
AAEL020022	0	0	0	0	0	0	2	0	0	0	0	0
AAEL020716	0	0	0	0	0	0	0	0	0	0	0	0
AAEL020506	0	0	0	0	0	0	0	0	0	0	0	0
AAEL024313	0	0	0	0	0	0	0	0	0	0	0	0
AAEL022550	0	0	0	0	0	0	0	0	0	0	0	0
AAEL021053	0	0	0	0	0	0	0	0	0	0	0	0
AAEL022518	0	0	0	0	0	0	0	0	0	0	0	0
AAEL027702	0	0	0	0	0	0	0	0	0	0	0	0
AAEL027993	0	0	0	0	0	0	0	0	0	0	0	0
AAEL025810	0	0	0	0	0	0	0	0	0	0	0	0
AAEL025875	0	0	0	0	0	0	0	0	0	0	0	0
AAEL027154	0	0	0	0	0	0	0	0	0	0	0	0
AAEL023957	0	0	0	0	0	0	0	0	0	0	0	0
AAEL022528	0	0	0	0	0	0	0	0	0	0	0	0
AAEL025702	0	0	0	0	0	0	0	0	0	0	0	0
AAEL020066	0	0	0	0	0	0	0	0	0	0	0	0
AAEL021182	0	0	0	0	0	0	0	0	0	0	0	0
AAEL022207	0	0	0	0	0	0	0	0	0	1	0	0
AAEL028154	0	0	0	0	0	0	0	0	0	0	0	0
AAEL024785	0	0	0	0	0	0	0	0	0	0	0	0
AAEL024392	0	0	0	0	0	0	0	0	0	0	0	0
AAEL025225	0	0	0	0	0	0	0	0	0	0	0	0
AAEL023590	0	0	0	0	0	0	0	0	0	0	0	0
AAEL022644	0	0	0	0	0	0	0	0	0	0	0	0
AAEL020023	0	0	0	0	0	0	0	0	0	0	0	0
AAEL023453	0	0	0	0	0	0	0	0	0	0	0	0
AAEL023849	0	0	0	0	0	0	0	0	0	0	0	0
AAEL022254	0	0	0	0	0	0	0	0	0	0	0	0
AAEL020600	0	0	0	0	0	0	0	0	0	0	0	0
AAEL024652	0	0	0	0	0	0	0	0	0	0	0	0
AAEL023656	0	0	0	0	0	0	0	0	0	0	0	0
AAEL021161	0	0	0	0	0	0	0	0	0	0	0	0
AAEL023950	0	0	0	0	0	0	0	0	0	0	0	0
AAEL024765	0	0	0	0	0	0	0	0	0	0	0	0
AAEL025101	0	0	0	0	0	0	0	0	0	0	0	0
AAEL022055	0	0	0	0	0	0	0	0	0	0	0	0
AAEL026275	0	0	0	0	0	0	0	0	0	0	0	0
AAEL020026	322	181	199	227	74	186	156	358	315	200	292	634
AAEL025497	0	0	0	0	0	0	0	0	0	0	0	0
AAEL027679	0	0	0	0	0	0	0	0	0	0	0	0
AAEL024009	0	0	0	0	0	0	0	0	0	0	0	0
AAEL026529	0	0	0	0	0	0	0	0	0	0	0	0
AAEL025121	0	0	0	0	0	0	0	0	0	0	0	0
AAEL026930	0	0	0	0	0	0	0	0	0	0	0	0
AAEL022311	0	0	0	0	0	0	0	0	0	0	0	0
AAEL020032	0	0	0	0	0	0	0	0	0	0	0	0
AAEL021112	0	0	0	0	0	0	0	0	0	0	0	0
AAEL020605	0	0	0	0	0	0	0	0	0	0	0	0
AAEL020449	0	0	0	0	0	0	0	0	0	0	0	0
AAEL024999	0	0	0	0	0	0	0	0	0	0	0	0
AAEL022153	0	0	0	0	0	0	0	0	0	0	0	0
AAEL020047	0	0	0	0	0	0	0	0	1	1	0	0
AAEL020049	0	8	2	0	0	8	0	4	1	0	1	2
AAEL023573	0	0	1	0	0	1	2	0	0	0	0	0
AAEL022865	0	0	0	0	0	0	0	0	0	0	0	0
AAEL022584	0	0	0	0	0	0	0	0	0	0	0	0
AAEL020145	0	0	0	0	0	0	0	0	0	0	0	0
AAEL027710	0	0	0	0	0	0	0	0	0	0	0	0
AAEL026998	0	0	0	0	0	0	0	0	0	0	0	0
AAEL028217	0	0	0	0	0	0	0	0	0	0	0	0
AAEL027617	0	0	0	0	0	0	0	0	0	0	0	0
AAEL024809	0	0	0	0	0	0	0	0	0	0	0	0
AAEL025825	0	0	0	0	0	0	0	0	0	0	0	0
AAEL025395	0	0	0	0	0	0	0	0	0	0	0	0
AAEL020050	0	0	0	0	0	0	0	0	0	0	0	0
AAEL020056	0	0	0	0	0	0	0	0	0	0	0	0
AAEL020064	0	4	1	1	0	9	0	11	0	7	5	8
AAEL027960	0	1	2	1	0	0	0	0	0	11	12	30
AAEL020898	0	0	1	0	0	0	0	0	0	0	1	0
AAEL020070	0	0	0	0	0	0	0	0	0	0	0	0
AAEL024772	0	0	0	0	0	0	0	0	0	0	0	0
AAEL025341	0	0	0	0	0	0	0	0	0	0	0	0
AAEL023577	0	0	0	9	8	3	8	6	2	17	10	75
AAEL024797	1	0	0	0	0	1	0	0	0	0	0	0
AAEL020076	0	0	0	0	0	0	0	0	1	1	1	0
AAEL021074	0	0	0	0	0	0	0	0	0	0	0	0
AAEL020633	0	0	0	0	0	0	0	0	0	0	0	0
AAEL023734	0	0	0	0	0	0	0	0	0	0	0	0
AAEL020082	0	0	0	0	1	1	0	3	1	0	2	2
AAEL020084	0	0	0	0	0	0	0	0	0	0	0	0
AAEL020108	0	0	0	0	0	0	1	0	0	0	0	0
AAEL028668	2	5	0	0	1	1	8	3	3	5	3	3
AAEL028771	18	3	7	5	3	1	95	18	17	72	12	59
AAEL028730	57	25	55	12	25	18	472	79	83	373	36	86
AAEL021348	1	0	0	0	0	0	0	0	0	0	0	0
AAEL025081	0	0	0	0	0	0	0	0	0	0	0	0
AAEL020115	0	0	0	0	0	0	1	0	0	0	0	0
AAEL028143	0	1	0	0	0	1	3	0	1	0	1	0
AAEL020119	0	15	6	3	4	1	0	2	5	2	1	2
AAEL026685	0	0	0	0	0	0	0	0	0	0	0	0
AAEL020121	0	0	0	0	0	0	0	1	0	0	0	0
AAEL020122	0	0	0	0	0	0	0	0	0	0	0	0
AAEL024711	0	0	0	0	0	0	0	0	0	0	0	0
AAEL023154	0	0	0	0	0	0	0	0	0	0	0	0
AAEL027667	0	0	0	0	0	0	0	0	0	0	0	0
AAEL022571	0	0	0	0	0	0	0	0	0	0	0	0
AAEL022789	0	0	0	0	0	0	0	0	0	0	0	0
AAEL026197	0	0	0	0	0	0	0	0	0	0	0	0
AAEL020772	0	0	0	0	0	0	0	0	0	0	0	0
AAEL027146	0	0	0	0	0	0	0	0	0	0	0	0
AAEL021754	0	0	0	0	0	0	0	0	0	0	0	0
AAEL025240	0	0	0	0	0	0	0	0	0	0	0	0
AAEL025372	0	0	0	0	0	0	0	0	0	0	0	0
AAEL024544	0	0	0	0	0	0	0	0	0	0	0	0
AAEL025267	0	0	0	0	0	0	0	0	0	0	0	0
AAEL020133	40	32	23	17	31	44	22	32	22	23	51	45
AAEL028679	0	0	0	0	0	0	0	0	0	0	0	0
AAEL028919	0	0	0	0	0	0	0	0	0	0	0	0
AAEL025175	7	0	0	0	2	3	0	0	1	0	3	1
AAEL020135	144	47	22	74	4	82	1	20	31	15	52	137
AAEL021152	3	1	5	2	2	2	5	1	5	1	0	1
AAEL020154	6	7	3	2	6	4	5	2	8	4	6	5
AAEL024911	0	0	0	0	0	0	1	1	0	0	0	5
AAEL026139	68	14	3	12	12	11	6	87	8	34	13	95
AAEL020168	0	0	3	0	0	0	4	1	3	3	1	0
AAEL020171	16	7	3	1	3	0	4	2134	919	635	2	14
AAEL021150	0	2	0	0	0	0	0	0	0	1	0	0
AAEL020172	0	0	0	0	0	0	0	0	0	0	0	0
AAEL025897	0	0	0	0	1	2	0	0	0	1	0	1
AAEL025495	0	0	0	0	0	1	0	0	0	0	1	0
AAEL020179	0	5	3	0	0	1	3	0	2	0	0	0
AAEL020182	0	2	3	4	0	4	0	1	0	0	2	0
AAEL020194	70	49	42	40	56	60	24	41	52	29	30	46
AAEL023966	0	0	0	0	0	0	0	0	0	0	0	0
AAEL025057	12	7	8	10	7	3	6	5	8	10	3	11
AAEL020204	0	0	1	1	0	5	2	0	5	5	1	6
AAEL026015	1	1	0	0	0	0	0	0	0	0	0	1
AAEL023782	0	0	0	1	0	2	1	2	0	3	3	4
AAEL020210	0	0	0	0	0	0	0	0	0	0	0	0
AAEL020212	0	0	0	0	0	0	0	0	0	0	0	0
AAEL020213	0	0	0	0	0	0	0	0	0	0	0	0
AAEL020222	4	3	4	2	17	3	3	2	1	6	4	14
AAEL024534	1	2	1	2	4	0	16	9	26	6	7	15
AAEL024850	3	1	0	5	1	0	1	2	0	0	0	4
AAEL020229	0	1	2	2	0	2	1	0	0	0	0	0
AAEL022498	11	12	20	16	13	21	2	17	10	19	6	27
AAEL022058	47	24	30	34	35	41	45	70	82	40	68	53
AAEL020231	0	0	0	0	0	0	0	0	0	0	0	0
AAEL025059	0	0	2	0	0	0	0	0	0	0	0	2
AAEL020692	0	0	1	0	0	0	0	0	0	0	0	0
AAEL020237	5	1	0	0	0	1	3	3	1	0	2	8
AAEL020239	21	5	10	6	4	2	24	42	34	21	45	42
AAEL023796	0	2	1	0	0	0	0	0	0	0	1	0
AAEL023779	1	1	1	2	2	2	1	5	3	0	4	12
AAEL025834	6	11	25	11	8	8	12	13	15	11	15	21
AAEL023566	0	0	0	0	0	0	1	0	0	0	0	0
AAEL020243	0	0	0	0	0	0	1	2	1	0	0	1
AAEL022341	9	8	2	3	8	0	4	6	4	9	3	7
AAEL020244	3	10	2	3	1	4	0	2	2	3	1	4
AAEL025055	0	4	2	4	6	8	1	0	13	2	18	9
AAEL021229	0	0	0	0	0	0	0	0	0	0	0	0
AAEL024542	0	0	0	0	0	0	0	0	0	0	0	0
AAEL021373	0	0	0	0	0	0	0	0	0	0	0	0
AAEL026969	0	0	0	0	0	0	0	0	0	0	0	0
AAEL027999	0	0	0	0	0	0	0	0	0	0	0	0
AAEL020262	0	0	0	0	0	0	0	0	0	0	0	0
AAEL022164	0	0	0	0	0	0	0	0	0	0	0	0
AAEL027306	0	0	0	0	0	0	0	0	0	0	0	0
AAEL027861	0	0	0	0	0	0	0	0	0	0	0	0
AAEL022363	654	393	542	384	463	362	412	455	509	498	345	456
AAEL020271	0	0	0	0	0	0	0	0	0	0	0	0
AAEL027935	0	1	0	0	0	0	0	0	0	0	1	0
AAEL020282	0	0	1	0	0	1	0	0	0	0	0	0
AAEL020291	3	7	10	3	1	0	4	4	2	1	3	1
AAEL020297	0	0	0	0	0	0	0	0	0	0	0	0
AAEL024169	0	0	0	0	1	0	0	0	0	0	0	1
AAEL021507	0	0	0	0	0	0	0	0	0	0	0	0
AAEL020304	0	0	0	0	0	0	0	0	0	0	0	0
AAEL026108	0	0	0	0	0	0	0	0	0	0	0	0
AAEL023483	45	47	24	12	24	35	30	41	37	47	43	58
AAEL020314	801	389	494	429	1156	813	435	182	310	342	647	936
AAEL027806	21	24	37	14	21	22	7	0	20	29	33	30
AAEL021381	1	0	3	0	2	1	0	2	2	2	2	5
AAEL026051	0	0	0	0	0	0	0	0	0	0	0	0
AAEL026929	0	0	0	0	0	0	0	0	0	0	0	0
AAEL025224	119	90	64	56	45	97	79	75	113	90	108	184
AAEL020487	0	0	0	0	0	0	0	0	0	1	0	0
AAEL027508	7	5	4	0	0	0	34	1	0	1	4	26
AAEL027648	0	0	0	0	4	0	0	0	0	0	0	0
AAEL020316	121	86	65	81	110	97	68	79	109	65	77	86
AAEL021389	0	0	1	1	2	2	0	1	1	3	1	3
AAEL025965	0	0	0	2	0	0	0	0	0	1	0	0
AAEL020319	0	0	1	1	0	0	1	0	0	0	0	0
AAEL020481	0	0	0	0	0	0	0	0	0	0	0	0
AAEL021118	0	0	0	0	0	0	0	0	0	0	0	0
AAEL020323	0	0	0	0	0	0	0	0	0	0	0	0
AAEL026029	2	13	10	2	16	6	4	21	10	17	8	18
AAEL020332	1	1	3	0	1	1	0	0	0	1	1	1
AAEL022323	0	0	0	0	0	0	0	0	0	0	0	0
AAEL022281	0	0	0	0	0	0	0	0	0	0	0	0
AAEL022752	0	0	0	0	0	0	0	0	0	0	0	0
AAEL024808	0	0	0	0	0	0	0	0	0	0	0	0
AAEL021529	0	0	0	0	0	0	0	0	0	0	0	0
AAEL020343	0	0	0	0	0	0	0	0	0	0	0	0
AAEL021352	0	0	0	0	0	0	0	0	0	0	0	0
AAEL023269	0	0	0	0	0	0	0	0	0	0	0	0
AAEL025104	0	0	0	0	0	0	0	0	0	0	0	0
AAEL024224	0	0	0	0	0	0	0	0	0	0	0	0
AAEL026864	0	0	0	0	0	0	0	0	0	0	0	0
AAEL026181	0	0	0	0	0	0	0	0	0	0	0	0
AAEL022814	0	0	0	0	0	0	0	0	0	0	0	0
AAEL021903	0	0	0	0	0	0	0	0	0	0	0	0
AAEL022765	0	0	0	0	0	0	0	0	0	0	0	0
AAEL020420	0	0	0	0	0	0	0	0	0	0	0	0
AAEL022170	0	0	0	0	0	0	0	0	0	0	0	0
AAEL022161	0	0	0	0	0	0	0	0	0	0	0	0
AAEL026395	0	0	0	0	0	0	0	0	0	0	0	0
AAEL023255	153	183	131	47	56	75	141	310	187	207	87	304
AAEL020346	0	0	0	0	0	0	0	0	0	1	0	0
AAEL020358	36	9	15	11	13	13	34	12	18	23	24	18
AAEL025369	0	0	0	0	0	0	0	0	0	1	0	0
AAEL020369	0	0	0	0	0	0	0	0	0	0	0	0
AAEL020373	4	2	0	1	0	0	2	0	2	1	1	1
AAEL027736	1	0	3	0	0	1	5	2	6	1	1	1
AAEL020393	0	2	0	0	0	0	0	0	0	0	0	0
AAEL026919	0	0	0	0	0	0	0	0	0	0	0	0
AAEL025153	2	8	9	1	0	5	1	0	0	3	7	1
AAEL020406	3	1	0	2	1	1	1	0	1	0	2	3
AAEL027351	7	16	28	32	55	22	11	7	7	19	11	42
AAEL026883	0	0	0	0	0	0	0	0	0	0	0	0
AAEL027851	0	0	0	0	0	0	0	0	0	0	0	0
AAEL026250	0	0	0	0	0	0	0	0	0	0	0	0
AAEL025166	0	0	0	0	0	0	0	0	0	0	0	0
AAEL023278	0	0	0	0	0	0	0	0	0	0	0	0
AAEL024356	0	0	0	0	0	0	0	0	0	0	0	0
AAEL022643	0	0	0	0	0	0	0	0	0	0	0	0
AAEL021983	0	0	0	0	0	0	0	0	0	0	0	0
AAEL020951	0	0	0	0	0	0	0	0	0	0	0	0
AAEL027942	0	0	0	0	0	0	0	0	0	0	0	0
AAEL020810	0	0	0	0	0	0	0	0	0	0	0	0
AAEL025292	0	0	0	0	0	0	0	0	0	0	0	0
AAEL024140	0	0	0	0	0	0	0	0	0	0	0	0
AAEL021726	0	0	0	0	0	0	0	0	0	0	0	0
AAEL021540	0	0	0	0	0	0	0	0	0	0	0	0
AAEL024255	0	0	0	0	0	0	0	0	0	0	0	0
AAEL026533	0	0	0	0	0	0	0	0	0	0	0	0
AAEL027451	0	0	0	0	0	0	0	0	0	0	0	0
AAEL023340	0	0	0	0	0	0	0	0	0	0	0	0
AAEL021922	0	0	0	0	0	0	0	0	0	0	0	0
AAEL025620	0	0	0	0	0	0	0	0	0	0	0	0
AAEL022959	0	0	0	0	0	0	0	0	0	0	0	0
AAEL024177	0	0	0	0	0	0	0	0	0	0	0	0
AAEL026204	0	0	0	0	0	0	0	0	0	0	0	0
AAEL026550	0	0	0	0	0	0	0	0	0	0	0	0
AAEL021821	0	0	0	0	0	0	0	0	0	0	0	0
AAEL026505	0	0	0	0	0	0	0	0	0	0	0	0
AAEL027625	0	0	0	0	0	0	0	0	0	0	0	0
AAEL024832	0	0	0	0	0	0	0	0	0	0	0	0
AAEL023466	0	0	0	0	0	0	0	0	0	0	0	0
AAEL028072	0	0	0	0	0	0	0	0	0	0	0	0
AAEL026947	0	0	0	0	0	0	0	0	0	0	0	0
AAEL020411	0	0	0	0	0	0	0	0	0	0	0	0
AAEL020413	1	2	0	0	6	10	0	0	3	9	6	7
AAEL027281	0	0	0	0	1	0	0	0	0	0	0	0
AAEL020415	0	0	0	0	0	0	0	0	0	0	0	0
AAEL025146	948	755	850	1275	1610	876	443	196	278	270	388	568
AAEL021335	7	5	17	24	38	13	6	10	17	12	16	23
AAEL020429	55	73	66	50	149	70	43	32	46	24	15	31
AAEL025170	341	690	674	113	311	502	900	472	563	585	1145	736
AAEL026053	0	0	0	0	0	0	0	0	0	0	0	0
AAEL020438	5	1	3	1	3	3	7	1	1	2	13	2
AAEL026952	0	0	6	0	4	4	0	0	0	0	1	0
AAEL021364	8	0	0	0	0	5	2	2	3	3	0	1
AAEL020447	15	4	4	4	17	2	6	4	8	8	3	4
AAEL020451	18	7	5	5	17	7	9	11	18	19	15	8
AAEL028775	0	0	0	0	0	0	0	0	0	0	0	0
AAEL020462	0	0	0	0	0	0	1	287	874	947	0	0
AAEL020490	0	0	0	0	0	0	0	0	0	0	0	0
AAEL020491	0	0	0	0	0	0	0	0	0	0	0	0
AAEL028009	0	0	0	0	0	0	0	0	0	0	0	0
AAEL021420	12	17	14	8	5	10	9	24	10	6	8	13
AAEL024885	0	0	0	0	0	0	0	0	0	0	0	0
AAEL020492	4	3	2	3	0	0	7	0	4	4	4	1
AAEL020494	53	61	81	44	67	27	37	29	61	6	11	55
AAEL022212	0	0	0	0	0	0	1	0	0	0	0	1
AAEL028134	2	0	0	0	0	0	1	0	0	0	2	0
AAEL020496	0	0	0	0	0	0	0	0	0	0	0	0
AAEL020504	6	4	0	0	3	3	1	2	1	3	0	1
AAEL023570	2	6	2	1	3	1	3	6	2	1	1	4
AAEL028197	0	0	0	0	0	0	0	0	0	0	0	0
AAEL020524	2036	593	655	174	619	287	1015	2234	2416	1417	3778	1535
AAEL020526	0	3	1	0	0	0	5	0	2	0	1	3
AAEL022271	0	0	0	0	0	2	0	0	0	1	0	0
AAEL025136	0	0	0	0	0	0	0	0	0	0	0	0
AAEL020534	0	0	0	0	0	0	0	0	0	0	0	0
AAEL020539	3	3	2	2	0	5	4	5	3	3	1	8
AAEL023101	1	0	2	0	0	0	1	0	6	1	1	2
AAEL020540	0	0	0	0	0	0	0	0	0	0	0	0
AAEL026673	0	0	0	0	0	0	0	0	0	0	0	0
AAEL027840	0	0	0	0	0	0	0	0	2	0	0	3
AAEL027578	0	0	0	0	0	0	0	0	0	0	0	0
AAEL025408	1	5	7	3	8	1	2	13	6	8	3	3
AAEL021331	0	0	0	0	0	0	0	0	0	0	0	0
AAEL020545	5	4	5	3	3	0	2	2	4	4	5	7
AAEL024300	95	51	83	53	141	37	78	32	105	77	60	58
AAEL020551	0	0	0	0	0	0	0	0	0	0	0	0
AAEL020552	0	0	0	0	0	0	0	0	0	0	0	0
AAEL026993	0	0	3	0	2	0	1	3	1	0	3	1
AAEL025452	0	0	0	0	0	0	0	0	0	0	0	0
AAEL021245	0	0	0	0	0	0	0	0	0	0	0	0
AAEL025935	0	0	0	0	0	1	0	0	0	0	0	2
AAEL020555	5	0	1	0	1	1	5	8	7	5	2	9
AAEL020564	0	0	0	0	0	0	0	0	0	0	0	0
AAEL020577	0	0	0	0	0	0	0	0	0	0	0	0
AAEL021133	0	2	0	0	0	0	2	0	0	0	0	3
AAEL026871	0	1	0	0	2	0	0	0	0	0	0	0
AAEL028006	2	2	3	0	1	0	0	0	1	0	0	0
AAEL020590	14	7	13	9	8	14	11	37	9	15	4	5
AAEL020591	62	76	74	17	17	55	73	61	95	40	61	86
AAEL025189	53	62	45	7	10	41	55	52	69	18	37	65
AAEL025357	0	0	0	0	0	0	0	0	0	0	0	0
AAEL023203	0	0	0	0	0	0	0	0	0	0	0	0
AAEL020601	0	0	0	0	0	0	0	0	0	0	0	0
AAEL027640	0	0	0	0	0	0	0	0	0	0	0	0
AAEL020609	8	4	5	0	1	6	2	4	3	2	1	2
AAEL020611	0	0	0	0	0	0	0	0	0	0	0	0
AAEL025984	2	1	1	1	2	0	0	2	3	3	1	0
AAEL029049	0	3	3	0	0	1	0	0	0	0	2	0
AAEL020643	0	0	0	0	0	0	1	0	1	0	0	0
AAEL020652	0	0	0	0	0	0	0	0	0	0	0	1
AAEL020670	3	0	4	2	3	1	1	5	1	4	1	1
AAEL025287	28	16	13	30	16	20	11	27	11	28	15	37
AAEL024415	0	0	0	0	0	0	0	0	0	0	0	0
AAEL020686	0	0	0	0	0	1	0	0	0	0	0	0
AAEL021809	6	1	0	2	6	16	2	2	3	1	5	4
AAEL020701	3	2	7	4	0	0	1	5	4	1	0	4
AAEL020707	0	1	0	0	0	1	0	1	0	0	1	0
AAEL026658	0	0	0	0	0	0	0	0	0	0	0	0
AAEL025330	279	193	158	19	177	20	341	62	229	146	217	216
AAEL020721	0	0	0	0	0	0	0	0	0	0	0	0
AAEL022544	3	1	1	15	5	10	3	12	6	3	11	18
AAEL020743	1	0	1	15	1	2	0	11	1	1	3	4
AAEL024357	0	1	1	15	16	13	0	3	11	1	10	12
AAEL025562	4	3	2	8	27	16	0	5	10	0	3	10
AAEL020746	1	0	1	0	0	0	0	0	0	0	0	0
AAEL023081	0	0	0	0	0	0	0	0	0	0	0	0
AAEL021697	0	0	0	0	0	0	0	0	0	0	0	0
AAEL025297	0	0	0	0	0	0	0	0	0	0	0	0
AAEL020754	1	2	0	0	0	2	0	0	0	1	0	1
AAEL020774	0	0	0	0	0	1	1	1	0	0	0	0
AAEL021711	0	1	0	2	0	0	1	0	0	1	1	0
AAEL020781	0	0	0	0	0	0	0	0	0	0	0	0
AAEL020784	0	0	0	0	0	0	0	0	0	0	1	0
AAEL020799	0	0	0	0	0	0	0	0	1	0	0	0
AAEL020814	0	0	0	0	0	0	0	0	0	0	0	0
AAEL020820	10	5	3	4	6	3	4	0	3	3	5	5
AAEL025388	24	15	12	11	30	27	13	15	12	13	22	27
AAEL020853	11	16	5	613	218	126	16	52	166	123	33	204
AAEL020871	0	0	0	0	0	0	0	0	0	0	0	0
AAEL028890	0	0	0	0	0	0	0	0	0	0	0	0
AAEL025271	10	2	3	4	2	7	8	16	6	5	5	1
AAEL024667	0	0	0	0	0	0	0	0	0	1	0	0
AAEL020876	0	0	0	0	0	0	0	0	0	0	0	0
AAEL022802	0	0	0	0	0	0	0	0	0	0	0	0
AAEL026424	0	0	0	0	0	0	0	0	0	0	0	0
AAEL021327	0	0	0	0	0	0	0	0	0	0	0	0
AAEL020887	0	0	0	0	0	0	0	0	0	0	0	0
AAEL020891	3	0	7	2	4	3	7	1	5	6	6	3
AAEL021599	0	0	0	0	0	0	0	0	0	0	0	0
AAEL025507	0	0	0	0	0	0	0	0	0	0	0	0
AAEL021601	0	0	0	0	0	0	0	0	0	0	0	0
AAEL026148	0	0	0	0	0	0	0	0	0	0	0	0
AAEL026199	0	0	0	0	0	0	0	0	0	0	0	0
AAEL020912	0	0	0	0	0	0	0	0	0	0	0	0
AAEL027662	0	0	0	0	0	0	0	0	0	0	0	0
AAEL022217	0	0	0	0	0	0	0	0	0	0	0	0
AAEL022488	0	0	0	0	0	0	0	0	0	0	0	0
AAEL025284	0	0	0	0	0	0	0	0	0	0	0	0
AAEL024514	0	0	0	0	0	0	0	0	0	0	0	0
AAEL027855	0	0	0	0	0	0	0	0	0	0	0	0
AAEL023767	0	1	0	1	0	0	0	3	1	0	0	1
AAEL020913	126	76	85	111	98	95	44	78	77	68	41	111
AAEL025470	0	0	0	0	0	0	0	0	1	0	0	0
AAEL022708	2	3	1	0	3	1	1	0	0	0	0	0
AAEL026416	2	3	1	0	1	0	0	0	0	1	1	2
AAEL027279	0	0	0	0	0	0	0	0	1	0	0	0
AAEL020938	5	1	1	1	1	4	0	2	1	2	1	5
AAEL020945	2	2	0	5	0	1	0	2	8	2	2	1
AAEL024119	66	48	71	51	71	74	44	67	96	42	25	43
AAEL020956	1	3	0	0	0	0	0	0	2	0	0	0
AAEL028962	0	0	0	0	0	0	0	0	0	0	0	0
AAEL020962	2	4	5	7	3	5	4	4	8	3	2	11
AAEL021810	0	0	0	0	0	0	0	0	0	0	0	0
AAEL023816	0	1	0	0	0	0	1	1	4	4	0	0
AAEL020965	1	0	3	2	1	0	0	0	0	1	0	0
AAEL020979	0	0	0	0	0	0	0	0	0	0	0	0
AAEL020981	0	0	0	0	1	0	1	0	0	0	0	1
AAEL021297	0	0	0	0	0	0	0	0	0	0	0	0
AAEL025828	0	0	0	0	0	0	0	0	0	0	0	0
AAEL020985	0	0	0	0	0	0	0	0	0	0	0	0
AAEL026866	0	0	0	0	0	0	0	0	0	0	0	0
AAEL023688	0	0	0	0	0	0	0	0	0	0	0	0
AAEL023013	0	0	0	0	0	0	0	0	0	0	0	0
AAEL021644	0	0	0	0	0	0	0	0	0	0	0	0
AAEL027872	0	0	0	0	0	0	0	0	0	0	0	0
AAEL027917	0	0	0	0	0	0	0	0	0	0	0	0
AAEL026916	0	0	0	0	0	0	0	0	0	0	0	0
AAEL021300	0	0	0	0	0	0	0	0	0	0	0	0
AAEL022702	0	0	0	0	0	0	0	0	0	0	0	0
AAEL025242	0	0	0	0	0	0	0	0	0	0	0	0
AAEL026532	2	1	0	1	3	1	1	1	2	1	5	0
AAEL024011	0	0	0	0	0	1	0	1	0	0	0	2
AAEL020986	220	111	94	299	172	270	118	192	248	125	215	237
AAEL020987	655	599	685	452	990	570	484	499	451	430	356	649
AAEL023842	73	90	100	57	29	62	61	120	112	73	83	58
AAEL021515	234	275	281	192	126	260	235	316	307	225	210	228
AAEL025473	11	7	1	5	0	3	13	4	10	4	4	13
AAEL020993	0	0	0	0	0	0	0	0	0	0	0	0
AAEL024580	0	0	0	0	0	0	0	0	0	0	0	0
AAEL020994	48	55	44	29	40	62	42	27	35	23	27	20
AAEL021000	0	0	0	0	0	0	1	0	0	0	0	1
AAEL021010	66	32	34	30	67	53	28	28	41	55	70	58
AAEL021023	22	25	8	9	19	41	17	14	19	11	23	29
AAEL022961	0	0	1	0	0	1	0	0	2	0	0	0
AAEL021052	1	0	1	0	0	0	0	0	0	0	0	0
AAEL027181	0	0	0	0	0	0	0	0	0	0	0	0
AAEL027095	0	0	0	0	0	0	0	0	0	0	0	0
AAEL021057	0	0	0	0	0	0	0	0	0	0	0	0
AAEL022620	0	0	0	0	0	0	0	0	0	0	0	0
AAEL027836	0	1	0	0	0	1	0	2	0	2	1	0
AAEL021080	0	0	2	0	0	0	0	0	0	0	0	0
AAEL026931	0	0	0	0	1	0	0	0	0	0	0	0
AAEL021087	4	1	0	0	0	0	0	0	0	0	0	0
AAEL024601	1	0	0	1	2	3	0	0	1	0	0	3
AAEL023117	6	5	6	3	2	1	1	6	9	5	8	6
AAEL021091	81	26	50	37	38	21	38	101	9	8	43	135
AAEL027045	2	1	0	0	4	3	8	8	3	7	3	3
AAEL021098	0	0	0	0	0	0	0	1	0	0	0	0
AAEL021105	0	0	0	0	0	0	0	0	0	0	0	0
AAEL021120	2	0	0	0	0	0	0	0	0	0	0	3
AAEL027883	0	0	0	0	0	0	0	0	0	0	1	0
AAEL027797	2	1	3	0	0	2	2	2	5	1	1	0
AAEL021134	386	282	191	202	161	433	227	321	454	201	367	485
AAEL026579	11	5	9	15	9	10	11	8	13	14	8	14
AAEL021136	0	0	0	0	0	0	0	0	0	0	0	0
AAEL022582	0	0	0	2	3	1	0	0	0	0	0	0
AAEL027178	0	1	0	0	0	5	3	2	0	1	2	2
AAEL021172	0	0	0	0	0	0	0	0	0	0	0	0
AAEL021181	0	4	0	4	1	0	0	1	2	0	1	2
AAEL027048	2	0	0	0	0	0	1	0	0	0	1	0
AAEL021184	0	0	0	2	2	1	0	0	0	2	0	0
AAEL021185	30	38	17	9	14	42	18	28	42	16	20	31
AAEL026438	10	3	10	12	4	4	1	13	9	4	3	0
AAEL028673	0	0	0	0	0	0	0	0	0	0	0	0
AAEL022167	45	10	35	21	22	2	46	28	31	45	22	61
AAEL024882	1	0	0	0	0	0	0	0	4	0	0	0
AAEL028059	0	0	0	0	2	0	0	0	3	0	0	2
AAEL025781	2	2	2	0	0	2	1	2	2	0	0	4
AAEL021186	0	0	0	0	0	0	0	0	0	0	0	0
AAEL022707	0	0	0	0	1	1	0	0	0	0	1	0
AAEL023622	0	0	0	0	0	0	0	0	0	0	0	0
AAEL021447	175	163	138	59	59	182	184	159	185	170	117	198
AAEL026175	2196	1441	1480	1281	839	1672	656	431	693	291	1214	2126
AAEL025324	46	17	29	7	1	8	22	12	29	6	43	62
AAEL026151	0	0	0	0	0	0	0	0	0	0	0	0
AAEL026215	1589	1485	1369	1206	1597	1908	483	1293	1178	661	765	1122
AAEL024802	0	0	0	0	0	0	0	0	0	0	0	0
AAEL027169	1	1	3	0	3	3	0	2	2	1	2	3
AAEL021190	63	31	46	5	38	36	5	8	4	24	3	0
AAEL021197	0	0	0	0	0	0	0	0	0	0	0	0
AAEL021198	2	0	0	0	0	1	0	1	2	0	3	0
AAEL021199	2	0	3	1	3	4	1	3	1	3	1	0
AAEL021202	11	4	1	1	0	11	9	16	7	15	19	21
AAEL026566	2	1	2	0	0	3	0	2	3	2	4	3
AAEL025481	22	65	6	34	5	3	30	6	17	8	2	1
AAEL028992	0	0	0	0	0	0	0	0	0	0	0	0
AAEL028815	0	0	0	0	0	0	0	0	0	0	0	0
AAEL021210	1	0	1	0	0	0	0	0	0	0	0	1
AAEL021213	0	0	0	0	0	0	0	0	0	0	0	0
AAEL021214	0	2	0	0	0	6	0	2	2	2	0	2
AAEL026918	0	0	0	0	0	0	0	0	0	0	0	0
AAEL021216	0	0	0	0	0	0	2	0	3	3	0	2
AAEL025933	0	0	0	0	0	0	1	0	0	1	0	2
AAEL025213	89	48	43	161	240	131	58	37	50	110	77	87
AAEL025469	4	3	3	5	1	1	3	1	7	2	3	4
AAEL021221	0	0	0	0	0	0	0	0	0	0	0	0
AAEL027754	28	27	7	7	0	20	6	29	11	7	29	25
AAEL025874	70	96	54	17	4	77	13	53	53	13	48	52
AAEL021246	0	2	1	0	0	3	0	0	0	0	1	0
AAEL021249	0	0	0	0	0	0	0	0	0	0	0	0
AAEL021252	0	1	0	0	0	0	0	0	0	0	0	2
AAEL021264	0	1	0	0	0	0	2	0	0	0	2	1
AAEL021269	0	0	0	0	0	0	0	0	0	3	0	0
AAEL021270	0	1	0	0	4	2	1	2	5	1	0	0
AAEL021272	0	0	0	0	0	0	0	0	0	0	0	0
AAEL021287	0	0	0	0	0	0	0	0	0	0	0	0
AAEL025967	0	0	0	0	0	0	0	0	0	2	0	0
AAEL021294	0	0	1	0	0	1	0	1	0	0	0	1
AAEL022360	0	0	0	0	0	0	0	0	0	0	0	0
AAEL021311	1	0	0	0	0	0	0	0	0	0	0	0
AAEL021312	0	0	0	0	0	0	0	0	0	0	0	0
AAEL021425	0	1	0	0	1	0	1	1	1	5	0	0
AAEL028760	0	0	0	0	0	0	0	0	0	0	0	0
AAEL021313	16	4	5	5	11	1	3	3	16	7	17	11
AAEL021316	3	6	5	5	22	8	3	8	1	4	1	8
AAEL022992	0	0	0	0	0	0	0	0	0	0	0	0
AAEL026549	0	0	1	0	0	0	1	0	1	0	0	4
AAEL021444	0	2	0	1	1	1	2	1	1	0	0	0
AAEL025944	0	0	1	0	2	0	0	0	0	1	2	1
AAEL021317	11	13	10	11	5	3	6	4	8	2	8	4
AAEL021319	6	7	12	1	0	1	1	0	0	3	2	1
AAEL024374	0	0	0	0	0	0	0	0	0	0	0	0
AAEL021368	0	0	0	0	0	0	0	0	0	0	0	0
AAEL024020	0	0	0	0	0	0	0	0	0	0	0	0
AAEL021382	22	25	43	1	1	7	23	15	19	25	6	7
AAEL021391	0	0	0	0	0	0	0	0	0	1	0	0
AAEL021401	0	0	0	0	0	0	0	1	0	0	0	0
AAEL025489	0	0	0	0	0	0	0	0	0	0	0	0
AAEL021402	0	1	0	1	0	0	0	0	0	0	0	0
AAEL021404	1	2	0	0	0	0	2	6	0	0	2	1
AAEL021627	0	0	0	0	0	0	0	0	0	0	0	0
AAEL022366	0	0	0	0	0	0	0	0	0	0	0	0
AAEL021416	0	0	4	0	0	2	0	0	0	0	0	1
AAEL021422	632	447	461	462	955	234	507	280	218	171	314	248
AAEL021435	0	0	0	0	0	0	0	0	0	0	0	0
AAEL021437	1	0	0	0	0	1	1	0	0	2	0	2
AAEL021442	0	0	0	0	0	0	0	0	0	0	0	0
AAEL021453	458	434	373	282	219	442	361	157	337	291	393	419
AAEL024239	0	1	2	0	0	0	0	0	0	0	3	1
AAEL028916	0	1	0	0	0	0	0	0	0	0	0	1
AAEL028692	0	1	0	0	0	1	1	0	0	0	1	0
AAEL024996	1	2	0	1	0	1	1	0	2	0	0	0
AAEL021484	6	6	4	5	6	9	5	5	11	3	5	22
AAEL022673	0	0	0	0	0	0	0	0	0	0	0	0
AAEL026273	1	0	0	0	0	0	0	0	0	0	0	0
AAEL021486	0	0	0	0	0	0	0	0	0	1	0	0
AAEL025203	0	0	0	0	0	0	0	0	0	0	0	0
AAEL021528	1	0	2	0	0	5	0	0	6	0	1	2
AAEL021547	1	0	0	0	1	0	0	1	0	0	0	0
AAEL025900	0	0	0	0	0	0	0	0	0	0	0	0
AAEL024827	2	2	1	2	1	0	1	7	4	18	3	4
AAEL021584	253	103	152	137	111	146	156	212	206	183	119	164
AAEL027016	5	2	2	4	8	4	5	7	1	5	3	4
AAEL021590	0	0	0	0	0	1	0	0	0	0	0	0
AAEL021591	2	0	0	0	2	1	0	0	0	0	0	1
AAEL022067	797	938	804	640	729	913	503	604	648	479	474	656
AAEL028741	0	0	0	0	0	0	2	2	0	1	2	0
AAEL028044	0	1	0	0	2	3	0	3	0	1	0	1
AAEL021623	0	0	2	0	0	0	0	0	0	0	0	2
AAEL024569	0	0	1	0	0	1	1	0	0	1	0	0
AAEL021624	25	7	11	17	58	14	14	5	9	13	8	6
AAEL021650	0	0	0	0	0	0	0	0	0	0	0	0
AAEL021655	2	0	1	0	0	0	1	1	1	3	0	2
AAEL022327	61	23	32	20	5	36	44	48	61	36	56	78
AAEL026506	7	4	12	6	13	7	7	9	12	9	5	5
AAEL021660	4	1	3	2	1	8	20	22	30	12	15	7
AAEL023043	0	0	0	0	0	0	0	1	0	0	1	0
AAEL021668	4	17	13	0	11	24	6	6	6	9	4	1
AAEL021682	5	12	5	3	10	9	12	7	11	13	12	11
AAEL021694	35	81	31	168	165	109	48	20	159	111	217	67
AAEL021717	4	4	4	2	4	4	1	3	1	2	3	3
AAEL024747	1391	908	1193	1094	1684	881	668	846	983	796	732	759
AAEL021729	0	0	0	0	0	0	0	0	0	0	0	0
AAEL021742	40	33	33	38	21	41	51	44	47	27	48	65
AAEL025856	292	612	399	495	303	485	847	260	1720	443	631	74
AAEL021755	143	131	102	26	40	81	322	182	348	166	302	173
AAEL021758	68	20	8	23	19	49	3	22	10	2	16	63
AAEL022632	688	550	509	512	915	1022	767	695	895	945	652	832
AAEL021759	5	2	1	1	0	1	2	5	2	1	2	2
AAEL021760	3	6	1	3	1	5	7	4	4	2	1	8
AAEL021761	6	4	1	1	1	3	2	4	5	3	2	2
AAEL024321	763	505	538	513	289	483	566	607	724	460	510	805
AAEL021767	241	74	192	242	162	155	147	155	241	117	57	209
AAEL021773	0	0	0	0	0	1	0	0	1	2	0	0
AAEL021776	0	0	0	0	0	0	0	0	0	0	0	0
AAEL021780	33	14	12	23	8	24	14	20	29	14	9	33
AAEL021781	0	5	2	1	2	21	0	0	0	0	2	20
AAEL021792	10	6	5	4	2	16	5	24	27	4	21	25
AAEL021799	0	0	0	0	0	0	0	1	0	0	0	0
AAEL024266	0	0	0	1	0	0	0	0	0	0	0	0
AAEL026299	2	0	1	0	0	0	2	0	0	0	1	0
AAEL027301	46	44	23	26	37	31	20	52	50	26	20	35
AAEL022810	4	2	2	1	0	3	2	3	3	0	2	2
AAEL021800	0	0	0	0	0	0	0	0	0	0	0	2
AAEL021806	0	0	0	0	0	0	0	0	0	0	0	0
AAEL021807	9	17	5	3	3	9	13	7	6	2	9	12
AAEL021822	0	0	0	0	0	0	0	0	0	0	0	0
AAEL021834	6	2	3	0	2	4	5	12	13	2	11	17
AAEL024238	0	1	1	2	1	2	4	0	1	5	4	7
AAEL021835	0	0	0	0	0	0	0	0	0	0	0	0
AAEL021837	0	2	0	0	0	2	0	0	0	0	0	0
AAEL021843	1	0	1	1	0	0	4	2	2	1	0	2
AAEL025327	0	0	0	0	0	0	0	0	0	0	0	0
AAEL021845	0	0	0	0	0	0	0	0	0	0	0	0
AAEL021847	841	578	544	569	710	656	199	225	309	153	265	736
AAEL027653	1	3	2	0	0	0	0	1	1	0	0	0
AAEL021881	1	0	3	0	0	1	1	3	2	1	0	0
AAEL026422	0	0	0	0	0	0	0	0	0	0	0	0
AAEL023150	0	3	1	0	0	0	0	0	0	2	0	0
AAEL021890	1	1	1	0	0	0	5	25	5	10	8	10
AAEL021891	33	21	24	18	17	23	31	23	27	15	7	16
AAEL028842	0	0	0	0	0	0	0	0	0	0	0	0
AAEL025939	151	108	119	90	101	112	82	53	129	76	64	81
AAEL021894	4002	2896	3292	4545	2857	4453	1842	3185	2323	2638	1310	5397
AAEL025644	2	3	3	4	1	4	4	4	10	3	4	4
AAEL025383	25	17	36	9	21	16	16	16	18	17	15	16
AAEL023071	0	0	0	0	0	0	0	0	0	0	0	0
AAEL024674	1	2	0	0	0	1	0	1	2	0	0	1
AAEL021896	0	0	0	0	0	0	0	1	0	0	0	0
AAEL021902	0	0	0	0	0	0	0	0	0	0	0	0
AAEL021915	69	72	58	95	176	265	110	214	148	97	103	211
AAEL026688	6	8	15	0	0	0	0	0	3	1	1	2
AAEL021916	0	0	0	0	0	0	0	0	0	0	0	0
AAEL021923	347	158	164	137	12	276	63	214	281	123	291	432
AAEL027140	41	15	28	21	13	30	19	23	40	7	19	20
AAEL022654	0	0	1	0	3	0	1	0	0	0	0	0
AAEL021932	14	17	6	2	4	10	14	6	12	2	8	10
AAEL021939	0	0	0	0	0	0	6	2	0	0	0	0
AAEL023569	0	0	1	0	0	0	0	0	1	1	0	4
AAEL021944	0	0	0	0	0	0	1	0	0	0	2	1
AAEL021958	0	0	0	0	0	0	0	0	0	0	0	0
AAEL025646	0	0	0	0	0	0	0	10	0	0	0	0
AAEL021993	0	0	0	1	0	1	0	107	3	5	3	0
AAEL021997	0	0	0	0	0	0	0	0	0	0	0	0
AAEL023000	1	0	0	2	0	2	1	4	8	3	2	0
AAEL022169	233	164	176	249	249	183	136	142	180	154	117	209
AAEL026780	31	26	9	14	7	31	18	27	33	7	7	30
AAEL027987	34	11	11	7	12	39	33	22	6	0	37	22
AAEL022013	118	199	134	94	54	156	87	148	220	103	126	133
AAEL022198	0	0	0	0	0	0	0	0	0	0	0	0
AAEL022015	0	0	0	0	0	0	0	0	0	0	0	0
AAEL024585	3	2	3	2	0	10	0	0	0	0	0	6
AAEL022017	0	1	0	0	0	0	2	0	1	1	0	0
AAEL022020	2	0	0	0	0	0	5	0	0	2	2	2
AAEL024633	0	0	0	0	0	0	0	0	0	0	0	0
AAEL022031	1	0	0	0	0	0	0	0	0	0	0	0
AAEL025680	2405	2162	1547	898	596	1754	1521	1930	2316	1322	1834	2254
AAEL022042	0	0	0	0	0	0	0	0	0	0	0	1
AAEL028744	0	0	0	0	0	0	0	0	0	0	0	0
AAEL028797	0	0	0	0	0	0	0	0	0	0	0	0
AAEL023773	0	0	0	0	0	0	1	1	2	0	0	0
AAEL022044	0	0	0	0	0	0	0	0	0	0	0	0
AAEL022803	0	0	0	0	1	0	0	0	0	1	0	0
AAEL022056	111	33	62	55	4	56	48	67	135	49	99	56
AAEL025659	0	0	1	0	0	1	0	1	2	3	0	1
AAEL022057	1	0	0	0	0	0	3	0	0	4	1	0
AAEL024516	223	319	207	173	198	193	195	371	374	246	362	225
AAEL022075	0	0	4	4	6	4	5	1	0	2	5	7
AAEL022318	50	26	31	17	24	29	20	38	33	32	21	60
AAEL023417	6	3	1	1	4	0	2	0	3	2	3	4
AAEL026327	17	0	12	4	10	8	6	7	14	6	3	7
AAEL022078	71	175	77	141	154	106	152	160	148	173	344	194
AAEL027602	0	1	1	0	1	0	2	0	2	7	0	2
AAEL022096	0	1	0	3	0	2	0	1	2	0	3	0
AAEL022100	2	0	1	2	2	0	0	1	2	0	1	0
AAEL027948	41	13	12	15	6	10	35	45	54	37	60	110
AAEL022127	0	0	0	0	0	0	0	0	1	0	0	0
AAEL029000	0	0	0	0	0	0	0	0	0	0	0	0
AAEL028972	0	0	0	0	0	0	0	0	0	0	0	0
AAEL028848	0	0	0	0	0	0	0	0	1	1	1	1
AAEL022155	4	20	9	104	208	27	2	4	16	134	137	139
AAEL022157	0	0	0	0	0	0	0	0	0	0	0	0
AAEL022187	0	0	0	0	0	0	0	0	0	0	0	0
AAEL022188	1	0	0	0	3	0	2	0	3	0	1	0
AAEL028017	0	0	0	0	0	0	0	0	0	0	0	0
AAEL022192	0	0	0	0	0	0	0	0	0	0	0	0
AAEL022203	2	1	0	0	0	0	1	0	0	1	0	3
AAEL022209	0	0	1	0	0	0	0	0	1	0	0	0
AAEL022227	0	0	0	0	0	0	0	0	0	0	0	0
AAEL023192	0	0	0	0	0	0	0	0	0	0	0	0
AAEL026757	0	0	0	0	0	0	0	0	0	0	0	0
AAEL022228	0	1	0	1	0	0	1	0	1	1	0	0
AAEL022255	13	12	15	1	2	0	7	3	6	2	2	6
AAEL026913	0	0	0	0	0	0	0	0	1	0	0	0
AAEL022256	0	0	0	0	0	0	0	0	0	0	0	0
AAEL022272	1	0	0	0	0	1	2	2	0	0	0	1
AAEL026114	1	0	0	0	0	1	0	2	1	1	2	0
AAEL022274	0	0	0	0	0	0	0	0	0	0	0	0
AAEL022277	0	0	1	0	0	1	0	2	0	2	2	1
AAEL022278	29	21	12	10	2	15	9	13	13	10	36	19
AAEL024312	0	0	0	0	0	0	1	0	0	0	0	0
AAEL022283	0	0	0	0	0	0	0	2	1	0	0	0
AAEL022290	0	1	0	2	2	0	0	0	1	1	0	1
AAEL026808	2	0	0	1	2	1	0	0	0	2	7	0
AAEL022297	9	3	5	6	1	7	1	4	0	2	0	3
AAEL022302	0	2	0	2	0	0	0	4	0	1	0	0
AAEL022335	0	0	0	0	0	0	0	0	0	0	0	0
AAEL022349	0	0	0	0	0	0	0	0	0	0	0	0
AAEL024898	0	0	0	0	0	0	0	0	0	0	0	0
AAEL022357	0	0	0	0	0	0	0	2	0	0	0	0
AAEL022359	3	0	0	3	0	3	0	0	1	1	1	2
AAEL022362	0	0	0	0	0	0	0	0	0	0	0	0
AAEL026854	0	0	0	0	0	0	0	0	0	0	0	0
AAEL026033	0	0	0	0	0	0	0	0	0	0	0	0
AAEL022372	14	7	9	4	4	12	1	7	5	1	2	1
AAEL022384	1	1	1	4	3	5	3	1	2	3	0	5
AAEL026405	1	0	2	2	1	1	1	0	0	0	0	1
AAEL022394	3	1	2	0	0	0	2	0	0	2	0	1
AAEL022406	217	187	134	159	299	473	287	359	435	290	513	662
AAEL022410	47	33	36	12	20	12	1	1	0	4	2	15
AAEL022414	0	2	4	11	2	4	4	5	2	2	0	4
AAEL022415	152	119	119	100	170	169	79	70	113	107	75	97
AAEL027130	25	5	9	21	42	27	14	20	37	9	10	25
AAEL022434	0	0	0	0	0	0	1	0	0	0	0	0
AAEL022435	1	1	0	0	0	1	8	4	14	1	3	4
AAEL022441	2	0	1	5	1	1	0	5	5	1	0	1
AAEL022455	0	0	0	0	0	0	0	0	0	0	0	0
AAEL022466	12	15	18	6	14	4	8	10	15	10	6	16
AAEL026970	0	0	0	0	0	0	0	0	0	0	0	0
AAEL028651	0	0	0	0	0	0	0	0	0	0	0	0
AAEL028971	0	0	0	0	0	0	0	0	0	0	0	0
AAEL022477	0	0	0	0	0	0	0	0	0	0	0	0
AAEL022508	32	42	25	6	11	59	31	59	62	20	30	66
AAEL025865	0	1	0	1	0	0	2	0	0	1	0	0
AAEL027028	31	50	22	356	331	381	32	32	79	171	187	247
AAEL022515	0	0	0	0	0	0	0	0	0	0	0	0
AAEL026022	33	40	9	6	17	1	17	4	28	7	21	12
AAEL022521	0	0	0	0	0	1	0	0	0	0	1	0
AAEL022523	4	2	19	1	0	3	4	14	7	7	7	7
AAEL023031	2	2	1	2	9	3	2	1	8	1	1	2
AAEL027395	0	2	0	3	3	3	2	2	1	1	3	1
AAEL028160	0	0	0	0	1	1	0	0	1	0	0	7
AAEL022532	3	0	0	0	0	0	1	2	0	0	1	0
AAEL023670	0	2	0	0	0	0	1	0	0	0	0	0
AAEL022554	0	0	0	0	0	0	0	1	0	0	0	0
AAEL022555	0	0	0	0	0	0	0	0	0	0	0	1
AAEL022557	0	0	0	0	0	0	0	0	0	0	0	0
AAEL022561	0	0	0	0	0	0	0	0	0	0	0	0
AAEL026562	0	0	0	0	1	0	0	0	0	0	0	1
AAEL022565	0	1	1	3	0	1	0	0	0	0	0	0
AAEL027360	5	5	1	2	6	6	3	0	2	6	6	3
AAEL023712	365	421	251	132	258	384	397	377	539	304	356	631
AAEL028801	0	0	0	0	0	0	0	0	0	0	0	0
AAEL022577	1	0	6	0	0	1	2	1	2	3	0	3
AAEL027200	7	0	2	0	0	1	1	1	1	3	2	2
AAEL022588	0	0	0	0	0	2	0	0	0	0	0	0
AAEL025576	0	0	0	0	0	0	0	0	0	0	0	0
AAEL028117	0	1	0	0	0	0	2	0	0	2	0	0
AAEL022613	0	0	0	0	0	0	0	0	0	0	0	0
AAEL022616	0	2	0	1	0	0	17	7	9	7	6	5
AAEL022623	27	11	11	37	31	33	1	2	1	2	2	6
AAEL022629	11	2	11	20	12	8	13	14	7	7	6	12
AAEL022651	67	45	45	24	19	26	22	31	17	37	33	44
AAEL025617	11	11	29	0	1	4	1	5	0	3	0	4
AAEL022733	4	2	1	0	0	0	0	1	0	0	0	0
AAEL026423	1	1	2	0	4	0	1	3	1	1	0	0
AAEL022691	11	0	0	0	0	5	3	0	3	2	4	19
AAEL027206	5	3	1	2	4	0	3	1	1	11	3	4
AAEL023762	204	103	96	94	86	152	144	153	145	119	173	235
AAEL022699	0	0	1	1	0	0	0	0	0	1	0	0
AAEL026314	0	0	0	0	0	0	0	0	0	0	0	0
AAEL022705	3	0	0	0	0	0	0	0	0	0	0	0
AAEL024455	15	14	14	13	18	11	10	25	23	18	9	26
AAEL025666	0	1	0	0	0	0	0	0	0	0	0	0
AAEL028851	0	0	0	0	0	0	0	0	0	0	0	1
AAEL022709	0	0	0	0	0	0	0	0	0	0	0	0
AAEL022713	0	0	0	0	0	0	1	0	0	1	0	0
AAEL022723	0	0	0	0	0	0	0	0	0	0	0	0
AAEL022724	0	0	0	0	0	0	1	0	0	0	0	0
AAEL025432	2	1	2	3	4	11	1	9	5	1	1	8
AAEL022739	13	20	17	4	18	3	7	19	8	9	19	7
AAEL022741	0	0	0	0	0	0	0	0	0	0	1	0
AAEL022749	28	25	24	11	20	20	31	11	72	21	19	32
AAEL026600	4	0	0	2	3	1	0	2	3	1	3	4
AAEL022769	3	1	0	0	1	1	0	2	0	0	0	1
AAEL025695	0	0	0	0	0	0	2	0	0	0	0	0
AAEL022785	0	0	0	0	0	0	0	0	0	0	0	0
AAEL022792	0	0	0	1	1	1	0	1	1	0	0	2
AAEL022799	0	0	0	0	0	0	0	0	0	0	0	0
AAEL026362	0	0	0	0	0	0	0	0	0	0	0	0
AAEL022805	0	1	0	0	0	1	0	1	0	0	0	2
AAEL028827	0	0	0	0	0	0	0	0	0	0	0	0
AAEL027643	58	20	27	25	60	41	28	26	50	33	34	36
AAEL022827	298	178	228	315	370	328	161	202	189	197	203	293
AAEL025583	0	0	0	0	0	0	0	0	0	0	0	0
AAEL022832	0	0	0	1	0	1	0	0	0	0	0	0
AAEL022856	0	0	0	0	0	0	0	0	0	0	0	0
AAEL022879	0	0	1	0	0	0	0	0	0	0	0	0
AAEL027590	0	1	0	0	0	0	0	0	2	3	0	1
AAEL028028	3	0	0	0	0	0	0	2	0	1	0	1
AAEL022889	0	0	0	0	0	0	0	1	0	1	0	0
AAEL022893	193	181	124	138	35	131	136	232	202	219	102	339
AAEL022922	0	0	0	0	0	0	0	0	0	0	0	0
AAEL023053	6	9	6	0	0	2	1	1	4	1	0	3
AAEL022923	197	68	99	45	86	102	90	99	153	91	150	161
AAEL022928	8	8	9	0	4	4	9	12	18	7	14	21
AAEL022939	0	0	0	0	0	0	1	0	0	0	0	0
AAEL022953	0	0	1	0	0	0	3	0	0	0	0	1
AAEL022957	0	0	0	0	0	1	0	0	0	0	0	1
AAEL022958	0	0	0	0	0	0	0	0	0	0	0	0
AAEL024807	14	13	9	11	12	4	1	8	20	3	8	6
AAEL024185	0	0	0	0	0	0	0	1	0	0	0	0
AAEL024506	0	0	0	0	0	0	0	0	0	0	0	0
AAEL022966	0	0	0	0	0	0	0	0	0	0	0	0
AAEL022968	0	0	0	0	0	0	0	0	0	0	0	0
AAEL022969	17	8	5	0	1	7	14	9	10	8	10	20
AAEL022981	51	32	48	23	10	17	36	30	30	56	50	61
AAEL025400	6	4	17	7	11	6	8	4	7	10	7	7
AAEL022983	0	0	0	0	0	0	0	0	0	0	0	0
AAEL022989	1	7	1	0	3	1	0	3	2	0	0	10
AAEL026428	8	7	7	7	7	7	4	12	11	4	6	2
AAEL022991	44	86	18	33	31	47	27	38	48	40	27	31
AAEL023011	0	0	0	0	0	0	0	0	0	0	0	0
AAEL025197	0	19	0	0	22	8	13	32	12	8	9	18
AAEL023015	0	1	0	0	0	0	0	2	0	0	0	0
AAEL026879	4	1	2	2	0	4	2	6	3	1	1	1
AAEL023020	2	3	0	1	3	2	1	0	2	8	0	0
AAEL023027	0	0	1	0	0	0	0	0	0	0	0	0
AAEL023059	0	2	0	0	0	0	0	0	0	0	0	0
AAEL023067	2	1	0	0	0	1	0	0	1	0	1	0
AAEL023074	15	13	11	9	3	8	34	18	45	20	32	61
AAEL023099	15	29	17	11	6	25	30	61	41	38	28	40
AAEL023102	1	0	1	0	0	0	4	3	8	9	6	24
AAEL023108	0	0	0	0	0	1	0	0	0	1	0	0
AAEL023109	3	0	4	1	8	4	1	3	0	1	1	1
AAEL023118	0	0	0	0	0	0	0	0	1	0	0	0
AAEL023119	0	0	0	0	0	0	0	0	0	0	0	0
AAEL025429	14	9	6	5	1	13	2	10	12	13	10	27
AAEL023130	0	0	0	0	0	0	0	0	0	0	0	0
AAEL026457	2	7	2	2	1	3	0	2	0	5	2	7
AAEL023131	0	0	0	0	2	0	0	2	0	2	1	2
AAEL023142	0	0	0	0	2	0	0	0	0	0	0	2
AAEL023167	6	2	1	0	0	5	7	3	6	9	2	5
AAEL025187	816	313	206	1195	739	1412	1822	1727	1953	821	2762	2013
AAEL023282	0	1	0	0	0	2	0	0	2	0	0	1
AAEL023176	58	31	40	34	37	41	26	45	20	31	37	48
AAEL023179	2	0	0	22	26	36	2	1	2	4	26	16
AAEL023181	1	0	0	3	4	3	0	0	0	0	3	0
AAEL028750	0	0	0	0	0	0	0	0	0	0	0	0
AAEL023185	0	2	0	0	0	1	0	0	0	0	0	1
AAEL028661	0	0	0	0	0	0	0	0	0	0	0	0
AAEL028717	0	0	0	0	0	0	0	0	1	0	0	0
AAEL028964	0	0	0	0	0	0	0	0	0	0	0	0
AAEL028864	0	0	0	0	0	0	0	0	0	0	0	0
AAEL028904	0	0	0	0	0	0	0	0	0	0	0	0
AAEL028759	0	0	0	0	0	0	0	0	0	0	0	0
AAEL023204	0	0	0	0	0	0	1	0	1	0	0	0
AAEL023241	3	0	0	0	0	1	3	0	3	4	3	8
AAEL027984	30	36	36	18	31	26	26	32	33	13	23	39
AAEL023244	0	0	0	0	0	0	0	0	0	0	0	0
AAEL023264	0	0	0	0	0	0	0	0	0	0	0	0
AAEL023270	2	5	14	0	1	0	7	2	1	28	3	32
AAEL023661	3	4	4	1	0	0	24	1	1	31	0	5
AAEL024600	0	0	0	0	0	0	0	0	0	0	0	0
AAEL027750	0	0	0	0	0	0	0	0	0	0	0	0
AAEL023281	0	0	0	0	0	0	0	0	0	0	0	0
AAEL023285	0	0	1	0	0	0	0	0	0	0	0	0
AAEL023289	20	16	19	8	17	16	8	8	12	10	3	18
AAEL023294	8904	5402	5196	7742	7055	7368	4115	7186	7383	4549	6493	8514
AAEL027093	2	3	1	0	3	1	9	3	3	3	4	2
AAEL023310	2	0	0	0	0	0	0	1	1	0	0	0
AAEL023315	4	1	1	1	2	1	4	1	1	3	3	1
AAEL023344	0	0	0	0	0	0	0	0	0	1	0	0
AAEL026315	9	4	5	2	0	6	1	2	5	1	1	6
AAEL023360	0	0	0	0	0	0	0	0	0	0	0	0
AAEL023372	5	10	7	7	9	1	5	3	6	3	8	4
AAEL023380	3	2	3	5	0	3	0	3	1	1	0	9
AAEL023401	0	0	0	0	0	0	0	0	0	0	0	0
AAEL024459	1	0	0	0	1	2	0	0	1	1	0	0
AAEL023412	125	60	55	42	73	98	49	33	58	76	55	96
AAEL026607	0	0	0	0	0	0	0	0	0	0	0	0
AAEL028109	1	0	0	0	0	0	0	0	0	0	0	0
AAEL023454	1	0	1	2	0	0	0	1	3	2	2	0
AAEL023468	74	88	50	33	17	100	25	89	52	69	101	109
AAEL028102	0	0	0	0	0	1	0	1	0	0	0	0
AAEL028770	0	0	0	0	0	0	0	0	0	0	0	0
AAEL023486	19	27	8	10	7	24	13	16	25	7	15	12
AAEL028139	0	0	0	0	1	0	0	0	0	0	0	1
AAEL023502	0	0	0	0	0	1	0	0	0	0	0	1
AAEL023503	1	0	0	0	0	0	1	1	1	0	6	0
AAEL023526	3	2	3	7	2	13	3	7	4	1	9	5
AAEL023535	1	0	3	0	0	4	5	2	5	2	10	0
AAEL023548	2	2	1	0	0	1	0	1	2	0	0	0
AAEL027040	0	1	1	0	1	1	0	1	0	3	2	3
AAEL023558	436	249	477	197	90	164	87	69	105	37	115	194
AAEL023576	210	117	139	285	204	202	122	180	216	154	232	358
AAEL027882	0	0	0	0	0	0	0	0	0	0	0	0
AAEL023604	129	92	103	46	29	70	90	163	156	105	174	270
AAEL023606	5	1	2	0	1	0	0	1	1	1	0	1
AAEL028214	3	2	2	3	5	4	1	2	0	1	1	2
AAEL023610	0	0	0	0	0	0	0	0	0	0	0	0
AAEL023627	0	4	1	0	2	0	2	2	3	4	2	0
AAEL023711	1	0	1	0	2	0	2	1	0	6	1	1
AAEL023636	0	0	0	0	0	0	0	0	1	0	0	0
AAEL027020	0	0	0	0	0	0	0	0	0	0	0	0
AAEL023795	31	10	12	18	9	32	15	6	15	16	36	24
AAEL023647	548	411	260	268	151	489	382	515	486	314	495	738
AAEL027225	0	0	0	0	0	0	0	0	0	0	0	0
AAEL025655	11	5	0	0	5	3	1	3	10	1	3	0
AAEL023702	307	152	244	282	93	218	32	211	252	128	96	298
AAEL023741	119	54	47	12	43	70	40	40	50	28	69	26
AAEL023742	9	8	13	13	53	10	6	5	12	12	4	12
AAEL027720	33	10	7	21	29	5	11	11	10	14	38	23
AAEL023749	183	139	70	207	195	237	249	197	339	144	288	183
AAEL023755	0	0	0	0	0	0	0	0	0	0	0	0
AAEL023766	0	0	0	0	0	0	2	0	0	0	0	0
AAEL023774	0	0	0	0	0	0	0	0	0	0	0	0
AAEL027473	3	1	0	0	0	3	1	3	1	0	3	3
AAEL023775	0	0	0	0	0	1	1	1	2	1	1	1
AAEL026748	0	0	0	0	0	0	0	0	0	0	1	0
AAEL025038	0	0	0	0	0	0	0	0	0	0	0	0
AAEL023807	0	0	1	0	0	0	0	0	0	1	2	0
AAEL023824	0	2	1	1	0	0	5	1	1	0	0	2
AAEL027615	2	1	1	0	1	4	3	1	1	1	1	1
AAEL024419	0	2	2	3	2	1	3	0	6	5	1	2
AAEL023855	0	0	0	0	0	0	0	0	0	0	0	0
AAEL024217	0	0	0	0	0	0	0	0	1	0	0	0
AAEL026981	0	0	0	0	0	0	0	0	0	0	0	0
AAEL026025	0	0	0	0	0	0	0	0	0	0	0	0
AAEL027222	0	0	0	0	0	0	0	0	0	0	0	0
AAEL029074	0	0	0	0	1	0	0	0	0	0	0	0
AAEL023862	0	1	0	0	1	5	1	2	11	2	0	12
AAEL023886	0	0	0	0	0	1	0	0	0	2	0	0
AAEL023893	0	0	0	0	0	0	0	0	0	0	0	0
AAEL023931	2	0	0	0	1	0	0	0	0	0	0	2
AAEL024685	0	0	0	0	0	0	0	0	0	0	0	0
AAEL027394	0	0	0	0	0	0	0	0	0	0	0	0
AAEL023932	4	3	3	4	10	4	5	2	4	5	9	4
AAEL023934	0	0	0	0	0	0	0	0	0	0	0	0
AAEL026873	2	0	0	3	5	2	0	1	2	0	0	0
AAEL027305	0	0	1	0	0	0	0	0	0	0	0	1
AAEL023941	122	130	148	289	434	280	69	143	150	281	193	173
AAEL023955	14	6	6	3	7	8	12	8	14	6	4	7
AAEL027684	0	0	0	0	0	0	1	0	0	0	0	0
AAEL023975	1	0	0	0	0	0	0	0	0	0	0	0
AAEL027559	0	0	0	0	0	0	0	0	0	0	0	0
AAEL023986	0	0	0	0	0	0	0	0	0	0	0	0
AAEL023996	1	2	2	0	0	1	2	2	5	6	2	13
AAEL024031	0	0	0	0	0	0	0	0	0	1	0	0
AAEL024488	0	0	0	0	0	0	0	0	0	0	0	0
AAEL024668	5	5	6	1	1	2	8	8	18	4	6	7
AAEL024051	42	52	50	18	12	97	32	44	39	45	68	72
AAEL025205	3	3	8	56	74	12	2	1	10	23	27	21
AAEL024059	0	0	1	0	0	0	0	0	0	2	1	0
AAEL024078	0	0	0	0	0	0	0	0	0	1	0	0
AAEL027692	41	5	17	2	7	8	7	10	15	24	15	20
AAEL024084	0	0	0	0	0	0	0	0	0	0	0	0
AAEL024089	44	20	13	17	6	50	72	51	100	22	44	76
AAEL024092	0	0	0	0	0	0	0	0	0	0	0	0
AAEL024101	138	135	60	88	22	136	157	202	247	124	210	230
AAEL024162	2	0	3	0	1	0	1	0	4	1	2	4
AAEL024175	20	14	17	28	12	30	19	27	33	24	6	22
AAEL024180	48	21	28	38	18	38	7	27	36	37	29	19
AAEL024245	0	0	0	0	0	0	3	0	0	0	0	1
AAEL024254	57	19	24	18	3	22	27	26	42	22	24	52
AAEL024281	14	8	0	0	0	1	4	12	19	14	9	13
AAEL024286	30	25	57	24	5	15	1	34	3	2	4	23
AAEL024298	100	81	108	55	42	68	79	88	95	98	84	162
AAEL024348	0	2	0	1	0	2	3	1	0	0	1	0
AAEL024364	0	0	0	0	0	0	0	0	0	0	0	0
AAEL024379	0	0	0	0	0	0	0	0	0	0	1	0
AAEL024386	12	0	3	1	2	2	2	2	2	1	1	2
AAEL027600	54	37	27	22	21	38	42	33	41	29	52	66
AAEL026683	2	0	1	0	0	1	0	1	1	3	0	2
AAEL024387	3501	3613	4549	1958	1909	1449	2883	3239	2994	4663	1729	5658
AAEL024393	22	16	10	44	35	15	4	3	2	5	31	38
AAEL024436	0	0	0	0	0	1	2	1	1	0	0	0
AAEL024444	0	0	0	0	0	1	0	0	0	0	0	0
AAEL024451	144	76	56	121	222	304	89	90	155	124	137	133
AAEL024458	0	0	0	0	0	0	0	0	0	1	0	0
AAEL024467	0	0	0	0	0	0	0	0	0	0	0	0
AAEL025730	0	0	0	0	0	0	0	0	0	0	0	0
AAEL029110	0	0	0	0	0	0	0	0	0	0	0	0
AAEL027792	0	0	0	0	0	0	0	0	0	0	0	0
AAEL024469	0	0	0	0	1	0	0	0	0	0	0	1
AAEL024494	57	41	32	48	72	39	77	82	73	52	48	48
AAEL024523	0	0	0	0	0	0	0	0	0	0	0	0
AAEL024529	0	0	0	0	0	0	0	0	0	0	0	0
AAEL025565	0	0	0	0	0	0	0	0	1	2	0	0
AAEL024571	0	0	0	0	0	0	0	0	0	1	1	0
AAEL024573	1	0	0	0	0	0	0	0	0	0	0	0
AAEL028930	0	0	0	0	0	0	1	0	0	0	0	0
AAEL024578	1	1	1	1	0	2	3	3	3	1	0	4
AAEL027218	0	0	0	0	0	0	0	0	0	0	0	0
AAEL024579	0	0	0	0	0	0	0	0	0	0	0	0
AAEL024586	0	1	0	0	0	0	0	1	0	1	0	1
AAEL024604	22	3	0	1	0	6	0	0	4	1	0	0
AAEL024607	11	10	9	17	8	11	10	0	8	19	24	27
AAEL024619	0	0	0	0	0	0	0	0	0	0	0	0
AAEL024622	0	0	0	0	0	0	0	0	0	0	0	0
AAEL024664	0	2	2	0	0	0	1	2	0	0	0	0
AAEL024673	1	0	10	3	0	3	10	7	3	8	7	22
AAEL024676	1	1	1	1	0	0	0	1	1	2	2	0
AAEL026393	1	7	1	13	2	3	1	0	3	1	0	4
AAEL024679	1	0	0	1	2	8	1	0	6	0	1	7
AAEL028067	1	3	1	0	0	4	3	5	6	3	8	5
AAEL024689	0	0	0	0	0	0	3	1	2	1	0	1
AAEL024927	1	1	2	0	0	0	0	0	1	1	0	2
AAEL024692	7	3	3	1	0	1	2	1	5	0	5	4
AAEL026189	0	0	0	1	0	1	0	0	0	1	0	0
AAEL024694	0	2	0	0	2	2	4	0	3	0	3	3
AAEL024696	78	47	59	30	57	19	14	51	63	38	44	37
AAEL024716	0	0	0	0	0	0	1	0	0	1	2	0
AAEL024719	0	0	0	0	0	0	0	0	0	0	0	0
AAEL027673	3	0	2	1	0	1	3	3	2	0	1	1
AAEL024722	50	65	50	29	22	53	37	46	90	18	46	83
AAEL024730	0	2	0	0	0	1	0	0	0	0	0	2
AAEL024734	0	0	0	0	0	0	0	0	0	0	0	0
AAEL024744	0	0	0	0	0	0	0	0	0	0	0	0
AAEL024751	0	5	1	0	3	2	7	5	8	6	3	3
AAEL024761	80	49	46	43	6	60	23	29	79	37	32	60
AAEL024775	197	85	179	107	165	135	116	154	237	32	52	146
AAEL024780	0	2	0	1	0	0	0	2	0	0	0	0
AAEL024805	0	0	0	0	0	1	0	0	0	0	0	0
AAEL026967	2103	1707	1131	1364	1971	2545	1464	1769	2133	1444	1745	1492
AAEL024815	75	45	37	26	30	33	29	41	54	47	50	32
AAEL024842	0	0	0	0	0	1	0	1	0	1	0	0
AAEL024856	0	0	0	0	0	0	0	0	0	0	0	0
AAEL024868	0	6	0	2	0	1	0	1	0	0	0	11
AAEL024871	188	139	111	68	51	120	219	304	342	187	277	326
AAEL024876	0	2	19	8	5	1	0	4	5	2	2	7
AAEL026644	6	11	11	9	10	15	6	18	13	10	5	9
AAEL028924	0	0	0	0	1	0	0	0	0	0	0	0
AAEL024903	0	0	0	0	0	0	2	0	1	0	0	0
AAEL024910	8	2	5	2	1	1	6	8	15	14	6	7
AAEL024912	3	1	2	2	1	0	3	4	4	3	1	5
AAEL024954	0	1	0	0	0	0	0	0	0	0	0	0
AAEL024962	0	0	1	0	0	2	1	6	3	2	5	3
AAEL024965	24	3	11	6	3	13	5	15	8	4	4	21
AAEL028810	0	0	0	0	0	0	0	0	0	0	0	0
AAEL024966	0	0	0	0	0	1	2	1	0	1	0	0
AAEL026251	8	2	1	1	0	5	3	8	6	4	3	4
AAEL027568	1	0	0	0	1	5	0	0	0	1	0	2
AAEL024988	0	0	0	0	0	0	0	0	1	0	0	0
AAEL024990	0	0	0	0	0	0	0	0	0	0	0	0
AAEL025022	0	0	0	0	0	0	0	0	0	0	1	0
AAEL025041	4	2	7	0	0	0	19	12	9	5	11	17
AAEL025046	9	5	2	5	1	9	11	8	2	5	5	4
AAEL025062	0	0	0	0	0	0	0	1	0	0	0	0
AAEL025102	0	0	2	0	0	1	0	2	0	0	1	1
AAEL025103	0	4	0	4	0	1	2	1	6	0	0	1
AAEL025128	0	0	0	0	0	0	0	0	0	0	0	0
AAEL025133	866	526	276	119	312	335	576	135	398	244	444	310
AAEL025151	104	73	50	41	45	101	45	90	103	42	98	92
AAEL025158	0	0	0	0	0	0	0	0	0	0	0	0
AAEL027503	0	0	0	0	0	0	0	0	0	0	0	0
AAEL025181	0	0	0	0	0	0	0	0	0	0	0	0
AAEL025195	0	0	0	0	0	0	0	0	0	1	0	0
AAEL025212	8	12	17	7	9	15	17	23	20	16	33	47
AAEL025247	0	0	0	0	0	0	0	0	0	0	0	0
AAEL025276	2	1	0	0	0	0	0	3	2	4	0	2
AAEL025286	0	0	0	0	0	0	0	0	2	0	0	0
AAEL025298	1	0	1	0	0	0	0	2	1	0	1	1
AAEL026623	27	11	19	22	26	16	18	42	51	20	24	51
AAEL025304	0	0	0	0	0	0	0	0	0	0	0	0
AAEL025314	32	22	25	13	8	26	32	28	42	15	14	38
AAEL025319	0	3	1	0	1	0	0	0	1	1	0	0
AAEL025336	36	28	25	21	11	23	29	31	43	46	38	30
AAEL027495	0	1	0	3	7	2	0	1	0	0	5	0
AAEL025359	1	0	0	0	0	0	1	0	0	0	0	1
AAEL025360	0	0	0	0	0	0	0	0	0	1	0	0
AAEL025368	1	3	1	0	0	1	0	0	2	1	1	0
AAEL025371	0	0	0	0	0	0	0	0	0	0	0	0
AAEL026650	213	154	216	163	146	126	243	188	193	292	147	290
AAEL025379	419	285	357	433	331	327	226	324	284	377	358	441
AAEL025417	21	14	8	5	1	11	20	19	22	8	25	38
AAEL025421	152	83	110	74	30	108	120	206	177	148	103	192
AAEL025442	2	0	0	0	1	0	0	0	0	0	1	1
AAEL025456	0	4	0	0	0	0	0	0	2	0	2	0
AAEL027127	1	0	0	0	1	1	1	0	2	0	4	4
AAEL025457	2	7	3	1	0	1	10	1	7	4	7	16
AAEL025466	100	52	70	41	23	17	95	54	58	40	88	40
AAEL025521	4	1	0	3	0	10	1	0	4	8	7	7
AAEL025587	1	0	3	0	0	3	1	2	3	2	1	3
AAEL025590	0	0	0	0	0	0	0	0	0	0	0	0
AAEL025603	0	0	0	0	0	1	0	1	0	1	1	1
AAEL025630	1	2	3	5	2	7	5	9	11	2	9	1
AAEL025642	3	1	0	2	4	3	0	2	2	4	0	2
AAEL027388	0	0	0	0	0	0	0	0	0	0	0	0
AAEL025653	0	0	0	0	0	0	0	0	0	0	0	0
AAEL026798	0	0	0	0	0	0	0	0	0	0	0	0
AAEL025660	5	1	1	1	2	4	5	3	7	7	7	5
AAEL025676	0	0	0	0	0	0	0	0	0	1	0	1
AAEL026196	1	0	0	0	0	1	0	0	0	0	0	0
AAEL025684	35	21	26	41	14	34	18	33	29	13	28	32
AAEL025700	2	0	0	2	1	1	0	0	0	1	2	4
AAEL025703	4	2	0	6	1	5	3	2	1	1	0	0
AAEL025737	0	0	0	0	0	0	0	0	0	0	0	0
AAEL028121	7	2	3	2	3	4	9	12	10	10	7	6
AAEL025746	13	11	4	9	2	6	21	16	24	9	10	27
AAEL025768	0	0	0	0	0	0	0	0	0	0	0	0
AAEL026536	165	99	107	67	61	108	102	146	127	111	106	248
AAEL027440	0	0	0	0	0	0	0	0	0	0	0	0
AAEL025774	2	2	5	7	1	3	3	4	4	2	0	6
AAEL025776	0	1	0	1	3	0	0	0	1	0	0	0
AAEL025779	65	141	58	45	96	77	72	110	128	85	94	106
AAEL025788	0	0	0	0	0	0	0	0	0	0	0	0
AAEL025827	0	1	0	0	0	0	0	3	0	0	3	0
AAEL026378	7	1	2	2	6	1	0	2	4	5	5	0
AAEL025835	16	13	4	16	11	3	9	21	19	31	10	5
AAEL028643	0	0	0	0	0	0	0	0	0	0	0	0
AAEL028926	0	0	0	0	0	0	0	0	0	0	0	0
AAEL025855	18	14	8	3	2	5	11	12	12	14	16	17
AAEL025871	0	1	0	0	0	1	0	1	0	0	0	1
AAEL025876	0	0	0	0	0	0	0	0	0	0	0	0
AAEL025904	0	0	0	0	0	0	0	0	0	0	0	0
AAEL025918	0	1	0	0	0	0	0	0	0	0	0	0
AAEL025934	1	1	0	0	0	0	1	0	0	0	2	1
AAEL025946	3	5	0	3	0	2	16	7	9	11	3	9
AAEL028909	0	0	0	0	0	0	0	0	0	0	0	0
AAEL025956	0	0	0	0	0	0	0	0	0	0	0	0
AAEL025961	22	13	27	22	5	6	4	3	2	5	10	11
AAEL026904	1473	1194	1728	1141	1858	1471	1277	1067	1276	1385	906	962
AAEL025974	4	2	4	1	0	5	7	4	11	7	5	8
AAEL025980	4	0	0	3	0	1	1	0	0	3	0	0
AAEL025987	0	0	0	1	0	0	1	0	6	0	4	2
AAEL025999	982	2293	2871	2189	1545	2837	2101	1467	81	1564	792	1831
AAEL026052	6	3	2	1	1	2	17	2	4	6	10	13
AAEL026056	0	2	0	0	1	0	0	1	0	1	0	0
AAEL026087	2	5	0	5	1	3	0	2	1	1	0	5
AAEL026150	54	47	40	36	23	58	33	32	34	31	66	88
AAEL026159	417	268	399	180	254	161	123	134	153	206	110	307
AAEL026177	18	22	9	72	20	108	17	28	51	12	49	14
AAEL028244	0	0	0	0	0	0	0	0	0	0	0	1
AAEL026213	0	0	0	0	0	0	0	0	0	0	0	0
AAEL026239	2	0	1	0	0	1	1	0	3	1	0	0
AAEL026240	10	8	10	1	3	14	1	7	13	0	3	4
AAEL026279	0	0	1	0	0	0	0	0	0	0	1	0
AAEL026313	3	5	12	0	0	1	9	9	6	4	5	9
AAEL026375	0	0	0	0	0	0	0	0	0	0	0	0
AAEL026380	317	124	243	257	232	255	153	157	214	142	185	254
AAEL028666	0	0	0	0	0	0	0	0	0	0	0	0
AAEL026431	0	0	0	0	0	0	0	0	0	0	0	0
AAEL028081	5	17	12	4	12	16	23	5	36	17	19	3
AAEL026436	2	4	0	11	20	11	3	0	18	2	13	1
AAEL026473	0	3	10	1	4	1	2	1	2	0	1	2
AAEL026482	0	0	0	0	0	0	0	0	0	0	0	1
AAEL026495	7	6	5	8	15	2	4	0	11	4	6	5
AAEL026526	0	0	0	0	0	0	0	0	0	0	0	0
AAEL026539	0	0	1	0	0	1	0	0	0	0	0	0
AAEL026546	0	0	0	0	0	0	0	0	0	0	0	0
AAEL026552	0	0	0	0	0	0	0	0	0	0	0	0
AAEL026577	0	2	0	0	0	0	1	1	0	0	0	2
AAEL026588	17	4	4	0	0	1	6	15	11	0	2	13
AAEL026618	0	0	0	0	0	0	0	0	0	0	0	0
AAEL028779	0	0	0	0	0	0	0	0	0	0	0	0
AAEL026620	0	1	0	0	0	0	0	0	0	0	1	0
AAEL028772	0	0	0	0	0	0	0	0	0	0	0	0
AAEL026632	0	0	0	0	0	0	1	1	1	0	0	0
AAEL026634	2538	1540	1572	779	964	1648	1603	1712	1820	1259	2082	1549
AAEL026687	0	0	0	0	0	0	0	0	0	0	0	0
AAEL026692	0	0	1	0	0	1	0	1	0	0	1	0
AAEL026694	0	1	1	1	0	0	3	1	0	1	1	0
AAEL026719	0	0	0	0	0	0	0	0	0	0	0	0
AAEL026733	15	5	6	6	5	17	3	5	6	6	4	17
AAEL028201	10	10	12	5	3	12	4	7	3	7	4	2
AAEL026749	0	0	0	0	0	0	1	0	0	0	0	0
AAEL026771	1	0	0	0	0	0	0	0	0	0	0	2
AAEL027707	0	2	1	0	0	3	5	5	5	2	4	3
AAEL026806	8	15	18	4	15	7	7	6	8	6	5	7
AAEL027574	5	1	1	0	1	1	1	0	3	1	3	0
AAEL026810	0	0	0	1	0	0	0	0	0	1	0	0
AAEL026813	0	0	0	0	0	0	1	0	0	0	0	0
AAEL026822	1	0	0	0	0	0	0	0	0	1	0	0
AAEL026841	0	2	0	0	0	0	0	0	0	0	0	0
AAEL026855	5	8	14	2	1	1	4	0	0	0	3	9
AAEL026869	17	4	2	1	1	7	3	0	11	3	4	6
AAEL026876	0	0	1	2	1	0	1	0	0	1	2	0
AAEL026881	0	0	0	0	0	0	0	0	0	0	0	0
AAEL026895	298	196	175	284	345	326	175	213	132	190	190	207
AAEL026938	0	0	0	0	0	0	0	0	0	0	0	0
AAEL026950	4	1	4	0	0	1	5	1	2	1	8	0
AAEL026968	0	0	0	0	0	0	0	0	0	0	0	0
AAEL026975	3	4	4	2	11	17	5	1	10	4	17	33
AAEL027396	656	580	513	454	370	636	402	534	707	396	571	523
AAEL026991	33	24	29	11	13	10	18	2	13	6	14	19
AAEL027008	140	115	104	59	40	130	71	141	202	103	220	161
AAEL027046	153	126	121	135	120	88	100	183	150	108	160	145
AAEL027060	6	4	6	3	0	4	2	7	3	4	4	5
AAEL027077	0	0	0	0	0	0	0	0	0	0	0	0
AAEL027080	0	0	0	0	0	0	0	0	0	0	0	0
AAEL027155	1	0	2	1	7	3	2	3	1	1	2	4
AAEL027167	0	0	0	0	0	0	0	0	0	0	0	0
AAEL027184	52	83	75	31	35	51	161	160	175	132	209	193
AAEL027191	0	0	0	0	0	0	0	0	0	0	0	0
AAEL027192	0	0	0	0	0	0	0	0	0	0	0	0
AAEL028868	0	0	0	0	0	0	0	0	0	0	0	0
AAEL028876	0	0	0	0	0	0	0	0	0	0	0	0
AAEL027220	0	0	0	0	0	0	0	1	1	0	0	0
AAEL027269	0	0	0	0	0	0	0	0	0	0	0	0
AAEL027290	0	1	0	0	0	0	0	0	1	0	0	0
AAEL027316	12	12	9	0	0	4	1	4	14	2	12	10
AAEL027333	0	0	1	0	0	0	0	0	0	0	0	0
AAEL027335	1140	430	538	342	627	313	442	408	466	99	589	512
AAEL027352	0	0	0	0	0	0	0	0	2	0	0	0
AAEL027366	10	4	1	4	0	4	5	2	8	7	5	9
AAEL027460	0	0	0	0	0	0	0	0	0	0	0	0
AAEL027486	0	0	0	0	0	0	0	0	0	0	0	0
AAEL027515	0	0	0	0	0	0	0	0	0	0	0	0
AAEL028920	0	0	0	0	0	0	0	0	0	0	0	0
AAEL028715	0	0	0	0	0	0	0	0	0	0	0	0
AAEL027544	0	0	0	0	0	0	0	0	0	0	0	0
AAEL027548	0	0	0	0	0	0	0	0	0	0	0	0
AAEL027561	0	0	0	0	0	0	0	0	0	0	0	0
AAEL027618	0	0	0	0	0	0	0	0	1	0	0	0
AAEL027619	0	0	0	0	0	0	0	0	1	0	0	0
AAEL027620	0	0	0	0	0	0	0	0	0	0	0	0
AAEL027624	0	0	0	0	0	0	0	0	0	0	0	0
AAEL027627	1	0	0	0	2	3	0	1	2	0	1	0
AAEL027636	21	21	22	9	14	14	15	9	33	11	8	12
AAEL027639	1	0	0	1	0	0	1	1	1	3	0	1
AAEL028656	0	0	0	0	0	0	0	0	0	0	0	0
AAEL027650	0	0	1	0	0	0	0	0	0	0	0	0
AAEL027652	0	0	0	0	0	0	0	0	0	0	0	0
AAEL027715	27	20	34	12	22	13	20	28	25	19	9	15
AAEL027756	0	0	0	0	0	0	0	0	0	0	0	0
AAEL027764	0	4	0	0	0	0	0	0	0	2	3	0
AAEL027778	1	1	1	3	0	1	3	1	1	0	5	1
AAEL027782	1	1	3	1	0	1	2	3	2	1	0	0
AAEL027784	1	0	0	1	0	0	0	0	0	0	0	1
AAEL027817	0	0	1	0	0	0	0	0	0	0	0	0
AAEL027818	0	0	0	0	0	0	0	0	0	0	0	0
AAEL027825	0	0	0	0	0	0	0	1	1	0	0	0
AAEL027846	2	1	0	0	0	0	2	0	1	0	0	0
AAEL027859	0	0	0	0	0	0	1	0	1	0	0	0
AAEL027873	1	2	0	0	0	2	2	4	2	0	3	9
AAEL027891	1	0	0	2	0	0	0	1	0	0	0	0
AAEL027925	15	25	18	4	13	16	20	30	20	20	29	28
AAEL027973	233	192	218	170	199	288	111	147	223	126	155	222
AAEL028215	187	163	182	155	148	144	103	190	149	143	135	262
AAEL027996	0	0	0	0	0	0	1	0	0	0	0	0
AAEL028022	102	87	91	48	65	40	75	61	71	93	63	74
AAEL028034	2	3	0	5	16	3	6	4	4	1	5	5
AAEL028035	0	0	0	0	0	0	0	0	0	0	0	0
AAEL028069	2	0	0	0	1	1	4	9	5	3	0	4
AAEL028118	0	0	0	0	0	0	0	0	0	0	0	0
AAEL028127	1	0	4	1	0	0	1	2	1	4	2	2
AAEL028128	1	0	0	0	0	0	1	1	0	0	0	0
AAEL028133	0	0	0	1	0	0	1	0	0	0	0	0
AAEL028140	0	0	0	0	0	0	0	0	0	0	0	0
AAEL028889	0	0	0	0	0	0	0	0	0	0	0	0
AAEL028640	0	0	0	0	0	0	0	0	0	0	0	0
AAEL028158	0	0	0	0	0	0	0	0	0	0	0	0
AAEL028190	0	0	0	0	0	0	0	0	0	0	0	0
AAEL028218	0	0	0	0	0	0	0	0	0	0	0	1
AAEL028226	0	0	0	0	3	0	0	0	0	4	2	0
AAEL028227	0	0	0	0	0	0	0	0	0	0	0	0
AAEL028242	2	0	0	0	2	0	2	1	4	1	3	0
AAEL028703	0	0	0	0	0	0	0	0	0	0	0	0
AAEL028782	3	2	0	4	0	0	6	6	2	5	1	2
AAEL028731	1	0	0	0	0	0	0	0	0	0	0	1
AAEL028862	377	176	263	209	675	119	98	84	86	348	139	382
AAEL028739	53	9	30	3	8	0	152	66	49	246	43	118
AAEL028733	0	0	0	0	0	0	0	0	0	0	0	0
AAEL028734	0	0	0	0	0	0	0	0	0	0	0	0
AAEL028735	0	0	0	0	0	0	0	0	0	0	0	0
AAEL028765	0	0	1	0	0	0	0	0	0	0	0	0
AAEL028789	2	0	0	0	0	0	0	0	0	0	0	0
AAEL028809	0	0	0	0	0	0	0	0	0	0	0	0
AAEL028812	0	0	0	0	0	0	1	1	0	0	1	1
AAEL028861	0	0	0	0	0	0	0	0	0	0	0	0
AAEL028818	0	0	0	0	0	0	0	0	0	0	0	0
AAEL028823	0	0	0	0	0	0	0	0	0	0	0	0
AAEL028832	0	0	0	0	0	0	0	0	0	0	0	0
AAEL028837	0	0	0	0	0	0	0	0	0	0	0	0
AAEL028863	0	0	0	0	0	0	0	0	0	0	0	0
AAEL028888	0	0	0	0	0	0	0	0	0	0	0	0
AAEL028880	0	0	0	0	0	0	0	0	0	0	0	0
AAEL028928	0	0	0	0	0	0	0	0	0	0	0	0
AAEL028898	0	0	0	0	0	0	0	0	0	0	0	0
AAEL028900	0	0	0	0	0	0	0	0	0	0	0	0
AAEL028936	0	0	0	0	0	0	0	0	0	0	0	0
AAEL028956	0	0	0	0	0	0	0	0	0	0	0	0
AAEL028984	0	0	0	0	0	0	0	0	0	0	0	0
AAEL028993	0	0	0	0	0	0	0	0	0	0	0	0

