	baseMean	log2FoldChange	lfcSE	svalue
AAEL005567	2356,47775149277	-0,221353424998661	0,280677794550155	0,723461118106243
AAEL023046	203,506084869738	0,0160162105214027	0,17163267843494	0,948014812876171
AAEL001114	433,549332166696	-0,161690886275552	0,225305115042426	0,861904818359975
AAEL001141	2036,65560094048	-0,236097781555015	0,180698746206177	0,904518681739696
AAEL001119	593,505117637109	0,0438164905712722	0,160804259143337	0,949468593344395
AAEL001142	876,124581282722	0,0228663527591028	0,163418333514393	0,94970623984267
AAEL001127	95,5452580722262	-0,0141787433239896	0,214991961022634	0,922883130541179
AAEL001105	243,985072783267	0,150129883627162	0,229182507966978	0,860545821615632
AAEL018173	361,990532731503	0,109384795080593	0,206158449394394	0,910242406258413
AAEL001143	52,2952201984652	-0,0503022566348769	0,23611642919639	0,889500839040732
AAEL001144	418,086716676187	0,240633788221281	0,219775828206086	0,826094073820368
AAEL001134	2844,07902520452	0,00106895015120563	0,196159078308669	0,938453065705264
AAEL001109	390,302242877276	0,0308981427558632	0,180899433159905	0,94352724742055
AAEL001129	1089,46426883453	-0,0310103754902019	0,184630118879488	0,941542765190362
AAEL001128	1586,30624987016	-0,0527856969081561	0,263057847676217	0,844868048295835
AAEL020525	4483,97772947976	-0,0150621043247156	0,165674410025664	0,949453970578326
AAEL001126	2436,16911067278	0,0201292623850028	0,139310906398205	0,952262850756586
AAEL001132	649,14817349724	0,517355221679125	0,203564134451185	0,646174496021489
AAEL006317	579,07844069309	0,207184245729124	0,19364756935459	0,895452164299825
AAEL006323	9448,91991975859	0,137819357468132	0,320931277701046	0,706732378235319
AAEL006321	1249,73742699243	0,201678152154945	0,237418821386277	0,814012963471732
AAEL006315	1863,17211958417	0,142848483870507	0,170406249109797	0,936964927635272
AAEL006313	121,340083962172	0,00704907695216927	0,222950659708524	0,917021752247337
AAEL006309	531,490558828719	-0,0549844561338111	0,170421833342049	0,946189085733891
AAEL006314	192,656676146291	0,00914434221193882	0,209625803095179	0,928129205729878
AAEL006320	1486,84631516815	-0,0992057513776491	0,202838523588438	0,916399580444988
AAEL011779	128,103806904253	-0,207733421369953	0,272775514638736	0,746949231874062
AAEL021848	48,5582835109523	-0,0693227337192182	0,231407172242943	0,889407575793086
AAEL011780	632,587373188793	-0,0938070753405758	0,187521997094406	0,931600276071606
AAEL011784	77,0539590912301	-0,056639860354441	0,211360110610497	0,91751805578413
AAEL011776	1296,22411062266	0,136756914712886	0,197941340297027	0,912505274738431
AAEL011781	469,666092946363	0,0532912714075749	0,16254792220889	0,948616328038905
AAEL011777	14,0731448352276	0,199257672664165	0,360487553672806	0,61348187955925
AAEL011782	167,352213937408	0,0318090226512855	0,20742723192593	0,926258131889759
AAEL011778	1569,03424640588	0,507059294478427	0,177353657553168	0,724183553715369
AAEL018221	34,4290433763306	-0,0782612559039587	0,236522943401687	0,879185657509871
AAEL006845	139,149203754976	-0,0316776147685936	0,185075338620691	0,941280742983978
AAEL006847	1488,44643407238	-0,294359613257403	0,208447760350889	0,817695550356157
AAEL006838	279,954952061427	0,0391554402661901	0,217682205106362	0,915181774051516
AAEL027698	92,8675952290603	0,414673850080671	0,518360276219946	0,375487061520687
AAEL006843	932,34526348075	-0,21031055826751	0,157812891213874	0,936150782429095
AAEL006848	162,185443880572	0,133023841576392	0,215319228976509	0,889918585114443
AAEL006834	15261,0890910071	-0,044521703619176	0,239499606200604	0,886779704948532
AAEL006844	26,5131816764891	-0,276126688976987	0,375652661199458	0,550273267907622
AAEL006836	2726,53893281603	0,0603744480612529	0,185562376344298	0,937788129983938
AAEL006833	4948,80951347968	-0,00867118250233369	0,14478534675958	0,952153881734395
AAEL006835	441,271830066703	0,476801847492975	0,230573454449617	0,6237771333187
AAEL018125	124,121473619275	-0,044449032517065	0,203825517339628	0,926936724673886
AAEL008256	292,757379318115	0,0192025893256007	0,184296633910259	0,942912009308719
AAEL006839	356,79534135052	0,173709382503146	0,208321299190696	0,884940500931063
AAEL008258	290,404271406987	-0,0120609159268786	0,167914555167278	0,949085630889333
AAEL008243	208,082505274817	-0,159763816324302	0,190991280222086	0,914545538418163
AAEL027150	330,926253523396	-0,0540027348829605	0,218234067864028	0,911185542312831
AAEL008255	124,674135676541	0,12614297707333	0,217206357712908	0,889617197152497
AAEL008242	823,226654221511	-0,0604231407439813	0,181814636400521	0,940030827294729
AAEL008248	2875,39179975498	-0,229260952750939	0,232174353872537	0,80879607179826
AAEL008249	240,002348540575	-0,115734152392197	0,210647577100955	0,902998816837119
AAEL008250	151,274135289636	-0,00672678231340794	0,18182573652146	0,945095276666912
AAEL008244	1475,94222074849	-0,261045943187675	0,188780925896698	0,880860696351042
AAEL008253	131,575416729017	-0,0415922870855008	0,207830150882614	0,924144561545597
AAEL008247	1281,41146121409	-0,126098871125173	0,185591476276492	0,927642929787106
AAEL008257	4179,34056888573	-0,255904587248352	0,220397412638567	0,816484306005685
AAEL022337	121,918915068966	-0,018081755627849	0,243412389355142	0,890447799096324
AAEL008252	71,2686564834881	-0,0399435998181904	0,26638839623376	0,845279970448755
AAEL009375	863,696846536935	0,0968583684593468	0,156189428021933	0,94834279510228
AAEL009374	137,088734672676	0,0272988207570611	0,180570641599941	0,943938089887394
AAEL009380	919,510464797826	-0,426113171733304	0,256387143173184	0,617064513493939
AAEL009384	39,98006282008	2,87538723948627	0,818526944524874	0,00170851866150153
AAEL009379	161,479328607012	0,0929788931346652	0,209487630673484	0,910853157855133
AAEL009382	796,698412569007	-0,208480965311348	0,187096140671203	0,904692325961312
AAEL009372	1786,72934792057	-0,16348670479967	0,178206079447781	0,927160155604009
AAEL009377	1790,57539762928	0,0475138515006006	0,206350002333171	0,924330772208453
AAEL009381	4330,69884136332	-0,178865541305008	0,169329503861416	0,932087827806168
AAEL009373	259,842422980476	-0,0782400084950888	0,190329046291082	0,931937873757436
AAEL009383	218,849682155153	-0,102309821923519	0,186093755444179	0,931250294133945
AAEL008163	195,33461751443	-0,0801279490280017	0,221086504076522	0,900531808438245
AAEL008169	124,627993524285	-0,0323376107047954	0,209049674411691	0,924873190394366
AAEL019828	1626,37122308129	0,570041761115507	0,218422751722479	0,557195816843126
AAEL008184	472,773895745748	-0,0393136651665942	0,162939107734578	0,949194232409353
AAEL008164	999,651511527166	-0,35641011366314	0,226816452108835	0,734590172303979
AAEL027968	1161,83644142722	0,420669757367398	0,637286867200615	0,332463840588074
AAEL008167	2383,49781733533	-0,0476102194552352	0,151862745231097	0,950990395882134
AAEL008174	163,242315809143	-0,155251799313752	0,202198444344289	0,901707111381777
AAEL008154	1336,61230055897	-0,0457417494043122	0,160213115440436	0,949522137844785
AAEL025367	576,307614700351	-0,0538377980223242	0,187381725629332	0,937416628392309
AAEL008170	110,989553748547	0,0182263337696124	0,203153290439548	0,931627050230095
AAEL008181	575,451849276709	0,0491603652240783	0,180468957434735	0,941982876684314
AAEL024456	829,559050681211	0,0263314577943902	0,209528735631784	0,925450335544888
AAEL008156	35,5941903922129	0,0177122022261017	0,232768967560897	0,90409934366237
AAEL008153	370,312894028033	0,388401963738009	0,280724898100698	0,604097275771828
AAEL008151	71,5682092236377	0,152523565832373	0,248663244174472	0,82086934625249
AAEL008165	48,8318324402988	0,0351149727605409	0,216622028435823	0,917048022324047
AAEL008186	69,5318430477963	0,207173214308703	0,281816302892308	0,729138521630273
AAEL008157	94,4800261286701	0,597573370053235	0,406214870132031	0,349014879096616
AAEL008175	68,4975767296506	0,0141445919562302	0,223838123481886	0,914767917352013
AAEL008183	157,689382488128	0,0170806077214528	0,201545914993651	0,932776091568724
AAEL024090	151,994783001668	0,0655768359571339	0,204223386314514	0,922323004068696
AAEL008177	307,686175110929	0,00954949934144231	0,17078403730113	0,94846472398051
AAEL008185	708,532351923468	0,373623179281528	0,259761918551933	0,656648659458415
AAEL008160	2732,66568902841	-0,205651699991533	0,212491167710135	0,864053224278966
AAEL008152	648,968519235726	-0,111794007230461	0,2034820329262	0,912738382657118
AAEL008182	1132,94046231737	-0,0653773189212955	0,23772089706342	0,882146479241347
AAEL027985	206,437866539625	-0,258187830633666	0,233676677461577	0,788123412392701
AAEL008166	6247,7440534658	-0,147069596614532	0,18381370104491	0,925205602037898
AAEL008179	1030,95233064005	-0,0352278818847511	0,149949498038547	0,951498455457143
AAEL008178	221,833445879867	-0,0968895173120733	0,217536732221056	0,899828362894933
AAEL008161	192,67597139131	0,11412109532651	0,200563493021999	0,915305148674958
AAEL027438	601,257968796639	-0,0413208820701281	0,163876383425057	0,948842069044291
AAEL008171	3333,97305521221	-0,13353046065995	0,152766920369085	0,947451796473182
AAEL013963	702,699397547879	0,128144901161123	0,168755533510094	0,939975872835434
AAEL013966	3990,8189027801	-0,165340266277699	0,145124097228376	0,948138293119594
AAEL013965	539,838409351416	-0,054705418695278	0,148485004549558	0,951309172343637
AAEL013967	1151,56305640194	-0,103821106928498	0,187727039769214	0,929596921239193
AAEL013964	303,270984715538	0,0196154361330769	0,189751850933748	0,940003362649004
AAEL013968	1232,99265457525	-0,112855204649176	0,212897726510293	0,900814183630927
AAEL013962	668,818724256685	-0,16390622412992	0,203652126278851	0,896259244595053
AAEL010063	3182,20864284471	-0,0500653958103352	0,179112327791174	0,942593047349049
AAEL010065	2652,32514282937	0,0599988446275317	0,198317538648196	0,928531095707537
AAEL010066	341,306345121246	-0,121115917930874	0,183120074725704	0,930428811628313
AAEL010054	237,294025203723	-0,159314906963548	0,194897119962737	0,909794353084673
AAEL021632	33,950178736533	0,114888313474709	0,281226301596841	0,784296445687344
AAEL010061	852,968809108209	0,0165003362574077	0,201550960172515	0,932801953343591
AAEL010057	503,589993664862	-0,0523529000616128	0,185691508623698	0,938733706856164
AAEL010060	738,273190717991	-0,0511877767824624	0,156169489042136	0,950189098178251
AAEL010059	5224,26342355362	-0,134624363059056	0,201714027921887	0,908133992115232
AAEL010062	438,292485462181	-0,645526149674561	0,52364911460045	0,282395975344092
AAEL010064	55,2337601543233	-0,0546229780279826	0,230551543716113	0,895743325624673
AAEL000575	795,430465540788	-0,217822101525612	0,196056641194557	0,886804156708255
AAEL000593	281,223450696803	0,0823030875154524	0,188802302566587	0,932377036978275
AAEL000564	2401,71209250336	-0,0958467139488554	0,138048298364394	0,951788509776077
AAEL000581	996,627733839453	-0,222531385678437	0,256526183913763	0,768124456999993
AAEL019671	2602,22705553771	-0,0782945693601439	0,178897467851881	0,939595317199504
AAEL000590	835,650581392179	-0,174984362167149	0,172621346985965	0,929757355176988
AAEL000566	78,1861188901944	1,44119200763368	0,582774650297604	0,0483017494030834
AAEL000583	323,418348634879	0,0254263639670691	0,171471440688994	0,947567471911093
AAEL000574	1013,52414562618	0,0770310889987244	0,197413428095071	0,926496037417194
AAEL000572	1343,50756844497	-0,113053724905307	0,193247857833782	0,923098155186536
AAEL000569	330,017602261119	-0,00900392887348046	0,190686246921629	0,940561406572461
AAEL000585	43,2808381068265	2,00016500257399	0,737375985810597	0,018096476869888
AAEL000595	58,6300921427813	-0,079394762471571	0,22962733180959	0,888180674577592
AAEL010396	891,473067644418	0,0647684988737427	0,27853640727768	0,813285128309645
AAEL010393	984,066332465091	0,0573874164734272	0,276077093535388	0,821781939884151
AAEL010397	22,80669834318	-0,209992195034925	0,338026180190082	0,637532138252233
AAEL010395	74,1115729254666	0,0116955174483554	0,223152616753201	0,915862677455893
AAEL010398	54,6887576597731	0,755244785497283	0,774077808111665	0,199425252702295
AAEL008117	165,603115889037	0,400666798870567	0,306143163606827	0,553940863814878
AAEL019814	1405,23399299357	-0,0435166096859631	0,167607319239985	0,947766079948932
AAEL008115	90,2479740191585	-0,014856793999951	0,197317971770857	0,935916531742461
AAEL008103	39626,775161536	-0,114138117746216	0,199939811987803	0,916011011906089
AAEL008100	929,651005184845	-0,125391554824834	0,199990302995349	0,913200892607071
AAEL008102	584,398385063169	0,0241759235446989	0,172009929532191	0,947467600442053
AAEL008105	1765,01789724909	0,105222748231051	0,193812593747164	0,924374453707139
AAEL023164	17,9045630780569	0,07868357142992	0,261274398126415	0,834279997297724
AAEL017345	5169,73742612686	3,11442800375645	0,514883050729936	2,89642327355783e-06
AAEL008106	8286,41950081101	3,7984558802241	0,565769340699559	2,33842284919884e-08
AAEL017145	16,6774412124414	0,253822210281191	0,442295437340161	0,49824449906123
AAEL017381	40,5695638117692	0,0883189757481593	0,260735783413474	0,831674139897598
AAEL017144	17076,5922216211	3,79589843318682	0,404821930640214	2,66676382405229e-13
AAEL025531	481,988838274551	6,43971578516628	0,617196417909852	5,77530345584441e-20
AAEL021929	619,664534448488	4,33676247158114	0,323572480684364	5,09224609071099e-26
AAEL025126	1214,77356005812	4,56779632785799	1,3306373936252	0,000590600907293367
AAEL017380	1373,46297285668	6,9801776777862	1,09996634953406	1,34369473086484e-09
AAEL026300	428,979243395891	7,1909117243194	1,48287650391626	2,0091542333039e-06
AAEL008099	1493,50256582604	0,864263204963038	0,313012574870328	0,222903170869393
AAEL008108	384,4573850735	-0,160024298501798	0,220886716795957	0,870851503608097
AAEL008111	129,052480957401	0,0254291373892681	0,227426289882025	0,907810779644286
AAEL008116	290,321350409061	0,103586450626337	0,215761442700799	0,90003853216913
AAEL008112	259,055729533718	-0,0501504288007993	0,168088591690658	0,947240164592363
AAEL008107	5994,01583314517	0,0779403128422152	0,192570470343979	0,930076039556901
AAEL019807	230,017618968592	0,111158961219154	0,206917502673004	0,908598645577865
AAEL006491	181,475474185326	-0,0664112896409761	0,173868102936103	0,94370319377275
AAEL006482	93,0876762198475	0,167351722022481	0,26854117806748	0,777257929858026
AAEL006501	123,602773449104	-0,0340243156094045	0,195189587785497	0,93470274522591
AAEL018048	50,0702134319679	-0,0175277982651513	0,224870914988047	0,912955796268613
AAEL006502	286,911772468338	-0,105933854506616	0,208078173014814	0,908710100051084
AAEL018051	1167,07911178775	-0,0318400170443138	0,147824010514056	0,951784073680181
AAEL006480	2462,4207471147	1,10641554092722	0,171627657343395	0,0592826455747924
AAEL006490	28,3372272556014	-0,0502136280664714	0,242089793547158	0,881507072728032
AAEL006492	66,9077158988537	-0,0907877427462446	0,256583714289208	0,837060046462766
AAEL006496	38,1783766099011	-0,069030951274265	0,25126152934159	0,860024611244506
AAEL006488	618,486019237371	-0,0942440187275063	0,178359867873901	0,938155247134084
AAEL006479	80,6395293710031	0,215025218485391	0,254692949246925	0,774777056986601
AAEL006486	216,49245505939	0,17088274864295	0,191193460283099	0,911260738921568
AAEL006483	3455,26821089113	-0,196098297240033	0,30725476332022	0,694014911240423
AAEL026555	194,289089799918	1,4807081607814	0,442279827826954	0,0290285746567927
AAEL006485	1536,63227011348	-0,173268344200776	0,219145323736677	0,867789978578791
AAEL006481	23,8826826711064	-0,231157371853752	0,354908414961418	0,600871185076689
AAEL006487	350,006122355693	-0,0953541046022469	0,260549749951916	0,828313657521971
AAEL019970	669,612667181643	0,249572558711886	0,261326354860662	0,740851827168327
AAEL007603	195,920457317698	-0,0150400358051935	0,195261423778728	0,937259271340302
AAEL007601	60,9195269684764	0,00767827037754892	0,263330431552704	0,867388676872072
AAEL009847	1055,97545248352	-0,33328304701664	0,349708938882596	0,547305871974257
AAEL009848	53,7303472431253	-0,180465476949633	0,347481454309874	0,644525544807857
AAEL023271	150,976607818749	-0,0283179796606246	0,236298783101162	0,896668319147642
AAEL017022	10237,543149777	0,0601270240371427	0,208082956975399	0,919851873602827
AAEL009844	686,821370103429	-0,198255649600984	0,30777640668718	0,692058422213185
AAEL009852	590,833265364987	0,355954149680157	0,270879759024199	0,6473433535879
AAEL009837	191,991827975087	0,163847357138802	0,218906198202886	0,872329750458148
AAEL009836	57,793968977041	0,0719777529458989	0,237484453868031	0,880097626266021
AAEL009839	860,151230447538	-0,115279978351378	0,169145949733873	0,941254411516275
AAEL009849	15,8104107485709	-0,0629793352853906	0,26352019977231	0,838514940999891
AAEL009846	216,80825275949	-0,156213739770209	0,214714844581493	0,882040390828438
AAEL009835	22,3412418075146	0,00483575945979387	0,23373016945741	0,906478182208459
AAEL009842	748,099472807841	-0,244187139633918	0,25864404910525	0,750070468792752
AAEL009850	127,564542917237	2,6737401489471	0,462184158827607	1,80414830303421e-05
AAEL009853	21,947060266146	0,409557515991725	0,616542365524227	0,344422401967148
AAEL009851	833,520544729356	-0,151293021578346	0,178023033182026	0,929350129246295
AAEL009843	225,760134258353	-0,099365125522759	0,22982877330844	0,88118476289383
AAEL009838	3254,22583543066	-0,459640355890759	0,326107780282669	0,493280385568093
AAEL005625	26,7384683783227	0,0345528815122549	0,248667160443688	0,877491516480295
AAEL005621	41,5329988881436	-0,0602544377762408	0,259296798999728	0,847573569148327
AAEL024390	25,0743988430229	-0,0375457528177434	0,242944826989543	0,884433122452605
AAEL005619	116,738766551755	-0,0930771112896817	0,213048119022487	0,906411376361756
AAEL005618	1365,57391938048	0,804883335455607	0,294044609304352	0,27659208786284
AAEL011653	618,872585078423	-0,00308781808147567	0,211797380358199	0,927572924157789
AAEL011651	265,878890756765	-0,152598148889618	0,236518172137283	0,842539110886207
AAEL011662	2,01179648110156	-0,0233886009432711	0,265310698734564	0,857047953562524
AAEL011658	1067,8519594151	0,074062890191316	0,20442447519979	0,92025436751549
AAEL011654	101,496298101656	-0,0365672778497218	0,202026930922223	0,929388209797305
AAEL011650	2259,29193667178	0,0993058280853106	0,134029890050675	0,95203124430202
AAEL011665	697,086454001432	0,100257517422726	0,183065182793052	0,933753423218666
AAEL011664	665,747270476992	-0,167977384841103	0,191668301677198	0,911485566873679
AAEL011656	29563,4055115957	-0,0443896010200667	0,207410070013587	0,923913267537474
AAEL011657	4430,93093136012	-0,21081166245527	0,226476163692174	0,830203044517203
AAEL011655	167,495584299746	0,0249128532806057	0,193739206934546	0,937025530764745
AAEL011666	275,968575863628	-0,0483262287837143	0,177155019657621	0,94372737623283
AAEL017332	206,757568321747	0,0282185535636639	0,190067583674862	0,938947849222133
AAEL011663	1414,48379584054	-0,0880494589148453	0,164221808632497	0,94629937657196
AAEL011652	993,288351156912	0,0876674485622713	0,177679249202175	0,939287380682067
AAEL011659	174,251099223718	-0,0369491891468495	0,18841630954319	0,938905140588657
AAEL018182	1641,28486597424	-0,043247310111362	0,172736102644742	0,946106069844698
AAEL017113	607,860026304385	-0,265213725642387	0,232778409113884	0,785528937489532
AAEL009671	231,508218603986	-0,0570534875519437	0,205200116354458	0,923424048790877
AAEL009676	391,716484566757	0,056760183158073	0,167004375423088	0,947213590689187
AAEL009675	42,2308709159572	0,0732115019224264	0,233392886555424	0,885293024679056
AAEL009678	2226,31918678675	-0,121757337024872	0,150689709521941	0,948656605263382
AAEL009667	561,918528982968	-0,0674171169096367	0,188189218562836	0,934905530596629
AAEL019491	75,2304149840015	0,0953570553534429	0,237888511300499	0,870883311632269
AAEL009669	134,244279273085	0,0252086710877391	0,226704824767345	0,908932195661424
AAEL009668	718,223275170557	0,197475684492713	0,171017997070431	0,927119633489783
AAEL017226	1119,12326955957	0,328829172081734	0,219372432036845	0,771845592982589
AAEL009666	2897,05858249325	-0,0322836736428982	0,183637839945329	0,94200214078668
AAEL009442	264,415265207391	0,00671997439299224	0,202958732247396	0,933187505947976
AAEL009438	177,219268302329	0,00462054126445037	0,198001995408654	0,936850981819719
AAEL009448	58,6189168994355	-0,0476207503984942	0,241809233050575	0,88251629253075
AAEL014072	452,986726165101	-0,110380232413062	0,162855128300997	0,945089523266525
AAEL013795	596,525394347288	-0,106046044375252	0,160097983482135	0,946584028126054
AAEL018266	193,281232144058	-0,363500031446054	0,287559205717273	0,612646166677078
AAEL024098	1031,93629459079	0,0689806679964853	0,22266860804221	0,901927837454752
AAEL012693	70,2325042632948	-0,0217522103669589	0,227693256331037	0,908694194625906
AAEL012681	6012,68658585405	-0,267163077520062	0,218488706219394	0,812818997147256
AAEL012689	215,560012735439	-0,21266678253162	0,241584236133754	0,801644753120922
AAEL021713	21,6345547165318	0,00217813412103131	0,238726491479607	0,901835988784382
AAEL012684	3980,30305079103	-0,256090387131004	0,15981069592728	0,92576715669763
AAEL012686	29992,5878301477	-0,0331660999401614	0,196547616574232	0,933928832231976
AAEL012675	292,477342086086	0,000820843336233307	0,202759226594683	0,934177811292141
AAEL012679	74,6150655757103	0,850150413088558	0,592185204383078	0,190063455674374
AAEL012688	13,4578926588192	0,0726928290018267	0,26211804889984	0,836297200452921
AAEL012683	19,409899524454	0,259349210537543	0,432836729477469	0,503570264900824
AAEL012685	197,974417306836	0,0205541208616016	0,187335331864388	0,941188479413511
AAEL012694	386,634242890085	-0,0507469788960087	0,207807796108027	0,921952794544491
AAEL012687	186,562931177986	-0,141036829632034	0,259187521880235	0,807886409695502
AAEL012691	137,979870687303	0,130696068438296	0,219757662824101	0,883921251847622
AAEL012676	125,056821055111	0,687131774640111	0,508853235214336	0,261757909173454
AAEL012690	462,231783509257	-0,0543648246250254	0,167749503844216	0,94709634678999
AAEL017080	218,774905469872	0,0218594938393608	0,221774294372781	0,915071805667969
AAEL019875	3416,76700605154	-0,275838791538393	0,17284315650995	0,902565998038534
AAEL006239	4206,02009986696	-0,0157472650780298	0,22878941741123	0,909121705144728
AAEL006232	100,730125375189	-0,12455801032125	0,21736508980453	0,8900340658835
AAEL018050	200,887422287513	-0,046002703947088	0,198706136367765	0,930465738590419
AAEL006228	119,244775244169	-0,0771924065139978	0,193295457308064	0,929625286338272
AAEL006236	716,822718137364	-0,070387736707789	0,162355998613132	0,947963189060765
AAEL006234	173,926565829064	0,00773983899423426	0,207960994082361	0,929502205551276
AAEL006240	860,328735594602	0,806470711618265	0,231441745230604	0,318886227394844
AAEL027611	6822,05920397754	0,178616195352736	0,218454154267353	0,866340626617776
AAEL017301	6891,3557515703	-0,186232085497247	0,177848266840062	0,922334516536754
AAEL006231	849,646365897697	0,0361028412587673	0,197659655086265	0,932767466553379
AAEL003944	385,888335284891	-0,011675494103865	0,204824140660229	0,931295363627282
AAEL003929	221,511759194312	0,0777367755526869	0,184738775681675	0,935877322754307
AAEL003927	197,863216251924	-0,0399133841655327	0,268583226853431	0,84120414119736
AAEL003942	7424,90903132717	-0,0689804382021982	0,205333920278816	0,920532511617585
AAEL021217	21,2896614971951	-0,164393280313537	0,316266008457133	0,698372351871023
AAEL019562	1296,27535791541	-0,208105198416788	0,158390386406993	0,93606508961766
AAEL003945	354,371245432939	-0,445463987640181	0,238798405029977	0,635555973906314
AAEL003946	219,995432760462	0,0307566186486548	0,204376594080375	0,928628436817003
AAEL021771	842,123931320479	0,0462829529787068	0,167896736526205	0,947546477908514
AAEL003938	700,89134494937	-0,0449452217203955	0,198190679315122	0,931060354804583
AAEL003924	2523,14418689569	-0,0820781762775904	0,161809854440144	0,947462333508772
AAEL017464	28,5983646842765	0,0477540457941648	0,23714586546237	0,888915350661949
AAEL010650	235,598115431512	0,715038852976661	0,248378312989457	0,379855330893822
AAEL017194	1594,82478773665	-0,146264906838664	0,185271579410836	0,923946395853019
AAEL013756	1176,23593844675	0,427172726861619	0,224593768140108	0,683416988443392
AAEL018265	70,9885254761493	0,200405396664031	0,301064886482406	0,700759897983849
AAEL013752	978,683425643646	-0,138139383588511	0,228508278618904	0,867689880715842
AAEL013749	445,171374197356	0,0946528332311545	0,195978243006327	0,924483437151052
AAEL019589	2013,01047245136	0,0484669470150868	0,152574352236195	0,950852496039936
AAEL027916	33,0645026371345	0,0148092376430858	0,225426831675489	0,912999149074975
AAEL014144	58,5952053069565	0,0553074400397544	0,242892754879046	0,878344482117254
AAEL014142	490,53750718436	-0,151459103278064	0,175113129530369	0,932008522768025
AAEL018126	3625,50044444061	-0,208056058572344	0,218851226384189	0,846457800167523
AAEL006946	3793,51260168785	0,000295293090827095	0,168667849217769	0,949336683072656
AAEL006945	335,215208074402	0,152415593230935	0,188928750822127	0,918404226481358
AAEL005374	39,2634744793864	-0,0125527437083781	0,241093284598651	0,895535518934281
AAEL005375	33,1751150841291	0,204443874089415	0,299401476244818	0,700929027389213
AAEL005373	49,1437677085574	-0,0140749916098087	0,240338096296675	0,895970960653403
AAEL026826	19,5353888520518	-0,418428060715175	0,607086548996279	0,345078115132865
AAEL008527	183,812541430157	0,228296552344139	0,205569038277705	0,865861868991808
AAEL008543	1780,76454899275	0,0396035259796473	0,200764309856922	0,929888929282259
AAEL008553	292,017330847149	-0,0421664700245114	0,214620077978342	0,917505071226736
AAEL008528	2360,66908694527	-0,160547665878197	0,173966976516819	0,931304370436092
AAEL008532	178,653877786288	0,236302951440358	0,383390418612254	0,563918479136693
AAEL019441	1595,63626318797	-0,416893309407408	0,265290555544642	0,608416008491923
AAEL014057	2040,35863910824	-0,0844811148596193	0,141451092747068	0,95160148820151
AAEL019824	2586,36828226084	-0,087937459103037	0,136024521001241	0,952000486649751
AAEL025861	40,6340200062139	-0,110076773582941	0,244427257703564	0,850400121865627
AAEL013182	639,384778121529	0,0890088102435684	0,147364272252623	0,950667417886312
AAEL026901	7,25737246185539	0,0705390336947834	0,275677639278367	0,815646259827675
AAEL020035	20,3535167484283	0,0163418277012087	0,267675410686931	0,855908732865418
AAEL013184	763,932582374035	-0,107248269368606	0,164480870760553	0,944502152421497
AAEL019845	1382,8068780432	0,545664983666021	0,204750927739013	0,613203673909841
AAEL001007	1527,62423921484	-0,172085675175192	0,153825288922367	0,94385399407326
AAEL026843	4477,47731031262	-0,225762470217468	0,247634898253935	0,781243786692844
AAEL018151	2386,42219493003	-0,0383546850787562	0,159708507930599	0,949936879036427
AAEL001000	349,548030191493	-0,126938660810706	0,210454589351495	0,899636531851386
AAEL000986	2357,09566454597	-0,0755941746093191	0,179647910124879	0,939504661556763
AAEL000981	782,121483005033	-0,100615961096901	0,17545555216229	0,939174623907716
AAEL000996	581,141469951659	-0,143563603973865	0,182195853795085	0,927362092202428
AAEL001001	88,4632977404127	-0,0431746020473432	0,206029762199188	0,925322848635671
AAEL000978	389,683438053299	-0,286878575575044	0,297822667397918	0,652623724298687
AAEL013921	167,870661257168	0,0132179217274302	0,178585756148586	0,945905782767307
AAEL028110	769,020437824218	-0,225363816862961	0,160941299898217	0,930924040051956
AAEL008829	5268,13339390417	0,020036501604797	0,180698741619907	0,944443312495072
AAEL008831	39,0790264110659	-0,00849402694766408	0,243118928164346	0,894377617991219
AAEL017289	288,88140501081	-0,0794489398401452	0,162966721759503	0,947218907611148
AAEL008828	266,314360384361	0,0923815555942628	0,203256830324683	0,917725254220294
AAEL008827	325,488811988037	0,0853472718030065	0,20005777134878	0,922092035882468
AAEL026208	20,2255504720358	-0,0231146249572517	0,249726220839819	0,880507624637772
AAEL008826	194,412402561212	0,0245573382777533	0,212241278908241	0,923457604354351
AAEL008832	3297,44170298228	-0,574194532297724	0,161108187669249	0,698715707014437
AAEL006026	401,230852399224	-0,161170917171854	0,200176635016263	0,90260221367928
AAEL006020	1023,37009097218	0,109173365345473	0,17012706940388	0,941353032957508
AAEL006033	324,482108320241	-0,0301211331656678	0,175937176302563	0,945793867591281
AAEL006043	570,916117327066	-0,0536652961024301	0,153020426459583	0,950676704893428
AAEL006028	516,592805372657	0,238895101085264	0,247075999581952	0,774390516678253
AAEL006042	56,2900573322278	-0,213397763751775	0,317238454879557	0,671474106031417
AAEL006038	3113,02005222035	-0,0721814229846101	0,159305346378566	0,948611288942201
AAEL025511	11,8464327234771	-0,122817740240695	0,284835529886043	0,774196749866034
AAEL006039	261,597629015195	-0,0811109171200589	0,17698647297493	0,940466866823521
AAEL006022	1687,24044874644	-0,0499772836032306	0,16172607452268	0,948991464338762
AAEL013321	201,05663668082	-0,0568580394756278	0,204625071782149	0,924012566018869
AAEL013316	222,516157466379	0,178171100989899	0,180029617450405	0,92180138707532
AAEL019721	1096,66205885979	-0,332600425722029	0,169277330017621	0,88280523777441
AAEL013322	17,4859509647231	-0,0602555061872205	0,24889823553037	0,868122547644328
AAEL013320	1345,49511905168	0,105895832260632	0,178703628158033	0,936127434451271
AAEL005342	482,841993440899	0,0505162208389368	0,1783773138549	0,942924445413616
AAEL005356	2168,15837742943	-0,114912309565051	0,162969301206094	0,944572596025509
AAEL019882	893,212419009323	-0,108754408483654	0,164865393924167	0,944176981446056
AAEL005354	367,673065256731	0,173676636524674	0,183842553736208	0,918796192793801
AAEL005364	355,022938974876	0,227785809408655	0,239789531652225	0,796100252745244
AAEL005349	126,611091060907	-0,145330870968248	0,253994726223149	0,814341931070198
AAEL005353	520,641804436515	0,314485852605884	0,255410974968248	0,706080394157403
AAEL005358	705,339189498119	-0,0242826014655651	0,17061013022018	0,947890743229439
AAEL019743	59,401847040893	0,0631681985483778	0,231821812713129	0,891198283171189
AAEL009695	481,666612906195	-0,255019333488448	0,234863680533562	0,787866777688353
AAEL019798	1298,75707975987	-0,399856039579683	0,262887165294532	0,627438652790815
AAEL019797	594,723616694156	-0,581857017973659	0,73769722692006	0,25422332703221
AAEL011798	579,545833694998	-0,636113792271714	0,453589274650505	0,31272587211046
AAEL011797	411,136985520446	-0,243712400651779	0,332532193583461	0,625092746581287
AAEL011799	122,582474646654	-0,0471617909025312	0,208525119222471	0,92199926358433
AAEL011803	968,789570666769	0,446029513530547	0,191959775778906	0,743874282544084
AAEL019974	232,681106276041	0,0287258082238608	0,210392673328598	0,924363538060925
AAEL009629	6026,38639951965	0,855142835385329	0,428308108508095	0,20335638214053
AAEL009625	537,294247430033	-0,518352232848915	0,388155282922436	0,395243950798981
AAEL019999	103,705287689877	0,775116940389834	1,1760568234359	0,170272300480254
AAEL020000	16,1364859756845	0,18627788957688	0,346641501077737	0,639731457216041
AAEL020156	152,952023535807	-0,269746224141458	0,267272362576892	0,716179838575724
AAEL027188	133,655537028866	0,558767564859085	0,595854001300753	0,295259010893214
AAEL009630	939,784200801446	-0,225722577017157	0,203701085590745	0,870660326001377
AAEL023634	1455,25858148623	-1,27679755585638	0,468887417222485	0,063358676499703
AAEL009627	497,295947044339	0,0802071944395933	0,205326405123346	0,918123753647261
AAEL028136	346,72740600127	0,0575103557408258	0,222891358839798	0,904570841378214
AAEL011124	615,025901203932	-0,0418724820026221	0,168868814562009	0,947493919276
AAEL011112	33,859919968874	-0,0939625150155874	0,260666920617202	0,828929506715024
AAEL011130	1834,14666784714	-0,0415806061121518	0,260097715485072	0,857630168389282
AAEL011126	1563,83354947487	-0,0556580865707339	0,266983172341064	0,836143774609891
AAEL011129	2545,21078396598	-0,584128603328752	0,53650464132514	0,30510571961541
AAEL011114	645,107236000291	-0,256172567468649	0,238699005684799	0,779869588689952
AAEL011117	445,130410804456	-0,117687896907948	0,185845339322887	0,928831992567372
AAEL011116	5404,75979963471	-0,170163198001292	0,225111048651312	0,857861729540871
AAEL011134	311,869507112011	-0,0321824172199339	0,176411921454244	0,945409867621504
AAEL011133	1602,19472791741	-0,00829919903267589	0,165905323823155	0,949691754312994
AAEL011135	174,371832931409	0,0175363189070149	0,192608906503932	0,938654811119884
AAEL011113	1253,77191362566	-0,070868611510546	0,17577218033865	0,942308635789217
AAEL011118	446,483312351479	-0,0313339532939307	0,177792555727115	0,944898982263875
AAEL011123	47,7808697965818	-0,0915185452729714	0,238579486896635	0,871358560612164
AAEL011121	233,460870126156	0,0209349596842435	0,196542723510943	0,935553990176513
AAEL011111	687,615355073319	0,000943421286177301	0,186714415352763	0,943386919814578
AAEL002998	323,980679680622	-0,0809203459628938	0,186669471323923	0,934053556757123
AAEL003010	147,510035350996	0,03668138445933	0,216943834659512	0,916386241376651
AAEL003001	450,631358206651	0,105476295827278	0,180824259290767	0,934670182263775
AAEL002988	1531,60219174864	0,0210575350486568	0,150030795968264	0,951721882509365
AAEL002995	262,10375704773	-0,207993129670626	0,208852740224042	0,869695891096773
AAEL003003	240,20983326822	-0,286211209431433	0,25959904128144	0,719792781020763
AAEL003005	1049,97465265016	-0,140137904008982	0,199767560968508	0,90929473070365
AAEL003009	2882,65979342877	0,181569375545234	0,1822666145136	0,918619643016309
AAEL003013	1292,14998592354	-0,136979693169062	0,153892820654426	0,94681174537698
AAEL002983	1678,91207593706	-0,0942839677785198	0,158891507187081	0,94769308386205
AAEL003011	1061,35386264779	0,0257306247246191	0,19107500758857	0,938582911191409
AAEL002986	2727,49582303824	-0,103030028753357	0,167450097048369	0,943508983283974
AAEL003006	876,863991974073	0,014535512288009	0,184996667999848	0,942974135699151
AAEL003014	2059,64706690908	-0,948934086221143	0,344651819114401	0,159687234552038
AAEL008370	2164,40420886232	0,0298375543982461	0,180248709157879	0,943860009283156
AAEL019683	563,27861202607	0,0832857627329051	0,195413725152594	0,92707906626842
AAEL017385	2678,30775373137	-0,0577587626682527	0,16301430591041	0,948332608314428
AAEL008371	671,894606156016	-0,0978251192397188	0,189030199184094	0,929530647005093
AAEL008364	6578,36535760575	1,86334647589823	0,487083625779563	0,00691149481842072
AAEL008373	1348,57205132763	-0,180029851259235	0,144115713700808	0,947593690793795
AAEL008369	133,807471785393	-0,00536212339204349	0,208381806790373	0,929568533265903
AAEL008366	848,825168434885	0,0400217685407269	0,159869371244484	0,949812212709331
AAEL008363	385,771259314345	-0,0646092912449412	0,186633671999081	0,936460465670025
AAEL008367	326,186588955493	0,12969015632257	0,170433390998597	0,93878380766176
AAEL008374	1822,56677226719	0,0433528476579789	0,147537303527562	0,9516282943559
AAEL008365	1751,89282681835	0,213487333675765	0,301810606657227	0,692594394207031
AAEL008375	912,271019650466	-0,121280353848654	0,179995612848551	0,932862220176385
AAEL012887	105,25551676872	0,0527353387066056	0,221142824728139	0,907664591000803
AAEL012886	562,487275438771	-0,336782654271512	0,374111286017331	0,52019309238904
AAEL026946	1871,88259459172	0,0434032749861683	0,155602932363239	0,950560365392631
AAEL012724	33,5231330156549	0,0623377420808046	0,243201005584618	0,874919076777653
AAEL012723	531,050441986201	-0,0164742912988714	0,160795040978987	0,950377775834598
AAEL012726	214,858407115839	0,353141027599737	0,257960111669196	0,674292062674135
AAEL012725	757,515464152767	-0,257735414115181	0,263462723989863	0,730659739265168
AAEL012720	67,1196593965686	-0,683381123014612	0,404265026306688	0,306499975093416
AAEL013374	383,835940046689	-0,258717265598369	0,266430951902063	0,724758819095529
AAEL014378	827,805802176603	-0,28939389886601	0,262602192725538	0,711689499591984
AAEL014375	817,084325264227	0,197336424932272	0,161134970437827	0,935546063276851
AAEL014380	171,559960203822	-0,061875075593102	0,197464993958791	0,92891887576021
AAEL014379	1223,77521249561	0,227040159556292	0,187638337750062	0,897255781510868
AAEL025812	7,81122129292899	-0,0648636887461066	0,271364369437498	0,825341440609808
AAEL014377	76,1330321478262	-0,0728954261805329	0,207619417085214	0,917738169565646
AAEL014376	171,027297105812	0,0117218749159572	0,201008255696416	0,933828712423058
AAEL006577	2210,77843823814	0,00604731716876612	0,149464626823735	0,951925625023444
AAEL006587	281,835441143987	-0,0301067552215146	0,216353434158459	0,918264230642581
AAEL006571	171,424363575728	0,217307421501517	0,218561500581503	0,842397151987551
AAEL006567	2431,19473977692	-0,23943063430004	0,183870765164243	0,898509263923181
AAEL011962	275,281629274148	0,440201491655507	0,401339860523419	0,431068636598638
AAEL006581	312,993885528515	1,90626362137493	0,437600427688141	0,00333705433301799
AAEL011960	1717,68239454176	-0,36487171533713	0,208809972847333	0,769647415415475
AAEL011958	226,591305159624	-0,258106030642133	0,257736417795558	0,741740679764236
AAEL019945	636,22434621914	0,0329142078265547	0,169503483009511	0,947755664412684
AAEL011964	149,251054525808	0,133573918178069	0,209404388657063	0,898627050521115
AAEL019944	359,793033106629	0,13533836651448	0,196625095118742	0,914461846929032
AAEL011967	968,850980463021	0,00164054295984297	0,21036718072787	0,928725513145279
AAEL011969	204,070722511397	0,158258978486792	0,212548374419599	0,884305578235341
AAEL011965	127,820093722956	-0,0203352015012357	0,196524630562936	0,935680555925693
AAEL009043	666,350299741458	0,0452595485207019	0,196864130016203	0,932114221725299
AAEL009041	482,681759453096	0,592497519126394	0,184918381444167	0,610118723128478
AAEL009042	514,374266095375	0,227413390951537	0,172633164105832	0,91803410757694
AAEL012384	193,041741078545	-0,0299748040160943	0,181072697701568	0,943521160687385
AAEL012383	82,3554219100201	0,0702900269034144	0,254299847711927	0,8530002932989
AAEL001339	1075,47547009311	-0,0618818121383003	0,147674010955403	0,951254819791946
AAEL001350	450,166266090042	-0,0984991147471342	0,17454672166454	0,939962118479903
AAEL001331	828,925474502602	0,51047065937974	0,254382779565523	0,549904066716962
AAEL001329	493,331895671376	0,0182198509762387	0,174483525196453	0,946989308561797
AAEL001354	352,820124796198	0,0338507589963136	0,18235648123216	0,942485933177343
AAEL001334	287,727376627295	0,333989761372495	0,236180200242673	0,731071667321023
AAEL001352	1325,90160581367	-0,222411974012821	0,18323745926743	0,905619199879127
AAEL017357	10014,2871184322	-0,0502187417911992	0,15987888026711	0,949424699642306
AAEL001349	58,6967104588465	-0,0160517593325398	0,214983516542178	0,922380532310087
AAEL023402	33,7791220232132	-0,0876376187543664	0,250045675517441	0,851753522189286
AAEL001357	973,006457538269	-0,0726980902195668	0,156842341493447	0,949287652476215
AAEL001324	747,635330906855	-0,14739941043793	0,202108043693872	0,903941140993984
AAEL018214	1012,32971337611	0,121389438521672	0,175985842856158	0,935900853902598
AAEL025502	341,144719750625	-0,175783007534742	0,228550825278956	0,845553374239561
AAEL001332	469,483126161844	-0,0181805734595442	0,159914008143099	0,950509001964574
AAEL001336	862,722443277846	0,576776801864009	0,225367345298514	0,54088371464377
AAEL019483	27,3226215345586	0,029145516573324	0,255272467987302	0,870915104012515
AAEL008931	229,515083932878	0,0269667333271392	0,206330423254632	0,927871998531112
AAEL008928	1728,92505184996	0,165274992374108	0,173483288194742	0,930841992152264
AAEL008932	680,556793139804	0,0490020701200608	0,160836816286983	0,949292559805985
AAEL019485	2360,23890266487	-0,400664424829081	0,177929425830761	0,815126731117961
AAEL008924	1484,9028300312	-0,0813546101207658	0,154167203451241	0,949551296135463
AAEL004311	595,973403095284	0,446616706076481	0,193574602777768	0,73853817443268
AAEL004320	2819,71441241342	-0,109937571236555	0,177765999161247	0,936282765886989
AAEL004306	470,611192631461	0,0330068421742628	0,174411495641763	0,946166973180143
AAEL004326	37,1367867400583	-0,0408187177904951	0,230856540164884	0,900057594765913
AAEL004317	1505,36777490321	0,33529351745411	0,270891734616235	0,666325133867262
AAEL004316	472,041857724823	-0,0467361738042	0,171703637608908	0,946288367836945
AAEL004318	456,332959932157	-0,0172794937467841	0,154511290006833	0,951272950786963
AAEL004309	188,895678847431	-0,119737761957498	0,180540916559857	0,932741578223176
AAEL014699	1897,159220618	0,240798056849381	0,206332267836272	0,856617961578671
AAEL014698	570,728620444751	-0,198276515665993	0,173731095893958	0,924265155269734
AAEL014697	157,801147622743	0,00254792014218526	0,192323187503514	0,94035166346921
AAEL011187	1078,24968344768	-0,0558811389552771	0,140830011142934	0,951996089479237
AAEL011191	6224,31777431263	-0,510369872154236	0,241384720996054	0,572140924828254
AAEL011184	10994,9068471647	-0,240661351463997	0,21265832757963	0,840528138858816
AAEL019717	13053,9117282106	-0,103965163425787	0,211782912711964	0,90474429616572
AAEL010822	617,03561369961	0,0768491082904223	0,15842631921937	0,948646541878056
AAEL010819	1687,38009557962	0,179823918864517	0,154772396685317	0,942511172457023
AAEL010808	208,066111220091	0,103371996400904	0,203948912002325	0,914405961485049
AAEL010810	94,9296167435689	0,0973203319794038	0,239868766753788	0,866849807452723
AAEL010816	128,860290823627	-0,0697642191147271	0,188374333850352	0,93445772881957
AAEL010817	189,574777748189	0,0113915869119731	0,182284614509199	0,944449202101589
AAEL010823	6868,23841437738	-0,0881164816481748	0,186805038088659	0,932853617247827
AAEL010809	899,747245630673	0,0295945268877224	0,153248973803773	0,951213975678654
AAEL010826	5727,8674848693	-0,0615686488002591	0,172122317118638	0,94491635879894
AAEL018200	531,034423091386	-0,101471613849262	0,162411465467349	0,945989416349786
AAEL010827	1041,55306815308	-0,199035946992563	0,2072621228057	0,875690281542915
AAEL010829	601,332597487639	-0,169913568159204	0,16653450824857	0,935664762399883
AAEL010812	736,480667259469	-0,241086077831981	0,165301296538525	0,923188333590464
AAEL018201	942,218803381254	-0,146474359145753	0,232885745368992	0,854549767180967
AAEL010821	30592,6909048809	-0,0957886171537977	0,222208625413315	0,89356251077204
AAEL010815	1612,4171283171	-0,108796377687419	0,141952624444679	0,951027038576671
AAEL010814	2619,76213660568	-0,181410623238881	0,197420972672138	0,899463254811712
AAEL027998	22,0755777550789	-0,208482356325119	0,330877425068526	0,651943847913847
AAEL019755	4248,93087984244	0,507263590411467	0,454602450317372	0,363391060602573
AAEL009599	77,3442648967697	-0,0382905958613791	0,26982196974414	0,839944117310779
AAEL009597	1418,90859899672	-0,00214748692083845	0,266152470119802	0,865241265908619
AAEL012255	699,856789666788	-0,155466319685001	0,288068520288291	0,751719782085353
AAEL012250	550,551972424506	0,0159628194784566	0,179015222928986	0,94556864222952
AAEL012249	199,908125624048	-0,146293387747015	0,198483768780693	0,909042838786626
AAEL012248	89,1384423010562	-0,0540624608138228	0,217180957364043	0,912153268646339
AAEL008189	308,943088876247	0,019947161947544	0,163736399067832	0,949735185891053
AAEL008192	27542,3220383701	-0,0441216016089743	0,206419449646248	0,924948509052609
AAEL008188	39501,9698405348	-0,0822887335316751	0,204020506776832	0,918984505303419
AAEL012743	338,193778697629	0,0954653491822676	0,174168613541755	0,940493908853729
AAEL012744	1181,88783819444	-0,0612447258717096	0,164214990328696	0,947854444616664
AAEL012739	277,79899378493	0,0147298256889068	0,188030697165377	0,941438237418876
AAEL019928	116,688490402232	-0,0202875762565571	0,202704094865802	0,931653803436417
AAEL001050	108,516225603293	-0,351389386222327	0,774129624322205	0,320247705609053
AAEL001047	1570,72286352348	-0,152300462927584	0,199837166148833	0,905431856874639
AAEL025525	272,613385870808	-0,0767152650978402	0,2164468329403	0,906827354559707
AAEL001037	824,466754481254	-0,254606795087317	0,263828228322731	0,732164060468688
AAEL001020	1464,98094630525	-0,130219811596185	0,242883785677021	0,842349775587117
AAEL001022	1455,7891806233	-0,325519341340908	0,417083830033566	0,484971544415528
AAEL001044	1709,11982358564	-0,152624884183986	0,200792508243399	0,904116889581768
AAEL001052	2048,34989349163	-0,055709646347203	0,134151427719868	0,952267199194302
AAEL023988	35,1369708488067	0,121831555965437	0,298710537841933	0,753116426625739
AAEL001016	388,288876647997	0,0473025192351888	0,198579142648542	0,93039184542856
AAEL023815	1025,60657736659	0,151360999122156	0,199697517000245	0,905957929076202
AAEL001048	610,384550785078	0,509026044213243	0,231594057780535	0,590575404691105
AAEL001033	252,524227853885	-0,00976352476679203	0,187296833525474	0,94232768420502
AAEL001039	240,530517258168	0,00253216316223257	0,195021170300198	0,938997600555057
AAEL001014	454,644478978893	0,247607207219387	0,199428220640165	0,867823310892704
AAEL001029	667,784496319232	-0,0560479017746656	0,162395711094221	0,948565892556952
AAEL001036	374,364079154746	-0,160439045572288	0,16952237901883	0,934775893343973
AAEL001032	1737,3276761817	-0,289593975261371	0,185868865463164	0,872453999636313
AAEL001046	1256,51877804596	0,0830476296784771	0,208205719646276	0,914740183288934
AAEL001031	159,570125268271	-0,0731682651213568	0,22734498338947	0,894207055269816
AAEL001024	565,064852038832	-0,156933907061992	0,159213033480527	0,942460671726591
AAEL001038	212,229112109951	0,0150620714417923	0,176731545270783	0,946496764969345
AAEL001030	439,694438757952	0,0902466504112373	0,16151246267315	0,947058932614266
AAEL020741	500,703849422371	-0,32731565188998	0,25121374729408	0,705097041006621
AAEL019573	119,63981286214	-0,11373380028098	0,238194888750003	0,861868436637182
AAEL017334	24118,8882520998	3,16536744851161	0,486903821568069	3,33503206101874e-07
AAEL013960	1495,02829528345	0,0544646809539188	0,185729826733098	0,938402421847469
AAEL013961	21,5488172004749	2,53555189360278	1,35987249248745	0,0264927076306417
AAEL005496	268,036808307978	0,479139858647508	0,329880713681638	0,477888190165385
AAEL005482	326,167459493432	0,0139050952768821	0,229622561356748	0,9085188684935
AAEL005491	533,317019307428	-0,0424118091104614	0,211382414735724	0,920314999116002
AAEL019531	989,970092021495	0,092422180370293	0,196819222718169	0,924133579434762
AAEL005493	1215,08386345994	0,0942180735129916	0,175059461220437	0,940160941725871
AAEL005492	1458,74180662878	0,12382763119812	0,175873056375955	0,9355619151267
AAEL005484	799,613327560735	0,0694876841833523	0,169251795032487	0,945585599032797
AAEL005481	1491,31912991568	-0,143883631591187	0,139184257767293	0,950565029509067
AAEL005485	146,812320271625	0,227840543626058	0,287148003939545	0,707866450687619
AAEL005483	14,6394564598713	0,123777936224601	0,282564784296373	0,77744651605366
AAEL022797	16,7393969994221	0,14287103578409	0,300903661185239	0,737366032711601
AAEL007942	385,666351026018	0,051349108098252	0,226132286831567	0,902836960969177
AAEL007940	22,1294869533146	0,0151786490173321	0,241083251846316	0,894717100011693
AAEL007935	22,6295336670041	0,0286251741098512	0,241032996647512	0,89021833222618
AAEL007938	3,79163475101088	0,0280293977006238	0,266473072434046	0,851543668879452
AAEL027940	57,110687093159	-0,0670872508801562	0,232322048520671	0,888938889238071
AAEL010276	656,260299024862	0,894024454868871	0,62589806263585	0,160513886359252
AAEL019960	49,2767945554539	0,0313484359472253	0,230938738421032	0,902800919642097
AAEL006248	359,535689199048	-0,0308743737622778	0,225621829890959	0,908566751444417
AAEL025527	14,0896581274583	0,137708626493935	0,306225195954738	0,729970396064679
AAEL006249	4692,63003815227	-0,218815263647305	0,221269038844114	0,834957893477536
AAEL006251	375,251455558272	0,0430428639098546	0,199262635132404	0,930521055595238
AAEL019564	732,902368905268	1,23677436439688	0,478366976205115	0,0715381214697447
AAEL006253	497,670352105677	-0,070327086463408	0,215500895638312	0,909856419230256
AAEL006254	547,858937066395	-0,0136210818389289	0,188168178905859	0,941464404390599
AAEL006247	1297,83214015159	0,0656047177373971	0,16224648713237	0,94819981352595
AAEL020954	370,329829701499	-0,0305848771412868	0,196947655152322	0,934003723495393
AAEL006259	176819,291253639	0,10430922851567	0,198946505614142	0,919196873170917
AAEL020093	55,6753489554554	-0,153822012683169	0,263494571178172	0,794745790956417
AAEL019484	365,362966131531	0,392739210679397	0,40813119854507	0,454025041559244
AAEL014489	167,092921845094	0,0654673871714929	0,194312355898684	0,930741446314694
AAEL019716	1397,11239878813	-0,0959702024888196	0,154821724406058	0,94876704275115
AAEL024683	69,6784092205919	0,0566011241280842	0,221519665360505	0,906494868778684
AAEL003650	427,088479857529	-0,100693394901386	0,19655846532971	0,922311488187234
AAEL003653	30,6532578267677	0,119270616767821	0,292807662023698	0,764807735585798
AAEL003697	1212,45283848683	-0,0726493747627311	0,207925580374908	0,917375000491762
AAEL021274	12,3174296795618	0,00307903628849454	0,260225860188043	0,873225116190309
AAEL020823	4692,84301727322	0,768788288367567	0,49100113970792	0,231448106542153
AAEL003647	474,568966218187	0,0344092435202986	0,17065959949837	0,947314429380881
AAEL003661	1946,85799989892	-0,121835974579107	0,218550083394956	0,889150288634589
AAEL003658	2414,77562394472	0,162877562309579	0,229793753784254	0,850740782077021
AAEL003698	774,161267254016	0,284702593133259	0,243884095185173	0,75183676565926
AAEL019555	4243,31856576398	-0,149908090846407	0,195634557188168	0,911694381171734
AAEL003646	2460,7662345281	-0,107077295014717	0,16196654958816	0,945805079943079
AAEL003670	2653,1236618341	0,0510934649485394	0,150655316698463	0,951095596151937
AAEL003649	187,138741687441	-0,0450524204485973	0,171549446379922	0,94646396773458
AAEL003705	212,489513032914	0,1954649293561	0,234262091802737	0,824288554396148
AAEL020547	855,68567852503	0,105128810208092	0,17522940413116	0,938805254360961
AAEL002644	336,997863400309	0,237410118315701	0,20616614653066	0,859121990280166
AAEL023335	1168,40467340349	0,0378711232169625	0,160575327797213	0,949759282158094
AAEL011183	51,9131582891342	-0,149954759228696	0,275964147191622	0,774293674919764
AAEL010433	438,519597209686	-0,357718477974993	0,231399491398928	0,72360590087581
AAEL010434	59833,8818963982	0,0516680132196853	0,272682267545689	0,82920798223743
AAEL010437	896,504103088094	0,012200796603307	0,175832884165435	0,946924877468481
AAEL010432	333,825929525569	0,0266473419399796	0,167888914737685	0,948454585229243
AAEL010440	148,691771161902	-0,109090096670381	0,213220067704193	0,90178079699551
AAEL010430	835,668469141697	0,145723742105234	0,178820661553291	0,929700814988488
AAEL019501	832,39610730157	0,0432760498189749	0,178660374845411	0,943484612717038
AAEL006156	187,173025999957	0,0284205735938738	0,230707025366125	0,903694008166887
AAEL006126	52931,8436941511	0,0351865021461828	0,268088109711435	0,844546146470637
AAEL006138	158899,191329638	0,0337048421403087	0,268304324010161	0,844959775791151
AAEL006139	2001,14670399764	-0,212235663952719	0,214860000732701	0,854670704926461
AAEL006146	87,1269808065565	0,00846445052292287	0,21837674957323	0,92079675316235
AAEL006132	17,5519472749639	-0,0969145656075067	0,271497065435183	0,809420828114315
AAEL006145	1184,65184473343	-0,0189163383329138	0,183465904816051	0,943319559793312
AAEL006155	154,602638665779	-0,200126463178863	0,197539312286736	0,89207207313189
AAEL006135	175,395924712106	0,134491319378399	0,206437317618172	0,902710699290608
AAEL006134	64,2253053599428	-0,0362679125890123	0,221531082703168	0,911931823205355
AAEL006129	839,822745348775	0,04186876280798	0,174388561664695	0,94550637676345
AAEL006150	504,158667248889	-0,047816456610862	0,169976523704301	0,94676311241971
AAEL006133	544,036102889319	0,315684037440587	0,202658698249041	0,816612561519199
AAEL020344	493,56622308218	-0,368521375888917	0,28848713813474	0,60784517242595
AAEL027977	610,233529220752	0,0352494798417319	0,179256964215426	0,943847977574211
AAEL006142	416,866173836974	0,0253397888449082	0,170234254061281	0,947952851991678
AAEL021326	124,221390311064	0,0865632076052537	0,244872574722632	0,862987435890351
AAEL023039	10,937150953371	-0,0785314623825323	0,269145027458263	0,823044100859309
AAEL006140	553,98073946587	0,121576135404212	0,22081729684051	0,885942016661466
AAEL006125	246,409987262191	-0,0299619122375363	0,17663693765397	0,945483699441942
AAEL006124	853,181893709533	-0,0706166174523058	0,170695504360861	0,944835174398474
AAEL006144	516,767277088078	0,0335664593851012	0,184934739331498	0,941115782955548
AAEL006154	26,4999866945655	-0,0778075451740245	0,242213898349833	0,871295396114987
AAEL006143	903,898946918278	-0,198031419954439	0,246913240806508	0,800514539747839
AAEL006121	546,543378121419	0,0119415629686801	0,185418001647576	0,943023739539226
AAEL006151	170,608484458092	0,144804263247882	0,223916866226982	0,872267535249029
AAEL006136	985,281635251986	0,041497708629885	0,21343299984264	0,918670164082215
AAEL006123	291,728691901845	-0,0475199983036006	0,179931799151999	0,942429063690662
AAEL006131	193,282310512829	0,757326477579217	0,444601159179595	0,251224938264065
AAEL025635	825,214155045919	-0,172111385007726	0,215562787035856	0,873835337672927
AAEL027771	1783,93740764587	-0,1304592399542	0,1924596460493	0,919937590179776
AAEL007135	2845,8207451318	-0,195477636084371	0,221194547397764	0,849843224392366
AAEL021862	424,898356013458	-0,171126672775151	0,253000283220541	0,803794071051882
AAEL007125	83,1963096633662	0,0198131282037161	0,204689364375213	0,930122661186618
AAEL007137	496,554342092163	-0,138195804588635	0,194781315036145	0,91567312878083
AAEL020221	930,557874331665	-0,417552172927336	0,240077586235045	0,659717237846724
AAEL023407	288,444132211601	-0,0665004848972734	0,166271558229761	0,946865677890246
AAEL007132	5196,0783583598	0,131240452115858	0,172532359148253	0,937070906696051
AAEL007130	273,853620076986	-0,141046353566038	0,213822323066262	0,889032943926807
AAEL007127	83,3358468798817	-0,0756725211534562	0,231197844935629	0,887363649237791
AAEL007134	237,379281704393	0,367081289344704	0,236499725907215	0,704767820051881
AAEL008046	158,130026743295	0,111713559750282	0,212487084722492	0,901854372276237
AAEL008039	922,831105209941	1,68372554432549	0,264324174769048	0,000835001189564837
AAEL008036	33,5652848034197	0,0696193185509416	0,233483553079012	0,886411657455221
AAEL011234	164,041629409573	0,00391771725365496	0,175982370936382	0,947346193184953
AAEL009978	45,2277524858504	-0,104697632532511	0,246197040528342	0,849714120428124
AAEL006050	851,805710362649	0,0732020735422763	0,184315691879624	0,936896609543672
AAEL006059	173,944617568627	0,00897354313595934	0,188628896905472	0,941672901341879
AAEL006052	86,8179428544868	0,149790634107317	0,241860838403383	0,832960597974621
AAEL006062	709,382748128018	-0,195824883994758	0,181883911453423	0,915509977519218
AAEL026382	431,317844069067	0,44662564326983	0,193279274979055	0,738926614184462
AAEL006048	968,982941108185	0,0734835074083123	0,177171539184516	0,94121487000603
AAEL006051	57,5634880943138	0,0845220072117238	0,216809023016617	0,904291996387316
AAEL006061	945,558184853685	0,346040612768434	0,160372474047481	0,894335028883284
AAEL019841	1083,92332522	-0,234100442112574	0,175412522665654	0,912781952207385
AAEL006053	1116,77303421867	0,876510723884887	0,406518353457786	0,197072209119981
AAEL006044	124,646840560128	-0,127421630730339	0,206189134675841	0,904796209732769
AAEL006056	741,141933542734	0,161948737126029	0,165651450467867	0,937677143431497
AAEL006054	251,671702967494	-0,424990838413644	0,334935061450321	0,505759604580701
AAEL026750	26,5736958422717	-0,161610214531831	0,2908346926501	0,74312528102878
AAEL013325	29,0313063703944	0,354494350651647	0,45479575987477	0,437627881247142
AAEL013327	558,627014239399	0,0152857135745631	0,185110069792944	0,942849747405505
AAEL026278	370,896666172968	-0,288328812982111	0,209917458465919	0,818326671920308
AAEL013324	58,9279671338361	0,0878343001354788	0,231678765755945	0,882463604044595
AAEL014366	2594,19195400365	-0,0661163034352005	0,273552719240395	0,821721389053518
AAEL014365	2525,60568590209	0,0109554134484482	0,16804101378225	0,949110353802373
AAEL014363	9,33889408703141	0,129115948821379	0,302055719910689	0,743500326353118
AAEL027694	1146,9742398296	-0,139266482718011	0,240594679367805	0,84177903021493
AAEL022462	4705,0305465322	-0,128438424088729	0,16500803438531	0,942238683814905
AAEL012816	180,547655776067	0,695458774180349	0,296563823676211	0,354914083907724
AAEL012818	254,505626528076	0,200256628767438	0,210569458720266	0,870340436744452
AAEL012819	1399,04624431713	-0,0731707992841161	0,184555265469791	0,936713701895204
AAEL001227	55,5834283618679	0,0204039542633624	0,235109503113284	0,900776626206997
AAEL013542	307,801953574781	-0,178511704269058	0,231138882775535	0,838315809879141
AAEL009955	43073,9964090714	1,57003620603251	0,706051521620912	0,044626333498338
AAEL009952	61,7650134786691	0,47810936576534	0,570751238630472	0,334474394201564
AAEL010076	150,532978833606	0,913294114634046	0,346129237224472	0,187732608382094
AAEL017263	2186,10791308691	-0,0534840535138973	0,186461587211952	0,938104111777215
AAEL010068	557,644799691753	0,298079024679857	0,34765911124736	0,569090288122189
AAEL008148	162,694024430791	-0,0369758016134176	0,215892672536892	0,91741406475145
AAEL008141	723,042609951132	-0,0647524131441942	0,207673963546063	0,91927156099188
AAEL008137	1006,05397975747	-0,0744058030066463	0,236046634537093	0,881346136459655
AAEL008138	655,554059485778	0,177963548251749	0,178387632010378	0,923957432215344
AAEL003389	47,5636786550531	-0,209016232141848	0,403804188778202	0,554304729664453
AAEL003366	523,037387225186	0,0881260724011388	0,153229588548269	0,949502680251707
AAEL003380	97,2946927682899	-0,207435182298293	0,294488177464097	0,708671149121907
AAEL003378	133,653320164384	-0,149739482376581	0,232762095698192	0,852545585396397
AAEL003397	30,0300976357121	0,0132810452934375	0,236587215571788	0,901057615822601
AAEL003373	2597,37993937912	-0,294966025312395	0,270844498801386	0,69116096936339
AAEL027229	20,8448813212715	0,109966300137441	0,27223183544039	0,803132012933295
AAEL003390	102,396169340846	0,0288997882202441	0,205969912279903	0,927822324428254
AAEL021333	1845,41295898472	-0,187304613005415	0,203191085141597	0,887412039686652
AAEL003382	1589,2428344108	-0,171910890521904	0,218688698559495	0,869110301780189
AAEL003387	615,373903994408	-0,0780763622805944	0,169515176607847	0,944724612037113
AAEL003367	820,359284374964	-0,0857982825895991	0,145210211150286	0,951081899997056
AAEL003360	136,762381312671	-0,144956527752578	0,20011117931011	0,90715748506894
AAEL029117	1539,03845544186	0,168916311507781	0,208612512187849	0,886313107210389
AAEL003363	393,334760245965	0,174468774348621	0,254597269875309	0,799524614631848
AAEL003365	298,944284171626	0,546844944589296	0,375764250083961	0,387297833723323
AAEL003384	159,964561920476	0,338450120145919	0,234845393037882	0,730522152093137
AAEL003377	836,884873201312	-0,0601410272769771	0,148422444117673	0,951223058062383
AAEL003371	2906,61433034853	-0,0636760927154377	0,15450820720396	0,950127468625065
AAEL018301	629,224261192451	0,366974932265068	0,217823373866216	0,747070712133055
AAEL003391	909,005636212866	-0,194831051718669	0,154828936647402	0,940662366531519
AAEL003374	145,143969603191	0,00696531717756494	0,184801705543425	0,943745499448597
AAEL003393	8806,06136344136	-0,265917212840964	0,228784549815844	0,794182841349667
AAEL003361	758,544136641943	-0,286644681826745	0,218442862656783	0,802688170421812
AAEL003385	611,551154567183	0,0445014620382507	0,184093770689577	0,940433029703615
AAEL003396	19411,6608423637	0,0241216330169489	0,195984639877353	0,935474633333021
AAEL003388	1221,71101202513	-0,193697453269818	0,156568178610252	0,939560481816979
AAEL003383	1203,57913653676	0,275420635074764	0,200980970999478	0,845371212314141
AAEL003401	156,016461341867	0,0976166997138881	0,205365722341482	0,914209786132161
AAEL018039	2036,96359129603	-0,0859553036699583	0,184952563244023	0,934515063632076
AAEL003379	354,093608533657	0,0228034580213478	0,196501588715263	0,935283377184128
AAEL003394	115,4922351718	0,0028088110696265	0,195170712410664	0,93885523826776
AAEL019467	176,680385365377	0,119522182193282	0,221400120939192	0,885743110122636
AAEL005092	1168,80805697777	0,102621880093857	0,143162474325546	0,950976640730874
AAEL005097	29839,4370481161	-0,0436809494888881	0,198279394189541	0,931214195944809
AAEL005093	513,258678341572	2,02140086113718	0,467806110708211	0,00219713968265684
AAEL027400	336,914637932859	0,605876451810342	0,517689276608753	0,300197978870122
AAEL020893	59,7765729141658	-0,0412617114676504	0,233473050849196	0,896320812050342
AAEL013199	1102,30868499806	-0,100944326668936	0,176355985734984	0,938568510976238
AAEL013201	19,5623675377013	0,0857609777918754	0,258810162629652	0,835268903787607
AAEL013191	18,4515835637072	-0,0876845975722682	0,263096877475452	0,82780648088683
AAEL013188	259,544046311015	0,172216787183432	0,181735897415519	0,921331811612006
AAEL013197	623,424752692984	1,46352537220053	0,414057128756895	0,0279258814667716
AAEL019648	1458,37904782059	0,029539776854378	0,157325866511993	0,950625583038854
AAEL003869	40,917791939814	0,297825688333289	0,463599065106375	0,459149476026672
AAEL003886	37,6508283314913	0,550482577910381	0,655347896764958	0,285265335688188
AAEL019628	53,6898610509896	0,0160920280191591	0,223467688482399	0,914712431172573
AAEL021925	312,82504890441	-0,22663623432705	0,301912303650017	0,685107950322585
AAEL003871	957,474250761154	0,251535862501342	0,176017764772783	0,906126383795825
AAEL003885	358,351746353074	-0,286343797030006	0,195353670599194	0,852669875195854
AAEL003881	309,12862524573	-0,0281033728477956	0,262557785778299	0,859499492362484
AAEL003888	5493,91943267425	0,147357138124885	0,207075297195032	0,89713478600625
AAEL003879	114,160137448749	-0,0832098862513917	0,201827333991942	0,920868514372724
AAEL003897	95,1756927046165	-0,185331873338252	0,246573596759269	0,806826025548604
AAEL003893	936,337639466399	-0,173645357045391	0,264177978515218	0,781425727543188
AAEL019783	6234,24327286518	-0,164862582685718	0,185189206600723	0,919581279912512
AAEL003868	392,872998569439	-0,181891485455818	0,215525537561795	0,87005118139637
AAEL017418	47,2754779736879	-0,01632594821126	0,232731011898683	0,904466465062815
AAEL003896	1830,78168406311	-0,213278454056409	0,169065914729821	0,925704008063469
AAEL003901	1335,15277669813	-0,0255685228470772	0,183778980871241	0,942542690423014
AAEL003887	540,260507774721	0,123314602494514	0,172618793997965	0,938184429421561
AAEL003874	297,051880459568	0,17031365916404	0,18475654529131	0,918657539697013
AAEL003872	24190,0535901801	-0,102524868916761	0,205338065147104	0,913042458727464
AAEL003873	5292,5566176875	-0,383056070032791	0,295734710171094	0,582032275221589
AAEL003875	1209,06138622263	-0,159840059468667	0,154818295019279	0,944490394409004
AAEL025841	116,17255838353	0,0554099402447008	0,199649226055399	0,928257122716457
AAEL003899	961,34071946201	0,322739827797828	0,320954922927338	0,588079105632032
AAEL003894	91,2070581527106	-0,0710741271597763	0,240658740498684	0,875365165434421
AAEL003889	915,678406817457	1,22586684960704	0,481182871376932	0,0721973077529742
AAEL003890	201,215923497017	-0,155769373110215	0,235085858676168	0,843758802830535
AAEL019766	37,7475039391521	-0,117106563763557	0,257501972364277	0,823638880475008
AAEL014372	217,845975696716	-0,225838846614681	0,25126257433012	0,774487275937976
AAEL020269	22,8290911638661	-0,0266214118896522	0,247925749210758	0,881667573555355
AAEL020450	117,905252089258	0,18373976500886	0,239881710241359	0,820132530444925
AAEL008228	101,937477996909	0,00386053458438871	0,186136485270636	0,943393035514763
AAEL008227	617,152351618972	-0,0306675674716215	0,200563493106542	0,93164488802749
AAEL022132	107,145824094551	0,547497152893904	1,37945648009853	0,201784151983191
AAEL008234	626,132886269746	-0,159670493603342	0,217143077324336	0,876189413873834
AAEL019784	1415,61571174595	0,0110926570086868	0,195957675084377	0,937319310098835
AAEL005238	2095,09439895839	-0,194434549933873	0,227259867204307	0,837110650758448
AAEL005221	6394,43243335557	-0,179000260189643	0,244301250403822	0,81368283227586
AAEL024650	26,4558115983876	-0,037779326849964	0,243670867411795	0,883404829425976
AAEL024634	17,4650989211976	-0,042864828460893	0,252614943647165	0,869403752496167
AAEL005214	1162,66311261503	-0,137839583043335	0,157804640018481	0,945124025593468
AAEL005225	103,077145430704	0,331822591725555	0,291423142514208	0,628986970667936
AAEL005224	479,566034776447	-0,0495461225275114	0,188280361975759	0,937379234062903
AAEL017116	16606,0521143488	-0,126198934121612	0,147253983718091	0,949380729618136
AAEL005232	84,8733535275983	0,167754562690319	0,265474097205715	0,782421061128627
AAEL005239	337,926914455146	0,136624915405373	0,169799792099608	0,93830814751838
AAEL005234	331,321082826111	-0,137279707866949	0,216940614032225	0,885718198023486
AAEL005215	2471,97404661935	-0,246709016779202	0,175686394971097	0,907972669608108
AAEL005235	77,2175671517631	-0,235029964632402	0,279144171451715	0,717997705355642
AAEL005217	122,122027373659	-0,0446830157007136	0,21443837732345	0,917074275776264
AAEL005216	1232,3981129289	0,0596967714180704	0,172740430799872	0,944806121944509
AAEL024466	33,4933288996873	-0,22139684203355	0,302113507181399	0,687151106489158
AAEL023104	85,5207600695451	-0,0224620219445226	0,227164810819996	0,909184699844735
AAEL017514	1650,5876363449	0,13468021076109	0,24711801025079	0,832266207424127
AAEL029065	7,17596335363109	0,0474815183945847	0,272368502362011	0,831728136282927
AAEL005228	346,667719632501	0,47788613607379	0,250864537231989	0,581062013766686
AAEL005218	646,132635732908	0,00324922368781948	0,161230316949879	0,950672061826988
AAEL005237	237,651901021541	0,342797938231245	0,265091296167106	0,671271112267799
AAEL005229	115,967147440257	0,462685354236536	0,285179618633396	0,542029597416896
AAEL027594	615,058067704786	-0,0402030161414769	0,186314858031212	0,939588353335769
AAEL005220	15029,7697164094	0,00327417159391046	0,204618198322514	0,932629164702814
AAEL005544	1796,75603895215	-0,15288433167365	0,198381553241794	0,907058691708914
AAEL022387	895,032119602545	1,07679061441805	0,274386213980052	0,0966285913107332
AAEL025782	27,2853582714551	-0,187257392891659	0,306501147447671	0,699911451832264
AAEL004357	38,8087224279416	-0,0788437716031789	0,23290413276235	0,883869815420423
AAEL019500	4397,31495208606	-0,0654995556052751	0,176277489922864	0,942530087384577
AAEL022608	1478,68750471151	0,00904815039144853	0,142078132273779	0,952228034711921
AAEL004356	1472,57142465824	-0,0485937965730351	0,134120204165137	0,952293273193285
AAEL004378	3824,20127260739	-0,0361255484740127	0,175686336720828	0,945415554091489
AAEL004366	40,1032558611575	-0,121156654639484	0,250962911180246	0,832319825478994
AAEL004379	613,051879205713	-0,00599277828062221	0,155801154251308	0,951340822059761
AAEL025143	69,3731722709968	0,0178088255653382	0,220004554291111	0,91766061661436
AAEL004383	70,9137218274394	0,028939599440829	0,21405213178561	0,920628803192689
AAEL004385	195,751597866221	-0,164712054401402	0,202611996367316	0,897637063349836
AAEL004350	216,879035774196	0,0999129206918326	0,203002593883391	0,916145408332141
AAEL004376	197,752873363464	-0,0800635766377597	0,2225110880757	0,898351788809246
AAEL019403	93935,2208706328	-0,285102590455503	0,208073014419724	0,82440616476572
AAEL021501	660,048333780183	0,137850573580003	0,182006320263337	0,92843348873479
AAEL004359	54,3415737320214	0,012730465551223	0,226829028412356	0,912020535184267
AAEL004364	554,79949676356	-0,21140157413792	0,214606632721336	0,85586912564198
AAEL004355	306,078042822979	-0,0887477970994384	0,176286984322393	0,940058266807374
AAEL004371	509,705924412279	0,0949593166593306	0,170088762004623	0,942887120833828
AAEL018322	419,566056495653	-0,0974042712176065	0,172597949919927	0,941208274578564
AAEL004368	737,001068925155	-0,134907289878685	0,171613142428855	0,937199117457788
AAEL004361	327,024904362795	-0,171798405833391	0,220642674684646	0,865827540922928
AAEL004384	197,167543299609	0,351505178010217	0,263213632048962	0,668196862826761
AAEL020371	370,524160340363	-0,260654062512448	0,331750729309579	0,614591106942567
AAEL004369	47,8717487207344	0,0622990876855328	0,266169397897894	0,83386005923999
AAEL004352	131,291035440576	-0,0165259385852665	0,215880868048458	0,921379022759584
AAEL004351	2035,7664840527	-0,0993647354687787	0,156847918130284	0,948061186812219
AAEL004382	1247,91555462408	-0,100922908483393	0,223711250435677	0,889243985906205
AAEL004353	46,8705791878528	-0,0268577049430734	0,241053209125013	0,890721896866687
AAEL022046	2575,03836889316	-0,00565651487581217	0,180059038484511	0,945855478178945
AAEL011584	3047,12416429824	-0,312665352644973	0,189512886036174	0,848059389142596
AAEL026676	39,0991666518868	-0,0412607992975794	0,227937569385573	0,903427808883454
AAEL011582	208,309032874624	0,052847771075637	0,221339655543095	0,907387188437729
AAEL023063	31,5249832457585	0,148441069327026	0,293301001728349	0,746705930950313
AAEL008711	5,46427307528828	0,0722495953349587	0,270797830141268	0,823401447439398
AAEL020655	923,67643823307	0,053854247768398	0,196746003285988	0,930704811669721
AAEL008700	386,260048773393	0,0697958237213608	0,173103075220699	0,943763610994625
AAEL008705	2324,46122695409	-0,289316735983907	0,146154548194253	0,932429356036132
AAEL008714	1226,30728028209	-0,0816777393601006	0,167788550416786	0,945244443042509
AAEL008707	816,727186358846	-0,106944356621724	0,168323134538698	0,942643316084782
AAEL008701	1394,19353953436	-0,252252806164588	0,334829898608501	0,615694237360941
AAEL008706	493,569979521807	-0,265251423452829	0,268828430521187	0,716788360234235
AAEL020513	326,314932478806	1,91336721488217	0,339219519603416	0,000518654195624381
AAEL012382	1041,33555930353	-0,0327386491683111	0,195382712052056	0,934710880895589
AAEL018207	24,5864625952873	-0,00434394427847283	0,240076240291304	0,899540340619482
AAEL010991	5064,97181107755	0,138776808366846	0,186044145749741	0,92488395945595
AAEL010993	459,826394808303	-0,0153063543907574	0,179551639537418	0,945381417490305
AAEL025979	430,494199124099	-0,0614490920763705	0,176914146252659	0,942637037307797
AAEL021284	677,259928085397	0,0843554374910647	0,190133610053773	0,930987720620797
AAEL000395	1442,97766626173	-0,0391716119770369	0,173493317544407	0,946100526343882
AAEL000401	49,9057463405131	0,0963973874876553	0,24310824216311	0,861540137744549
AAEL000383	256,982028781258	0,0721038912591789	0,173023847191089	0,943594115000856
AAEL025524	164,462010627026	-0,119099880818266	0,202356638613257	0,912064824197898
AAEL000399	62,7262856265322	0,416575388842877	0,418427714427737	0,430516032383103
AAEL000403	241,831994502911	-0,296000627185061	0,218277431719083	0,797202391070343
AAEL000388	4578,00323450178	-0,150272630592571	0,168757550408551	0,937063348582334
AAEL009524	9346,37333046619	-0,0174074453274357	0,177035306688274	0,946277354587405
AAEL022485	146,327491295859	-0,188228696116227	0,229121123832771	0,837009410946327
AAEL021042	4,67374028610802	0,0154410387651394	0,263024797276643	0,864649849179368
AAEL018259	490,499292423833	-0,0655949043772091	0,185575021235846	0,937055788652876
AAEL013309	1706,03716183092	-0,0961360977972537	0,1666577357565	0,944455090459515
AAEL019434	510,174466174553	-0,258049237041779	0,238172141636697	0,779500232002068
AAEL013314	330,817685974158	0,0898263725464551	0,171125815870022	0,942843513744881
AAEL013310	164,725214886224	0,121693319449524	0,217445421445153	0,891017293089026
AAEL007539	2001,27084839495	-0,162858983273334	0,188251828980454	0,916744908732816
AAEL007543	32,3244529680528	-0,0296854300350781	0,22813581378662	0,906210385108594
AAEL007534	196,282365607097	0,485693200150476	0,328329407681443	0,47452689575467
AAEL015631	529,544462427011	-0,0908765574458376	0,239897711506456	0,869501277323533
AAEL007535	350,762223680963	-0,307459645781238	0,290720271840114	0,648967119419036
AAEL019625	487,371459761468	-0,0553957657243972	0,206171824940069	0,922609795733004
AAEL019624	847,644437851883	-0,129353893139448	0,167929654624926	0,940331287166994
AAEL000022	282,294240007567	0,116117827453175	0,193814854677401	0,921579039633644
AAEL000042	132,013053544349	-0,0348223590709704	0,179514718074524	0,943787741589284
AAEL000088	457,387498990641	0,00100372282983462	0,172967041453629	0,948302023830656
AAEL000008	665,302997848005	0,0766831394587597	0,175636043511182	0,941724793712807
AAEL000044	890,221093949714	0,0537173697333277	0,233041399831744	0,892931944793593
AAEL019508	126,256839094961	-0,25945037396668	0,300166394873096	0,66902216459414
AAEL000080	2156,57322264882	1,35887049532079	0,331637978144423	0,0294046702274717
AAEL000025	17,9763235940401	0,0186804191928713	0,254467116919821	0,875008549539472
AAEL000006	3431,60522920266	0,220815550251081	0,289208576333048	0,708991813273158
AAEL000001	620,625065006089	-0,113905514242958	0,198678625116871	0,917361970858935
AAEL000090	1897,25888484163	0,264268191043311	0,199793482944321	0,85728140973395
AAEL000032	32420,8849090053	-0,150678807438293	0,219909490055838	0,87554271176513
AAEL000010	20745,3789398739	-0,0847260159524278	0,200977293251767	0,921308184772245
AAEL000005	450,290562631632	0,0191913108774586	0,168860628760151	0,94853052876849
AAEL000065	199,703771523448	-0,0717486023351758	0,18795903714674	0,934474120435819
AAEL000055	942,957450686043	0,527823322030082	0,281906521958573	0,496448372044286
AAEL000073	26,9951744945002	-0,0558633243823292	0,254286162585129	0,86109997407074
AAEL000051	49,2408485371849	-0,059234394163616	0,228713987542186	0,896831047438455
AAEL000071	10,1397953596209	-0,0467799462501529	0,254578741983333	0,864719696631328
AAEL000035	27,6801265560349	-0,143680244829305	0,280070149689901	0,771746576023238
AAEL021256	595,643812973224	0,0520365989266186	0,15672572427929	0,950065686378195
AAEL000057	18,656238885448	0,611031473377591	0,930658290341305	0,220561068625489
AAEL000058	319,916191728684	-0,0220644996689985	0,268053730535702	0,851669652036453
AAEL000094	98,8574598304451	0,0542474794484575	0,257289794547547	0,856145919930551
AAEL000050	247,133084240973	0,493760216345757	0,213256435820647	0,646642928346078
AAEL021963	1306,32181618562	-0,224973229621421	0,23743416096384	0,802465501183181
AAEL023601	347,706987535649	0,0284037477255374	0,187578425982545	0,940276882240321
AAEL000076	222,021364336614	-0,0179999733457722	0,17269025056351	0,947583206387907
AAEL000020	584,442767499612	-0,00119423317701977	0,171917400440446	0,948540637669225
AAEL000046	257,529099048306	-0,00610085573836465	0,207276560822886	0,930336322418608
AAEL021083	30288,8738182787	-0,139935913680187	0,217267680444205	0,884203340131143
AAEL000077	915,369570796792	0,212116894553848	0,186869827661381	0,903817733220116
AAEL000026	157,569712294625	0,00115944496052794	0,206922163832748	0,931385325577103
AAEL000091	592,884427059095	0,0522598386643821	0,186984010360056	0,937883999077499
AAEL000004	690,747474842013	0,0867389709550694	0,201616248978869	0,920278631224325
AAEL000033	305,874307539203	-0,0431210808580005	0,166359489263273	0,948148556666489
AAEL000012	21,3049953751746	-0,223302474546029	0,377340516806867	0,576808572728618
AAEL022932	162,107272504541	-0,166405447269511	0,245469991714467	0,819015895802095
AAEL000092	154,274565752185	-0,011795727120961	0,213915034803531	0,924472552942241
AAEL024669	3578,46671029382	2,6881400595234	0,441606699140922	1,10904165929974e-05
AAEL000038	518,361973696835	1,03835668760816	0,265054459394096	0,11438573751044
AAEL000074	1910,77006475505	0,582940833598986	0,476568673870795	0,325716962147598
AAEL000037	1334,91367111965	1,84360465186644	0,483887456467973	0,00767599251523738
AAEL018109	412,320492891648	0,182937159509075	0,275857574681035	0,756990165897266
AAEL015430	387,985783367961	2,09785373325963	0,483430552047113	0,00177056921435381
AAEL000028	4430,4267668578	0,979129779265045	0,41125176702884	0,142601685215334
AAEL025334	61,1361802985793	0,398952835829508	0,566928165069403	0,357529879455659
AAEL000099	646,370954669222	1,11072454505374	0,451841362652985	0,10097564170925
AAEL000087	1044,98805617703	1,10711003757096	0,64425517688794	0,109833732285185
AAEL017335	93,2329892698749	-0,0234495551480537	0,21142905075616	0,924450775110124
AAEL000013	283,149988557908	0,0401521035512254	0,180911030729747	0,942649593487406
AAEL000053	524,390168540677	0,047848591794864	0,197641336698508	0,931014976367747
AAEL027228	380,090399862529	0,0660578510521163	0,224394221391365	0,900588411953659
AAEL025818	1319,56242335658	0,0495701952109979	0,149429144618469	0,951277481428443
AAEL022948	169,518926687078	-0,190483795887294	0,247744359290323	0,80291034033259
AAEL011564	3575,089537813	0,494256758038797	0,20659834728718	0,664643953329288
AAEL011575	1654,08597987714	-0,37825429394942	0,315095981665425	0,558627696498658
AAEL011568	1209,20097709936	0,084716951988488	0,155673628784555	0,949036112928737
AAEL011567	792,508690649875	0,360128638610781	0,220907131098316	0,745359448336279
AAEL011566	984,71908071277	-0,0410256662689432	0,206744321149862	0,925141494051778
AAEL011570	161,439767726328	-0,0611746626797345	0,199202538306	0,927792487113427
AAEL011563	567,958898637628	-0,351895792533803	0,175674899306841	0,858130934982013
AAEL026551	279,631721383066	-0,364983083137682	0,299098014063761	0,591504034950219
AAEL019496	532,834365507394	-0,362258981093977	0,294213356311848	0,601756010166041
AAEL019769	263,388373270923	-0,165612652727839	0,228011759646592	0,85365670697295
AAEL008128	313,13903738799	0,0277588503815492	0,187146006703349	0,940541173340253
AAEL027174	109,358404936364	0,0499433690066496	0,20953762735065	0,920520458743794
AAEL008134	1848,66057661894	-0,0685029675783957	0,140298055098804	0,951903562437413
AAEL008132	62,4369623411606	-0,0244259986297873	0,266808171180561	0,85312381878656
AAEL026609	21,8804221408601	-0,205590439747917	0,337992544946594	0,641424065727696
AAEL008125	144,197557118899	-0,245547493145236	0,247085099341755	0,77125021821341
AAEL008136	164,675398293776	0,100389493317972	0,190012368425682	0,928384585207809
AAEL008120	291,392855290913	-0,0771800265494318	0,163653968837248	0,94710702684341
AAEL008126	718,658523125157	0,0328073275562441	0,200305704786271	0,931475052247461
AAEL008135	422,637401415037	0,0337166221837675	0,160240938304069	0,949975113400244
AAEL008133	314,066859774066	-0,14219083145187	0,178660924615758	0,930493408098173
AAEL008131	1339,18453255833	-0,0937057356264357	0,164281195846431	0,945821889776403
AAEL024736	1029,68189390721	0,0380261535153645	0,174495907920982	0,945799474347049
AAEL020671	198,616235685271	0,0546184136547427	0,211780882649836	0,917608833364194
AAEL008124	235,821353542642	0,0124022025200482	0,201403284949564	0,933492777229097
AAEL000181	1536,80665614514	0,00459250319122374	0,168691041601288	0,949213928383671
AAEL000213	599,908455010648	-0,0259830084423195	0,223775777679603	0,912050066146916
AAEL000164	136,148840915842	-0,0432160606849124	0,208451298509926	0,923120719631336
AAEL020116	426,789518690788	-0,0358384056453193	0,187020692688008	0,93970652107494
AAEL000166	324,959386604473	0,20980305278594	0,275346924111272	0,740341197824387
AAEL000188	110,329356656682	0,305204056648604	0,290061586819461	0,653075515031943
AAEL019905	257,059307024485	-0,108544511774884	0,21669635378504	0,896891938509996
AAEL000163	208,380389642905	-0,0450217901823442	0,200754476312179	0,92903439060186
AAEL000214	222,535765252457	0,517206670422997	0,220623962325366	0,607273115904231
AAEL000217	1808,9640362719	-0,150843275562687	0,209310354270794	0,892602850643432
AAEL000159	1160,63384491688	-0,120585903806601	0,194043458541223	0,920411818151058
AAEL004456	335,859008921387	-0,16494126779812	0,179355801754596	0,925798690778252
AAEL022669	20,3374072212211	-0,0172501433752293	0,241132430308406	0,894121567237445
AAEL004471	1262,69665638518	-0,10717948849237	0,176017976513578	0,938030914410193
AAEL004462	812,570364125193	-0,30704812658126	0,188213318041307	0,857164776948526
AAEL004480	425,377771615662	-0,0184144300197305	0,173767699906024	0,947224223462121
AAEL018323	2705,69259537558	0,0450160180654372	0,196070901148257	0,932611836955904
AAEL004472	4848,35219660052	-0,183027026750458	0,223742673029587	0,852254758711807
AAEL004449	258,394934977557	-0,0383670717995398	0,174822566123496	0,945625123851047
AAEL004482	186,08567415547	-0,117339046880439	0,222635514404808	0,884738084926307
AAEL004455	406,13183881775	-0,244961739791473	0,19519792535656	0,876130900377897
AAEL004474	1489,3886804881	-0,103138607777467	0,185677411683532	0,931564544560076
AAEL004451	208,254900577671	-0,000388776036854526	0,20170281330162	0,934929780233669
AAEL004479	217,00313793742	0,250734635232763	0,202281067412845	0,859874978022741
AAEL004466	42,0841501712442	0,0798978754001916	0,263374485427272	0,831132267848843
AAEL026837	1013,1127227967	-0,253440213983191	0,25193516334232	0,75732618661783
AAEL014369	21,515959351175	1,3241248650123	0,830465753909281	0,0817090583732556
AAEL014368	291,908474851215	0,0680405331560383	0,169431763119193	0,945619480964244
AAEL019444	2285,63955016505	-0,10967272871362	0,18432796666826	0,931546664802159
AAEL012413	403,323598080854	-0,174679479103023	0,187822425069521	0,914237866214965
AAEL012419	1809,29549925663	0,15558478012947	0,196815215780684	0,908198362884896
AAEL029016	263,223678534085	-0,0832010253837237	0,20872334216465	0,914111360888625
AAEL012417	265,333472337378	0,719407920547787	0,307993132798292	0,333805055888494
AAEL012418	266,898509545939	-0,0311205104074405	0,225829274593987	0,908150093269838
AAEL012770	55,8235996629183	-0,388148361796028	0,35427366386321	0,508795640436198
AAEL012772	66,6568705870502	-0,732264862821632	0,364981746114672	0,294547567846845
AAEL012761	46,12775639589	0,0221580415392561	0,233738064308426	0,902074438471831
AAEL012762	32,3855958508183	-0,310881164174544	0,401772538373976	0,50488604425273
AAEL012766	21,6997142191851	-0,00197061257400355	0,245694582991995	0,8930411953398
AAEL012764	1309,69452560068	1,13930740425993	0,32660502431406	0,0762169097498005
AAEL023732	21,6320941927864	-0,107224348876733	0,284499014330334	0,782690955813682
AAEL027236	15,8453122989011	0,138093835982482	0,295355925533679	0,74947615960697
AAEL012763	240,416500992915	-0,0429003279937039	0,200962769219656	0,929216523276719
AAEL012767	113,871016412412	-0,0451773042897208	0,247968740918532	0,874649889132575
AAEL000340	52,9559229831776	0,0206846457191528	0,219272467490155	0,917763988099349
AAEL000336	363,996406409026	-0,353852763749975	0,346647342207117	0,537026506027607
AAEL000338	151,888649469413	-0,00473237819380672	0,263388552682391	0,868387402193197
AAEL017136	153,973261205036	-0,060742602970417	0,215585146284686	0,912226836583003
AAEL000320	24,1820221765275	-0,15794177259783	0,292081829381617	0,743250418431216
AAEL029116	23,7077427072568	-0,169051203770899	0,340652556741557	0,663159279940156
AAEL021240	22,4663709981252	-0,0710876287868519	0,254875824681197	0,851037590061246
AAEL011811	942,047787214985	-0,0168558674598369	0,218227940532433	0,919370930262757
AAEL011807	97,6976806776712	-0,102910381250063	0,201765314874445	0,916691967092208
AAEL011813	656,495026552357	0,039956805668879	0,147259171060895	0,951708534951318
AAEL026800	28,7256913703073	0,117817369259123	0,274696793472105	0,794825960994812
AAEL011805	105,439676205082	-0,0291901970900698	0,189418451267567	0,9391463692437
AAEL011815	977,459324444772	0,0487478568028648	0,16091703952322	0,949277834966616
AAEL011817	1754,39694360722	-0,0683665293930341	0,153355158320306	0,950184362851585
AAEL011814	572,610242754655	-0,119636260452391	0,191864399813167	0,923052986541831
AAEL011812	262,566376189118	-0,198731319066096	0,19376463582699	0,8984108991957
AAEL011819	410,500586225747	0,0472310178658766	0,179634671875489	0,942599335759168
AAEL011810	282,731251665448	0,291947088472112	0,234235503423952	0,766374055644946
AAEL011808	35,6075541693617	-0,0264886929507822	0,269039199123651	0,846412829741678
AAEL011809	45,4490414959813	-0,218282953700095	0,290911726497914	0,706894928266363
AAEL019738	24,4966697154349	-0,132803594207161	0,27326082908254	0,787952391373183
AAEL021519	182,997647910355	-0,0768160063048554	0,193805721850037	0,929235640771607
AAEL018026	50,4964313745968	0,528048215115134	0,513498832694753	0,336476042038466
AAEL005771	109,468248011553	-0,00552911858310359	0,26632812763767	0,86355792565616
AAEL005769	1209,99341228453	0,113844350054711	0,25700328649484	0,825573708472884
AAEL025744	204,805049749824	-0,0865711696680429	0,229413281469703	0,886164960945467
AAEL005779	313,443993895288	0,109243386042833	0,255856234362968	0,829706964321075
AAEL005776	27,3662795563785	-0,00770524842154936	0,239008813410985	0,899885769350837
AAEL005785	35,6229167895729	-0,061667522815799	0,245557516056824	0,872391905237049
AAEL005766	23133,5856998039	-0,259959922972752	0,157345597467791	0,927482717642436
AAEL005694	84,0954630180711	0,343046904065031	0,294155763624518	0,615969047170321
AAEL005691	14,7156708065135	0,102932798518847	0,285585058006854	0,783228753509257
AAEL005681	63,2662368404247	-0,0432958106578799	0,226007617296277	0,904899867356138
AAEL005687	224,627710359118	0,16650008988267	0,272283554965255	0,772043371589377
AAEL005706	769,708300722232	0,392585540286127	0,255547943086734	0,647110171232657
AAEL005709	932,749495560564	-0,102872477571069	0,172698379840712	0,940527676864417
AAEL005699	1968,81528625387	0,506298292338557	0,175515686250753	0,728860089852531
AAEL005688	144,23838236769	0,0104003492842242	0,175284806923028	0,947181666648575
AAEL005678	378,193071308401	0,115924182385495	0,194005917258378	0,921426177279529
AAEL019464	86,6919925014819	0,0588932183054552	0,230796817674932	0,894292405427896
AAEL029104	3921,14571278069	0,11259796123443	0,22998165616947	0,875157387049928
AAEL004212	375,255185677132	0,13825424535213	0,175252437818657	0,933845420123738
AAEL004211	458,006101945513	0,0628432592299085	0,203424128827764	0,923902218351694
AAEL018317	176,229069522589	-0,193999173514282	0,228865363110126	0,833702034184587
AAEL022076	300,502974211272	0,0212347568837355	0,178369329026532	0,945432606395597
AAEL004200	411,608456026356	0,0254756942854341	0,173485963021269	0,946908745215334
AAEL004206	40,0905965286352	1,48913039720573	0,515141939031052	0,0358879064808759
AAEL004216	34,5913950793478	0,219789230013525	0,398600709739382	0,553576425809286
AAEL004221	2316,50286794303	-0,0820157071742279	0,149384932056026	0,950541700122517
AAEL004213	359,473338741229	0,118668786159198	0,273491083206833	0,79649524191308
AAEL025686	898,3401710028	-0,101008634120376	0,202979700291215	0,915876184052196
AAEL022484	749,044524499627	-0,00462615009004327	0,266494515591811	0,863699807139149
AAEL013719	1118,95470805777	-0,00343408815111696	0,266438288804182	0,864334642087197
AAEL024641	42,6501018939116	-0,240774708704222	0,311486354589342	0,662732787293423
AAEL009567	104,142644064984	-0,311144234104669	0,282850417013644	0,662305223581808
AAEL029014	389,040072584684	-0,0886432350180631	0,220628196554032	0,898154256728571
AAEL009561	197,411853769767	0,0718275030682699	0,211490697206849	0,913913831437881
AAEL009569	953,792738238041	0,114573016914048	0,141052213843598	0,951013303989052
AAEL025454	131,132227083614	-0,156117473397486	0,213719922107906	0,883378887759505
AAEL000815	1259,95879775982	0,018952006078577	0,183459963934674	0,943313428205729
AAEL000804	175,312619056368	-0,0667996577196664	0,187261073500655	0,935633152068792
AAEL000795	10827,3691602336	-0,167264511097633	0,153179453085279	0,944677926766018
AAEL022540	351,690813166321	-0,0793586566889135	0,170602233355041	0,944033891447495
AAEL000810	309,0285457036	-0,37408338770118	0,272420145422575	0,63026782068644
AAEL000809	19,0460688663636	-0,00902322106952979	0,239608217814835	0,898469940892894
AAEL000807	1170,8334672504	0,0387188608549477	0,190080173485111	0,937632637852985
AAEL000823	26466,2509670786	-0,0820453389909882	0,209231922672406	0,913885538763653
AAEL021073	853,053322356439	-0,193729859882732	0,218964092694778	0,857203675724557
AAEL026619	374,547463346035	-0,113001601946208	0,221384698789556	0,887845691394362
AAEL001188	823,931789013775	0,0113081332975997	0,152334694971204	0,951641686300972
AAEL022214	483,078008913534	0,0736128920415939	0,217363838050612	0,906628147360876
AAEL010636	101,721754631995	-0,0634718354802203	0,215229441302556	0,911961413731295
AAEL019566	1273,34172149471	-0,0236299667549608	0,178427193157916	0,945221547146707
AAEL024225	21,2097450441221	0,0210608792821187	0,242191965700307	0,891288553033759
AAEL002581	459,941018908078	-0,119521612920995	0,213746864649529	0,897235635359355
AAEL023523	537,336164743071	-0,0294244016554988	0,191924567460663	0,937617788531691
AAEL009880	470,909187614461	-0,136333642897741	0,169587573133329	0,938460293744939
AAEL009890	713,669495163535	-0,277901548749	0,267325548886992	0,710743048721922
AAEL017458	201,183010724151	0,0686071496015436	0,176940134320866	0,941905692133859
AAEL009893	1227,51949742038	-0,188877741383883	0,172226291338731	0,927692851013847
AAEL020592	3594,85765585512	-0,0836218046471595	0,183547801667831	0,935908693781294
AAEL009883	1254,96121511982	-0,221980983938894	0,179894548696627	0,910594606750922
AAEL009895	2049,44482541466	-0,497595074006251	0,466267819918341	0,360796096538467
AAEL009887	944,636456698823	-0,0178207942390964	0,160124309393202	0,950471579660139
AAEL009894	678,692302279871	0,624567008771537	0,245552271906965	0,462692163977949
AAEL009879	688,842825319107	-0,116524189294029	0,165015540677135	0,943448017415241
AAEL009882	1922,09641154686	-0,0681127024367409	0,205354183182544	0,920736852673965
AAEL009891	919,43802126568	-0,12296956454549	0,145799849259591	0,949903375992396
AAEL009888	540,954094473052	0,0833995715653208	0,183166006369717	0,936189657816879
AAEL009892	28,4324430841818	-0,170093715266931	0,285485020216384	0,747434452499091
AAEL009881	483,604116631764	-0,215474263744429	0,221637050797846	0,836603192636378
AAEL007360	978,95125558275	-0,0475332286175553	0,182312077531738	0,941069427927425
AAEL007363	199,700584171507	0,156721399735861	0,250550597944313	0,814538754057447
AAEL007364	150,566242986345	-0,103982714009121	0,202499539888421	0,915727372616785
AAEL007353	692,312524154167	-0,100364350968805	0,162002213725111	0,946310380795198
AAEL007351	230,681928512954	0,152900753891583	0,193457869329763	0,913501759921291
AAEL007357	99,6924522421895	-0,000492192485983983	0,203602371570298	0,933610741835868
AAEL007355	300,255362125636	-0,0256040062358073	0,183819335169075	0,942523783791824
AAEL007356	438,412961119439	-0,144189064634794	0,184519904092055	0,925120100296194
AAEL007354	571,294699408545	-0,187904627165438	0,227867888008436	0,839846365333709
AAEL018139	1251,96994187123	-0,1161550830868	0,191899933070483	0,923824784110486
AAEL025353	49,7939343360614	0,0487898138498308	0,240762075653769	0,883482585334843
AAEL019804	134,497441258436	-0,166797663293108	0,236399677246621	0,834070293597501
AAEL019805	119,254183897706	-0,0180298019363896	0,202927190242147	0,931787256058737
AAEL002716	56,2734339535392	-0,133371165594877	0,243813188239038	0,83836563858191
AAEL002703	477,567395171328	0,0976120238123121	0,215059673364732	0,902908963521578
AAEL026581	78,1986884505285	-0,15949978724087	0,242471318993899	0,827636756924588
AAEL021746	4086,75570636758	-0,104746604310462	0,162896494986927	0,945534696898424
AAEL002701	617,097210984298	0,227521190684102	0,179979330448253	0,908310794955169
AAEL002718	61,3597112854907	0,0539095659286462	0,228631637509221	0,898685841372006
AAEL028239	755,808921989226	0,0339522954661056	0,17072309588293	0,947319726009311
AAEL002700	991,566645426113	-0,0448900504442561	0,164930444949578	0,948393668847903
AAEL012427	2391,45126983183	0,0879629681190059	0,186750955788556	0,932939547449943
AAEL012425	592,56410833776	-0,0881862768350419	0,258994733963261	0,833490866423378
AAEL012423	119,971447490594	0,0799403569903039	0,250444323908054	0,855710478919993
AAEL024560	416,796597272814	-0,589298904725212	0,266473767929408	0,465199007433389
AAEL025836	429,075968416672	0,0535266747599508	0,158563993255383	0,949628887142103
AAEL009418	13,9287599794663	-0,169688895172624	0,335988504322058	0,670252535494981
AAEL007523	421,34161494626	-0,0145370810958492	0,152180357962415	0,951614894991468
AAEL019758	1826,21971786119	-0,157022726573332	0,181426447070437	0,925418504640251
AAEL002442	59,4253295854715	-0,0344177307768031	0,226989057907065	0,906227167340089
AAEL002437	738,88694984255	-0,131421040721476	0,159783875355416	0,944666243123776
AAEL002446	830,249479586501	-0,227989939160644	0,196633582573614	0,88169428145006
AAEL002449	26,9733745262432	-0,110068512814068	0,274395630335887	0,79960111080362
AAEL020062	13,0066808217527	0,0176641309194712	0,267607846542741	0,855152455835861
AAEL002447	62,0488299257751	0,0802445388869031	0,232315048451349	0,884254481730464
AAEL026802	4,52792602753885	0,049157718799437	0,268008533119708	0,837464004406622
AAEL002456	73,2635645373443	-0,0671208472161635	0,235913630180625	0,883792575307069
AAEL002777	255,729272882564	1,09934839871571	0,326399294603909	0,090876790111204
AAEL002797	804,041727023215	-0,0265656112555216	0,182677358037275	0,943017543779001
AAEL002779	281,620914678337	0,84480370446444	0,216776888090921	0,290989731113901
AAEL002788	930,734267701115	-0,170383838287657	0,183026382758843	0,920496342026156
AAEL002789	758,453073771187	0,348959113187932	0,20389760048277	0,791734957120805
AAEL002782	316,489418591651	-0,211859963714617	0,19637184332269	0,888726682348371
AAEL002818	1362,03540252414	0,0577788909169995	0,14970744549241	0,951077332907162
AAEL022913	294,560982879866	0,106079538667819	0,226664513302498	0,882883794704146
AAEL002781	1182,90536705639	-0,38491344477449	0,334555885153554	0,531924313444365
AAEL019579	1667,48827637841	0,223551523545998	0,18228969807366	0,906528224066098
AAEL008045	149,918248506329	-0,0632362152380019	0,2515257401575	0,862376043875732
AAEL008048	71,0414739083904	-0,125417668393568	0,230288774665673	0,870308360845966
AAEL008044	253,514527640423	-0,006042427753113	0,208772325420025	0,929168684321634
AAEL008037	279,425161871934	0,0173621026852081	0,163720779127371	0,949797788168329
AAEL008042	359,675687018283	-0,136114116166287	0,161029428416832	0,943618391241149
AAEL008041	2990,34450835681	-0,212194849263026	0,24218047889993	0,800968153223637
AAEL008038	110,398891121536	0,0268426642495883	0,213194849504494	0,921789716013374
AAEL008815	759,123900497467	-0,0817283146656313	0,251073878207772	0,853247136975583
AAEL008801	1798,72020620834	2,12715032324055	0,282837102257625	5,70125023271894e-06
AAEL018165	53,5453704018811	-0,0828782790093912	0,218172585871965	0,903320916854059
AAEL008788	163,434004197022	-0,0343075559151261	0,199506598795491	0,93183162453427
AAEL008799	1309,82279975459	-0,0409118263491868	0,268307705777681	0,841156045230281
AAEL008797	835,455813995544	-0,0337267946944019	0,270267033261731	0,841348254547265
AAEL008820	190,43364675	-0,0247415633723412	0,266310784786775	0,854063998508714
AAEL026403	3008,08414175378	0,149674345746881	0,228402499939342	0,86223139407927
AAEL008789	1460,62716812288	-0,053357495088825	0,21928932619022	0,910026661682328
AAEL026501	176,512508128069	-0,0404093709372427	0,268695591794931	0,84072186837408
AAEL018164	1177,95079470469	0,0320286332081767	0,16186621195742	0,949711066499008
AAEL008787	6104,39976110659	-0,0866414651933595	0,17396753315491	0,941607905772685
AAEL008800	404,519516337875	-0,0191450176711044	0,167541744481036	0,948872018070652
AAEL008794	393,639631553913	-0,0930220038605119	0,171046612345812	0,94255528793506
AAEL008806	1645,695219431	-0,132785812417028	0,15459431796836	0,946833331515142
AAEL008790	262,485432952062	0,0995495561741782	0,185370566516931	0,932263400621655
AAEL008807	374,850421668195	0,130731844184873	0,164386510951063	0,942340376162296
AAEL026276	197,671466582309	0,0800862535738241	0,178342394129169	0,939789655653732
AAEL008785	3196,24315231322	-1,9825898431347	0,605767979243028	0,00928645320937025
AAEL008803	361,428139229925	-0,0413679431382793	0,159478785463283	0,949879417779534
AAEL028004	794,386214674181	-0,0863813486861651	0,169023895327946	0,944159135222818
AAEL008786	651,175426192304	0,113058821257291	0,192110398471099	0,924385366203253
AAEL008823	1092,20606762857	-0,149440164527255	0,204507458274074	0,900456236804954
AAEL008814	1060,30092363725	-0,0316799524994468	0,1799538749899	0,943835940706993
AAEL008798	208,450693183384	-0,161154895008005	0,215637914566962	0,878485490154787
AAEL022900	14,3622063877901	1,29980694088055	0,903935997812524	0,0873084986557554
AAEL008822	110,328952674282	0,0513591401906973	0,207152856698812	0,922541159025967
AAEL018163	755,753526587829	-0,214720365859886	0,206316445020802	0,871200533048056
AAEL008811	108,686209546328	0,0601948979297286	0,199230653760477	0,927891849034069
AAEL008821	26,3528508856307	0,0974706769414427	0,266952209564938	0,817251159533581
AAEL008793	1056,36341430629	0,162448174670945	0,188786907647169	0,916225839986652
AAEL007783	663,221365167706	-0,0232758895336297	0,205270389861436	0,929063210676494
AAEL007777	2594,9351026552	0,0749549427982832	0,190439718603921	0,932254643542766
AAEL007787	3266,88567129026	0,0214863145686733	0,171221574285442	0,947838872583038
AAEL007778	5978,20220633248	2,06432193149467	0,464160768354823	0,00164948571879989
AAEL007785	87,9365353916541	0,224965833386589	0,275181900007146	0,730384424494699
AAEL019796	41,3587857630201	0,0249917326875711	0,221096836320691	0,915030493992092
AAEL007780	732,010090855524	0,0835666657721727	0,227497837710351	0,890126276253957
AAEL007776	1610,96134369857	-0,0399045172933556	0,199031713689526	0,931241273139084
AAEL007784	108,031022362182	-0,206380252685392	0,265380287963985	0,762472507221625
AAEL024462	23,9057258256816	0,0584051555106761	0,271680908201587	0,827466698240231
AAEL009097	680,286030037909	0,032423429486047	0,261574726004507	0,859197652628388
AAEL009099	779,989805393374	-0,302555957030907	0,170375019590905	0,895431304861257
AAEL009093	1239,04233037915	-0,005957674231987	0,162599596913886	0,950349565360646
AAEL027644	1257,40348139242	0,00884328255559225	0,199348434939282	0,935259390418952
AAEL009100	262,545275106749	0,380660914158255	0,228977238929469	0,711374687203993
AAEL026093	57,7436658631809	-0,0923187839189573	0,255497149059104	0,838166139745013
AAEL009101	3872,42819236665	-0,00796498824587879	0,197873038657017	0,93653741766967
AAEL009105	1643,72797246599	-0,0111139425106625	0,169176151875212	0,948812084911162
AAEL009092	2180,59249438634	0,104992293812508	0,162995796953035	0,945472353701956
AAEL024171	107,545053635931	0,627826896980409	0,299009641586205	0,395849951340257
AAEL024055	543,211174861352	-0,239124172315384	0,217791999157737	0,831186611853191
AAEL009090	105,118653987917	0,0355297915415182	0,219968679946532	0,913786367853109
AAEL019860	670,909516058172	-0,987697528837971	0,414692443568823	0,140197004084795
AAEL023799	25,2826881084739	0,0963288926827315	0,277192933694938	0,801943992957714
AAEL020997	110,869230117096	0,126755606251629	0,284752487270769	0,772732946993508
AAEL025024	40,9158772585078	1,33571725461229	0,541500163276882	0,0598679097814052
AAEL007634	250,616785794873	0,204395003759914	0,223771211520318	0,838465204141571
AAEL007636	501,786760667386	-0,084068623562808	0,172435723371399	0,942743589911264
AAEL007633	710,691853775272	0,162286749098813	0,180263813045513	0,925460939809711
AAEL017280	4278,58743812611	-0,205902967208085	0,198909999688793	0,886950645881899
AAEL023288	58,2185963799022	-0,027802823121035	0,24057412835562	0,891175692283452
AAEL007637	922,893971223485	-0,0679535905524138	0,172285749638036	0,944248252415412
AAEL005915	1152,76070863812	-0,229675913646295	0,185374262105192	0,900152798805545
AAEL026392	138,551792946677	-0,0913742929545408	0,199315946094732	0,921508561742479
AAEL005922	1527,12319396756	-0,0585905741419767	0,207370910533789	0,920784780306637
AAEL005923	132,415079347114	0,0478832531393262	0,199461053455896	0,929587461124301
AAEL005938	587,819871678127	0,36865750732383	0,349803150513725	0,526725575728423
AAEL020992	9304,45993787966	0,00794813152748388	0,179582952133357	0,945877847319692
AAEL005925	29,3566610986271	-0,0351604301520258	0,26891119369104	0,843385526947669
AAEL005936	165,880727381518	0,0798007139591058	0,208777835549992	0,914920132816666
AAEL026331	183,026642615376	0,117001783522259	0,190166383881037	0,92531220504336
AAEL020519	44,3647278523101	-2,17574161000633	0,581666958759863	0,00389643304285677
AAEL005918	611,785462577101	0,465792818258259	0,268456454658553	0,562869698086428
AAEL005926	731,113770773841	0,95115547512281	0,340516149762774	0,158060778776298
AAEL025460	2430,74310634944	0,0109817718749204	0,147792953659132	0,951982893132537
AAEL005929	837,864890586413	0,160879774895965	0,22122416666759	0,869825311854845
AAEL029012	204,329166733545	0,0217442483284284	0,199235673755691	0,933619151869169
AAEL015455	342,977922908648	-0,161686854273027	0,195125344409904	0,90867828365983
AAEL027560	1053,87552111024	-0,123996693881816	0,15544485912739	0,94708031862057
AAEL005931	3459,62577347501	-0,0613699691673541	0,172040202270744	0,944974201513061
AAEL005928	162,653322189153	0,0437646174181559	0,18905716083871	0,937640059863008
AAEL005921	233,244235270299	0,0024270000646447	0,187122206897794	0,943067072164172
AAEL019908	346,115347517657	-0,213059576489419	0,240509906421818	0,803279521027084
AAEL019909	859,927299300178	-0,0329016823866823	0,186867079631531	0,940181434514979
AAEL026903	339,843525881453	-0,269115619758034	0,326365697333739	0,617609968769453
AAEL025311	667,957412412383	-0,0186122013306681	0,266755603456665	0,856539503141117
AAEL027170	2349,96063770797	-0,0197275450903053	0,26749696524892	0,854509409901809
AAEL025937	35,7979541821967	0,0440530010405694	0,249872134755584	0,872825301574216
AAEL011306	519,997148006594	0,169371896684427	0,158555517437914	0,941405495787374
AAEL023822	1160,62028811139	-0,0405511715385601	0,161176427738492	0,949512410922952
AAEL011303	138,720326978967	-0,0532150661990619	0,190009107235572	0,935601510660275
AAEL011309	2050,43415854316	-0,323242593122656	0,252081728083429	0,706406745372286
AAEL011301	415,74240574038	-0,109130747028151	0,177157464017768	0,936926991413352
AAEL011302	8019,74981996256	1,46311553303884	0,209782883104239	0,00204770156239052
AAEL011307	44,6836102548221	-0,0450271884043526	0,24502215133593	0,879213496547732
AAEL006188	210,826028262385	0,0743690512544091	0,177624494769062	0,940869934083281
AAEL006186	1248,25169697554	0,00445059138790154	0,156743954378197	0,95125028493474
AAEL006175	104,173628588332	-0,00715248249205422	0,190427459054081	0,940896611264901
AAEL006172	801,771891675422	-0,0929904550074753	0,177245994553149	0,939025993500492
AAEL006177	1379,00592851117	-0,0268756162302671	0,18626799937214	0,941062799822072
AAEL017064	906,89545483622	0,0058395223539856	0,146677257452164	0,952097021003306
AAEL025574	903,210527031778	-0,0677027247335085	0,215198382671727	0,911034766202183
AAEL006171	1056,59416780014	-0,21262017080711	0,183309019419909	0,908582701292358
AAEL006179	44,5436610781245	-0,00536446041919599	0,235198462377686	0,90460558283548
AAEL006185	942,845170670297	-0,119201433578427	0,149042086822955	0,949268013655099
AAEL026294	12,901028516232	0,132768199912518	0,291076763993294	0,760090895092402
AAEL022310	24,7923046830334	0,0250719521132689	0,242989814266816	0,888561071287474
AAEL006178	122,26738121497	0,0246557529506615	0,2319679604928	0,903374392414162
AAEL026945	187,5867566261	0,027195073479827	0,217448400453229	0,918021284974098
AAEL006174	780,630978068729	0,249113798821884	0,157054725952046	0,929804402579154
AAEL006181	596,545390867957	0,437895770637384	0,312070112010704	0,525106285309211
AAEL006187	1903,00828357889	-0,156591278184984	0,184674447703563	0,921906270109167
AAEL018113	594,832132542249	-0,119114725835414	0,157885384984723	0,946534977657754
AAEL006176	187,707530738595	0,101598402809569	0,223855977317778	0,888703053757417
AAEL006180	740,926623247344	-0,0533506406001942	0,217644103676878	0,911902212788534
AAEL011475	45,3139773832729	-0,0222240938528235	0,234358930591091	0,901188200561927
AAEL011480	587,874468175478	-0,0872276641243791	0,153026569556429	0,949614357013742
AAEL011476	271,14679934773	-0,182581353410154	0,219570279739863	0,862158955176963
AAEL011469	2266,25535956715	-0,0608984822994733	0,202808972512398	0,9249270048497
AAEL023096	374,84644153419	-0,0885649087459952	0,180055802556769	0,937743782831498
AAEL011473	133,169331993639	0,103900074260656	0,191972736821596	0,926268507624425
AAEL011471	37377,3718557626	-0,0025824792812131	0,197589349263367	0,937364263816019
AAEL011472	168,00002339714	-0,091854333694344	0,211789116986275	0,907988827345557
AAEL011478	2789,00953776428	-0,0874706119702588	0,155312814672276	0,949006355891958
AAEL011470	2908,69619793892	0,0581192844233922	0,230042203470942	0,895473015421095
AAEL025645	39,015060217095	0,0227614699771534	0,223040253559419	0,913630065631351
AAEL021683	16,2843188437818	0,017287395194258	0,267144488922877	0,856460958845102
AAEL006917	1529,95856722879	0,00621724303427033	0,172773783941482	0,948153686916704
AAEL006912	740,124908584746	0,262614952775693	0,208367477184661	0,836450339429957
AAEL019567	4468,80604271416	0,0121790052395928	0,192105244036704	0,939448738096052
AAEL006922	3527,70735277327	0,534374004274448	0,28734686834249	0,485904665496726
AAEL006910	2122,11510599284	-0,109127161311153	0,181357434445762	0,933669567359362
AAEL006915	490,675758419518	0,260401038436706	0,18103771323686	0,894801629932198
AAEL006921	256,953150733853	0,479838586516659	0,348079136272421	0,454541154167523
AAEL006923	146,532046168899	0,395669397076941	0,265016451398536	0,626399627263501
AAEL006918	417,835359094978	-0,0496541002999751	0,178997088428011	0,942706028339741
AAEL006920	159,055162578632	0,0219302772577857	0,206117512403941	0,928706119009896
AAEL006919	35,2410331674841	0,133682827824455	0,27595484861116	0,782780774241563
AAEL002765	268,196490638935	0,0578017693169017	0,18720859360017	0,937010390909532
AAEL002771	1192,60703163321	-0,187669119981762	0,202677594756005	0,888085169388803
AAEL002772	167,323336401592	0,0313709489373883	0,175324107746556	0,945889024960371
AAEL002758	193,474477576801	0,118453422619773	0,220508748733652	0,887315217235483
AAEL002761	8200,56340160824	-0,0850270446470482	0,166835153186667	0,945387109888612
AAEL023229	309,287928725062	0,379908942921643	0,341658466665706	0,528335067682723
AAEL002759	4985,53806069856	-0,144924695178723	0,170546334824504	0,936552785708254
AAEL002756	261,306196332644	-0,1844449584719	0,193771001656572	0,903569964615175
AAEL002760	247,410722551283	-0,0466112396475549	0,200095199763789	0,929264297660787
AAEL002757	22,1701249018894	1,02038186052592	0,999012301977108	0,132266440482361
AAEL019765	103,630249606483	-0,113783635287413	0,248608125952492	0,840041750094258
AAEL004799	1257,34809596253	-0,214307158656906	0,191574811195707	0,895826217168247
AAEL004791	388,164599577268	0,0341756280199767	0,175782776198548	0,945517708350813
AAEL019587	44,0445751220116	-0,218716740357065	0,309768430214127	0,677847026492083
AAEL012031	445,566879138369	-0,149757105625187	0,209023829446652	0,89343265860697
AAEL012029	1796,04431476992	-0,170850986206844	0,1659935025042	0,935963519282172
AAEL025619	9,45527175985615	-0,0140873997583097	0,261086127053574	0,86818886099721
AAEL027291	21,515669457686	-0,0617629626691401	0,264163412085117	0,837966148476269
AAEL012035	4786,88690973579	-0,0362517756081201	0,191091969826651	0,937251758407589
AAEL012025	526,159016658807	-0,0492544835911993	0,183125748029172	0,940453336589641
AAEL012026	8300,39880704173	-0,0723031640966553	0,172964499802	0,943600186020573
AAEL012034	586,971711390056	0,0121041267391223	0,151773700279426	0,951677361928902
AAEL014063	587,347376777223	0,0979870191941471	0,164442143999338	0,94539280110052
AAEL014059	1018,14353945831	0,111994995218101	0,141892764666149	0,95094910725203
AAEL014058	92,1876132782905	-0,062300624123239	0,208553838920655	0,918871622741911
AAEL014062	114,108142475239	-0,0316103251760671	0,203022098205231	0,929435752799357
AAEL025398	107,724750637864	-0,120562443914273	0,216909430119945	0,892514750386093
AAEL025453	56,7271007146544	-0,125849267747061	0,23809439294546	0,855272395203696
AAEL006647	882,856017655334	0,218778422136987	0,193426049237119	0,890971951483177
AAEL006639	37,6758310693232	0,0848544923930346	0,252292802403072	0,848147387601495
AAEL006643	60,1782160175052	0,0405886490157546	0,217064606969273	0,915455453408661
AAEL006661	271,686265379581	0,0186195560905523	0,175633997027086	0,946627553047831
AAEL006653	288,095361038721	-0,0496422807596545	0,173425959249102	0,945347238165118
AAEL025845	245,325699175224	0,112462870615018	0,232660456840201	0,871986815430637
AAEL006640	408,386633278895	-0,164562426212929	0,195010787888046	0,907713372028898
AAEL006655	629,488577373938	-0,196990102276653	0,168688153143975	0,929120780661966
AAEL006642	23047,1133451482	0,7783476782921	0,206394635350504	0,360144363107767
AAEL027492	52,4359075234795	0,150370642278017	0,240951974324218	0,834227620952505
AAEL006659	559,187754241069	0,0005643579749273	0,16272586736759	0,95052302075344
AAEL010162	70,7069809819873	-0,0182897873383536	0,20878751246896	0,927442553700026
AAEL010175	92,3957670610981	-0,0608127794578345	0,210796193570376	0,91708739627277
AAEL010178	271,198258404406	0,00116550223738417	0,206126413462879	0,932017343583609
AAEL010171	661,864184679935	0,734210958554632	0,278602194110597	0,343106289430929
AAEL010170	1472,34175145731	0,0449816613063149	0,186159475438508	0,939202852347256
AAEL027340	2519,8248627386	-0,0578870244452579	0,170574682936586	0,945872256767462
AAEL021070	720,56263108608	-0,149923004063421	0,175664310527151	0,93179613437348
AAEL010173	196,383424548667	-0,0321199196804627	0,211206875169712	0,922689718324538
AAEL010182	307,005222400557	-0,0543059681058052	0,176698609097857	0,943423594206709
AAEL010176	158,953943065544	-0,113182381916139	0,182406475163941	0,932394485663776
AAEL010177	107,287420237595	0,0865981912031787	0,220889184865527	0,898391203369878
AAEL010172	34,7701385974698	-0,00905546085854079	0,228603909061931	0,911170487699764
AAEL010186	1155,06693974827	-0,37268920656005	0,371012039992197	0,499585002420507
AAEL020279	314,549544314208	-0,156433457838438	0,266653316252103	0,786487550141323
AAEL010164	344,192281137734	-0,109451159117506	0,222808969956238	0,887218228198732
AAEL010180	1702,42348377725	-0,40726647339828	0,260776958678499	0,624567570249586
AAEL010160	453,36554410855	-0,270442661944913	0,283004765392424	0,687335575466183
AAEL026724	281,439674553678	-0,165278508520945	0,201406583555432	0,899308727825749
AAEL022189	109,839245046371	-0,0154361207079242	0,203878200901991	0,931501924506677
AAEL010181	372,306702276933	0,109811879371518	0,172296327890263	0,939996492556459
AAEL010159	11728,9079205849	-0,215336235669981	0,222965815979406	0,833226152410882
AAEL010168	65705,4570146219	-0,058959656708922	0,213568463497077	0,914851011414253
AAEL027157	464,111481636621	-0,162265152396999	0,18007564205208	0,925598521262123
AAEL014435	39,9039799382545	0,0191264206091166	0,242790823712063	0,891107863296561
AAEL014441	70,2958518149434	0,0386880889160204	0,224380148661517	0,907745864092837
AAEL022480	26,812504803676	-0,586386764162666	0,802655825692414	0,242151927622648
AAEL014439	27,1805587596066	-0,0109187688224711	0,234153275814697	0,904344403829389
AAEL014440	775,202990687357	0,0157238884456993	0,195351063201079	0,937146388112672
AAEL019856	772,765912678728	-0,174261772645058	0,293634808960149	0,728720658203654
AAEL019857	81,1867847611772	-0,0327842430978208	0,224874770227784	0,909027049087814
AAEL014437	38,9483085915387	-0,0630428264909156	0,244871069674105	0,872886975320472
AAEL014438	60,7931403368269	1,85320464902665	0,458105133507284	0,00533428355032498
AAEL020644	41,035104343801	0,176332319769373	0,289226973708594	0,737235159451963
AAEL024413	24,5875231471146	-0,0447742996577012	0,235195386182161	0,892975671776073
AAEL006207	109,244120316367	0,288005263249017	0,296249817004861	0,655317205202735
AAEL021812	384,793460134105	-0,358882839660099	0,346573054601646	0,534683354509017
AAEL006205	3435,31409784311	-0,169242391416667	0,162857943482976	0,938661991854995
AAEL019418	3596,98695750909	-0,663306370696584	0,217102038734092	0,468671286394803
AAEL023349	1030,57446658859	-0,457272022084019	0,198652329318089	0,71602729784131
AAEL006201	234,440305160665	-0,0556936706150586	0,191503611041318	0,934301598485289
AAEL012792	127,188634379257	-0,306218633220203	0,29843515078296	0,636051967541642
AAEL027038	1893,21669244618	-0,0338681424771357	0,269944472924713	0,842064918029025
AAEL007801	42,2163605534841	0,166930848860085	0,283202435462077	0,75346314749574
AAEL007803	689,778636705127	-0,0978782796358068	0,204909420503052	0,914684660992178
AAEL007810	462,998881532561	-0,173407013824011	0,211509507671213	0,880152455097569
AAEL007813	1376,69167367245	-0,235456470840587	0,156420170246031	0,932991000088283
AAEL007797	224,993881568103	-0,127113305523588	0,189132974278809	0,924297977956754
AAEL026602	379,523018747226	1,58934217717232	0,489296507964579	0,0223210820519941
AAEL007805	1813,0367477737	-0,373007859658812	0,194723020618776	0,795862522618883
AAEL007804	680,975246862755	0,576397626387593	0,312913130897188	0,424383460301124
AAEL007796	496,461530716405	-0,083873209079734	0,232216677351758	0,88304059322523
AAEL007812	100,116565197738	2,9984899130172	0,726946351345388	0,000428936017992564
AAEL007806	204,864527089484	-0,17951683822824	0,239035058978309	0,824052861974218
AAEL024154	26,703132350684	-0,0812488455847614	0,24417556650853	0,866714405511741
AAEL007809	194,229348170276	0,173549833973879	0,207582488740593	0,886140232390348
AAEL007816	848,945093917314	1,27725353218378	0,199265427341757	0,0162328640705989
AAEL007795	7,60348499228613	0,0825302358317896	0,279264305012397	0,804887714928617
AAEL007807	268,503701926057	-0,272095474299049	0,242860242103419	0,763326988973272
AAEL007808	320,882330117473	-0,441821853613297	0,285656497065296	0,553211372227779
AAEL007815	54,6542180019931	2,42432878619863	0,446302254056445	7,52315332975421e-05
AAEL007798	204,725808208448	-0,00887978101089049	0,176934961754515	0,946752293015793
AAEL019754	66,8365469850015	-0,0357582620205492	0,206930787356412	0,925987334118925
AAEL017499	2651,67585309742	0,28981894301271	0,224112900301587	0,787351649365979
AAEL023769	112,253364618272	-0,0476328371852831	0,213980552138728	0,916916505389477
AAEL013431	4238,32364960686	-0,516930787228262	0,216977020667559	0,614314369010886
AAEL013425	96,4434532325446	0,0923540559890744	0,233736141245355	0,877663064757058
AAEL025807	2367,25711095018	-0,266321523464195	0,345695463162067	0,591194939845337
AAEL028073	75,9242716018242	-0,182432227375381	0,277365302310689	0,75472620937716
AAEL013432	335,245385439801	-0,370793520849909	0,404307465996825	0,471125281146506
AAEL019445	253,569490851735	-0,133262943104279	0,2039665998288	0,905941050353467
AAEL020918	76,2899244356757	0,214298007176906	0,308228567735655	0,683038858655141
AAEL004130	46,0669292881846	-0,236531519286152	0,404609240311609	0,543548466978997
AAEL004136	270,423168491022	0,122664463294009	0,189201102004446	0,925045125762182
AAEL004121	1434,84889104631	-0,00340603715591934	0,17904087875289	0,946458497619194
AAEL004146	601,437168190532	0,0523936985267926	0,173299908365755	0,945169961306694
AAEL004141	1965,40355741976	0,182055755675034	0,203880440257824	0,888489944131563
AAEL004142	1357,00962513426	-0,085822980908132	0,168349113485812	0,944555001894976
AAEL022671	22,1857969672536	0,053624115069909	0,25041231696787	0,868486448839443
AAEL004143	318,360958039137	0,128779379542184	0,186628687976022	0,926289250337317
AAEL004131	1289,52682288142	0,0474165256240794	0,152669432736601	0,950857105202812
AAEL004127	112,22682714605	0,11351766766012	0,22409921423531	0,883946952977638
AAEL004137	212,042182695267	-0,031396840161185	0,206152788544813	0,927271359454691
AAEL004138	474,836034560129	-0,0549795691050573	0,150542614715341	0,951017883040823
AAEL025942	20,7451956560416	-0,031462377484488	0,254302916004989	0,871516201023134
AAEL004126	263,617248610153	-0,606857311276491	0,363179026781848	0,362744245433928
AAEL004124	547,316143217908	0,0554040787494555	0,186903760225466	0,93752854390125
AAEL004125	1352,28288877201	-0,104393287091745	0,149231315275548	0,949788167200362
AAEL004128	326,279453235466	-0,00452023316799104	0,191655496715502	0,940514174260117
AAEL018312	120,131541578781	0,0350561084274727	0,202046746567836	0,929653628592232
AAEL022779	13,7171470610192	-0,135047300308765	0,306466820744136	0,73189178890462
AAEL004132	379,812487065854	0,0270224665390322	0,176088263376478	0,945900197985064
AAEL004147	711,688484608347	0,493789989041607	0,184189638810154	0,719644055886468
AAEL025517	2107,10627612507	-0,188199545677247	0,197761452355652	0,896197604012009
AAEL005991	3295,25097772977	-0,0478958431792212	0,210913415422691	0,919765973314089
AAEL005997	3005,0875363543	-0,146855854532298	0,269553408580537	0,786747511097527
AAEL020895	96,5172816960271	-1,15292654313887	0,390574560396251	0,0810240945222937
AAEL017293	171,986170676204	-1,44696914464451	0,508993503555063	0,0381735573033017
AAEL009698	69,1049565056256	-0,221246328115638	0,279744443617509	0,725188704375952
AAEL009703	303,305327076543	0,00781428290705073	0,161985560636615	0,950434100719617
AAEL009700	832,320626622821	0,63664468085466	0,275446754082791	0,415882608261839
AAEL009708	569,545526396731	0,289749230921181	0,184209560981151	0,874948915254031
AAEL009704	705,082819162885	0,126116147221472	0,153577937534314	0,947598931424081
AAEL009706	4098,4280909654	-0,0645901064623955	0,171779329333023	0,944840981219502
AAEL009702	1211,33281252192	-0,183760374709736	0,184808187736717	0,915291458108169
AAEL009709	241,619912497979	0,0187403080342818	0,191908167818409	0,938954961523203
AAEL023464	198,719628330984	-0,0639644622870034	0,176520847583561	0,942561584619814
AAEL023115	66,988411026891	0,0570997224319968	0,215380447711545	0,913458906608717
AAEL009712	468,544263593655	-0,0319200647003122	0,165433951046747	0,948857047941962
AAEL025132	69,9337629568191	0,0459665739784643	0,208039379254278	0,92290582131845
AAEL021645	67,5154095148212	-0,237318648700816	0,318301955653478	0,653300973794294
AAEL010798	2018,00848123902	-0,0199240043951013	0,151618475199813	0,951579127033634
AAEL010804	536,689558019021	-0,3057087712477	0,330516678065777	0,585553384733255
AAEL010800	963,694983541428	0,0775717315191757	0,184125862348444	0,936375602642252
AAEL010802	41,4511965632681	0,243321755590281	0,357284511168902	0,590264945370726
AAEL010801	3945,20626415633	-0,0209385582436202	0,184405801529818	0,942699763285981
AAEL024670	1093,49405395388	-0,130555601875691	0,182772094680306	0,929043999894599
AAEL010797	373,412263816648	0,0337080325374927	0,198305968932788	0,932672445111162
AAEL010803	432,099083455569	-0,0237454993929178	0,19912431317398	0,933467444540633
AAEL010796	245,560418125511	0,120896532738696	0,17877367491425	0,933862119389484
AAEL010805	168,551711250022	-0,11077084889128	0,217377781968838	0,895243194999985
AAEL010799	161,69508582375	-0,138779523691541	0,266574247075282	0,798060059127405
AAEL010220	75,2588359092025	0,135926556577707	0,222660570254041	0,877233290257702
AAEL010222	661,162584113999	-0,0691837567535412	0,270309804109712	0,824991878229816
AAEL010224	151,83760346109	0,142317863622417	0,222251943977841	0,875246519656677
AAEL010223	508,595071052091	-0,369021233341161	0,293728404406545	0,597894654599173
AAEL010219	684,299565327882	-0,0917175027405598	0,234375659971443	0,876713560007044
AAEL010217	333,567800548118	0,133334341488435	0,201860604199911	0,908486918662276
AAEL019838	91,6002923767058	-0,298474139418442	0,312259259555644	0,619776487993335
AAEL005599	112,270545315103	-0,0941221378597932	0,219339916829035	0,898094847365907
AAEL019920	39,6782150793837	0,853782341635148	0,611837345437525	0,182228444261443
AAEL005604	62,7112901636033	-0,0765629737964426	0,226878299124014	0,893670479508421
AAEL005596	261,300994463308	-0,122642119044397	0,264845098914194	0,807745694789088
AAEL017051	292,293918211619	5,55702227443297	0,409609725443604	1,54052459723307e-29
AAEL005600	187,04742306311	0,634012874620658	0,244678143809461	0,455056353148411
AAEL018344	1631,26662954313	-0,1826495913384	0,178139771970237	0,923030382317358
AAEL005605	1189,87625341586	0,0342591656111231	0,193554096474002	0,935783025141322
AAEL005617	3216,37573878438	-0,348365900824278	0,350231681558954	0,53663748625179
AAEL005610	27,3321651146175	-0,107430837803479	0,253648113084609	0,833173108642897
AAEL012074	259,619769077148	-0,210278603414306	0,192558158842951	0,895805506642285
AAEL012077	168,71754055244	-0,145759700737701	0,220065295935222	0,877405561789748
AAEL012073	97,6729026307687	0,128861793966927	0,248070796246438	0,832800860594422
AAEL012078	553,031537449856	0,050311326701763	0,184253512168435	0,939671813872494
AAEL018231	336,735103324695	-0,138642388036751	0,187599208110624	0,923233343531412
AAEL012079	926,592136607802	0,253813928552232	0,236663605392086	0,785002447103107
AAEL012081	155,436026583278	-0,209786786352041	0,267233963392486	0,756089578095365
AAEL012084	482,58528296824	0,17687041390865	0,176684846699085	0,925914086903715
AAEL012076	432,166320718481	0,0489887054821513	0,151423742304307	0,951031615061229
AAEL012071	2063,9130626176	0,306728783155584	0,19384485697278	0,841587863279284
AAEL012083	1551,15581458559	-0,113493026311001	0,163093492912758	0,944654554545487
AAEL012082	31,1918181401547	-0,739368635063843	0,878293246768688	0,196287306983135
AAEL012069	1464,02623888887	1,4058950989573	0,190041751411787	0,00258949726104153
AAEL022543	44,2987101133626	-0,0513750122580696	0,242256040144575	0,880995938372363
AAEL024335	76,1322351478833	-0,0474673248716496	0,219686560875049	0,911230675557815
AAEL000508	23,3356524294383	1,61040459920723	0,899811666632918	0,055819598690686
AAEL000486	3368,6936951178	-0,00583296036679896	0,183297882674714	0,944466863431189
AAEL023003	1208,42141236804	-1,08592223435782	0,333004497065077	0,0987952236987038
AAEL000523	619,191403582506	-0,139376309260749	0,185136517759134	0,925513915918661
AAEL000475	198,998961446945	-0,0771074147348127	0,191896831471513	0,930732291285362
AAEL000511	406,021813520607	-0,0414630971026771	0,177597809971986	0,944039868174824
AAEL000500	529,059591345751	1,48042779039335	0,55165350072994	0,0386600585884243
AAEL000488	1137,5921925351	0,591493248266021	0,206606116380113	0,560758511359421
AAEL019479	767,924720483796	-0,084948305265443	0,155418133690545	0,949149860561599
AAEL000487	212,853404599445	0,134661965138794	0,19696097801748	0,914181687655861
AAEL028101	384,780275412055	-0,220691584437227	0,241401844346197	0,797593138283766
AAEL018324	290,378210116655	-0,17114890813129	0,224161375829754	0,858932478189065
AAEL000483	431,269569929238	0,0862197501969368	0,167968964853823	0,944747925137601
AAEL000478	217,493949254901	0,0581275413964009	0,192458736435914	0,933170464244124
AAEL000509	503,614644958765	-0,0485740075846378	0,156930321375788	0,950132214773781
AAEL000485	1202,70890105228	-0,0935913870960778	0,189027881806386	0,930345582403272
AAEL000476	44,1472438726057	-0,188853085195837	0,294897046606926	0,719941351761796
AAEL000510	873,1120404633	-0,14587023726222	0,181531804354278	0,927522837149516
AAEL000496	92,4518772904816	-0,0599215607052775	0,272890478940731	0,825108554078107
AAEL000507	333,029819681748	-0,0538317266889093	0,275121774738422	0,824582288026698
AAEL017467	508,344830340556	-0,0540464243343236	0,272742148036897	0,82797587156892
AAEL000498	63,8617889824487	-0,0499485858877563	0,206899527923958	0,923278300754839
AAEL000515	151,406946506905	-0,10634410471212	0,21617979199797	0,898332070064124
AAEL000505	81,0584431409007	-0,0333011860414176	0,194565657643523	0,935195338699977
AAEL024475	198,96200397572	0,602790063411661	0,284234221077107	0,432170992594208
AAEL000516	820,00057814022	-0,310136383487708	0,264882679531214	0,691700070836493
AAEL019660	239,164177475383	-0,159688332914174	0,198594645724891	0,90477891149442
AAEL023018	48,5730443238078	-0,244608279073879	0,394430453692278	0,548793508092391
AAEL017501	2236,11220612404	0,0179924923460371	0,265703602037196	0,858666303933741
AAEL023295	1028,0741721153	0,02574803956901	0,266258088877461	0,85353407614189
AAEL004007	84,4904388174062	0,0711569011873864	0,21828360308941	0,906327734766538
AAEL004006	37,6495438395201	-0,115798927139585	0,272219665225272	0,800590284074164
AAEL004032	80,1990875122936	0,0305478562627662	0,212803815172702	0,921367225285719
AAEL004022	292,741164810436	-0,0364431946529012	0,216094142701593	0,917335899261789
AAEL018308	60,2937251724551	-0,0385354937413886	0,232719366044708	0,898233361563015
AAEL004035	762,827169775869	-0,0181804888207077	0,174814424383345	0,94689798493056
AAEL004039	629,349923446616	-0,167961267529857	0,192933124099991	0,909716650121103
AAEL004034	259,782747670572	0,0131599589107756	0,204588486700384	0,931232249776521
AAEL004017	1497,32018492452	-0,135767679628759	0,215371327044263	0,888679415132262
AAEL004010	1717,4585993293	-0,0981928625407182	0,162555559064816	0,946238772621909
AAEL004023	288,666540659334	-0,0582540090406292	0,179982135089869	0,941293899867986
AAEL004041	570,395821449275	-0,0501728792846734	0,189264074336429	0,93663717705884
AAEL004021	114,521788794608	0,715812527581552	0,475280470549612	0,261004026412787
AAEL004028	241,7248044933	-0,050900102129128	0,265462729015766	0,84139623420501
AAEL004025	3198,57221594389	-0,0289774581497729	0,190185794365938	0,938769501508876
AAEL022918	76,1719778075036	-0,0163408123624323	0,247312382752732	0,885817781308346
AAEL004036	22,4639615646229	0,25409312345074	0,398511748772787	0,538962540649033
AAEL004002	81,4343081269364	-0,0559585638758562	0,22303977345932	0,904848066772892
AAEL020127	135,04965649394	-0,0560754121392539	0,18985746493114	0,935251390878828
AAEL004031	33,5970665325137	-0,178366878069921	0,324714668803559	0,679789176988831
AAEL004009	32,6037545319866	0,0220521437057929	0,23964081967773	0,89446269344549
AAEL004040	1664,79471712297	0,00305164963377315	0,140918393027788	0,952280239755491
AAEL004004	120,083409784714	-0,108930505189931	0,226418473340823	0,882384482792019
AAEL004026	691,328959943012	-0,116209789713501	0,149020131429566	0,949361162834643
AAEL010950	25,601601870407	-0,0969736286376228	0,254655712856524	0,837262275502362
AAEL023509	138,527625304659	-0,218253382692949	0,29612433555553	0,698200381944217
AAEL010942	188,955261466769	-0,0208702032403298	0,19831939430463	0,934424920972595
AAEL010956	450,12363508107	-0,144724335966255	0,165689693549922	0,939886356708293
AAEL010953	273,387243363187	0,0609229117582081	0,181395753384693	0,940215557990445
AAEL010951	250,217442780434	0,205096235012512	0,219081758503653	0,848366938589885
AAEL019741	430,534493713672	-0,0177638385523168	0,215883181572236	0,921083020017036
AAEL010943	405,611827065166	-0,0653907601850545	0,177100604066919	0,942149408310262
AAEL010944	537,652955351177	-0,290810403141515	0,385265281290328	0,532715580114139
AAEL010954	441,00779342149	-0,121953418489101	0,189690821170335	0,92486241824478
AAEL010945	279,965615112154	0,349301628707363	0,22021666360825	0,755750150322713
AAEL010949	350,664976949062	-0,132057687693016	0,194602356218331	0,917388026016447
AAEL010955	362,287304602871	0,010186866541943	0,164927647091147	0,949792978145252
AAEL019995	424,798061950089	0,131627962106593	0,183679187331966	0,928158765501511
AAEL009171	1697,0723768134	0,124759504410782	0,195108689288047	0,918378808366775
AAEL009169	2826,78154003745	0,346153277706853	0,277700786877967	0,643814547661632
AAEL006789	260,820233937029	0,0692043028758827	0,188139888026089	0,934686467803228
AAEL006788	372,532393404681	0,0727369245121918	0,18207301985335	0,938467520087102
AAEL006786	1540,02983391611	0,218413404867662	0,164832561736062	0,928608989812765
AAEL006791	568,274422792334	-0,235926478161008	0,216133781921954	0,835784660500141
AAEL006782	852,603898787459	-0,0425772284225843	0,203090164995303	0,927802435625416
AAEL006809	447,614615041863	-0,0321549974945198	0,160721463695929	0,949941661527839
AAEL006799	418,124834964889	-0,00210125670337314	0,154747152565572	0,951520891179451
AAEL006787	272,973746272146	-0,21124929430354	0,198345741785847	0,885643396496524
AAEL018124	990,30465620526	-0,26987038647522	0,178610388082117	0,895075417361535
AAEL019732	2126,96762589693	-0,196422885680319	0,21220535861756	0,869142972458315
AAEL020952	20,9660636087818	0,0973291812923436	0,267906394319892	0,815256887272288
AAEL019925	502,30671642673	-0,251521436085619	0,188598383817847	0,885041442812879
AAEL019926	84,2968633958877	-0,208239068564026	0,274567778178912	0,74362509805782
AAEL012220	49,8747496548626	0,0229816028132342	0,219475747667375	0,916969162163136
AAEL012218	310,728890482029	-0,125973068231874	0,201223756915832	0,91159009729442
AAEL012219	461,541529395191	-0,091981797170892	0,177880550318385	0,93874802973798
AAEL013898	316,824219914637	0,14441019093365	0,19753955518059	0,910913776284977
AAEL013896	1386,82850473356	0,153257291054627	0,197045456188927	0,908725999938088
AAEL020363	186,713158185345	-0,0148065893098937	0,206105678999192	0,929766769701653
AAEL006993	286,064858106998	-0,0570459762126517	0,163228254471964	0,948307123758876
AAEL025811	25,4322632476789	-0,21978216087819	0,35732976387606	0,606123990829735
AAEL007007	1679,62871171851	-0,067044693946134	0,226367562990756	0,897516964588285
AAEL007022	1737,78980739566	-0,0752383486120281	0,15083994734607	0,950457531701387
AAEL021239	128,583797119324	-0,0478165448213515	0,20382649949995	0,92642379403021
AAEL007002	68,06833563178	0,13012278680211	0,25852613650841	0,814276230636038
AAEL007011	1666,53149664365	-0,114946058924214	0,197993997573995	0,917957111778689
AAEL007009	178,260853469599	-0,103688714223668	0,191174429965524	0,926957093198488
AAEL006988	407,67589112081	-0,051180530415466	0,16205559068524	0,948881993288591
AAEL007019	8359,30351704426	-0,0464405776552301	0,172009626491582	0,946161442201815
AAEL007001	1120,48453092103	-0,183273844709723	0,236673054137184	0,825689613198306
AAEL017986	71,3292774316798	-0,0574896687846982	0,218174222818931	0,910227030244344
AAEL007004	447,081446472385	-0,146522762039117	0,293079822673015	0,748639433818267
AAEL021861	439,152152865239	-1,31338797046962	0,342968107348211	0,0376902468908761
AAEL024395	32,2279531720573	-0,044263252004107	0,263850331619658	0,846995399035882
AAEL007024	510,569609687113	-0,579949618960698	0,38839308164704	0,362096144655161
AAEL006989	76,8140230781945	-0,0973370646335324	0,227133538638826	0,885443446387213
AAEL006992	115,850075095444	-0,012182844015414	0,198966707176293	0,935131160119464
AAEL006984	89,6176298481959	-0,052542693977876	0,21775735310751	0,911946620953665
AAEL007016	161,19047382064	0,244829594148941	0,225535030523972	0,812081801496898
AAEL006995	488,237694761519	-0,0806539405781544	0,196073064513889	0,926987624701207
AAEL007006	119,121981167014	-0,131936662131907	0,23711227339085	0,853901354032539
AAEL008658	472,043901218777	-0,602949598133413	0,210551362864594	0,542790267366145
AAEL008650	471,470159183407	0,114623776400212	0,167270883213354	0,94241641075081
AAEL008662	1194,68602724384	-0,298290717297503	0,171574913060913	0,895180341256961
AAEL008653	345,301721470337	0,18629455441857	0,187966919821366	0,910822817701002
AAEL008651	336,519306317231	0,0254174404655656	0,221038000591502	0,915002930542201
AAEL008656	660,408303470959	-0,117751094140873	0,164766175647107	0,943466320988335
AAEL018161	3218,13218039877	-0,157426692923138	0,154775006980222	0,944811934883107
AAEL008654	27,7440331977895	-0,0657468010634863	0,263562505538945	0,837161223599033
AAEL008663	81,9269122084476	0,349039897561762	0,356340318012136	0,529935540318969
AAEL019935	9892,96688978936	0,148480699071391	0,273133453596771	0,780237711182261
AAEL013394	646,762295952094	-0,0143257559604998	0,160629567383349	0,950490297883841
AAEL013389	376,893437497886	0,367464488879309	0,223145592715084	0,734054810682402
AAEL013400	382,35261047953	-0,140029955432531	0,20805175366262	0,898312343672993
AAEL013399	74,9797961991986	0,015195535928876	0,208089314198387	0,928286577389813
AAEL026535	667,126955152568	-0,0487831737483678	0,153750954568453	0,950699907120729
AAEL013396	667,219319449618	-0,0297309948176232	0,145936739907543	0,951916802418386
AAEL026962	529,622326739259	0,0951538375900006	0,185553136128269	0,932750209881518
AAEL013397	218,946471889171	0,105561199441851	0,217804111147706	0,896341318304236
AAEL013390	1901,27326634101	-0,136860708159102	0,155601822802061	0,946216700893329
AAEL013391	193,063957901562	0,00236120499423663	0,180954670019682	0,945810684379732
AAEL013392	176,886064010947	-0,0260879285010957	0,215722229191034	0,919790535032339
AAEL005908	374,12567875579	0,090245816062327	0,188998388532919	0,930933144469856
AAEL005901	33271,263336272	-0,116635005966324	0,205756147769058	0,908422952020252
AAEL005914	441,176005717232	0,022722942795567	0,181552941036978	0,943872035837148
AAEL005900	345,331761340212	0,230996304963752	0,23292758260173	0,806469972209198
AAEL005910	498,767060473458	0,883972812975841	0,244366047695131	0,232988835810253
AAEL005911	252,190949044596	0,023748935456018	0,195765922045027	0,935712119727042
AAEL005896	162,981062034938	0,0507934225346486	0,200763994495922	0,928168613356293
AAEL005905	164,256597575023	-0,0374378197278363	0,197753732184457	0,932525064354483
AAEL005902	1103,76720455949	-0,00522654472212051	0,143163122161214	0,952214965598674
AAEL005909	158,481158673897	-0,0189332302815681	0,214462485275421	0,922276920048226
AAEL005904	1135,0841304769	-0,412054807681877	0,216765371083278	0,712629893611315
AAEL005913	118,964913192242	-0,146368892335641	0,253090165871282	0,815840332618792
AAEL005903	463,55315213311	-0,0154127535196352	0,215074820500291	0,922449453828278
AAEL019519	128,514375402194	-0,374649200238903	0,244345520297717	0,68454626976906
AAEL005897	1026,10625221061	-0,0303911151094044	0,182836609003204	0,94258046639445
AAEL005895	1037,05538439081	-0,12549874809689	0,208094955900604	0,903267382092089
AAEL005898	80,8590072212328	-0,0656446026711808	0,235281238839442	0,885318122342382
AAEL026147	466,392616223381	-0,113151894637313	0,190391015166343	0,925882650841227
AAEL009177	196,684564956154	-0,0991082212684928	0,179496142592683	0,936667809189871
AAEL009178	287,44095635082	0,0430973863659073	0,266966845385406	0,842916421804116
AAEL009176	6,0791464303505	0,111852175458739	0,295799046996498	0,76428101327291
AAEL009179	269,238051001903	-0,106417743354745	0,173179171595333	0,939838045038595
AAEL009174	143,823912707641	0,0021019728426159	0,181505375640018	0,945591248953029
AAEL009173	667,17121073973	0,358914797479295	0,232974965477772	0,720089768804309
AAEL021957	42,5341209442982	0,116191257906843	0,272584124051446	0,799448060456366
AAEL002098	321,162163971271	-0,117424292255874	0,179364886096998	0,93397045945954
AAEL002125	3973,78787475949	-0,151601190932229	0,18577763284523	0,92189463033332
AAEL002108	391,28653230828	0,126334476141808	0,189860766733022	0,923669441949698
AAEL002113	182,478964968925	-0,013815306152571	0,189570268635839	0,940709363899881
AAEL002105	65,8256928907845	-0,104787129169716	0,230157190073063	0,878429126171852
AAEL002116	139,093857149718	0,0289560683652914	0,188831253354662	0,939462728652008
AAEL002119	529,918165739411	0,399614309976886	0,187999499386954	0,791817486888777
AAEL002124	1223,92471642228	0,0796798705068778	0,181781134073483	0,9377659643079
AAEL002126	23,8003685866427	0,0767367894022959	0,263457987583225	0,832480475250423
AAEL002102	556,964715394153	0,633959841420476	0,284750388889799	0,40659390266942
AAEL019701	68,9853086662684	-0,137096165435001	0,226939875855394	0,870787840509844
AAEL002088	225,313235956066	-0,130689502592331	0,193952673853959	0,918187666630643
AAEL019577	1036,27573204185	0,146077413706666	0,181066539322778	0,92788192514813
AAEL002130	1538,97753223876	0,382414572938521	0,363262035660358	0,500919718407922
AAEL002107	844,522179712325	0,301399065689683	0,173178366767557	0,890470693072671
AAEL002129	273,909015176323	-0,0177980990145375	0,187897040788063	0,941162065115344
AAEL023999	40,0916355600426	0,0169814627596453	0,236111228543574	0,900663783235352
AAEL002089	362,737498091259	-0,201801746230008	0,218364132310698	0,852959071969724
AAEL002097	277,621510036201	-0,119223365633368	0,191436487000164	0,923658321835788
AAEL002104	407,627390552839	-0,0597494443187015	0,205850026070898	0,921929539257796
AAEL002115	702,383700609051	-0,0344057339925083	0,148284159739604	0,95169072672231
AAEL023230	102,225307048059	0,355036470254049	0,326227107683233	0,560404820235171
AAEL002118	1564,93566411114	0,0252267479196186	0,18700417683032	0,940876605636118
AAEL002134	150,204103197164	0,399732255739542	0,268692158764718	0,616243467402943
AAEL019476	974,610464700016	-0,00473451731492289	0,17676120216616	0,947042881762787
AAEL022704	34,325185916199	-0,1222190720459	0,278291259396714	0,785266013940973
AAEL002091	840,408826201248	-0,141574476100916	0,155026317184268	0,946078340931928
AAEL002120	158,489278114629	0,0103285605072273	0,185604288800948	0,943079440810534
AAEL002106	167,096568965219	0,102428715745378	0,193489861512026	0,925162875586669
AAEL002103	515,322887203101	-0,136407924692717	0,180796498309401	0,929681948027888
AAEL019878	76,8813195491992	-0,0481119118361323	0,226864688582937	0,902872975588962
AAEL003569	638,409420083758	0,429854789119386	0,236124034654754	0,657750640968323
AAEL003561	43,2481146158135	-0,262662027569486	0,308509974652989	0,651261337831692
AAEL003562	256,021803153813	-0,225594221608439	0,250084312523783	0,776310191919367
AAEL003573	1464,69054666232	-0,0596137418743431	0,146785093651254	0,951417514626385
AAEL003563	132,093238453137	0,132185999522721	0,204522007998358	0,905517104897734
AAEL027131	39,6931462793305	-0,00121434288712144	0,222811731721575	0,918225966556891
AAEL003566	54,9117465038152	0,00290402678286147	0,215080431434833	0,925002215726388
AAEL027899	36,9986337204628	0,0198139877966393	0,235318235315505	0,900757836829772
AAEL003564	19,9562330595397	-0,153155303078975	0,290798857055159	0,748759302075928
AAEL003568	208,159128279594	0,0387742868834303	0,226929318840167	0,905072129496178
AAEL003129	384,811922360171	-0,3708176825763	0,23678562484519	0,701097963347458
AAEL018294	98,3475625838353	-0,16494844100774	0,238253218986574	0,832533957068711
AAEL023336	33,0172582472314	-0,764461729102533	0,48885938910315	0,235289993616321
AAEL017319	138,497065488822	0,0153825187785293	0,188745263472625	0,940956547002792
AAEL003146	431,257570323277	-0,0775471770868915	0,177836497002752	0,94037881023434
AAEL003147	333,28301242682	0,160277866543318	0,202895185178077	0,898764123194379
AAEL022104	28128,3585986761	-0,0963797696744103	0,209637829256546	0,90962322972415
AAEL000439	136,69824981681	-0,11954586411837	0,199063966076669	0,915578033859125
AAEL000433	511,686730682657	0,0833419918719681	0,197271399086712	0,925429117961555
AAEL000444	2952,51822340859	-0,00488469813334596	0,159400240442193	0,950875533212404
AAEL000416	1799,42595855295	-0,250946528659356	0,298382708241376	0,675088718205627
AAEL000451	655,89854281344	0,0785674263181503	0,168914051725585	0,944956861458212
AAEL000436	836,303694324339	-0,148814302065464	0,237855203201753	0,841874441076218
AAEL000410	1201,59613879579	0,124013068752907	0,170162761821966	0,939532584569125
AAEL021314	286,822604906807	0,259244738516924	0,238178749767994	0,778664631747551
AAEL000440	188,237824257391	-0,00957384637898269	0,178794531647433	0,94611161220535
AAEL000457	222,310071346862	-0,129557727714583	0,214699496349542	0,892448580365821
AAEL018313	1206,38393266786	-0,0922508884611435	0,178200804932874	0,938489188934737
AAEL000442	14035,2723077533	0,146993006554713	0,23827186583433	0,842159984738538
AAEL000429	251,346491511378	-0,0546387644110579	0,181483452384988	0,940816507409114
AAEL000411	144,49758139744	0,0426230700433053	0,210126082943838	0,921414393952044
AAEL000408	90,7593259646549	0,0135091504068379	0,211661610115503	0,9260082353022
AAEL000469	2894,5478931041	-0,179367110783765	0,168889368837514	0,9323071520795
AAEL000425	137,513452483674	-0,115951039790479	0,22942462821529	0,874769670723807
AAEL000431	1563,23251224484	-0,287132080428681	0,235545232140372	0,76709798693313
AAEL000412	324,095945412577	0,0800852579686285	0,20115702953101	0,922161470422792
AAEL000452	569,272840039368	-0,14343216806169	0,170974602958421	0,936391049140205
AAEL000438	510,241801936531	-0,000185686550906462	0,242606608174316	0,897476869030066
AAEL000465	112,851655698173	0,220891015036993	0,225566622355673	0,825920962806905
AAEL000435	214,182563513629	-0,0127147822346197	0,165919851114848	0,94949294582888
AAEL000424	3383,36861689017	-0,220834660983789	0,143268732904497	0,944718780687697
AAEL000468	765,348742262239	-0,195003011461046	0,180868494398947	0,916929675842185
AAEL000458	998,695214129214	-0,0116508584251831	0,169540165195239	0,94868677176864
AAEL023967	90,6065925899713	-0,0949025275387087	0,217816753061174	0,900114738962371
AAEL000417	2027,2854245156	0,196787444588994	0,190259729895917	0,904204522985187
AAEL000471	625,20823388894	0,177125572660128	0,251463050180643	0,803353192520354
AAEL000474	532,58509580888	-0,26241273535583	0,202981104629001	0,84932547370785
AAEL000427	1116,17586151378	-0,00926343671109528	0,183076150610155	0,94427789496977
AAEL027802	54,1110331050314	0,474067966438894	0,416501725344062	0,40006424671777
AAEL000445	386,552338866796	0,205498384422091	0,17603614122498	0,919741396550146
AAEL000460	266,609781899215	-0,0831470684072032	0,175725740520231	0,940983146107291
AAEL000448	1155,34956094706	-0,147330191832455	0,16988618823897	0,936675462595454
AAEL000422	607,05875012361	-0,102900507058598	0,200703087453128	0,917944265086055
AAEL000407	149,492807812079	0,0181331511059136	0,211726870198802	0,925055845600616
AAEL000450	1389,38111511253	0,551793369230728	0,37806779571799	0,384201138890957
AAEL000418	457,620156873568	-0,00258962464424884	0,188920535547786	0,942200456646139
AAEL000421	465,624376804582	-0,04589276434394	0,191765784270373	0,935347255082425
AAEL000461	1291,50003923557	-0,27381687443784	0,193380216075416	0,865999005956185
AAEL000454	4349,7874147268	-0,19160344833541	0,193116577430927	0,902329938549841
AAEL000419	123,727360642126	-0,192020988133343	0,218339904496214	0,859235453483711
AAEL000464	147,641687089563	-0,0550138319667593	0,18385425985908	0,939385700487037
AAEL000455	56,3386367492388	-0,0265957105239161	0,215088865100483	0,920120652707365
AAEL000428	1386,32290117585	1,33526411448625	0,297526702360673	0,0268530316083369
AAEL000420	93,6526846202727	0,148613360511453	0,237773341639901	0,84220747529719
AAEL022082	80,6984941721433	-0,0161017483731498	0,227397050247665	0,910716464390377
AAEL000415	1751,27726976613	-0,00625407259159251	0,211750896788528	0,92713990018064
AAEL000434	545,293870121392	-0,0241276690809594	0,164951001432352	0,949312179631304
AAEL018314	1427,80899937534	-0,383690009140541	0,23396101506222	0,697337730365774
AAEL000467	312,527017300023	0,0584311370400672	0,192280168889593	0,933281080182794
AAEL014016	511,79603415164	0,0094696548924313	0,197953434334782	0,936135219007587
AAEL019512	1434,41703716889	-0,101637275223448	0,18218944364546	0,934293360492501
AAEL021427	48,2051909012707	-0,0895118888377731	0,246627431406938	0,858322602123397
AAEL014014	260,655090990809	-0,0381502350199477	0,195605880124965	0,933853770810574
AAEL018251	227,48780496134	-0,0963693134075588	0,198792335161552	0,920975912733194
AAEL012998	123,39848044252	-0,187293104335808	0,246174306029342	0,806398604692869
AAEL008716	372,267743208219	-0,156196878439721	0,236993386767712	0,839257338764454
AAEL008721	207,970590274125	-0,0478864777659409	0,193187514460138	0,934210866796866
AAEL008719	417,741277998878	-0,0627227551838002	0,192861310830887	0,932359579284251
AAEL008718	491,13794535398	0,0606424901435261	0,18875388334736	0,935379146768637
AAEL008722	42,6530317730761	-0,119425238600889	0,240792312483082	0,853206053910857
AAEL019623	676,017544233008	0,0766395500594015	0,187416459010075	0,934136445170772
AAEL010977	13558,2019420443	-0,180355983986381	0,236495502103371	0,827353139257803
AAEL010978	1454,15237313881	-0,0963149712337849	0,175760825119251	0,93941373339846
AAEL007164	89,1001100109261	0,120854677559206	0,213570288173392	0,89705396396858
AAEL019404	382,649555707055	0,0859344513324598	0,167525895998886	0,944985755481391
AAEL018132	185,339838575164	0,156119114437506	0,23198745311649	0,850015018340934
AAEL007158	817,552345018943	-0,3476740634986	0,291242473789986	0,617882108719905
AAEL007167	210,698162578277	0,0945350826700564	0,209484335944515	0,910457118787563
AAEL007162	3820,32048114552	0,259253161604205	0,169463718758881	0,913056885699561
AAEL007153	1053,24694048023	-0,0583299182385027	0,151094664272565	0,950834050739229
AAEL007150	699,6452207275	-0,081042729528278	0,192803323359463	0,929312007603309
AAEL007151	1654,51461828907	-0,113149222763699	0,19716550290089	0,918971978309906
AAEL018133	808,436685940741	-0,223777865614632	0,212024667696526	0,853942049050433
AAEL007171	1264,53243449221	-0,10581371076684	0,181346992357271	0,934285120433521
AAEL021622	34,174105595978	0,00347883895112027	0,241408698665123	0,897916202796465
AAEL007149	66,1159565352557	0,0431679395038494	0,226476622223147	0,904361860234155
AAEL007160	2933,25226517979	-0,00696342368032384	0,141578240582489	0,952254151503877
AAEL007156	244,889692737023	-0,13111327645706	0,194911848530409	0,917309811213216
AAEL019459	434,744391017236	0,0443203913977216	0,178841988117436	0,943270469919911
AAEL005713	261,732306546085	0,096730180070483	0,210414395604874	0,908358895888222
AAEL005725	143,554354619484	-0,0244502661347388	0,200626482203826	0,932420641815789
AAEL005721	989,143546266334	-0,129967098216303	0,168372354207887	0,940023963490877
AAEL025664	828,701833667554	-0,335807095215069	0,196282915959417	0,817505360984405
AAEL011597	119,358617459059	0,20228827168832	0,226101530281472	0,834645707765011
AAEL011594	1498,31711780156	-0,0646010128279601	0,142419245943095	0,951806245999823
AAEL011602	152,136073022628	-0,0110746671782897	0,195494530833507	0,937669730246535
AAEL011598	65,5474771671758	-0,0364019152175829	0,247867115035111	0,878146520360783
AAEL011599	37,6411125813938	-0,0257341881996302	0,254893427121549	0,872485024187294
AAEL011603	535,993319335261	-0,0198552725899244	0,156639838706613	0,950944515331739
AAEL018219	7711,98560529165	0,998334642101945	0,414239088179257	0,13544993841728
AAEL009024	125,306777342438	-0,351369706129444	0,272665725233734	0,647808804292005
AAEL009023	246,201097414529	-0,368989334721039	0,253938355085509	0,672081669179367
AAEL017282	91,2889905018648	-0,0549525960830263	0,205150560424517	0,923880110351126
AAEL009039	289,662991060184	-0,0389548672483044	0,176720513126766	0,944712948107781
AAEL009029	2522,17489025895	-0,0514497405892557	0,174408908201924	0,944730442156416
AAEL009032	270,265837435132	-0,054588444441356	0,229755937961436	0,89701350532319
AAEL011161	961,37505132405	0,00508770299955034	0,14246764882993	0,952236743483279
AAEL011159	111,576464043414	0,767001468861137	0,479976777992713	0,236817592754282
AAEL011150	642,823438689664	-0,00257577562766256	0,156039059059515	0,951372430657106
AAEL011157	970,409757209881	-0,139957449580448	0,171026232105268	0,936934582310175
AAEL019610	1522,81401730942	0,218628727961361	0,232479672350985	0,813748952086134
AAEL011162	337,842707201426	-0,000574621860007061	0,171455207496107	0,948671692948349
AAEL011155	178,989843145694	0,0851436128671234	0,179575182504597	0,938503626356682
AAEL011158	566,582340775825	0,260790823806901	0,197155131576125	0,865275894372838
AAEL011156	182,696092300402	0,0122505118483775	0,167832837102538	0,949105411140736
AAEL011163	101,569882602645	0,0586513416616202	0,20226394558347	0,925725069541607
AAEL011147	758,681245188683	0,0610432572435866	0,15086981892141	0,950797118570947
AAEL011787	144,015580854857	0,0124707034400632	0,225094124656018	0,913871385456317
AAEL013613	3329,41170037559	-0,488445885383027	0,241885001506579	0,58933090939787
AAEL013616	598,845071391955	-0,195879011683434	0,166799830611273	0,931141885728565
AAEL013620	527,968522289027	0,108686575408435	0,15539492282679	0,948030280053274
AAEL013612	847,613016761475	-0,793450768886844	0,389279007765269	0,246701695731839
AAEL013617	175,348684468587	-0,0790817456681557	0,195832125232146	0,927472680825513
AAEL013615	152,259926780071	-0,0466117107666859	0,197282970708674	0,931609203120693
AAEL022819	8339,76152991783	0,147763919995108	0,188917782162181	0,919655259201171
AAEL019622	165,356684227462	0,00441494680780383	0,180084464494007	0,945939267261853
AAEL006929	712,357607460992	-0,101424445580652	0,182892468102659	0,933719906329984
AAEL007286	723,312786700935	0,248235953957456	0,1762240886812	0,90684391681624
AAEL007293	1778,34119712134	-0,139281332297614	0,155081074364314	0,946266336820557
AAEL007288	1942,9962404063	0,198645043599923	0,164458279955316	0,932663793478604
AAEL007298	1370,64827494782	0,156697441496139	0,15147615931373	0,946474904612887
AAEL007292	606,820622608228	0,0726766750828448	0,150157992960212	0,950648833376312
AAEL007307	353,616150839783	0,0353152009694222	0,189255610050336	0,938554104006946
AAEL023605	29,219113450387	-0,0248826886558733	0,239484766815021	0,893756696964729
AAEL007299	60,7412660390297	0,0891958844108164	0,223840542715027	0,893540890718844
AAEL007296	190,692156801168	-0,0197459456720261	0,186717686286458	0,941594889272854
AAEL007282	1293,29890878718	0,356711820565654	0,18471474411471	0,829872645725646
AAEL007303	51,2151480522398	-0,0682489401652529	0,226506829542887	0,896871649471331
AAEL007301	232,138079460528	0,240854815624336	0,226876871325658	0,811812292956141
AAEL007305	28,1521810881702	-1,23890769767603	0,673930276971071	0,0851691806145551
AAEL007281	517,464373012996	-0,045374162922235	0,20723498995656	0,92385798950162
AAEL007284	408,530711303217	0,0246035287646	0,170556827142506	0,947875192870915
AAEL007304	352,514920301326	-0,0141111211749653	0,185241336849135	0,942918228038504
AAEL007283	465,496059552348	-0,338851370565324	0,238338643629757	0,723316188670714
AAEL007310	344,424582769323	-0,0130592683137598	0,15427876048315	0,951390474282064
AAEL007290	1240,91188814693	-0,172120531984967	0,18999773222475	0,912285602282389
AAEL020861	24,9000222801857	0,00949183681640989	0,248375453520708	0,88668179219217
AAEL025594	1332,98475867502	0,118558141080207	0,140573440221384	0,950985811689454
AAEL007280	356,098956687296	-0,0521770873104358	0,169206388431193	0,946746881664536
AAEL007289	295,863484070324	-0,113757112586165	0,216042774758597	0,8959503076389
AAEL007306	4919,92230308506	-0,336292747038109	0,166454162513483	0,886608246529618
AAEL007295	224,360518732653	0,0186755200522772	0,212854815214858	0,924056615537295
AAEL007309	365,014511730633	0,153130361884562	0,20838272150504	0,893280763630294
AAEL007302	329,806990534598	-0,061823860508951	0,269300644545236	0,830093054135618
AAEL014226	620,990269983188	-0,0198730392083233	0,18794296590681	0,940903276799675
AAEL014227	140,736564853813	-0,0126337633196548	0,189689242314667	0,940762984101927
AAEL014846	536,242129427939	0,0633925874608578	0,15974749994596	0,948926833643342
AAEL014847	2228,48344065869	0,31290107226856	0,249158637983495	0,721124326933692
AAEL027706	230,421918630431	-0,0580112384880938	0,208375204164062	0,920010915758299
AAEL008588	296,312006335613	0,0810854113112967	0,211973796388733	0,91120059182494
AAEL008587	317,339289645542	-0,0787504469807941	0,184690232014883	0,935751530942367
AAEL008575	765,064850495545	0,035806424318174	0,203109014822858	0,928802984288468
AAEL020575	45,1416683304678	0,0335362468610354	0,23524257752387	0,896464185735597
AAEL008585	265,707460524363	-0,0131163866963116	0,197011330206555	0,936367876579728
AAEL025766	6,05295122993579	-0,0150976735398522	0,256658888934787	0,873591954301981
AAEL019486	716,297665958845	0,138904746115129	0,169306843087001	0,938351694578942
AAEL019880	602,808036841142	-0,0240666221462235	0,18185217174475	0,943648707172132
AAEL026476	36,5099879103729	0,0295719647949613	0,249697810003736	0,87800472438277
AAEL019851	556,750811993352	-0,0724786046306819	0,202021354023362	0,923199591023109
AAEL027139	56,4262098676798	2,1359335762802	0,666522852960154	0,00816119380837957
AAEL009275	2965,41497351073	-0,0468189356487373	0,163773985356613	0,948596165720256
AAEL027256	82,3471554673096	-0,0192194673070906	0,197645019763392	0,9350829427053
AAEL009271	204,657673383848	0,223250651658471	0,272831329892566	0,736973022962099
AAEL019457	61,6622392306873	-0,0741938558654961	0,218564725974654	0,90510650707119
AAEL009273	896,381295323405	-0,128665994873212	0,14771438284169	0,949209005821898
AAEL009276	108,472391971339	0,124863311419228	0,199030478291407	0,914419939690276
AAEL009272	189,691778474103	-0,0918417595405174	0,198932435575777	0,921813054654751
AAEL009274	1368,0511465612	0,162059769225347	0,240005737164465	0,830696253856483
AAEL009278	1765,86579895201	-0,0811332220297991	0,197726184596076	0,925471541058121
AAEL017184	384,761622516429	-0,0362009371975169	0,165066868631802	0,948741985060343
AAEL006644	86,6911059890705	-0,000296785601678066	0,206505821477849	0,931893643523246
AAEL006656	385,882002156956	0,137067174253077	0,175824035732077	0,933568659686212
AAEL006652	201,220637614004	0,0657367433461907	0,183102261597222	0,938690697992765
AAEL006648	99,3874440897645	-0,0689865706649804	0,220602443724667	0,904134429082821
AAEL006650	315,363315955636	-0,482967174698057	0,211067153900859	0,66506581103998
AAEL019739	1390,05729788871	-0,0223164296042411	0,204138234892216	0,930150604335598
AAEL012352	409,803252553617	0,0586856815852988	0,189406836238305	0,935227380393599
AAEL012355	575,597124091408	-0,196472807940875	0,203937755487504	0,882621528046651
AAEL012351	132,859217420418	-0,149862765161389	0,270152173140813	0,784207872024121
AAEL025606	1061,50769993018	-0,12216311525293	0,216699258538151	0,892160899901149
AAEL019509	700,93386933374	-0,258383352125751	0,196866219782639	0,86728797101759
AAEL011399	320,711091127802	-0,0449720181596013	0,160720325340353	0,949444217365005
AAEL011395	1408,97697052445	-0,0667233968792192	0,143785680408175	0,951646148634981
AAEL011391	552,955711350461	-0,165947915578231	0,170332609360275	0,933264086185693
AAEL027478	136,554676599301	0,0231243334675288	0,206367452213824	0,92833561480644
AAEL023040	466,492041463044	-0,0860787246744667	0,281982650143701	0,799218047754865
AAEL013862	302,98152030675	-0,0842978387748237	0,178086455917984	0,939441740392822
AAEL013863	1689,59123563721	-0,0419486714880337	0,145753202299284	0,951815109218945
AAEL027601	15,9072420194765	-0,0952667551745925	0,271394451493474	0,810041541599478
AAEL014445	21,0757931254056	-0,317070893495633	0,474830147811143	0,441400643810497
AAEL009821	78,2109203361541	-0,120639092272892	0,2099726993402	0,902475341042372
AAEL009817	169,732897717278	0,0842922882593115	0,201202378705619	0,921154263750335
AAEL020872	38,4442307922481	-0,0407651828047885	0,253931115558574	0,868255107813604
AAEL022936	67,5059445747709	-0,0256898818762774	0,23326743628151	0,901577895200736
AAEL019518	3765,4639393911	0,0157892067259148	0,179031794416918	0,945574295671408
AAEL009814	368,901297309748	0,00121491367897553	0,169569668435891	0,949169590947669
AAEL009811	411,092406209786	0,0169137012606911	0,195932358007316	0,936598845200333
AAEL009808	1554,54705586253	0,0427417433072202	0,159369749616582	0,949821824465788
AAEL009815	613,716552668794	0,0145823758859159	0,162685663844351	0,950113224756818
AAEL009822	99,0005756811942	-0,158197113207054	0,235046849653316	0,84244449995327
AAEL018186	454,191542786289	0,0358044237938587	0,173826852675416	0,946205658231472
AAEL009823	854,976472920104	-0,0655830380199384	0,1850680327988	0,937394197155779
AAEL009810	913,594998498894	-0,110993303191495	0,244510953993842	0,849584794335006
AAEL009813	35,8370755205494	0,0126827233297233	0,23064269045642	0,907583174612137
AAEL009818	199,65757610622	0,00382514873709638	0,175104751330651	0,947588449115175
AAEL024434	22117,4121283473	0,00456437782245447	0,20284598040352	0,933551811885181
AAEL011827	682,304567715358	-0,33192216689618	0,225443062386424	0,757437986574174
AAEL011825	223,489325109176	-0,190586626836111	0,193506071730679	0,902037829310449
AAEL011826	374,427301520939	-0,101651162402853	0,170127243004594	0,942213204656479
AAEL025477	226,495901852239	-0,0840632730172096	0,191278977797248	0,9300946956721
AAEL021576	39,6411468497637	-0,0727464352717299	0,24009894258631	0,875513155792423
AAEL005720	74,9500990307815	-0,101397686247606	0,217894786232705	0,897677033778578
AAEL005712	4282,02848950232	-0,108006455930793	0,180866448965566	0,934318068275713
AAEL014943	2560,64973935924	-0,0752151050783268	0,141576865770202	0,951748555502436
AAEL014944	7469,31632024103	-0,0413533114804885	0,184458495353123	0,940568147923511
AAEL004435	1284,48931812354	-0,117839692568364	0,179539533123992	0,933736669012311
AAEL004426	247,306846730908	0,15353306515251	0,195639361396535	0,910701250353132
AAEL004434	9083,34943032585	-0,255330202238299	0,153545917184958	0,932123015139859
AAEL004441	1317,33675126349	-0,218452526680855	0,189283147869085	0,897975820522143
AAEL004437	409,318395712511	-0,0891639467985975	0,192132606438935	0,928550585164165
AAEL027514	229,580510748019	-0,0688306664128539	0,194497430446345	0,930038697437749
AAEL004431	1091,80623126199	-0,0689550222419371	0,153104943306525	0,950226948407138
AAEL004438	925,969397322635	-0,169195570441799	0,166301916575651	0,935986987222706
AAEL004419	3144,31021338247	-0,199922492325174	0,194547491892394	0,896729402374
AAEL004433	321,05285848612	-0,142568518765503	0,183742291593802	0,92622698715811
AAEL004445	1374,33491176839	-0,180249933629247	0,197711722647404	0,899424667536068
AAEL019502	33,391462834559	0,0331947021816536	0,233642731963045	0,898666251999437
AAEL004425	191,385596541405	0,272835567108911	0,205247785459296	0,836908045596547
AAEL004416	27,9201734530021	-0,01530087259524	0,229316581636099	0,908502896366062
AAEL004440	765,299650170805	-0,396436488431502	0,219829818945478	0,718748406928794
AAEL012952	24,5780250327647	-0,186872581101489	0,301909417485916	0,708831567872573
AAEL012949	60,2458255591793	0,236036023206607	0,338972266080845	0,620045776982236
AAEL012945	1284,19876925362	-0,207047028289859	0,168474539897294	0,927562912294591
AAEL012947	2,56970883038291	-0,0116721438212395	0,262379225166578	0,867254368419474
AAEL012944	21262,9607434798	-0,0471910179347973	0,210479447940445	0,920169328118356
AAEL012943	1074,59705752426	0,227821572766319	0,170465545596202	0,920290757542714
AAEL025455	1727,64598139859	-0,145409421820763	0,15513564772727	0,945720874066402
AAEL004444	637,747546965583	-0,178952168310282	0,185595894478543	0,915618815071729
AAEL004422	275,35945843261	0,0660480347394022	0,193599131071278	0,931259312762158
AAEL004417	887,301248353151	-0,0286937600139529	0,15564124107291	0,950866320935503
AAEL004430	338,098840018056	0,0727342525981893	0,180608925379866	0,939266270641119
AAEL004427	665,191330021136	-0,042030156359451	0,156557870179875	0,950391869053483
AAEL004436	874,403389422399	0,124451795786263	0,19086142950732	0,922973813611497
AAEL004448	567,367778519409	0,420562593482668	0,336708595219867	0,506195516472322
AAEL004420	184,880923147882	-0,0598220716418662	0,211441923697605	0,916718446325119
AAEL004439	338,69939369241	0,110949206922516	0,185957527428548	0,92978559118281
AAEL004423	4992,76236873645	-0,212116263901285	0,203745701048043	0,876043026575006
AAEL012942	234,152989355707	-0,024094888206452	0,19248569205025	0,937942848723577
AAEL012950	2413,92487183747	-0,0693302764197516	0,160887318416851	0,948363156632135
AAEL007794	99,6778448139889	-0,274520089650534	0,283834711403823	0,683982610780436
AAEL028096	19,5563518306499	-0,276971561474028	0,53982793250271	0,41987174596233
AAEL013032	551,841409111996	0,662166576078365	0,53320731611806	0,267755663900673
AAEL010074	44,8401404925719	-0,017289937260997	0,224977855534095	0,912897925291253
AAEL010073	1131,54540156562	-0,174387937309986	0,183989243182202	0,918480385932799
AAEL010077	328,474207161619	-0,129082959569383	0,185980115860191	0,926783597918345
AAEL010071	126,057761901723	-0,0618502672179705	0,215241206981242	0,912329624959845
AAEL010070	154,089695354485	-0,0318361709362427	0,210545682467934	0,923546942262667
AAEL010067	91,0294043408971	0,00915734323668425	0,214088298483103	0,924851643005561
AAEL009680	1827,34049394411	-0,20234930267735	0,23159618942307	0,82505023550665
AAEL009685	334,346868339743	-0,168446131616013	0,231864151791279	0,843245089284129
AAEL009691	6763,6955047013	-0,246794945043369	0,316428522988483	0,648041084671459
AAEL009686	300,671942944026	0,031727668592054	0,162807575142075	0,949473465719797
AAEL009681	436,413855694338	0,780424355849074	0,24323826526812	0,330440306497546
AAEL009684	3436,28097361315	-0,278975903464211	0,238382143432849	0,766788279373038
AAEL022514	32,9585211391955	-0,0552380911449829	0,24360617489883	0,876973973738335
AAEL009679	259,011837724354	-0,376466988783208	0,367712127520485	0,500030642889812
AAEL019595	817,000381730999	-0,221796114540335	0,188025368847367	0,898783674753634
AAEL009547	636,404218229874	-0,00300477583147586	0,151396459452053	0,951846104829614
AAEL009544	73,8526145602452	0,0790099615392778	0,204389130770125	0,919457677932402
AAEL025080	18,9051915373915	0,0216411457152197	0,24133189170465	0,892426505582338
AAEL019673	57,315025093373	-0,0460268057517546	0,234394900785697	0,893605724565903
AAEL004478	85,3113051202505	-0,0278713518081094	0,197329473408493	0,934128165706679
AAEL004465	109,159907036983	0,0753835740956106	0,205105883972404	0,919519526369789
AAEL004460	1421,89931329628	0,0280533418077781	0,16508345876273	0,949144925571548
AAEL004467	1002,15481223931	0,00805496357142554	0,149284018105053	0,951912389901403
AAEL023428	9,10701675512457	-0,0147012335777768	0,267668422891319	0,857086915893449
AAEL000175	4973,38469566548	-0,157385577493287	0,188730160521782	0,917673552258261
AAEL000176	148,746032081078	-0,17025325067434	0,2196137012146	0,868288206333578
AAEL000170	214,434654693318	-0,106563767994583	0,212151573871162	0,903676307193122
AAEL000201	309,75819078278	-0,0954853289360944	0,20181809641556	0,918174892015194
AAEL000173	197,970258529232	-0,0567309453055431	0,199895880079712	0,927901770190477
AAEL000179	815,159635625915	0,123616336232837	0,149981126962224	0,94880708413815
AAEL000211	996,840493010372	0,0416491984032959	0,202569429149569	0,928247299114983
AAEL000193	1716,22338014878	-0,209145243684787	0,150158801821966	0,941950741393326
AAEL000208	763,023407870037	0,283612925161165	0,19453159145452	0,857320245019451
AAEL000199	855,215692334091	0,0105994300136577	0,143398976559527	0,952180079645472
AAEL000180	188,178992058514	-0,0297319551600459	0,182150419645497	0,942967929145564
AAEL000182	242,347286367584	-0,198853843957703	0,210400773682004	0,871326986113872
AAEL000215	163,478366501012	-0,0747779841649315	0,231559683644872	0,887121072101152
AAEL000206	162,414052869668	-0,369655855892901	0,29504200538796	0,594267016972681
AAEL021082	71,5224720695237	-0,19389967373476	0,278168395134795	0,745728082658647
AAEL000187	190,456360086041	-0,091461751751169	0,220917776717306	0,896749747405149
AAEL000174	105,581149963261	0,0333479234024551	0,188190910347344	0,939350622847515
AAEL000194	1626,05442649251	0,218636890201607	0,171788549846559	0,921059243491035
AAEL020695	2030,18874632671	-0,0862469148573313	0,153412167980099	0,949526999900349
AAEL021262	31,3755319416724	-0,0431421374679515	0,247187864907535	0,876277080659228
AAEL018036	115,171751571823	-0,0970090976206593	0,208672861829301	0,910746876919874
AAEL019858	70,7212174879937	-0,0188042531811187	0,205448699939036	0,929663070938103
AAEL000165	830,572712765067	-0,0557349037450993	0,216630641947853	0,912344289369061
AAEL000200	1476,08558596914	0,58585357857936	0,243395124662887	0,501363288572869
AAEL000172	3857,56915148448	-0,141204136494146	0,17680553028358	0,932245884199371
AAEL019940	1266,98076060498	-0,101777956748652	0,225662308063113	0,886041210661222
AAEL000178	231,19241417334	-0,0706226822737637	0,168331425697701	0,945838689185135
AAEL000184	146,440052006667	0,526084564315129	0,253983760969834	0,537802613274358
AAEL018225	1142,37904561313	-0,228132887967862	0,187146809120259	0,897697007300754
AAEL000191	1441,83668275786	0,228127098359319	0,199376499662998	0,87633545630483
AAEL000196	115,170737304916	0,29824056474421	0,29615295041474	0,645704869478061
AAEL000185	5545,28497223742	-0,115108756531987	0,200737310669795	0,914961551828634
AAEL000204	1438,9711549991	0,012012524925256	0,151782202086154	0,951681817681602
AAEL000210	601,872212099184	0,0132094193818921	0,176311508988344	0,946719808401924
AAEL000186	810,669012274988	0,237547480075168	0,207263214192619	0,856500241730192
AAEL026817	982,882042357407	-0,047810577353419	0,18388599626798	0,94026326550383
AAEL006474	908,123792267792	-0,213025998211495	0,200846549478894	0,881157824647722
AAEL006464	177,814137807544	-0,0240530528014671	0,2259159199061	0,910211648961287
AAEL006454	30,5609675548653	-0,0478516240566236	0,238004609543583	0,887436219356266
AAEL006472	3046,49895530671	-0,0417521902148346	0,176021887067139	0,944817746597414
AAEL006469	737,538968750031	-0,213451682089571	0,237732838828939	0,807180776047665
AAEL006457	106,529714839595	-0,0190272864290161	0,195425735982514	0,936683114151592
AAEL006462	293,370587630076	-0,0908531150260864	0,177020210759513	0,939322531491768
AAEL006460	587,486739462309	0,127474957869403	0,156799207480215	0,946425653438048
AAEL006473	1760,72360121502	-0,0190017153917249	0,172206906741109	0,947661737331828
AAEL006463	162,326804627983	-0,0648546754667911	0,196441472365039	0,929130366576683
AAEL006458	1233,20770921821	0,108773512798327	0,170567987994566	0,94110254610487
AAEL006453	157,224830064847	-0,193250277476817	0,201061769965899	0,888608439006182
AAEL006459	251,257766000619	0,103530721612344	0,190492712690173	0,92754288026274
AAEL006467	202,471136352208	-0,81598122418348	0,458813915616036	0,219013361362875
AAEL023398	135,654050127463	0,0197954629979066	0,213474059298151	0,92324458777603
AAEL019710	172,385065778983	-0,200301381361804	0,275828990650631	0,745973247965233
AAEL019832	156,268615041372	-0,0956376776073637	0,179829017932613	0,936942171380113
AAEL004951	241,70790977335	-0,205290261319306	0,209274039162308	0,87027626908181
AAEL025911	2023,31424147758	-0,113518336004923	0,140877850301858	0,951068196168542
AAEL023019	1736,54173753703	-0,0188387998172112	0,173300735592249	0,947367347784916
AAEL021854	23,8160367516283	-0,0187996814994882	0,244948999323492	0,887749613034425
AAEL005849	8350,24751955762	0,127557154320274	0,185298860149582	0,927622941990594
AAEL018354	2425,4868305572	0,0568093190019061	0,185401931281553	0,938380691814771
AAEL005856	1072,7152581682	0,0167235277516129	0,156100291451771	0,95110015983276
AAEL005845	5881,63089875919	-0,0104855725677962	0,188738958654918	0,941470942480235
AAEL005861	3977,80610204508	0,507711547478436	0,420907374199548	0,382960866610123
AAEL005850	402,50041235537	-0,162321128575672	0,279053761322238	0,764069670589826
AAEL019982	1258,07742234668	-0,134752683778483	0,16246145122857	0,942955511984497
AAEL019981	64,6719633923681	-0,0387424233294583	0,235248433524985	0,894907101657943
AAEL005854	75,1306831648353	-0,0115556924491164	0,218737721427681	0,919949820442698
AAEL005855	45,4871480624198	-0,112504691578074	0,278968688616309	0,789566075973989
AAEL005843	4566,3255672005	-0,220402270722311	0,244003001275966	0,79189995248485
AAEL005846	658,647468174351	0,250932285277215	0,201211494053236	0,862122707141092
AAEL005868	546,782648868981	0,318718328492617	0,258830840317556	0,696470180455879
AAEL005851	324,416095665387	0,0358554522231311	0,186829323025881	0,939858759545108
AAEL005858	129,389527304273	-0,127352697043214	0,200089627415789	0,912519880457986
AAEL021191	110,962557802468	0,0209989639600977	0,221755452215484	0,915209221678412
AAEL005857	315,004358661758	-0,0024141781537613	0,181915554502728	0,945370029132979
AAEL005863	712,402302292884	0,0240985021791258	0,171185557514504	0,947708743050804
AAEL005848	373,452868857492	-0,12945744034499	0,164289000272336	0,942504864714056
AAEL005870	572,295477869273	-0,0517697050253332	0,180732880913518	0,94152319466551
AAEL024112	286,304184408314	-0,0234943670835367	0,18678114490023	0,941181878062625
AAEL019450	817,456460138657	-0,155011710979314	0,175533151432877	0,930942246488206
AAEL003469	730,57665638444	-0,18114055481433	0,198678830346069	0,897537000610312
AAEL003478	71,9039749964661	-0,0188376315612004	0,213002615931708	0,923846924254871
AAEL003464	54,9956867993088	0,0460484374838045	0,213945338668813	0,9173228572954
AAEL003481	258,761193031109	-0,0517586998351573	0,175826352030168	0,943998004256517
AAEL003476	181,388809565573	0,282353406069696	0,265839404244463	0,710267518786923
AAEL026652	1741,40674293835	0,421801963968021	0,311251623482566	0,535075495206698
AAEL023611	1139,93382961636	-0,0041615582192567	0,153746199767114	0,951619362271033
AAEL003456	171,892689487133	-0,0276243147956613	0,177502633353804	0,945301599133418
AAEL003484	111,929015874043	-0,0157946093659789	0,189313942086149	0,940601831754484
AAEL003471	201,640054507884	-0,00350350356492315	0,195683011285464	0,938445835967502
AAEL003451	161,068111138237	-0,0988906965192678	0,195088816748802	0,92446166559544
AAEL003474	54,7043384676446	0,00377489598799132	0,219559460844906	0,920712867107687
AAEL026567	20,5490415407885	0,0257644729096914	0,241974768734406	0,889872324877488
AAEL008583	209,242491003643	-0,103473428050199	0,22139022181664	0,892116504778225
AAEL008577	288,104648028409	0,1294342183706	0,212199794364151	0,896012242098693
AAEL008578	1806,56842982582	-0,162685931041116	0,177337768411497	0,927971141923073
AAEL026522	340,977970580883	-0,088479021773081	0,232048432485982	0,881854276117431
AAEL008576	101,979029301926	0,0388479568516934	0,209612697642841	0,922871780143221
AAEL008582	555,975249439296	-0,0697222775042327	0,211382063320633	0,914601241845704
AAEL008574	1926,54216763574	0,225131492532892	0,188828849635085	0,896094706814102
AAEL008579	1482,58112314341	-0,139939275055434	0,213021602917237	0,890835700060819
AAEL008584	353,278685114753	-0,0743978025596171	0,176146182712544	0,941679392941716
AAEL024756	34,6951288395807	-0,328661789437831	0,422682105795912	0,480265794171521
AAEL008580	1047,173557049	0,207795133731215	0,221401686972366	0,841826750004077
AAEL010200	357,331423268902	-0,0648686424237364	0,177776497124365	0,941821843452311
AAEL011865	970,620406671919	0,06269322026793	0,149177566776624	0,951040765464812
AAEL018227	74,7701054108691	-0,139149883693086	0,229217940915976	0,866033246439314
AAEL011866	154,475706414503	-0,0201977087943505	0,191727831913691	0,938890891096083
AAEL011857	379,619595379732	-0,153522871705854	0,224285261438712	0,867989720805387
AAEL027686	799,272431286075	0,0628884814661949	0,222641148213174	0,903605438201904
AAEL015347	122,825678648972	0,0215755821899169	0,208209033121062	0,927291541870258
AAEL009542	353,683656924375	-0,0514625928133501	0,174830040325945	0,94448451353424
AAEL009539	1280,06451839905	-0,0321997840950401	0,171565901926251	0,947128374019141
AAEL009533	501,159865540517	-0,228965126582917	0,197034235786016	0,880643668749333
AAEL009541	194,671374137013	-0,0814854286427528	0,193537071607609	0,928744896732155
AAEL009537	19,53840540684	3,80000344789974	1,0419957747381	0,000566565129686604
AAEL008380	34,4304617714167	-0,0582170784045384	0,263492877151487	0,841059765791042
AAEL008389	4360,80972683531	-0,0960860158188033	0,164458076907575	0,945546016712139
AAEL017543	372,712912990761	-0,0138004659124807	0,167968058351287	0,948981531803754
AAEL008392	181,128047990061	0,0490721467974619	0,176816306948172	0,943799799122695
AAEL008391	254,003052072474	-0,148594340828992	0,177801020309392	0,930113341834884
AAEL008394	510,890591048449	-0,0266199833027934	0,181429649621175	0,943624457036555
AAEL008393	627,810697265204	-0,482444336286952	0,217224413707782	0,649197872183809
AAEL008379	887,344959450403	-0,0689538886709896	0,150544817592171	0,950681347085879
AAEL024654	59,1251049972404	0,108647607407353	0,249487520221536	0,840963369695234
AAEL018155	1323,07589565257	-0,224556701246582	0,271602720312562	0,738018480391376
AAEL008386	156,520594332232	-0,490264651711213	0,330151188291544	0,46718781053743
AAEL008384	29,2543407055874	0,105801663295175	0,266934052361604	0,812350541591839
AAEL026031	83,2016913357152	0,157921196769392	0,259308364103215	0,800438737797624
AAEL024038	49,5960711004747	0,0799752905312863	0,249985826182809	0,856891891533777
AAEL008376	70,2971292488361	0,352510681119191	0,320112596209278	0,569771856531954
AAEL008382	810,489640966746	-0,187154264277524	0,189919458248618	0,907501614589347
AAEL008377	444,588317861657	-0,0980727811282254	0,21040030169155	0,907891795746759
AAEL021790	143,612462326698	-0,0406793631943839	0,214496594833046	0,918008458362982
AAEL027238	118,248714035841	0,0965558693520828	0,201210529431743	0,91859435893974
AAEL008390	897,870551534127	-0,304893627248381	0,225176156756539	0,775258390057864
AAEL019907	1291,46089775692	-0,0200882629378411	0,195094006164387	0,936774788809202
AAEL021572	89,4484943933774	0,032625734027624	0,230819781970447	0,902656486696927
AAEL001949	71,0788555038975	-0,10802210082883	0,233907665216815	0,871861655472196
AAEL001936	62,6732309386603	0,0576636546122319	0,215714261219356	0,912926870393985
AAEL001937	557,209602125118	0,849586195947011	0,304868374825516	0,23834145021256
AAEL001920	215,694408879078	-0,129747744755773	0,214147696480782	0,893259029037082
AAEL001952	549,771829958457	-0,0919641462837092	0,160867971238184	0,947165690143705
AAEL022452	90,9563773974768	-0,114266710225588	0,209116102740187	0,905054931365503
AAEL001939	1932,56930375481	-0,0457515865405044	0,169462508571752	0,947048233127912
AAEL001950	216,125072230505	0,00667357916206659	0,185889409302998	0,943258184162565
AAEL001938	73,5983253501249	-0,00898896589134122	0,228641356321293	0,911140363156774
AAEL001918	887,097719251905	-0,400573103492339	0,245737324319393	0,663372124148132
AAEL024577	8,61319825732899	0,0695264815406412	0,279924023425356	0,809282344923749
AAEL001928	2257,67628099941	0,846447630673882	0,216675929515267	0,288846950585394
AAEL001951	289,561148056675	0,0282114455772061	0,213876574927665	0,920916282990715
AAEL005961	7068,42535222724	-0,32627536291051	0,207889221515031	0,79914125967999
AAEL005964	120,809436676832	0,102187806575464	0,215983011707264	0,900266804534793
AAEL005959	56,1029543134392	-0,223696513243852	0,291990699704586	0,701603629172516
AAEL005957	89,3852108969282	-0,226919361614928	0,314371675106447	0,667159529678406
AAEL005969	21,9465441472733	-0,0272134771245734	0,248648805361676	0,880562079453551
AAEL020917	13,7918708404168	-0,0307436659090373	0,265441784158296	0,852296375536288
AAEL005966	31,5069970321315	0,0214894419876068	0,239424574747191	0,894949231179149
AAEL005956	345,542552449817	0,0130339005166265	0,225702419243331	0,913157740642432
AAEL017498	36,1808339480325	0,136910094175808	0,254024498661988	0,819265230817061
AAEL005955	30,0413095095658	0,110722145036059	0,258953327839318	0,824229690488941
AAEL005962	556,96812974238	0,0185574354132842	0,16253897772859	0,950022824307063
AAEL000504	65,1447720320148	-0,0882022507732247	0,217133358089449	0,903088504060419
AAEL008193	18,2077593248529	0,330597036526366	0,588781867817055	0,378611421959049
AAEL013984	3417,44724837366	2,72314181117819	0,541745478162471	8,86494910138891e-05
AAEL013989	1763,40524195974	0,0376094772287694	0,177399851271057	0,944478631413286
AAEL013987	3222,89248084128	0,118063060034268	0,215279018616111	0,895577146481467
AAEL013982	1549,0600380609	0,0698854031480659	0,164590831617786	0,947245476162627
AAEL013980	809,44487605728	0,443281962303673	0,265976618149795	0,583959961823954
AAEL013979	315,264940182064	0,20434624811873	0,203850680711314	0,879684806402165
AAEL013990	209,231663245682	-0,267393099832367	0,321463441873045	0,625616554929534
AAEL013985	605,25610863609	-0,28564272017858	0,226871165033035	0,784473375865819
AAEL025762	527,46984557091	-0,422524574793472	0,276350644932085	0,582676809000194
AAEL018029	42,9993822227612	-0,0386381498480348	0,223778825450491	0,908630517473134
AAEL019515	89,2028613104612	-0,0118095903263525	0,215728451846075	0,922575492588999
AAEL006385	3995,79683308067	-0,0110457234925131	0,267072330965788	0,859612349121348
AAEL021244	73,3506431074388	-0,0900264864984536	0,229756290431736	0,884356629672915
AAEL006389	5918,45179715383	-0,146549648148183	0,251015971448084	0,819761850954508
AAEL006386	392,058700772683	-0,102731323879651	0,172244000504265	0,940823191022644
AAEL028653	18,400905819809	-0,197164744284143	0,362751705085112	0,612366912935628
AAEL006390	1620,04574528823	-0,106030807884049	0,242692334058299	0,857514104861692
AAEL006394	80,6428201986703	-0,0700150253720383	0,243686594167211	0,872018067373721
AAEL002853	210,893467388668	-0,079684067604853	0,204567995621445	0,919034574569061
AAEL002848	1555,90044457417	3,26253670089753	0,423846401878062	2,68539395917232e-09
AAEL002851	10980,9661409755	-0,0222772620109354	0,213535581775594	0,9225182530645
AAEL026409	27,9484325534866	0,0658505829360576	0,261778516899217	0,840333937695066
AAEL002835	1724,13623973744	-0,0423003093972272	0,145618554670759	0,951823969178632
AAEL002828	364,59102166307	-0,0684173007111207	0,184993076719723	0,937086017478905
AAEL002819	300,998306313678	0,0326577495004015	0,166644689544261	0,948495116317498
AAEL002850	304,992445698985	-0,0683535912631796	0,189354715278272	0,933945489419672
AAEL020169	6,17867481725609	-0,00679056457477693	0,260181106569188	0,87211173179396
AAEL002840	484,88870524736	0,207857675035176	0,18451139322277	0,908390935151735
AAEL018288	11545,3150657709	-0,0568596957089131	0,196402142219375	0,930502626374937
AAEL002847	58,2636435479289	-0,125889071724599	0,243182540593779	0,844176620228926
AAEL026736	981,8450502418	-0,239265772010731	0,209955042428528	0,847218290508738
AAEL002820	242,572261527462	-0,107669132989861	0,244542010502007	0,851879149682396
AAEL027376	125,486292876391	-0,0325607543930414	0,220129147926929	0,914279951894824
AAEL002838	43,0757185018174	0,0111616926460954	0,223330616671343	0,915822131633942
AAEL002854	138,932523294803	0,229030960145667	0,252767136371915	0,770751724602943
AAEL002822	140,270097389818	-0,220531028937526	0,215078385937628	0,847529249734248
AAEL002836	571,400912750099	-0,0730198456396898	0,19599813599779	0,928217812163468
AAEL002849	82,8353054794953	-0,0925846158464288	0,21740332307245	0,901299856346604
AAEL002852	122,084316925794	0,0727588100688269	0,232650540787869	0,886485458142845
AAEL002825	1690,77174351387	-0,0627010833507807	0,18576984586621	0,937281799348189
AAEL002831	136,460186845346	0,446452778867019	0,27984106163634	0,561111641877288
AAEL002833	21207,8918446093	1,08428839913864	0,348609978769373	0,102422092237287
AAEL002834	2377,36595155216	-0,180057604761998	0,162664652834501	0,937184060960349
AAEL025743	15,621959265404	-0,14724024517084	0,316514886241619	0,709151880352762
AAEL002843	932,868887605243	-0,145704644264723	0,198580483100337	0,909137462008279
AAEL017395	2390,35881179199	0,0485620706536637	0,174633729886767	0,944893187649057
AAEL002846	408,511052327097	0,19191007060966	0,192676206675645	0,902764851577843
AAEL029007	1509,50831175961	0,107747473792305	0,161929712164592	0,945743354541836
AAEL002832	37830,4421799543	-0,0528644928291143	0,207682429534251	0,921590773646626
AAEL002827	21113,1149173096	-0,195800786390231	0,223326557629564	0,844913925576676
AAEL002844	320,750297789347	0,0118285399347863	0,165679233591564	0,949609511774607
AAEL002837	314,862143399707	0,0493518937955365	0,180791188514821	0,941776593831328
AAEL020083	19,7437573495317	-0,124208149325882	0,271694506493963	0,7966528119279
AAEL013675	2337,28666001223	0,0149335158410835	0,173504030118511	0,947525467087238
AAEL019556	3230,97386944006	-0,121765064821386	0,220950883593975	0,885518509500808
AAEL005384	2272,40619382072	0,569964398709461	0,257653700647663	0,495997652711387
AAEL012920	102,753695219774	-0,274809284071301	0,271146047500333	0,704107199505276
AAEL008861	86,0781605592616	0,126686370490837	0,274126239784147	0,790572663406545
AAEL008857	368,932396301122	0,353804784951936	0,314764362030399	0,575483916420369
AAEL008876	79,7934813858891	0,215648707108991	0,286348671657236	0,717696323153863
AAEL008862	2933,2179188952	0,265535390071721	0,197130376023555	0,86255642994205
AAEL008863	988,94347347291	-0,125491541489789	0,217156876471738	0,890010989109814
AAEL024566	233,005303545976	0,1686614587792	0,201773367440587	0,897336287199551
AAEL008874	407,883104305902	-0,0529421318473177	0,15611348003605	0,950151190338683
AAEL025249	512,540211883284	-0,0716670099137708	0,159590324725291	0,948581033594464
AAEL008871	1991,78476184561	-0,0406823186072251	0,184575736843151	0,940574887745584
AAEL008865	114,723367900463	0,0407374806809227	0,203461168901893	0,927812381396757
AAEL008867	246,441480128264	-0,214082729944803	0,185518095796442	0,905123686526771
AAEL008860	99,9694938451687	0,101772585759893	0,213105494248747	0,903800077658366
AAEL022731	225,606345019995	-0,251863636806353	0,281182841477934	0,701771817162133
AAEL027868	442,373497418183	-0,224937695944818	0,250205849624	0,776500382794755
AAEL011231	91,0466568573876	0,00129333025097078	0,202674720921102	0,934161271080342
AAEL011233	323,799980680267	0,0624723916698724	0,207881271276304	0,91959361925231
AAEL019704	524,437485834997	0,0605842657919408	0,231451403476783	0,892844383670335
AAEL006779	209,202510115263	0,11613810702694	0,20984381357903	0,903711702642409
AAEL006776	2068,79004093198	0,0068134873701597	0,184259762335497	0,943956077654698
AAEL006769	281,271610733968	0,0393953974502916	0,182215303696927	0,942040630638314
AAEL006762	94,500654722501	-0,0473190401894861	0,207334710829394	0,923401662066725
AAEL024260	258,880016956403	0,0109853250763017	0,221634300234011	0,917466093018146
AAEL019697	708,691051510776	-0,188114836607398	0,300674826312814	0,710584709436042
AAEL024883	16,4067463270593	0,091779369198197	0,259384905051007	0,832105147278867
AAEL006774	396,121525894238	0,380753337541424	0,344119532071003	0,524699749264723
AAEL006771	384,402129333789	0,356838970218403	0,20095819455234	0,793047668082244
AAEL006780	509,993069215326	0,0127713185045113	0,162569152043086	0,950174889496725
AAEL027722	1001,0431139365	-0,080455564813444	0,172172168605958	0,943215142074376
AAEL014177	592,90593582645	0,197610315418876	0,156358752636401	0,939231054598758
AAEL012496	47,9517478113507	-0,172376476144403	0,280067836909869	0,755863396669751
AAEL012500	1375,00371074549	-0,059916387598512	0,143746206365984	0,951761880949679
AAEL012499	2168,75061788289	0,0611958788876	0,242339511456965	0,876626510445571
AAEL012502	603,733915274816	0,309334315336182	0,254144853771304	0,713253505322088
AAEL022123	42,2059803282968	0,0964955671115633	0,249637048059817	0,846637418792969
AAEL012501	362,135926988985	-0,0743991351598694	0,169246110619999	0,945192900336507
AAEL000770	2253,16073853363	-0,143260991239126	0,199931886943528	0,907794559321871
AAEL000785	146,45909990846	0,010986571190407	0,195225649973112	0,937832414002671
AAEL027504	2747,50671688597	-0,444328848231472	0,203175844091732	0,717091651224444
AAEL000787	173,080716784914	0,112748592866857	0,201973210811491	0,914153570770823
AAEL000791	858,324772053813	-0,03879533699647	0,178197088378197	0,944003988650758
AAEL000769	219,196446766444	0,147335070218652	0,238811776214394	0,840479632815732
AAEL000793	2399,07454647059	-0,182250025014246	0,235573358845514	0,828257451585025
AAEL000755	65,4428693186859	0,011759453111204	0,228330049621725	0,910792456898053
AAEL017512	988,595370649761	-0,0172993462008141	0,158330316641117	0,950741616166918
AAEL021817	37,3384879201639	-0,0876969065525813	0,247555978737095	0,857746043120785
AAEL027050	2635,4019646368	-0,0664623449616954	0,140034272739041	0,951947667377852
AAEL000788	203,701593707702	-0,0645132973250136	0,194728995711243	0,930603866279153
AAEL000776	3949,34995235219	0,0803175460475786	0,213702571439224	0,909279028332795
AAEL000781	55,8058065056046	-0,302059340842745	0,406730724177881	0,505323211419284
AAEL000758	8138,92839747501	0,0337410128327841	0,149556277307693	0,951561223216694
AAEL018129	181,715542465376	-0,104538091764363	0,190241095939981	0,927582933253809
AAEL000782	157,267862030293	0,00351908637672791	0,175069884277128	0,947609409540911
AAEL021291	1223,74385624514	-0,207226138589932	0,166082130526638	0,929577998466946
AAEL019580	1598,61396107577	0,131400956393231	0,175571330498247	0,934678326048546
AAEL000753	3231,29955208535	0,000821196903375227	0,193929232899881	0,939609240111595
AAEL021793	473,136416267432	-0,142574100058228	0,171052615044909	0,936491268852921
AAEL000759	1268,32710127204	1,02608958431913	0,302199501184871	0,122796732682043
AAEL000760	144,994259687529	0,349037839275581	0,331945634643566	0,554668079151173
AAEL019835	33,8554393925519	0,0695303808584664	0,254380576027227	0,853329234203262
AAEL000786	1104,74015585171	0,591902837979044	0,646625475753332	0,265516311948573
AAEL019834	320,377352405276	0,15612334358381	0,233129892348458	0,846771857234937
AAEL015607	224,036962375455	0,000946410627651912	0,177832721505051	0,946930252707783
AAEL000752	977,013318076762	-0,0263042163052919	0,188157748767979	0,940174605144991
AAEL000780	121,084365995305	-0,231105027488593	0,23683141287861	0,80021098693621
AAEL028237	1643,36332054805	-0,0782038456347102	0,183497289708074	0,936782416382791
AAEL021888	23,0269496805139	0,00839466979220662	0,241069024076062	0,896851352449491
AAEL004653	827,688568058271	0,0401925749103623	0,172581873757421	0,94638179846349
AAEL004668	1477,74688727988	0,245565281828534	0,201522288843289	0,864684781895818
AAEL004675	1117,51408090348	-0,127433550024393	0,187722698727744	0,925492734513047
AAEL004665	22,7322684345939	2,18246442192525	0,656236720642462	0,00632633150131822
AAEL004669	356,085023573552	0,00321118084016784	0,188118407532307	0,942492245074678
AAEL004667	530,02787609031	1,51128687929464	0,47496696311058	0,0297824812958267
AAEL004672	105,323678987246	2,2535653842812	0,540206602417452	0,00147362437682186
AAEL019898	1192,00140132485	0,120533313329317	0,216722419904008	0,892690806696064
AAEL027866	441,664395050932	-0,014681407535888	0,163947847871592	0,949865031849197
AAEL004678	129,697420912513	-0,106112313469116	0,198495085167135	0,919259122610382
AAEL004663	338,80038329112	-0,0756274846193657	0,201130486935359	0,923446422434502
AAEL004673	129,065155005964	-0,0964231051594689	0,235337996708362	0,873713763185141
AAEL020586	129,010966493662	-0,118954396073965	0,220038925610604	0,88772556772175
AAEL004676	588,623272269729	-0,322805654034617	0,244630261578113	0,722880513766504
AAEL004680	174,276350832595	-0,0922276295861762	0,20436454657549	0,916452894191997
AAEL021879	63,7198322341644	-0,0351483484742119	0,226710620424261	0,906377937647222
AAEL006637	319,019784058415	-0,0245479677900344	0,178210903676976	0,945255883814532
AAEL006634	1090,99922253525	0,150506246874662	0,218679742077169	0,877862598238275
AAEL006633	742,600993018943	0,156267378047688	0,190191092362485	0,916212445425059
AAEL027342	377,778614293033	-0,121122871055138	0,161031540250834	0,945003077339196
AAEL008269	88,6105694387293	-0,17347076402947	0,294526797524475	0,727881099120374
AAEL008278	306,736826199725	1,36654050239463	0,227989420872423	0,00987333066913757
AAEL008281	36,6526324490913	0,374091069233743	0,403986463790396	0,4676832577116
AAEL008279	32,62712260872	-0,101810712819489	0,251431360632724	0,840915127972455
AAEL008271	47,1719793742117	-0,0181700790333479	0,231346333317063	0,905636194264284
AAEL008275	101,942345074224	0,140846230615732	0,228233493360368	0,867018673679187
AAEL008260	151,215918893929	-0,135983362709302	0,217716139870347	0,885016223937573
AAEL008276	80,8464159071286	-0,110490384693138	0,229842267176435	0,876218649921061
AAEL008274	1827,64822631974	2,01209809060473	0,355645875447255	0,000290051221185461
AAEL021941	208,855219123782	-0,0486069164044979	0,18102469878998	0,941711829278324
AAEL008280	552,480758299778	-0,019341119878588	0,267688968760272	0,854347756812901
AAEL009551	54,4340869265756	-0,0364260365811109	0,23639804345446	0,894142952193147
AAEL009554	55,9867993847801	0,16886422240287	0,256628886721181	0,798987507122534
AAEL004000	126,247448388552	0,120423256927317	0,200026663594849	0,914447882410145
AAEL021897	10,2116110786402	0,106809250679967	0,299447965616584	0,761179316258123
AAEL003996	38,5115669957963	-0,0946248123957025	0,24048658159203	0,867086100333746
AAEL003991	448,175629998198	0,00956813570666228	0,178941556992234	0,946039472483224
AAEL019886	346,529800952855	0,0358820077392359	0,153954701630875	0,950962877856342
AAEL003998	187,65794230185	-0,0460197600167871	0,181517584353115	0,941705344897753
AAEL003990	914,663513325415	-0,0564209440573271	0,156575818031206	0,949960782359628
AAEL003992	434,040299197162	-0,0747775890638051	0,183292534293106	0,937349286409791
AAEL003995	243,246570680243	0,0332269748962123	0,185301555132941	0,940969849551423
AAEL003993	2071,152140661	0,0397878717851173	0,177977182803324	0,944021934162051
AAEL003986	214,767186813054	0,478229151347036	0,341093002854661	0,463194560857652
AAEL003994	281,412539165661	-0,0572640065849994	0,166481842071308	0,947383202583013
AAEL003989	583,394951642729	-0,151263339351205	0,222945000165637	0,871232169596719
AAEL013731	1119,13994079951	-0,121107846174011	0,192588469744573	0,92175468191823
AAEL013729	1921,95727084963	-0,330260619724098	0,177997023113181	0,866680511990434
AAEL013730	46,853544029311	-0,0950022323740194	0,237365830946839	0,871767624797374
AAEL013728	50,9445852374424	0,124087719167536	0,247389601673945	0,836704936466494
AAEL013727	33,7818464838546	0,0161920998182775	0,233840310988223	0,903498939080127
AAEL007719	58,1561797440072	-0,138224578198123	0,244507009347346	0,834017784850816
AAEL007725	594,964301117056	0,635307446781522	0,278953662653984	0,41358529512832
AAEL007726	306,003375918724	-0,044451089548178	0,185410744420631	0,939664867636592
AAEL007715	21433,6921350851	-0,021754084564667	0,199669327085535	0,933382862694647
AAEL017004	402,691089590949	-0,0647996319921567	0,180283310903382	0,940399154098005
AAEL007718	7101,37316680346	-0,170794705378656	0,208842006357353	0,885217665759625
AAEL007712	1266,95490388849	-0,101161572358567	0,158354694070119	0,947514955363266
AAEL007713	365,710006931584	0,237327482275985	0,184735082293388	0,897955955680634
AAEL007717	812,890809792648	-0,0737564063634065	0,152893087514247	0,950122721572838
AAEL007716	23,4057632763519	-0,00735864723243098	0,249071908659505	0,886460868569635
AAEL018146	122,209933842459	-0,0485514667921307	0,200268655024685	0,928928516355826
AAEL002578	2732,45140545515	2,14639373712351	0,243469194874571	1,08795504536819e-07
AAEL022432	24,4465697762534	0,0575439859660521	0,241412178238116	0,879767597464774
AAEL002623	1,91727925069511	0,0166025294442617	0,263598661740573	0,863130504851844
AAEL024510	13,7096628980653	2,17484269898659	0,797674185715239	0,0125965551537828
AAEL002579	130,470386461435	0,0958870063382996	0,209702654022826	0,90966996407116
AAEL002607	246,697460279909	0,0263803530144879	0,219003199674502	0,916652216657719
AAEL019699	906,870901801928	-0,101333816093872	0,15890444981546	0,947282627230225
AAEL002614	114,294047045255	-0,0427465059692323	0,186592949259557	0,939209905363835
AAEL002597	1337,21843385175	0,567493044591528	0,179277348315489	0,65709028948774
AAEL026160	199,964137766002	-0,00172173631473826	0,176390194298823	0,947335609506712
AAEL002600	5089,75870574378	1,78671794491043	0,387493594840114	0,00370479211686959
AAEL002580	2497,14015330192	1,25663147895479	0,598917072873012	0,0755380559220193
AAEL002601	1798,44022088367	0,881498927349747	0,613761623240756	0,171874414611578
AAEL020706	433,400402430608	0,526441687469188	0,635293865701337	0,298789194538427
AAEL002629	1653,05181155421	0,931644235129831	0,364653226091029	0,169467637304417
AAEL002595	5970,0540919171	1,98363773857603	0,411071890307742	0,00141687601242298
AAEL002632	61,7568070565724	-0,151242988475638	0,227726200021126	0,86270039917748
AAEL002586	437,185456661192	-0,0430871368803826	0,208157705168146	0,923524627340144
AAEL002590	278,580362545799	0,297585350229897	0,284921648441116	0,668816213007555
AAEL002593	3330,08162532329	1,99494146093745	0,411353207657612	0,00128059341417739
AAEL026381	476,841255434404	-0,227952296204698	0,232294434404016	0,809143661499615
AAEL002592	393,656575046881	0,155993670362797	0,290416010326981	0,747192075128005
AAEL002599	174,088485430098	-0,111221129871175	0,275728637760676	0,796574057502363
AAEL002602	34,7031087760993	0,123281856943858	0,282857299180974	0,777069024006714
AAEL002591	23,7498579179748	-0,0693585119551986	0,25094849537682	0,86058290249147
AAEL002617	28,1261534725132	0,0577816649414276	0,249057072225267	0,868881149996797
AAEL002587	1101,42558038891	0,269756855564867	0,235242707617962	0,777916593322516
AAEL002606	617,299713738421	-0,147335349045801	0,217853559910026	0,880779403539272
AAEL002626	689,015927253103	-0,0111881228970292	0,266029085908862	0,861576692310915
AAEL002624	1502,28504310642	1,97955323812611	0,394702300198679	0,00111305653247344
AAEL002585	1025,57096900582	1,50613461851341	0,600550939612604	0,0411029780628991
AAEL002610	9162,06978710166	3,10648923369074	0,537100003248372	8,14990135921128e-06
AAEL002583	159,855651716962	-0,251817048116922	0,252811443578089	0,75665322123959
AAEL027700	361,021785163504	2,86241651377469	0,246309018799868	1,53242245747082e-15
AAEL024136	404,25965146561	-0,154721983871066	0,229825487582366	0,856342980983987
AAEL006117	666,74541161447	-0,0877636611008226	0,199996581560515	0,92166110405248
AAEL006115	1796,53428369756	-0,0674932405541146	0,199488720802963	0,92647541092792
AAEL022718	77,9391775342991	-0,0549543417271196	0,211341331109557	0,917995627740944
AAEL001517	208,153131040679	-0,220877954132319	0,271671449177247	0,739828560421704
AAEL001518	406,370639855291	0,247945589789407	0,184081540433965	0,894843844008139
AAEL001520	1190,00414563484	-0,0800284529335225	0,151935220837622	0,950108474992508
AAEL001511	3001,1597407283	0,298910450118758	0,320566350431798	0,606699349789126
AAEL001507	712,566617888614	0,132705838154159	0,160588332415852	0,944075701749015
AAEL019751	407,615358924817	0,0321658570771099	0,180264262547134	0,943685043283755
AAEL027322	403,039149237641	-0,034618761860502	0,157288092304012	0,950499651691076
AAEL001526	2576,25139520202	-0,149715797513621	0,166552310035276	0,938762345924716
AAEL001532	1152,76533806389	-0,0794253254017141	0,203997577885573	0,919704503165724
AAEL001524	49,5833754550148	-0,00111652209933388	0,233933150389726	0,907042205716279
AAEL001533	59,304524419281	-0,0708323374453383	0,243278575848519	0,872298650424431
AAEL001513	47,635304018085	-0,161612392463288	0,280409378635692	0,762257937004093
AAEL022364	75,0340989180627	0,26171207869599	0,294084705199732	0,675287275232151
AAEL001509	763,437424816702	0,764220159056518	0,269604006655221	0,324356915820376
AAEL001519	55,4933011961099	0,343400600696147	0,421341155944958	0,471613626874873
AAEL001508	218,707546478199	1,02106847286931	0,544812947642051	0,127514569859655
AAEL025552	233,915875720526	-0,27457724750114	0,305003195627657	0,647576233015022
AAEL019682	932,194679681448	-0,419526216334101	0,297969320392464	0,552113324474278
AAEL001536	92,4567506191016	-0,276313929528594	0,303433431417651	0,649888345628958
AAEL021581	105,338512483387	-0,393269711238856	0,284252877753091	0,592736466679857
AAEL001515	420,727343468094	-0,143131822196854	0,196515448955886	0,912432172930062
AAEL001516	1641,48541114732	-0,037323336809432	0,172732252412163	0,946502227268735
AAEL011415	749,514432309467	-0,13617696352897	0,168314686017815	0,939245145915185
AAEL011427	63,185766239467	0,0286915791325447	0,211972291797826	0,922644068496561
AAEL021261	1194,77520661348	0,0285978084829656	0,171390252832293	0,947409606030476
AAEL003537	322,480661917978	-0,0176915354885851	0,186143330802707	0,942143020927449
AAEL003509	891,571909764907	0,0593717361255688	0,192373323558576	0,933050928471321
AAEL003514	2218,76311559425	-0,285649846033658	0,208921269674296	0,82238519934258
AAEL003540	1213,26568694033	-0,102230027301586	0,169256436184908	0,942605622791771
AAEL003532	249,85898792038	-0,241643261227812	0,26080592948467	0,747676366978606
AAEL003518	1478,34215431959	0,100081637622714	0,205727658520704	0,913287068016246
AAEL003526	122,493856978268	0,0430017246119623	0,183500857949367	0,940909940831182
AAEL003517	201,553599419187	-0,0471802060500526	0,198802764485101	0,930262153816782
AAEL003544	587,203215487474	-0,111359297108269	0,168394653873366	0,942136632134001
AAEL003535	686,070723886461	-0,114786237900238	0,173552970839009	0,938633258823474
AAEL017251	2626,12186556164	0,0163952201313615	0,182709036353163	0,943884057239497
AAEL022980	91,8051351597777	0,0488386179746817	0,228621938485714	0,900512926280077
AAEL022456	116,68962346691	0,0806453362625753	0,233726648904733	0,882225920600103
AAEL027012	30,9584611004076	0,204633730339865	0,317627369523473	0,673491538639477
AAEL023921	58,9742973687969	0,494088554175381	0,374537501472667	0,422698526483083
AAEL003542	634,599281493075	-0,0283878444736114	0,189919883475353	0,939018897742145
AAEL025888	779,360602743631	1,17938955796624	0,271222563675308	0,056944688212793
AAEL022564	28,8820852992536	-0,0918837081881031	0,256796558299388	0,835938758978887
AAEL000278	1659,83139271551	-0,0520963641762217	0,189189576037938	0,936414204829634
AAEL000276	2748,78099444411	-0,0727646699102012	0,138830106733359	0,951965286713303
AAEL000297	291,857202447709	0,106337327211955	0,19164189285047	0,926102144734544
AAEL000272	82,6418169211958	0,0272179072929627	0,197444068123091	0,934144722553837
AAEL000270	558,485811844265	0,142211846836998	0,18680689387482	0,923267066386327
AAEL000265	197,192115782322	-0,0156893660056907	0,186340198828105	0,942257778443792
AAEL000294	2975,37645726138	-0,217772916748439	0,300333030715113	0,691879350613293
AAEL000275	1741,64624456322	0,101249009285038	0,177245140092718	0,937964888602688
AAEL000298	55,3123659929101	-0,146606717861635	0,255652826845779	0,810794746333273
AAEL000289	358,000896166741	0,0783166811784735	0,176349831985005	0,941135627079526
AAEL000260	373,336283894042	-0,17177610381246	0,207119501065844	0,887387849649337
AAEL019937	3960,27647538354	-0,0397544199492057	0,181004897798947	0,942630757156013
AAEL000290	158,412083706703	-0,0410652130425359	0,203720319676137	0,927602943148885
AAEL000299	155,120760948832	-0,14032436630925	0,190847244074062	0,919321276222196
AAEL000287	103,581480193625	-0,0272465884119411	0,193719594200538	0,936698411718331
AAEL000258	1228,04937282752	-0,0766354655561864	0,165412363471001	0,946567687973078
AAEL000261	135,209380417203	-0,0813423741546882	0,212079549797864	0,910974312350054
AAEL000292	117,171109339626	-0,115341837099423	0,206725220778736	0,907419910501716
AAEL027755	1674,80747476024	-0,194166679862559	0,194338287077146	0,89948253734941
AAEL027066	216,556496948192	0,111096165227859	0,21431627822635	0,899578839220335
AAEL024341	262,18939567855	0,122137870556008	0,176805346384438	0,935139189392469
AAEL000263	1051,69284024902	-0,110269258278299	0,199867234145563	0,916982315929988
AAEL000279	115,790986663236	-0,049070871406945	0,21989971127441	0,910564090363389
AAEL000301	964,751922683852	-0,242738225504105	0,229525898793967	0,806184185769231
AAEL000291	15613,576740291	-0,00711081516025849	0,188257680162513	0,942079069437289
AAEL019598	557,994089312035	-0,215079776830557	0,218925951670579	0,843104400223616
AAEL003958	27,6471788770397	0,0381014718719791	0,23635279348827	0,893584122055177
AAEL003977	240,388123535117	-0,0807599479629339	0,220784462658555	0,900682608206484
AAEL003961	304,054959086377	0,329539639312163	0,263681986521589	0,682280013465079
AAEL003959	746,889725995374	0,221765114311254	0,237797111831126	0,803426808943251
AAEL003955	3951,70869402386	-0,122119756041377	0,176992071324171	0,935002420865003
AAEL003949	614,025698644841	-0,134700178436983	0,19976723359406	0,910944054604575
AAEL003950	1067,2974125251	-0,0608533251613401	0,180510499634872	0,940729482847223
AAEL003968	1579,93643502795	-0,0565203769552028	0,202149678661413	0,926237371657888
AAEL003956	47,0195288577238	-0,0262313764796597	0,234242013826292	0,900304748629121
AAEL003970	2543,46814233565	-0,171513685043585	0,295263378859735	0,727740675596641
AAEL003964	389,14207805308	-0,0635498055205143	0,184421516879843	0,938133342330467
AAEL024317	48,7224282789172	-0,0101061348042804	0,228016087352825	0,911500514914904
AAEL024394	216,247875177171	-0,0909068984805852	0,191519639878221	0,92879330960654
AAEL003952	2097,29934265937	0,37745777884388	0,21976806238899	0,73351730493654
AAEL003965	306,488493973408	0,152484867920129	0,184918007921044	0,922746704900893
AAEL027776	52,4378662982061	0,655941409082072	0,434226872741406	0,30927950434777
AAEL003963	352,317500523566	-0,0259223779106305	0,188321171358002	0,940126755857771
AAEL003971	252,771012501207	-0,113364886928254	0,20412719967712	0,911575179492697
AAEL003954	606,711778212772	-0,353831775943156	0,290236776256373	0,614037275604744
AAEL003951	300,587087318588	0,892806900912662	0,224247124319507	0,234523826293135
AAEL003967	58,3323533593252	0,190147392811036	0,316997439694705	0,68360575131222
AAEL003953	4884,86093603729	0,0535905866549499	0,176608563432357	0,943545499751073
AAEL003966	123,0435531122	-0,114951485200248	0,201381501403049	0,91429397127764
AAEL003973	887,885076781806	-0,0780590752093569	0,146273720958461	0,951127524040941
AAEL003972	863,76895039752	0,0296032738641179	0,152816236254138	0,951245749233683
AAEL003976	1986,39156300323	-0,36689711212597	0,231936067397053	0,715415500983318
AAEL003957	4156,72990525725	0,458947559198131	0,308654049776696	0,515608152224603
AAEL025268	688,013159725398	-0,304568607063982	0,192432255359082	0,846142454822216
AAEL009658	3606,86621436858	-0,012064807890051	0,135828280600215	0,952327994246274
AAEL009663	119,407199393653	-0,195079817394699	0,261237532185766	0,774583952001076
AAEL009662	842,000854974833	-0,115709242926577	0,212051727895547	0,901001545247654
AAEL009660	58,1490405442982	0,0546825089061691	0,215716033279643	0,913672749676555
AAEL003142	425,774649674917	0,0134429896322755	0,17233221461076	0,947947681916894
AAEL003127	143,754183533504	-0,0236255872858921	0,22534519042848	0,911080052746777
AAEL003136	135,810753060302	0,311205675874541	0,252500064432861	0,714801069020097
AAEL003145	299,130449975968	0,0266372920108503	0,181719496503119	0,943502892612888
AAEL023077	1438,80437021562	-0,238613368099836	0,188741341505183	0,890493577480566
AAEL003141	86,1446204059675	-0,211157762779888	0,24786496069752	0,790070573615337
AAEL003137	744,938195023404	-0,260328679680153	0,253429369921502	0,749595243417418
AAEL003135	1152,1176811067	-0,233866894103102	0,269953998118904	0,73485704799715
AAEL003144	115,873027603724	-0,135709847591578	0,219089297059922	0,883014489289145
AAEL003150	128,96488406617	0,293842272539581	0,288634855474087	0,664009205919001
AAEL003149	209,716195397164	0,14498175323472	0,21513504460319	0,885468478357747
AAEL003139	350,884937365785	-0,195655185283918	0,284318689369533	0,732842376640427
AAEL003133	805,552832131623	-0,691337905424389	0,246222721353674	0,398864595857762
AAEL003128	645,525881482896	-1,18247600133073	0,273558119904274	0,0563811746901782
AAEL003140	203,356070362689	-0,00602692789111057	0,179610448183745	0,946022797417735
AAEL003143	1150,24003207149	-0,0879073031882626	0,165316089192443	0,945827490737119
AAEL003130	1914,36750792461	0,566105631130338	0,255877474263843	0,500475412283547
AAEL004405	109,64194178656	0,0386341625791555	0,220029299536799	0,912970252001946
AAEL004415	1076,26398666316	-0,089724933257968	0,180497757215488	0,937236727143279
AAEL004414	96,8530609917638	0,166065537224471	0,212242533093509	0,881960699176233
AAEL019855	3963,1214568121	-0,104884585282132	0,179650164911974	0,935569838128189
AAEL004407	307,610756038122	-0,163951372490055	0,282603662559618	0,756202515705687
AAEL004406	316,186284833205	0,242628625072018	0,218544289238595	0,827296303608661
AAEL004402	70,9327433080047	0,0959688161067639	0,230894982847617	0,880968914517699
AAEL004409	931,573743268199	-0,0267976534034812	0,152889299006551	0,951295595572312
AAEL004817	188,11887682283	-0,0102876284868235	0,194276002665421	0,938496408492966
AAEL004802	779,075439085145	0,253090817921168	0,23586087296323	0,786920469762609
AAEL004813	169,2648653996	-0,0843019886971004	0,179527063729119	0,938640444604727
AAEL004804	139,870760736294	0,226523956934056	0,241850344807221	0,792393383617959
AAEL004818	927,793876412922	-0,100596116194541	0,224442465352623	0,887941605465803
AAEL004803	166,122006016122	0,257260228379748	0,241245215239404	0,774099742144839
AAEL027393	1076,20684586983	-0,166574795054137	0,207569579414583	0,888891802107592
AAEL021641	433,931512383557	-0,325870244391132	0,253651018402368	0,701435262250772
AAEL019930	361,576992948233	0,0229921934617243	0,159015734248845	0,95053703160265
AAEL004823	39,4676743846917	-0,0168923928007008	0,222336009281	0,915523597562192
AAEL019931	201,206482500514	-0,118675494305151	0,216532809737121	0,893648903289068
AAEL004820	211,794598203779	-0,00361785500424898	0,169557711643548	0,949016278764503
AAEL004825	149,940101063957	-0,00960138847669544	0,187950723162765	0,94198929947352
AAEL004805	3232,60461060919	0,308229428879221	0,235485747017164	0,752420059249686
AAEL004821	477,052157601695	-0,0802675256704179	0,189994326274606	0,931867077780043
AAEL004814	206,689973318798	1,23319123914136	0,285024077396064	0,0431103149419044
AAEL004819	157,672574427352	-0,0955342560742915	0,198102172807848	0,921824718753757
AAEL004810	57,8179258525794	-0,193807778144644	0,320475641598452	0,676473663031957
AAEL013857	1377,50000249088	0,163812451994643	0,340154474411829	0,666951301722818
AAEL013858	965,139251367582	-0,101516985742718	0,158474995627148	0,947425435383378
AAEL017400	658,877548495894	-0,085203917462883	0,147477775829314	0,950736985313899
AAEL019449	2112,00854439911	-0,143175877594936	0,146555256656341	0,948822083526764
AAEL020654	982,573263585353	-0,313537254507364	0,284364291543581	0,657530803282187
AAEL012876	643,986575703921	0,00259138628747281	0,214648574609794	0,925439728262585
AAEL012875	912,33364462305	0,0498440167911295	0,15303672079445	0,950750875261573
AAEL019420	1649,86750638245	-0,23547068785579	0,150907634953195	0,937847161335866
AAEL012874	243,911247048828	0,0381801815980601	0,1895233142728	0,938089486140352
AAEL012884	242,923239194498	0,172632044244478	0,197489573942919	0,902529755467548
AAEL009387	6605,49072613109	0,0204796195035179	0,196319348724707	0,93577515448656
AAEL018178	327,697855763142	0,0613413763755901	0,162285390995474	0,94835806775466
AAEL019965	1964,25976781458	-0,251269985433626	0,180708968569434	0,899114899933873
AAEL002711	551,802661641298	-0,091774518169671	0,231206783738025	0,881880899862042
AAEL027217	45,4442865882043	0,607433473540291	0,50952473380603	0,30300759084876
AAEL011328	1288,78856016991	-0,196229270374239	0,170929345177435	0,927462641230445
AAEL011321	213,447902965907	0,0556930985599473	0,203427365909841	0,925301558417493
AAEL011330	927,613397275601	0,0164415444586094	0,221946041744779	0,916064822128759
AAEL011324	52,0545325932091	-0,0333122424486759	0,224512172647144	0,909404495306923
AAEL003115	81,8134478670224	-0,104899956697216	0,214248917218397	0,901743968000806
AAEL003123	1096,71990406132	-0,0385334920702601	0,244336160544052	0,882358085395282
AAEL003111	82,2530791711297	-0,185728212063255	0,241471055164216	0,815775686936986
AAEL017054	1407,09125904019	-0,325500254263986	0,288253786403102	0,638512813120898
AAEL010256	1269,91072691787	-0,0439928161164548	0,142541039438653	0,952009278574532
AAEL010249	181,521872230703	0,115608521791916	0,23699374939065	0,863308921603433
AAEL010248	1830,57519529503	-0,183696045791089	0,151781832225928	0,943805825949853
AAEL010246	199,137857555537	0,00577998606730937	0,200121023431704	0,935179305962765
AAEL010247	308,276590015001	0,551511871125415	0,290911780747306	0,466195216150898
AAEL010254	375,592496730312	-0,0572159024755926	0,194010792580055	0,932342112574631
AAEL010244	1909,06565867337	-0,0444662184407963	0,156787271784902	0,950283616017406
AAEL010245	361,886448114592	0,0129912668257592	0,156833365613833	0,951072764964404
AAEL010253	81,1964628260993	0,0401852013316044	0,227140297656259	0,904396753942459
AAEL012911	469,666066659971	-0,0230799642934981	0,188328461879848	0,940385593065181
AAEL012912	253,795083450791	0,192200551936545	0,205099075001024	0,882542619077514
AAEL013228	136,35550052295	-0,168329166834054	0,233746928091977	0,838862243233879
AAEL013227	1551,95490485094	-0,017355157137703	0,153458953800718	0,951408504521545
AAEL013233	1256,07442883629	-0,00835774618224583	0,183804887449368	0,94401595360312
AAEL013229	1963,35875370005	0,431872432852283	0,20241902633499	0,728021378119265
AAEL023126	36,6426091864051	0,0112286308832596	0,227975720878767	0,911320804608842
AAEL013237	116,784388790019	0,0261041456316032	0,211739571696531	0,92362494204977
AAEL013230	1137,18183088879	-0,0300228028812383	0,192241375911647	0,937296809034589
AAEL013236	1243,46491139446	0,30090830457236	0,194354007841493	0,844315397903938
AAEL023716	2857,81427411062	-0,100644214509044	0,138638022562449	0,951637223143274
AAEL008723	2636,57882074716	0,348695363320188	0,182953044010149	0,839109405081382
AAEL008737	292,688443751924	-0,048317081961006	0,180051099221744	0,942295929853384
AAEL008730	920,707738502048	-0,110929095937891	0,162843827382055	0,945031922875065
AAEL008740	1240,22985889507	0,0535208418277059	0,138490224192873	0,952140772011609
AAEL008741	836,47586273563	-0,0864290088717286	0,159458131129377	0,947983850885606
AAEL008733	1060,80796338383	-0,00519789668350188	0,163957092353684	0,950155931973708
AAEL019511	766,333187945284	0,204481971279046	0,19395841321134	0,895888299373299
AAEL008743	143,83554043158	-0,170924277114209	0,251703381123349	0,805825774642826
AAEL008738	12136,6558212591	-0,316506373881193	0,191810167453914	0,839699513319543
AAEL008728	465,761810234125	-0,183609234001329	0,221711277075337	0,857242553305098
AAEL008724	218,191951960214	0,0282804195598187	0,211624114005835	0,923255828727147
AAEL008736	531,986565957924	-0,0436379657763934	0,162277128274975	0,949184378692185
AAEL020582	205,490654688385	0,144052076429647	0,228352958378845	0,865171955595541
AAEL011532	1356,30306159754	-0,113218640091896	0,172682806492563	0,93930144589191
AAEL008725	342,837550241818	0,0591261209321063	0,159193282609633	0,949272924786235
AAEL020180	47,4536791524003	0,133472932087342	0,242246349673794	0,841683504436203
AAEL021211	944,262232343711	-0,170118828285925	0,176196017425441	0,927712800223447
AAEL008742	301,690462970187	-0,21065929013421	0,217748616753151	0,847706373087013
AAEL008739	771,457145435187	-0,0913860263615979	0,186397528080249	0,93271566994948
AAEL008745	52,2243281153125	0,300685001471115	0,321547710061113	0,603222387408465
AAEL011639	622,984367748845	0,713409235928729	0,446649970034623	0,270719427376741
AAEL011638	94,709621639929	-0,0684606113580181	0,204145352538352	0,921731308414542
AAEL011629	370,841256126369	-0,0479123374888186	0,186446929284464	0,93879095823158
AAEL011632	600,627771766929	-0,107181768458313	0,182708225025556	0,932973857983258
AAEL011636	253,76163622627	-0,124824377640589	0,18297026088317	0,929879547479738
AAEL011630	189,509529482338	-0,0798874115043156	0,175622166330864	0,941418596832326
AAEL011635	366,927134136053	0,0661682674388657	0,176746822714133	0,942270501184374
AAEL011627	590,752601865577	0,0568736961889468	0,160481559365196	0,949021238752746
AAEL020260	31,8903188191062	-0,0671059928034932	0,248548337325252	0,865793195303494
AAEL011637	498,081708494049	-0,113754533761106	0,163997247375324	0,944129366147064
AAEL011641	3036,73159814361	1,95294168550065	0,35838559218097	0,000640579914743891
AAEL019569	290,541807164462	-0,238347528113012	0,225507490914562	0,816868535201788
AAEL011631	38,680561695631	0,091928261949641	0,268879706464253	0,81680460874832
AAEL011626	323,805489450395	-0,196070209835305	0,17512178210458	0,923154541482738
AAEL011633	47,8830682208936	-0,0512265425972182	0,251497983001918	0,867756629457087
AAEL013882	35,8005410285688	-0,301193856660505	0,42549529592561	0,487764989967909
AAEL012337	1431,73711824686	-0,107283874450463	0,172790285473881	0,939989620890374
AAEL012646	259,227908499575	1,52758927074781	0,443989769445184	0,0233352434719501
AAEL012644	5007,31048604275	1,77771669372699	0,366561301037562	0,00283487013322434
AAEL012647	57,2501254414248	0,144990480732397	0,239693577797832	0,840139264459289
AAEL012650	871,91352943405	2,05137633987858	0,257770899111917	3,22551261731827e-06
AAEL012639	354,75942796737	1,47584050627457	0,40554842447431	0,0243715221483093
AAEL012640	184,269413655622	-0,0537101277664444	0,192170023840534	0,934078445178044
AAEL009750	118,355580126696	-0,369102278311746	0,320627408923116	0,556836455084658
AAEL024495	87,7785136446055	-0,619642296346589	0,48224489290162	0,307892507557375
AAEL009748	365,170392810861	0,100876381599004	0,171573972320318	0,941451323828364
AAEL009753	250,567852573706	-0,0681933551931653	0,246561416235171	0,868420434321154
AAEL009749	585,851828255931	0,106596857327375	0,210165805724029	0,906092741135606
AAEL018184	1949,12723479263	-0,0238682488712015	0,267712784532336	0,851333220962722
AAEL009747	25461,8614160785	-0,0348754196859223	0,205569391449913	0,927180399770142
AAEL009754	477,906706555517	-0,0191736584028408	0,177220748233237	0,94603391527293
AAEL009756	543,175462199349	-0,150609702950574	0,18259401991642	0,925577387947299
AAEL009744	166,486922198297	-0,0420089923500395	0,197791355053074	0,931973216604475
AAEL009751	88,0596632038008	-0,145218852781271	0,252595743925348	0,817568801400399
AAEL009757	22,0369300789489	-0,0599566665903085	0,241097049230642	0,879324724647117
AAEL009755	570,360923005204	-0,252138818116693	0,19698681527974	0,870115571776702
AAEL005885	345,504528516935	0,0112235360931288	0,171978758559557	0,948122890178566
AAEL020020	126,577376473315	-0,136081498848402	0,244447120098295	0,835681767403038
AAEL025333	37,7009576736179	-0,197433164550912	0,338085756752864	0,646876683678389
AAEL023516	471,423006885926	-0,0532332384100068	0,176519431552314	0,94360625573357
AAEL017181	22,2679532121582	-0,0990025477342506	0,277981957124388	0,799294777088537
AAEL010926	321,60529158664	-0,000277305236081381	0,167058506730485	0,949720717032956
AAEL020702	114,894326738227	-0,347736487364671	0,334332887599868	0,552845856939968
AAEL009993	2498,92003106384	-0,442672042899664	0,198093524003186	0,729416379052493
AAEL029057	1553,09380864227	-0,631338707483625	0,249039096067416	0,452474227769664
AAEL009991	984,85754450783	0,0269726515371188	0,194106921987131	0,936506659247434
AAEL014231	23,0250917863188	-0,0811789638382768	0,246540628520312	0,862628452291739
AAEL023586	39,3768281959401	0,491210458865885	0,58260459688237	0,322989684370882
AAEL014228	58,5781610620336	0,155099309683668	0,295546569319637	0,73866777733809
AAEL026983	5,95020002752527	0,0149957514702616	0,267664849322167	0,856813732689879
AAEL011004	172,847421036616	-0,35745802405349	0,230001599453628	0,726612182665833
AAEL011006	990,960357908947	0,136766092270876	0,144778948905088	0,949585271594218
AAEL011001	16,4845013768636	-0,0122808248869872	0,252315946111136	0,880887769328743
AAEL019507	732,847130499449	-0,165870307539169	0,202716824226946	0,896993264095898
AAEL011794	592,277938323946	-0,00995137591406343	0,21173492873055	0,926526955461703
AAEL011788	330,693052830151	-0,0845531538459931	0,173135936747779	0,942334030882007
AAEL011790	168,115925041436	0,176802140486202	0,19183975998389	0,908246581797654
AAEL026924	42,0260531909635	0,0941638256970228	0,249473269284225	0,848804143005351
AAEL011791	593,526404364995	-0,12114273735756	0,212508020847583	0,898450267952053
AAEL011789	8812,0168665252	-0,280120845586098	0,215072210811926	0,811947143455536
AAEL011793	208,164440581105	-0,0885324177622845	0,205795585873333	0,915889686312594
AAEL020259	1181,24808816603	0,144215068984889	0,169257306776662	0,937602932137765
AAEL023491	136,471646164292	-0,0597229254392684	0,201330785869585	0,926361758022594
AAEL025122	664,518995213175	-0,139665700418946	0,171150032016413	0,936843370783292
AAEL002953	256,610042067523	0,028220255609102	0,185815638481368	0,94122805642261
AAEL002968	1178,97559411267	0,0987873068380871	0,169099869090302	0,943029933952274
AAEL002974	134,358869506132	0,0151393252838915	0,182323020284385	0,944081669550237
AAEL014393	909,26272120967	0,0596386212103082	0,170603618836865	0,945788259675418
AAEL021419	43,2491994427224	-0,270846686721016	0,31878081057038	0,628214311507413
AAEL012410	1721,7025702756	-0,0812590716099976	0,179525258820707	0,939040180064406
AAEL012409	4494,00331405716	-0,106997756344131	0,211684067878225	0,903976342227405
AAEL011744	308,988228171376	0,0067118450380061	0,158509413256903	0,950972053964492
AAEL011738	431,459793257436	-0,114250149100807	0,240333696972454	0,85778462613649
AAEL011743	58,8692995250651	0,0894410746301099	0,232400698384361	0,881049949438664
AAEL011737	937,405738721952	-0,081893883921846	0,197791228603584	0,925280256060276
AAEL027646	313,49453431743	-0,00998929682976378	0,179759499030705	0,945715251036478
AAEL011745	493,775537216968	-0,00241399962586242	0,184924264577736	0,944009971766155
AAEL011742	6560,27402000606	-0,253514587039229	0,219093137090759	0,820746962029173
AAEL014896	993,449870244544	-0,136802870818847	0,222095917065545	0,878033109961396
AAEL014895	304,227714732838	0,260091183181317	0,202038024175742	0,854145185023986
AAEL011731	844,966249806036	0,0154300323995092	0,159977284623897	0,950574355102373
AAEL011740	404,995220289855	0,00478286224118884	0,183663228663955	0,944354818296376
AAEL011732	1061,19128631187	-0,0249865583471419	0,154105151295609	0,951200345759433
AAEL011739	358,950891936728	0,0653432635120581	0,186130329636404	0,936706057730163
AAEL011741	2577,55370223679	-0,201806827295927	0,202298735847228	0,883092766176886
AAEL011736	217,767168953857	0,00861432962809141	0,18149465801385	0,945072255828393
AAEL011746	5386,35903706848	-0,0372257220169192	0,149811240074143	0,951467010536206
AAEL011733	799,037050701989	0,000859335265119916	0,17548196637673	0,947630353208394
AAEL027879	881,434154581996	-0,0283279814279863	0,170469245582377	0,947687862048119
AAEL010610	935,418398767564	0,179367243291617	0,179139741158131	0,922586930348377
AAEL010607	514,472688866019	-0,0188388833756291	0,182794888086376	0,943660824418209
AAEL010602	3684,37460421791	-0,224131545220155	0,339404940969313	0,627697559129758
AAEL010608	7213,43928051943	-0,217898808519547	0,182579811424048	0,907680857071073
AAEL010611	2322,17009465913	-0,0731113134256861	0,187495213132572	0,934555955696559
AAEL011696	621,471692828919	-0,124569617800336	0,209568270811473	0,901670227098917
AAEL027116	392,553116183463	-0,0821600652963621	0,157190655183474	0,948757022615295
AAEL011688	268,663078307767	-0,0922318925184351	0,181406441898183	0,93617411334389
AAEL011687	560,586367484156	-0,126428446923924	0,163120986119312	0,943496800628314
AAEL027978	487,17434080558	-0,0154322217476448	0,193090405235344	0,938590108767652
AAEL010619	196,432821526215	-0,0168613983914791	0,186929403521832	0,941808922167592
AAEL027123	310,502238318168	0,0219542864832263	0,181572068169703	0,943932091398815
AAEL023475	159,585622652657	-0,167804068089066	0,250752795164897	0,808726402957333
AAEL023221	163,773397487157	0,00493881774173325	0,197960871399572	0,93683575791205
AAEL025401	239,319787503943	0,00701670453133745	0,185509980727694	0,943435808447311
AAEL025884	248,267641349734	0,0737796374756279	0,167020808861895	0,946200135199929
AAEL014148	66,4122337813139	-0,00301771228680603	0,217101008720557	0,923289531834738
AAEL020536	177,626584272976	0,389301427827149	0,255788497678677	0,650347188239992
AAEL014149	198,073781054829	0,232144570163191	0,22887577921748	0,813019051120244
AAEL014147	239,293108885542	-0,0669974053154752	0,166841638340103	0,946671007096754
AAEL017447	2457,30278478397	-0,00639717500344256	0,181016414961436	0,945449648048726
AAEL027500	115,709743460484	0,00326596864796224	0,193058354131805	0,939907037965691
AAEL026575	58,234161776582	-0,0539784327215488	0,243172400451282	0,878541801903485
AAEL014146	430,814926871143	0,198388078010419	0,198490197453938	0,890926572142957
AAEL014152	62,1881365063901	-0,0892098966124086	0,227211419215648	0,888109060972246
AAEL014151	117,9314989272	-0,0546511458065005	0,19898635490118	0,92890923254879
AAEL004209	1642,9981325753	0,103779451329318	0,201526526251408	0,916758133632038
AAEL023935	71,941511924236	-0,0243423953217983	0,208504026707636	0,926681156370413
AAEL014211	95,3513338767086	0,0617797089425076	0,192703032786255	0,932568478569447
AAEL027323	462,520662902208	-0,0837919063100933	0,170148347094876	0,943890066009868
AAEL014212	1915,14123618943	-0,0984292022957958	0,161493710163769	0,9465731358014
AAEL027918	259,033506317504	-0,0283900662266563	0,188442738257582	0,939741188366041
AAEL019901	36,5584407773037	0,0247568336383197	0,233602571530843	0,901411260141498
AAEL024838	391,427083169875	0,0384560409653865	0,199583604209097	0,931024056833418
AAEL017338	997,392641970946	-0,176380714805095	0,168066093246022	0,933399796263193
AAEL021227	1668,63946024257	-0,0171882828461672	0,158041258920254	0,950783254699101
AAEL025091	2055,74237663872	-0,258116928136235	0,180654911108623	0,896361816446664
AAEL014871	1246,57844986226	1,66937719121471	0,357789260810341	0,00507014518991709
AAEL010752	28,509375507887	4,74073593368673	0,935818270540736	4,82757501807874e-06
AAEL010755	1788,77388939385	-0,134884779797244	0,200809374509202	0,909482736136817
AAEL010759	171,75443987105	-0,095416584872512	0,187557370553601	0,93120516547385
AAEL010754	8105,7481630755	-0,108608243696135	0,206492717256458	0,910011211669399
AAEL010757	877,124824292928	-0,0949556169554694	0,232802556866888	0,878174840021453
AAEL010761	366,940376885712	-0,187603453597962	0,218485481952559	0,861722717882863
AAEL010753	122,619085551391	-0,178022863979295	0,221813041940351	0,860173925334773
AAEL010762	260,416972523277	-0,154567685616734	0,181492399180823	0,925893132492255
AAEL010756	24108,8260465897	-0,017685363777824	0,205948766700114	0,929416743282819
AAEL010760	111,671124959178	-0,0567075272623807	0,2225815265573	0,905209490629052
AAEL010749	62,7698498468668	0,0330187849884644	0,214881720527657	0,919109562547971
AAEL011063	3239,75485199131	-0,121719140218982	0,153491681226487	0,947921816128343
AAEL021092	2527,40194438237	-0,10685237470567	0,151933017990307	0,949031155834582
AAEL011059	423,372217707241	0,0191699909227632	0,168285869669277	0,94866163547715
AAEL011060	123,807668017422	0,0830527674613828	0,190677186236724	0,93069564695212
AAEL017424	1110,32902303365	-0,0148639512375694	0,144458289684887	0,952127655102788
AAEL013102	3620,24996489947	-0,0823648860126161	0,170916419275127	0,943672936454319
AAEL022812	258,977143556508	-0,145907438080492	0,196579822257877	0,911634820525739
AAEL011067	968,327267488201	0,134406166740042	0,144201683693162	0,949802597269858
AAEL014253	355,900707047073	-0,168038577713148	0,209580398749184	0,885167371474929
AAEL014257	178,134445265881	-0,000941324204540111	0,168862645324617	0,94931708221557
AAEL014254	80,9548954802984	0,0336696370339209	0,210836543640038	0,922758092136565
AAEL014258	460,177793066915	-0,130654097949471	0,166933689226664	0,940789757851022
AAEL014256	706,959252218413	-0,245073117993368	0,196761685926971	0,873561465432944
AAEL014255	252,944658292901	-0,13013777999457	0,250951728307637	0,827580107979709
AAEL014252	648,855379991342	-0,0515686263800524	0,147704857663293	0,951462515075906
AAEL025246	472,896393819098	0,290127454919968	0,20080193626915	0,835733230084078
AAEL025697	12732,4052559387	-0,236874529642052	0,237949606181377	0,793940634898484
AAEL007929	43,164709510052	-0,0607986172450182	0,22429286569316	0,90240269393281
AAEL007931	777,326637397438	-0,112193814436931	0,194957467180615	0,921296366030143
AAEL007943	185,720917838329	-0,300575888347157	0,208834545085835	0,812149058649088
AAEL007939	586,834907408008	0,113597963761844	0,190108029121284	0,926070868085403
AAEL007934	96,3549221448077	0,0458668997570017	0,209234896797213	0,921555561068519
AAEL007936	1524,54607136659	0,126718682660382	0,157052147561527	0,946370823499176
AAEL020428	21,4418940249141	0,00586702872267859	0,257045602926078	0,876072331684511
AAEL015543	1332,91747199084	-0,101452450916481	0,188968367929491	0,928957422465467
AAEL012981	364,005380853876	-0,129660906316557	0,219718430136142	0,88440763609577
AAEL017272	30,4288357716326	-0,165566102455609	0,308373809271667	0,711532180030168
AAEL022551	20,8029156377684	-0,0131410373803266	0,254076636123971	0,877805655089423
AAEL021865	64,9297551203217	0,028293906152388	0,238568305526406	0,893885761406315
AAEL016972	2951,04744623122	1,36019093135484	0,263812217674939	0,0175611885778015
AAEL013575	260,291788630603	-0,0521589494019881	0,191384839694137	0,934784010797663
AAEL012987	1062,71371913902	-0,192064399865377	0,188301985642567	0,90821444148519
AAEL012989	537,416347032449	-0,0126777375981214	0,158314496541018	0,950847886012384
AAEL012990	170,673846497678	0,00938375943874644	0,190447613314366	0,940702654548559
AAEL012994	2236,8589443957	-0,076331316684909	0,174593210765692	0,942359403627582
AAEL012996	2045,92221852629	0,181454956514989	0,187941226408741	0,912138540260357
AAEL019547	33,8344154384759	0,0610757669845436	0,240439085427834	0,879877808579515
AAEL013205	619,410343980354	-0,041800954608759	0,173991268218845	0,945709626841414
AAEL013213	655,767963890208	-0,140655782433161	0,186457802013677	0,923990522093459
AAEL013210	505,856128638015	0,0578299346184804	0,179090355767433	0,94184766881451
AAEL012993	188,417055226744	-0,180685472586714	0,20339175002026	0,890103238159383
AAEL013206	346,793595903434	0,418782663629312	0,221746207964512	0,694544312023637
AAEL009371	896,415573739493	-0,0558955180983968	0,166483534973256	0,947446526370237
AAEL009364	2001,50431260991	-0,163648536256215	0,162478607701992	0,939518626285737
AAEL009360	244,69335834269	-0,0378378814655921	0,193211844121581	0,935498460898839
AAEL009367	1075,19562261897	0,22038978252301	0,168472543181696	0,924776129717013
AAEL009368	631,682427841871	0,0541348674753365	0,161915891647477	0,948787071271342
AAEL019972	414,89103472438	0,238413987310873	0,187885266080054	0,892382328831073
AAEL012134	1483,6421143391	-0,154192911799306	0,19571432978667	0,910395877230543
AAEL009362	2167,68825277788	0,217015300234242	0,172125604440795	0,921071133543805
AAEL012128	125,187085621779	-0,103517159334306	0,229160473307724	0,880534858247839
AAEL012131	773,778407159079	-0,18009520191812	0,257487682159681	0,790405565360583
AAEL007053	204,453211288231	-0,0557718135278521	0,188988900504666	0,936002622962884
AAEL007056	297,115873675648	0,160218664486897	0,174513436674773	0,93085111820943
AAEL007069	1483,32578801995	-0,0221174731048912	0,149926573679275	0,951717434143249
AAEL007065	4604,57000353542	-0,0506742628093524	0,204167979448635	0,925545665457879
AAEL007046	2182,33440645192	-0,010316207351628	0,236010985202402	0,902746807508359
AAEL007058	297,321408923507	-0,325639526563783	0,215683877931811	0,781334794235455
AAEL007067	391,623205548693	0,0164155338615581	0,171722606361161	0,947968356055686
AAEL022005	931,818008268442	-0,499534176154077	0,174972704560004	0,738797255705928
AAEL025665	236,303074869241	-0,5749523970097	0,288896118945598	0,449872284088023
AAEL007050	272,987576032185	-0,18334497676936	0,278000006405633	0,752303616874493
AAEL007064	757,770413744495	-0,02980271064907	0,192801153230778	0,936987667472655
AAEL023132	45,1561696150398	0,115326168339996	0,290896517584971	0,769445498186282
AAEL007063	109,359985939303	1,4485880061892	0,615389845268019	0,0520279572354812
AAEL007055	449,915304429722	0,414180119490961	0,409943465907454	0,439788787090508
AAEL007060	67,1881934489994	1,64233078622121	0,373424898836392	0,00799450713963648
AAEL013915	788,777266127881	0,320662822723786	0,190858752715553	0,839010631293029
AAEL007041	1369,59794356055	0,0541200943874288	0,207172212918388	0,921836379373049
AAEL023694	153,920146710845	-0,0204866018917509	0,234984289371911	0,900889213276906
AAEL007066	497,814472018261	0,0188814702933358	0,166750293599553	0,949090577393472
AAEL007054	1417,24769049698	-0,00961670122396234	0,193851759792648	0,938848102709343
AAEL007048	367,597714713584	-0,125242242981836	0,189131153031865	0,924678817926833
AAEL021557	90,0744918547446	1,62040252807065	0,394403582898208	0,0112560806278166
AAEL007045	308,099753351845	0,0270016440345716	0,216000782311165	0,919346110884017
AAEL007061	178,702975595044	0,0206976200083599	0,199887254422975	0,933374392681107
AAEL007062	445,547417329687	-0,0287188945963091	0,15249771812297	0,951313696252171
AAEL007042	7449,92521010559	-0,195194046307138	0,182891187596398	0,91458732279619
AAEL007059	136,108713579363	0,390917484888199	0,319965806324803	0,546558808320929
AAEL007049	1272,96348281434	0,327821285107031	0,189037091802352	0,838564647208221
AAEL007043	1939,40275535821	-0,188984798044344	0,215467539520053	0,866951178606978
AAEL028038	50,2056217025824	0,115294894377518	0,244763154882671	0,846187583155119
AAEL025087	10,0033344104163	-0,0478645443260593	0,261204269811086	0,851079895008757
AAEL021605	28,9885685496061	0,0528172244742172	0,248467447884087	0,871704861031291
AAEL006636	64,4070398637778	-0,105988802458184	0,243332468846856	0,855789845900563
AAEL011520	1561,6347920537	0,725496183185972	0,339497061993857	0,31409863293977
AAEL011519	212,859433822436	-0,0802059121176172	0,258622717044331	0,838812719876996
AAEL003627	129,315067616129	-0,025386991357052	0,202129307587749	0,931178059829754
AAEL018304	200,541910892096	2,00684417293178	0,515820462032932	0,00459388966900917
AAEL003635	123,866903866603	-0,0470808209874934	0,203765798361684	0,926568139084942
AAEL003641	383,953158488022	2,48058307944411	0,281321075551721	4,63367246747091e-09
AAEL003640	377,15447721429	0,680092573919507	0,348106924468388	0,335810520361294
AAEL003619	1890,03351634698	2,81911677783581	0,457706235307784	6,14265690865355e-06
AAEL003626	325,112140328349	1,42526718169426	0,415970595660484	0,0325067946641105
AAEL003624	2244,98806557774	0,182708645332835	0,240111684497019	0,820317300448419
AAEL003618	244,722444074659	0,675808070402537	0,242803711863307	0,419303413180906
AAEL014204	537,53429887204	0,304178544393855	0,221501212913421	0,783318128717696
AAEL014203	229,494445245853	-0,180999624213919	0,196145334723795	0,901466867812104
AAEL008144	2221,95817679362	-0,0590230570041365	0,212540624001502	0,915808607677333
AAEL024563	110,42302201524	-0,050724569794642	0,18856398667212	0,937040663344154
AAEL014158	1267,15034522705	0,332997343687405	0,234156062190135	0,737496774650975
AAEL014154	231,246674322154	0,626479011823631	0,254045124592168	0,449349361236522
AAEL008146	787,90196478353	0,101403748501	0,187328814233493	0,93037334759398
AAEL014161	1447,09217519008	-0,178140700419719	0,18049875620356	0,921284543737779
AAEL023529	457,016049428656	-0,10418258627582	0,208185355029986	0,909168959355375
AAEL022459	279,134868613334	-0,567294853940017	0,384404572427932	0,374229430170289
AAEL023488	1275,8254670841	0,112702238092719	0,213249012829606	0,900550683431317
AAEL013885	25130,1946177382	3,01657108307512	0,196975316043185	1,1993948962418e-25
AAEL019756	451,133674517519	-0,0690302897890595	0,192366695034384	0,931805010377512
AAEL019790	183,662598755972	-0,0363886123914617	0,224348371044258	0,90855079602944
AAEL019789	6279,45886698974	-0,0549989096572124	0,209195990771107	0,919864130063256
AAEL026884	100,863687827303	0,436767622401621	0,420465560043702	0,420438796349112
AAEL013159	131,862102448667	0,346098152357586	0,376626007370501	0,510515419364766
AAEL029118	81,5819472351115	-0,0643852385869459	0,278646095545455	0,813351529566485
AAEL029119	180,636233656057	-0,050455396366028	0,274188516366366	0,827068587338962
AAEL027637	20,2058189543972	0,124995918141527	0,276190356892817	0,787093150640766
AAEL026716	17,0826918718725	0,163716037300012	0,312212697154247	0,705261378540079
AAEL010704	1219,62498871432	0,115416279855956	0,147428010777891	0,949783355333393
AAEL011716	39,1542993517126	0,0513097429469229	0,229217304455109	0,898803218761122
AAEL006102	11262,4593674603	1,15611470032882	0,468038512035486	0,0865962534145048
AAEL006095	1627,94536717108	0,0423181325474116	0,208247480503186	0,923580390241997
AAEL006103	383,892373870109	-0,303866435680941	0,244449202119461	0,737104156997768
AAEL006109	107,777952536572	0,0319608025883536	0,26584070597496	0,850485432514879
AAEL006098	471,178047102884	0,430383779147242	0,227484986413521	0,673290805523545
AAEL006091	992,996221296106	0,13344133789366	0,149477636847588	0,948449514357486
AAEL006107	118,556894376499	-0,120262794011059	0,216987857736971	0,892470646091034
AAEL013713	1468,67432193248	-0,0384666596433976	0,172895065509579	0,946376311542885
AAEL013703	3136,34581504918	-0,0400081571075371	0,262352635810143	0,853574975919743
AAEL023729	529,152535580167	0,110028679180209	0,291927332509011	0,770551721343334
AAEL013715	548,619703932548	3,05286681586467	0,617772650539935	4,7337535306127e-05
AAEL010196	6008,35589032806	3,58211969836257	1,46122190023365	0,00706242130797078
AAEL013712	5079,95347299415	3,41599690034838	1,5114267191022	0,0104585159922335
AAEL010202	2178,84441383451	2,69509683444756	1,51717837275125	0,0282833169140499
AAEL012007	391,7884578912	0,550682685889764	0,285907042253081	0,475971918193129
AAEL026184	24,5829584651613	0,0372880226839447	0,242795836540535	0,884814074299084
AAEL012008	247,176251296421	-0,119980641296613	0,20850181725708	0,904151962170908
AAEL013709	552,020853796424	0,086051488528317	0,190877894180188	0,93006670776471
AAEL012010	1165,18881027653	0,0559065542376506	0,190669898629797	0,934735275745764
AAEL005305	1713,33649250935	-0,0215970763293373	0,177553431936226	0,94574897175144
AAEL026401	16,3067892261688	0,0806482506952692	0,264334049873584	0,829263568751576
AAEL012011	218,887417246535	0,0714955610376246	0,190007622424208	0,932982430131773
AAEL012003	11,7870819111117	2,52022126735348	1,06704698729407	0,0136219060187957
AAEL005293	1930,60122237206	3,46739608998844	0,34547030249408	3,42391780345953e-14
AAEL019794	766,628362669844	-0,0564464143502431	0,16286688111571	0,948413990300033
AAEL005288	125,581233305653	0,204849148755217	0,269115115962014	0,755523341562967
AAEL023443	18,9019583857145	0,259203747256963	0,393292843058551	0,541266339410468
AAEL005303	437,513412536661	0,231702357181048	0,189062511906993	0,893237285591625
AAEL011680	34,6508352995078	0,00277895910491178	0,242244469171718	0,89707418137381
AAEL005308	1306,90237522032	-0,154409173223555	0,176011360478256	0,930613055282966
AAEL024012	15,8240595287039	-0,0787887790891426	0,263083111630698	0,83221255508723
AAEL013912	24,8415469461336	-0,00923233592080414	0,244879808633672	0,891558466495628
AAEL026746	85,3521201120338	0,0865133829510219	0,232437568247974	0,882093458843504
AAEL005309	314,026834635913	-0,0243320289757767	0,179667500552667	0,944566732556138
AAEL005290	1474,54337704915	-0,335069143354028	0,212129466215811	0,782330949073187
AAEL005289	2541,90284089568	-0,255566235849307	0,230032829039125	0,798602103909459
AAEL026939	2894,75186351461	-0,0166863786949501	0,169765058139316	0,948403831574895
AAEL005311	458,083568082122	0,201611317507235	0,195161320258239	0,895305973408862
AAEL010514	1088,23601302357	-0,151860439066907	0,208777721631016	0,893150223180718
AAEL027880	29,3286931435285	-0,151411210065872	0,286168320278471	0,75766128244867
AAEL022240	983,983516782315	0,0126016672799646	0,168072099854044	0,948996429156121
AAEL020749	31648,883158016	-0,0526170631046901	0,206978268588662	0,922392027735382
AAEL005297	149,806973641436	0,0300291724881666	0,203592085634438	0,929254747943418
AAEL010511	247,732832063122	-0,355939910519594	0,305126506716428	0,588392719311458
AAEL027783	77,3700256554925	-0,0404473524785253	0,246285271424465	0,87910206338765
AAEL013052	1078,05658656488	0,352527007405667	0,161805066741409	0,8875810796202
AAEL013046	174,379706249648	-0,0634186388276662	0,177967058109169	0,941886363897033
AAEL013047	1110,02757818609	1,26344895024888	0,246625058733243	0,0301639980414525
AAEL013048	160,014718344685	-0,00392999513573425	0,20042361828538	0,935235385866907
AAEL013044	86,246019845515	-0,0947936709662966	0,224453550039895	0,890401982424144
AAEL013045	207,441788697288	-0,119878117527783	0,233136744227214	0,868089365960938
AAEL013058	263,142347956584	-0,204718609750221	0,230812554749809	0,825225074837975
AAEL013054	60,8560976412757	0,147016501119103	0,24137034273586	0,835527186256659
AAEL026241	236,629596045403	-0,196451708007398	0,205077382196534	0,881130874197467
AAEL019629	151,703326270121	-0,128735095938821	0,258969934369846	0,814144690109696
AAEL019801	3608,64439189535	-0,0596648428970455	0,190146730713357	0,934621276881974
AAEL013051	116,965926448118	-0,0326117132146966	0,211473621001784	0,922265390498665
AAEL013049	312,082069148264	-0,0230292269914652	0,198632707387758	0,93390383069336
AAEL013505	29,9256779331207	-0,0255449022597404	0,235119286266505	0,899347404062396
AAEL020350	20,499392578593	0,00363942361974514	0,238226471940174	0,901964528833365
AAEL020120	95,8199824944627	-0,0447765435647182	0,212489071477194	0,918833925290128
AAEL007926	1250,55272868473	0,732198571785411	0,385068500974796	0,286696660381406
AAEL022882	21,0302022433981	0,0355361528479235	0,263641148949001	0,853411239626431
AAEL007920	2142,25122076165	0,0686873389181665	0,192949372670032	0,93135836173856
AAEL027357	496,554776124357	0,195485309147685	0,215867707070685	0,862664435153678
AAEL023098	6454,15565708011	0,110684101176379	0,212575555030664	0,902092732793688
AAEL026672	213,223420543978	-0,302764143777025	0,272486052426355	0,684358605277364
AAEL013453	115,4796393648	-0,0879865409250963	0,220865919342699	0,898015527015794
AAEL011548	326,981529270017	-0,100736270849649	0,166861443092161	0,943950083014935
AAEL011562	355,481187281582	0,823196923926195	0,226939608792004	0,305802980788935
AAEL011561	118,67845915027	0,016961535117263	0,20324850487713	0,931733937593181
AAEL011556	254,515032919691	0,090315986725831	0,188125132998403	0,931698345621826
AAEL011560	791,413724671234	0,0554334177989035	0,150550212124837	0,950999561695476
AAEL011554	1659,42991031583	0,0741363806136087	0,16930829508802	0,945181433221325
AAEL017317	284,888819745991	-0,00801174337839747	0,206222392395401	0,93076889688878
AAEL011541	973,216366097207	0,0413209651477804	0,142860069896902	0,952018067279123
AAEL021732	1261,59904160558	-0,151058750003652	0,190010263857156	0,917854225486038
AAEL011551	4815,81337484996	1,70983403810196	0,292590519470805	0,00123691978406031
AAEL011557	30,9605997807238	0,115700872807776	0,273183126901676	0,798833521703752
AAEL011559	3,99879503730656	0,0317359072210384	0,267964012910884	0,846097300082537
AAEL011540	1,47545315778007	-0,0286984220209651	0,268393288709776	0,8465925535324
AAEL014516	18035,4741710797	-0,0145216259305928	0,262916029879619	0,865137273730609
AAEL010444	543,006982453301	-0,283601499619949	0,195593836115588	0,854226281288872
AAEL010455	317,039963310903	-0,0602867312358967	0,176860807552655	0,94278734954573
AAEL010453	436,021019820375	0,0696772102336744	0,163428291292269	0,947619883468179
AAEL024724	53,2121131975346	-0,130393631299561	0,24904772031025	0,830805468150854
AAEL018710	1168,1955841222	0,403894394974537	0,189617297910075	0,783585817025542
AAEL010445	441,744229099441	0,0426813457823285	0,192057178972676	0,935672660132153
AAEL024476	112,355243798283	-0,0717361977799472	0,265877899668306	0,830641593837478
AAEL020217	534,109313953917	-0,0612056212919688	0,164604268299894	0,947734820873989
AAEL010459	366,016860626854	-0,109293715823652	0,195391830175447	0,921496803111026
AAEL010447	231,251603528867	-0,0154392977420631	0,180774485056519	0,944858394349994
AAEL014600	1116,14788499768	0,0727388303620172	0,254851968412343	0,850186419755608
AAEL024186	1725,68832660265	0,496142426759453	0,188849340324689	0,702610026111791
AAEL010451	245,119852272641	-0,00804784001335864	0,257886979890436	0,874228844996768
AAEL026570	73,7338235579119	-0,00263626272804459	0,262126763482051	0,871073831550327
AAEL023001	13,1268339330915	-0,0270514554857018	0,260004337165862	0,864509937964803
AAEL027447	410,479823037951	0,10665640631688	0,186624182397711	0,930020011417879
AAEL024841	2264,29693043771	0,0178685661682502	0,162353058786942	0,950070444292716
AAEL006025	591,061541443505	-0,0216437980054262	0,178273534795965	0,945438288129591
AAEL006035	1538,93147920716	-0,17010516465777	0,245944775491882	0,816227256718874
AAEL006027	760,591056885254	-0,49483708782244	0,354046313845653	0,438710423460338
AAEL006013	1237,11813220871	-0,0994864308501888	0,190957066143848	0,927862069181134
AAEL006016	512,8555748598	0,0186369983379896	0,184784448000098	0,94273107486082
AAEL020113	438,569829094476	0,0708507086330179	0,194930928907086	0,929331073565523
AAEL011587	22273,9982257858	-0,0753169474805972	0,193896151174849	0,929397723521948
AAEL006037	482,011803804677	-0,0141409818881894	0,207075915346128	0,929149530629889
AAEL006014	27,2553342305198	-0,0869271909000134	0,251359725386227	0,849065258530513
AAEL002696	171,359441664996	0,0373477454945689	0,244032936053935	0,882988373702342
AAEL006023	1526,4918360264	0,477170531181321	0,273525911078471	0,548422369162828
AAEL025718	1147,12607073488	0,183618096145678	0,173838595322126	0,927210744932431
AAEL006034	72,1020524206383	2,58468394746075	0,556729872685372	0,000273165883257603
AAEL006036	385,75335670489	-0,0499219590689895	0,177599886218466	0,943362443793687
AAEL014908	642,996171081114	-0,0652438527599586	0,188783369142563	0,934751528853963
AAEL021071	858,770099758462	0,0957936338506216	0,205432110314701	0,914615156361352
AAEL022373	805,284764837446	-0,0297762863839001	0,153787424568906	0,951145749838374
AAEL006032	1529,64626702224	0,0434092769453461	0,163257051818949	0,94889196461491
AAEL023266	414,795155951881	-0,371229121701048	0,293580298330195	0,596390890788685
AAEL012323	720,899469076168	-0,0974087151439051	0,162199761393487	0,946431130266245
AAEL012330	363,851287470939	-0,111404423438968	0,181966256285412	0,932922379008647
AAEL012326	3789,03433702306	-0,121326561832815	0,236483969039897	0,861430358213063
AAEL012325	933,227695215876	0,234566043890832	0,178408157399561	0,908182278651607
AAEL022886	122,388547754304	-0,174509889049659	0,20654294246782	0,887169671061603
AAEL012327	231,510562014984	-0,0156883845310389	0,19143375693045	0,939427740133057
AAEL022221	34,8359616672719	-0,171173058745328	0,278219502374254	0,759981507477689
AAEL012324	277,58669126704	0,164634722539169	0,227306334009244	0,855948318340297
AAEL013479	80,1148513385012	0,0884249629245586	0,213822355775347	0,906777632463641
AAEL013478	188,505229749754	-0,0239491425829092	0,17323975991786	0,947069627777615
AAEL026933	63,6011086912026	-0,272781237017721	0,314561945614737	0,633307716372128
AAEL011892	1787,45134739502	0,162827808482385	0,225889612706942	0,860211204107989
AAEL020028	98,4097548229793	-0,276393179136068	0,302738450023765	0,651489128438432
AAEL019543	272,870262310808	-0,0269981916928158	0,161063962820551	0,950037119837649
AAEL023989	216,906863367881	-0,604765634857866	0,641225431419491	0,262510181724954
AAEL022129	693,324270468163	-0,131971912788965	0,209203943645133	0,899751718501953
AAEL010875	964,316540703085	-0,00682864502970888	0,266671308627699	0,862412158906703
AAEL010872	16177,6040260884	-0,00650799533676299	0,266661040611089	0,862520390526055
AAEL025238	183,542038589232	0,0783691240803925	0,190130274695425	0,932043792304762
AAEL010869	2360,46118996716	-0,286001803436446	0,175983552964847	0,892646846672016
AAEL026170	514,951949031912	0,107615195852215	0,209961579782412	0,905974801746814
AAEL009977	60,2013266983168	0,0823910242145045	0,236534409151624	0,877146972882484
AAEL009980	162,651852190949	-0,4428250308149	0,490841644816822	0,37736533879839
AAEL021353	901,984580821844	0,23172998951519	0,191930152581225	0,887653370087075
AAEL009789	1177,5751164129	-0,217841766483454	0,166355995781368	0,927412401536075
AAEL009786	443,812160501274	-0,0199037512024501	0,150550905908955	0,951686272612662
AAEL009792	32,4841686760106	-0,131810422306383	0,264572056308147	0,804378863263212
AAEL009806	861,413782705179	0,0646499035823755	0,194474258649365	0,930759749115322
AAEL023219	1104,60705606118	-0,176335946496112	0,176366242243414	0,926351408516164
AAEL021301	931,205514639587	0,0849045036257421	0,210863562584163	0,911425724187798
AAEL013783	817,527267211293	0,039129802710276	0,17462902134242	0,945653320727905
AAEL020132	643,375303616131	0,0225061290877818	0,15180632847804	0,951511919381771
AAEL011836	174,284502128533	0,0218749413313575	0,217826543719231	0,918632279165728
AAEL025667	36,8614687515513	-0,136674904601109	0,279280888237967	0,775737691159595
AAEL023588	59,7428435030831	0,126494950012907	0,300440406361327	0,747555467654838
AAEL011837	219,124329732039	0,160221237192191	0,223011983024024	0,867187112267532
AAEL011842	265,640746974853	-0,303319461667554	0,218638921785462	0,790656112894003
AAEL019454	28,7720624240028	-0,0436137488022741	0,253775587095645	0,867422211601343
AAEL009454	354,14834469561	0,0623666124942025	0,191399501354274	0,933348969712694
AAEL018248	628,358641191583	0,014254994391816	0,163114944760435	0,950046645648784
AAEL012750	1813,7662495591	-0,134288441509888	0,189343478528438	0,922115194488238
AAEL012745	634,986397888677	-0,13943584594216	0,197347309852064	0,912476048663774
AAEL012746	3211,0605461075	-0,0692825976814621	0,177360220417923	0,941536243137696
AAEL011320	968,132906351047	0,0638293920623962	0,171292766362609	0,945135516736007
AAEL011316	174,442289277714	0,0399070015832123	0,188069939963672	0,938755188667953
AAEL011315	221,488925964256	0,0917088734060405	0,200642071558013	0,920181487703952
AAEL014827	711,618252237455	-0,107863216140155	0,15594641842105	0,947911462613713
AAEL014831	216,804222802258	0,0639631014305223	0,20812121921728	0,918946912698502
AAEL014828	805,627252808659	0,495926275879911	0,252117237837151	0,5666907805933
AAEL014825	616,252330734552	-0,0325804797857976	0,19118707277076	0,937699372410216
AAEL017013	384,961357385416	-0,130983087814562	0,185809773925143	0,926578427778345
AAEL022503	147,119088824476	0,268904424946793	0,23004252686191	0,788549770268351
AAEL022645	320,891776083888	-0,151824270030584	0,197271164791895	0,908900533889477
AAEL018020	270,032188449755	-0,144747731168319	0,208343749448829	0,896238705865681
AAEL004950	118,358938927228	-0,0823893215356156	0,213172614724788	0,909326119144215
AAEL004940	203,331176729082	-0,0627603167899975	0,175376528346477	0,943282750358187
AAEL018040	2519,88843998419	-0,254234147703446	0,196396505683383	0,870179898462183
AAEL004948	47,4144244189251	-0,437784842807648	0,590478988896162	0,342446595387143
AAEL004958	135,688849815898	-0,0979235381114559	0,227034568208852	0,885393349609245
AAEL025232	148,44912270481	-0,123088443184845	0,188458581618652	0,925682934638905
AAEL004964	165,456567664401	-0,168196777117099	0,217241527678054	0,873010143802632
AAEL004955	138,130468191263	-0,125187714248283	0,215517115768592	0,892888182106805
AAEL004960	166,537629717062	0,00293717757767498	0,20129665803731	0,934808351040415
AAEL004942	2079,40892850482	-0,024911296065103	0,15606931070886	0,950903149327784
AAEL004967	239,696559084535	0,442049882425572	0,29617264697067	0,541648300436112
AAEL004956	32,5236084809897	-0,0519752845606343	0,230244727670474	0,897114592393858
AAEL023534	138,634380535788	0,0323140501851827	0,196976590629702	0,933694746398933
AAEL004941	169,265474570224	-0,160917973243125	0,261324026401855	0,79466555813861
AAEL004957	933,493054122481	-0,25685411420139	0,225617150719798	0,805753934836818
AAEL004947	230,187962207537	-0,0870218682296571	0,286063223331097	0,791569702445058
AAEL004952	969,236927682433	-0,147884664916403	0,204501110183633	0,900795408472912
AAEL005006	19,2868683958519	0,0974511397642697	0,272206625224472	0,808167224065259
AAEL005002	180,692218501587	0,0678109065062489	0,182692494805862	0,938705040988295
AAEL005000	819,118437107505	0,178357157403601	0,187690305180993	0,913430314142395
AAEL025111	59,5608594030811	0,0124619567438102	0,207520689967527	0,929092007353494
AAEL004999	190,462372298675	-0,0267036893542481	0,168898110964999	0,948235633073127
AAEL005003	345,769986559686	-0,0355733357906344	0,184274263312946	0,94132676629775
AAEL005001	780,864135746518	-0,257122855562223	0,377288902894147	0,557554587787838
AAEL005008	1883,86381954435	-0,391872245227101	0,445607133893623	0,426061694401022
AAEL019932	2557,75016316289	-0,157089023628613	0,171734327769616	0,933593915375195
AAEL008763	187,539529384994	0,130720623185307	0,196830060900684	0,915264063693998
AAEL008755	394,872982405689	-0,0186628199339581	0,172194400071581	0,947682639191493
AAEL008761	163,148374725119	0,0203653011766482	0,196371167535529	0,935759407387764
AAEL008757	1033,92966099116	0,549809626701528	0,443224860280643	0,351642820939953
AAEL023517	27,890887481996	-0,160497264325267	0,276092015236107	0,769344406821495
AAEL008764	144,32820084017	-0,155982642661825	0,232374169173999	0,848934813601225
AAEL008760	523,570255578378	0,433455823496752	0,506093717498077	0,373598878263446
AAEL024034	138,322549482091	0,513376440046699	0,483240888364957	0,350329602295934
AAEL008753	968,060722692517	1,15499298087262	0,766277115540988	0,107580720434594
AAEL008756	112,144689313336	-0,131690634464123	0,2106602919001	0,897577049165309
AAEL008758	119,174832724387	-0,0356733524971434	0,21035384796712	0,922814978001047
AAEL001321	1776,65175892865	-0,105678364498177	0,154874754216695	0,948291820954727
AAEL001314	243,171330283453	0,049825840737698	0,186371556245585	0,938575711927784
AAEL001300	349,245847433343	0,00180681935778622	0,168940037058027	0,949253274554393
AAEL001317	740,970079573703	-0,0548984699152161	0,141386213975746	0,951969689528452
AAEL021836	1876,02954512593	-0,133934907525857	0,18271403040382	0,928540841764501
AAEL001299	142,1218132798	-0,150941985254997	0,235603766334491	0,84523430919785
AAEL019431	1665,57339092404	0,0307311756035787	0,188740179166794	0,939315504586376
AAEL022697	61,7730412975373	-0,0656073588776079	0,278985569103494	0,812216267609037
AAEL010716	1870,37172231126	-0,0302555682479985	0,149552476388206	0,95163275916166
AAEL009595	235,911916977092	-0,221987957315462	0,211924149742506	0,855232437476748
AAEL009596	1107,68647980051	0,158933766406228	0,190105130174805	0,915645980669041
AAEL011423	99,1787692681966	-0,0181186872756475	0,203919390771453	0,930969538155845
AAEL011421	328,434563147145	0,00912666568148109	0,190544537943381	0,940655646538991
AAEL011414	12180,2161464822	-0,100272914514806	0,147026150704769	0,950405954269405
AAEL011425	1182,49700124513	-0,0103109541780595	0,156813952153903	0,951154857640391
AAEL011413	434,374161330833	-0,224315534594952	0,179926368190895	0,909654391325488
AAEL011412	442,202021823153	0,0933462026146121	0,242443449967446	0,864264396802504
AAEL011424	2693,20679316588	-0,0586372030063868	0,219725365838941	0,907729620921478
AAEL011429	373,760562425776	-0,0271616330167635	0,174284146373794	0,946556788982737
AAEL019795	1916,89235808534	-0,0294956539376382	0,184447887940777	0,941873471259212
AAEL003549	256,620893076659	-0,126230909637677	0,200409531317645	0,912373603479309
AAEL003545	22,1854826715843	-0,0726126982340612	0,245693001605115	0,868056167604751
AAEL003548	1965,73650758523	0,13376711385366	0,168472453387933	0,939420737575392
AAEL019453	495,655235457257	-0,230209266525676	0,200330703207535	0,87398697733731
AAEL024226	24,0317863764154	-0,104891204324504	0,294774142011353	0,769040605866476
AAEL003511	3198,72999743777	-0,0115873013823231	0,266859375036651	0,85980004147882
AAEL017367	1112,16798018524	0,0500000718883955	0,221927214742538	0,907550567868733
AAEL003508	1699,70153922259	0,117520772171464	0,204447448342787	0,909949358522869
AAEL003285	3586,02004964252	0,134971032081054	0,192134174175338	0,919209330735572
AAEL003291	137,509132221417	0,042262875275342	0,205263814076264	0,926206209385999
AAEL003299	985,536115069805	2,06120101710041	0,512912528354532	0,00342559523070334
AAEL003321	34,7243096403584	0,0518489349558974	0,226606150669479	0,90220235534659
AAEL003316	516,76057652463	0,266008031669737	0,233501078569301	0,783496660641392
AAEL003318	741,171760635963	1,78260890881838	0,391369682738892	0,00437860123680421
AAEL003287	1459,08777569782	-0,216899941155596	0,177986989936792	0,914559471084566
AAEL003295	91,5898419199996	-0,0829611493152917	0,207031929377296	0,915943652040126
AAEL003322	99,3521560335786	-0,211934671371218	0,226868953385649	0,828538114615055
AAEL023495	44,2600060413906	-0,0964227216035794	0,2485927955495	0,849412013127556
AAEL019654	2382,12587720134	-0,188198781175727	0,15665887089111	0,940297295709819
AAEL018055	604,99015741977	-0,151014904156994	0,20542194604323	0,898292609630316
AAEL000883	963,300489961348	0,0511097183955886	0,164734727966749	0,948210052739681
AAEL000857	1195,36113356913	-0,163391515572184	0,172804063225448	0,931902494168047
AAEL000875	290,649108826127	-0,132553694477359	0,182945832639411	0,928579799428345
AAEL000900	163,650884831748	0,0546274172899561	0,196577821456138	0,930713973963846
AAEL000874	485,925402669411	0,289211718225981	0,355501572554281	0,56703489328053
AAEL029005	25,232384439058	-0,0829635609056039	0,250347954114187	0,854307287454894
AAEL019724	2051,43639577225	-0,144140131977605	0,13990756742258	0,950382474463865
AAEL000899	173,370695006602	0,0698642499892444	0,198278738517149	0,927068917406161
AAEL021739	15,6426761382493	0,112002507057582	0,285927934844446	0,778010373713033
AAEL000898	1085,89531909276	1,48905088460081	0,225580840211263	0,00235003235938886
AAEL000905	354,211853329079	0,305030790212543	0,27253610857614	0,6832280360178
AAEL000904	438,494800553146	0,170486233106131	0,165666711916723	0,936290512629586
AAEL000918	481,296879161863	-0,00837693518403966	0,167651266434709	0,949302371616847
AAEL000893	63,6138596549588	-0,0439215419831423	0,213850720750321	0,917969954451104
AAEL020499	30,4007751879405	0,115173496471729	0,257877634563192	0,82393477948151
AAEL028205	31,8921219589184	0,101272892833925	0,264253863813444	0,819885580035349
AAEL000863	31,8372349335808	0,0173315713829969	0,253339384244776	0,877089360566993
AAEL026995	631,105465119382	-0,177944672915272	0,167278408531413	0,933745047174592
AAEL000925	515,164982963134	-0,0856586370503703	0,159954634310925	0,947849254971963
AAEL020101	390,050530042898	-0,058610857904466	0,167030929937615	0,947085662422718
AAEL000897	117,65825972419	0,0356005782432614	0,196336354493953	0,933661170096107
AAEL000902	3496,4828955651	-0,132511439894194	0,201577715316834	0,90926332052881
AAEL000889	248,299680674603	-0,140142880207836	0,259111045128125	0,808656683718937
AAEL019837	221,506318467639	-0,0641166429977493	0,206573319761654	0,920351333843973
AAEL000886	647,377081616985	-0,0423929339198398	0,1996033129991	0,930382597740031
AAEL000859	6282,34797139509	4,75614779421337	0,33444563082767	4,78861941784166e-30
AAEL000861	186,481379213139	0,0103297938891893	0,202307483180538	0,93313635474303
AAEL000915	499,812063670847	-0,06138250522447	0,238142645464576	0,882700331191535
AAEL023706	543,967004206116	-0,0543512020724831	0,167307044742339	0,947250786663524
AAEL000855	53,0590633842195	0,0899990786736118	0,221823291060082	0,895991605471237
AAEL000912	42,7978979491135	-0,476517801818305	0,472523861840562	0,370436906375428
AAEL000910	103,159757336635	0,35073511841878	0,252970739934584	0,685667714308626
AAEL000923	4768,49696970287	-0,222509143314217	0,16934344514451	0,923210845156393
AAEL000885	132,365944653468	-0,152103768456739	0,279580536967427	0,768634316026261
AAEL000922	297,888478869494	-0,177040803636575	0,187537025796912	0,913899687424168
AAEL025600	273,183852031333	-0,032051976330023	0,16809049635789	0,948184447111758
AAEL000924	717,734906284466	-0,13510392028545	0,156230169904047	0,946056137249137
AAEL000867	357,146490209742	-0,0374566645272505	0,1865224104091	0,939851856294724
AAEL000903	302,910935830188	0,0256236011839229	0,202953351155979	0,930456510525095
AAEL000860	1002,71611287784	0,00424338021867587	0,182410137034052	0,945026156188822
AAEL000856	1071,24675702624	-0,168081250016117	0,152537327148298	0,944927937068304
AAEL013760	228,596206976787	-0,103590380932494	0,206313847360527	0,911649718217863
AAEL013761	786,157411766695	-0,078042959838253	0,148062230959474	0,950815591588101
AAEL008894	520,688869519514	-0,0352952964162803	0,199183719369768	0,93196438433424
AAEL020635	20,0354513584543	-0,0187100062682663	0,240036160199912	0,895096418930281
AAEL008902	2274,16941750949	0,000689346581570154	0,176220315690951	0,947441255210104
AAEL008898	210,138993367712	-0,106755289024645	0,213489829738799	0,902184101971184
AAEL026355	2740,38810281375	-0,107851968968651	0,166455698453901	0,943563740286941
AAEL008893	1764,82859837882	0,424241925306299	0,210882652630831	0,715568696404217
AAEL008901	297,609340235659	0,060556530093263	0,189289178305135	0,935090983918015
AAEL028178	31,528141445703	-0,0564266072818136	0,243326464479881	0,876945093179937
AAEL008899	210,42428922673	-0,0575923509190094	0,201170537331162	0,926834711429612
AAEL018166	166,677550569995	0,0161576640332277	0,198544167872378	0,93489744336731
AAEL011904	127,579447449508	-0,0375679580189843	0,1932349408198	0,935530203626114
AAEL011911	242,853998443991	-0,0717370746806346	0,199490100874436	0,92569347284524
AAEL021481	85,7906188581364	-0,187023463177447	0,225818130546027	0,844776212261244
AAEL011907	303,730135310461	-0,0717230795082201	0,184505598804808	0,936972509404408
AAEL011912	612,461794903388	0,175257273981572	0,164841168220031	0,936119647997079
AAEL011910	153,766378564752	-0,124549217690845	0,190720691400046	0,92313199688915
AAEL011905	5631,45991740386	-0,0223109050188287	0,194109887083083	0,937108670051679
AAEL009398	595,470329457794	0,332469552221931	0,239427428343114	0,725759841649339
AAEL025889	65,0635928325304	0,0156700302053956	0,228038170140772	0,909995756349294
AAEL009415	287,073018292786	-0,00621893577025825	0,179337456758963	0,946133770253352
AAEL009414	2670,23411820651	-0,122486452647118	0,182016141203047	0,931150932818348
AAEL009400	1888,39139340635	0,00111985266800809	0,147666618932892	0,952088261200985
AAEL020123	1979,56540572692	-0,164161143289761	0,223327216972334	0,864579929687084
AAEL024085	62,4332945924625	-0,0852945034716845	0,214243902194222	0,90699271263297
AAEL025927	857,575567435644	-0,27111166891463	0,20334205377841	0,842963458597796
AAEL027193	59,7246302432142	-0,0717084152353276	0,238921390271888	0,877919488391835
AAEL002464	1008,06320463513	0,0710101042962215	0,189012613960317	0,933770168954955
AAEL002488	502,75677580573	0,454423422343551	0,191941348185211	0,735786934634522
AAEL002469	947,332075977629	-0,255596054968274	0,157635162002488	0,928010723014038
AAEL002474	504,570549934796	-0,317753649189795	0,242642443470554	0,7285810846914
AAEL012853	621,021985722076	1,72815928610649	0,353960590544467	0,00351625294905899
AAEL012856	1032,47882084829	2,66921289791123	0,449480127929315	1,22729400810983e-05
AAEL012855	9,80137743870444	0,105217675805405	0,289984329031482	0,775162285897935
AAEL012858	437,602727109858	0,0980720832455337	0,283429022057374	0,789902677091979
AAEL012851	767,076154924385	-0,136753797608388	0,223998482043735	0,874799580444447
AAEL019455	980,02949820214	0,14117930477329	0,2299398087244	0,863664364422827
AAEL012852	43,5349338698837	0,0586209013720496	0,261322203087188	0,84514290582933
AAEL023555	26,4447648340789	0,427137112903246	0,715594828500837	0,312038907812318
AAEL018700	1187,99343541934	-0,306452094754663	0,224962021884731	0,774873486304472
AAEL003320	33,5539255839132	0,0137366274133674	0,247240036280119	0,88673076972782
AAEL003293	795,08448741348	-0,137755246856875	0,221621612403321	0,878598061493479
AAEL019677	929,209535792866	0,0521099428439654	0,163132390707489	0,948545690630656
AAEL018298	103,106341776625	-0,0196876143729802	0,211317713754416	0,925173561774631
AAEL003294	225,545624232149	2,54226189404018	0,669855077703477	0,00159003420100128
AAEL003301	61,0522019801469	0,142749472262381	0,23426941142798	0,853615852853866
AAEL003298	1758,51131111964	-0,0671589417478073	0,20492677414803	0,921249055545042
AAEL003317	1026,21566274625	-0,344977074708681	0,264376141337357	0,671067866740883
AAEL029071	1198,99708987594	-0,241442706951752	0,275575807557959	0,720681862450376
AAEL029070	101,39019460503	0,0392215163877946	0,254929683071601	0,867489230188709
AAEL013220	289,636047708387	0,662732066692567	0,331413886294061	0,352298781516512
AAEL013225	1853,29769380044	-0,0432435764262613	0,1414941284401	0,95207511548886
AAEL013221	30728,5797515398	-0,0825294013348019	0,21377773749486	0,908294750091122
AAEL019922	1155,72278657097	-0,135550895745812	0,178308815324997	0,932061413355842
AAEL023746	299,747463958632	0,631661477603612	0,344752864778685	0,358837925369928
AAEL003832	660,657176034749	0,0656654359940613	0,275670051748659	0,818200796114764
AAEL026689	150,33564023015	4,36387352297698	0,498033279026454	5,54547991172004e-13
AAEL003857	816,9247131231	0,03059459615164	0,266993536905042	0,848760535992757
AAEL003842	41,9119060086026	-0,128297145367767	0,28802190161043	0,767201040787167
AAEL003841	3,9790510920501	0,0293191168048886	0,265932256082964	0,852004564568985
AAEL029102	329,42983539637	0,0454349968341839	0,199642167965652	0,929832600782064
AAEL003824	855,66953319674	-0,0178271352929601	0,163245033839798	0,949917739929063
AAEL003855	1574,46365415443	0,214610450511054	0,166436333150053	0,927911688617215
AAEL003858	471,801496908703	0,330352767932023	0,26373890880865	0,681326482053739
AAEL003865	330,22789792028	-0,33865272468578	0,260467101009536	0,681517639762075
AAEL003847	190,499187279443	-0,0600322191537753	0,178468480265092	0,941957171299088
AAEL003822	260,820827576114	-0,0696985435275399	0,184026529108656	0,937573198111901
AAEL003844	2129,99672825152	0,788842762901382	0,220781265488337	0,343765020438273
AAEL003829	3324,42723238323	-0,289929962722056	0,214988779131849	0,806612550690284
AAEL003839	188,706604953548	-0,0744866897978411	0,200308606226537	0,924516070964864
AAEL003835	1096,35778784857	-0,206186765311386	0,256413650628913	0,776214975600878
AAEL003817	327,921042416515	0,160918300227377	0,213760411025255	0,881614121564148
AAEL003831	502,315806124535	1,14780881264379	0,230173694181509	0,0575226407562393
AAEL003864	372,954362050912	0,133787276332053	0,197058922192814	0,91436399946855
AAEL019627	797,003607177623	-0,0670261866619369	0,198848945881445	0,927099355522171
AAEL003815	337,54413459389	-0,0840013308776556	0,198691553417936	0,924045607945757
AAEL003825	72,2006134684319	0,155749968145319	0,246494643440639	0,823282491938515
AAEL003837	3212,01546922288	-0,562309377595228	0,184715307476271	0,645469589445761
AAEL003853	143,718033120984	-0,0511945677819603	0,205069045892904	0,924732911091081
AAEL022142	54,793238674035	0,111238599891563	0,243784130527584	0,851248874785435
AAEL009507	1381,65295993096	-0,1031241942856	0,200819030724027	0,917751080858586
AAEL009512	491,364669717773	-0,0264157326828879	0,161954476978841	0,949889003814019
AAEL009496	21290,8218416592	-0,120274195303801	0,210572153764431	0,901688672700231
AAEL009511	142,182848241515	-0,100438615321327	0,191184534203693	0,927532860091676
AAEL009500	493,002567381849	0,0591119686633054	0,20407678995885	0,924089619176956
AAEL009499	104,687139585548	-0,0719887397989784	0,212835702428349	0,912417537908644
AAEL009501	277,099086658463	0,187824569837773	0,190532318042262	0,906694644323234
AAEL009497	163,8918161091	0,481601771257396	0,315736124141842	0,487300226596917
AAEL009510	2748,90484952198	-0,0489528416317212	0,239120820818229	0,885792901756995
AAEL009495	1093,60564517227	-0,119628315754278	0,161169908616664	0,945078012847645
AAEL005146	85,9933791435541	-0,0700103166723107	0,219174893067161	0,90553413606312
AAEL005137	307,353518739432	0,0295930181998095	0,179192087048076	0,944331172210482
AAEL005147	454,67385820333	-0,042473493154707	0,179038622884457	0,943331818989975
AAEL005149	1745,45432307405	0,184326521760181	0,196271137309295	0,900209834219471
AAEL005132	143,475410958586	-0,0378767850892988	0,213928051687133	0,918934374076851
AAEL005130	90,4032168517839	-0,0345151571571301	0,245477391136781	0,882199452026881
AAEL005145	174,43912586093	-0,0612882155938744	0,184834663516051	0,938177136431872
AAEL005139	161,922663652699	0,0195758997950305	0,180825800748592	0,944407948613382
AAEL005131	329,566798947239	-0,178782684990884	0,254384920798413	0,797515108841534
AAEL005148	12,985574122677	-0,0210638982819617	0,264522343187183	0,859310994332096
AAEL005143	3653,19660997991	-0,0798829195248428	0,208335564182331	0,915277763115349
AAEL005150	255,918144788064	-0,100123500452423	0,192674038884415	0,926382448311783
AAEL005153	203,417137349978	0,139455917547121	0,257627562871203	0,811135146084416
AAEL017315	6427,46970457131	-0,0820564489693686	0,189711698701627	0,931760607240673
AAEL005152	343,333126116661	-0,13005946862881	0,186830696345687	0,925819698620261
AAEL023384	41,4449034172065	-0,220372061908234	0,302178911875558	0,6877038825327
AAEL005142	183,322734154239	0,138602400511721	0,21841556442881	0,882909956964014
AAEL017302	1404,7086374423	-0,078201957258256	0,227653038331889	0,892049843583293
AAEL017320	920,898433594992	-0,0833025523112934	0,245600257137949	0,863344549218352
AAEL007669	26,822343584451	0,0635745994887771	0,251624348867119	0,86201384864135
AAEL003432	70,3028224215655	-0,393743890791323	0,3796387558294	0,481684218711252
AAEL003416	1239,0660854484	0,114435095778428	0,161436094596785	0,945404179966593
AAEL003435	345,4712396941	0,0598064877025806	0,232991833746918	0,890653501024538
AAEL003433	1714,22293279763	0,108054635059894	0,145568022582614	0,95044347577141
AAEL003423	1575,27282824224	-0,0201239865437062	0,191764571397782	0,938876634955176
AAEL003413	2107,66280897509	0,288617158738995	0,34037126926059	0,582998336155814
AAEL023644	602,04634590815	0,330446823881133	0,21954721984825	0,770651766447943
AAEL003420	102,829532172462	-0,496364725430706	0,317136758299577	0,47979174215978
AAEL017549	41,9378627384695	0,126003271789403	0,294361580423468	0,758439599426049
AAEL003402	1185,90421024876	0,0810338880526435	0,221742159377144	0,899250657702381
AAEL003434	1069,84977351087	0,163523444031353	0,266436683963153	0,783049783301285
AAEL003415	2525,04788867582	0,290624682189384	0,210530535805331	0,815321896631156
AAEL003449	419,82532326363	-0,285983915363822	0,25383225935041	0,728999377257815
AAEL003426	167,632337881266	-0,0214897785419303	0,217058855780053	0,919531884662507
AAEL003424	206,848342861293	-0,186832292709928	0,279539474669745	0,748038370093968
AAEL003436	37,615332409686	0,051679889446676	0,227042547932572	0,90161484875843
AAEL003403	400,761496466298	-0,113017229050667	0,160426734165722	0,945944843981126
AAEL003447	203,460048200996	-0,146227156055426	0,194453095934039	0,914040918785819
AAEL003437	204,829242005561	0,10924338948073	0,210895328626014	0,904326941057796
AAEL003418	1106,10148757776	0,23053547245619	0,215896285978544	0,839895256239718
AAEL003406	116,625701194847	0,316642396353665	0,356506765937991	0,549164090584182
AAEL003430	845,681227268437	0,182060210263376	0,230267613448492	0,838016192627871
AAEL003428	658,504786593624	0,050954620619785	0,154188757200371	0,950583677177914
AAEL003405	847,866396289596	-0,0538360037685939	0,264658034859113	0,841300245822266
AAEL003407	364,488683982834	-0,481715475216523	0,314857387802826	0,489154385404771
AAEL003404	6226,25858487423	0,0172445811054939	0,201295813886002	0,932870820900845
AAEL020003	73,4075235078317	-0,0893777033421562	0,225733446822242	0,890516452326341
AAEL003444	79,120462089077	0,678707739388535	0,420451570179388	0,302305856288141
AAEL003439	21,279512392984	0,101260756339606	0,28049514728962	0,793535693859095
AAEL003443	780,321585103122	-0,130484411520396	0,278783299975448	0,780512998379564
AAEL003408	21,5717422045423	-0,0396937929182416	0,247932892998521	0,876539338040537
AAEL003409	324,650077741276	-0,132958087499423	0,183120134264923	0,928394371258448
AAEL003438	396,406655196492	-0,273233468763375	0,209141854182439	0,828817862452317
AAEL003417	560,749118240792	0,0926808070012919	0,191289427918454	0,928638156347332
AAEL003412	645,402639541183	0,0299575827413702	0,186630733860411	0,940581626039194
AAEL003431	1059,75954379986	0,216359417869858	0,158588750273461	0,934498692494733
AAEL003427	32158,4498670932	-0,027468739502382	0,194116688243129	0,936406488139889
AAEL003425	823,335986989781	0,353480545364096	0,299050471559597	0,600575356750582
AAEL003419	331,677108774759	0,233070511389237	0,265206733375311	0,744619009073228
AAEL013907	225,178476646039	0,0572586982601225	0,180625744636732	0,941009721257108
AAEL013905	1202,01869036191	-0,220689681899477	0,192285219209027	0,892360226851061
AAEL017179	1443,04450650008	-0,127544056741216	0,235720318351472	0,859348734393496
AAEL011927	1064,24693800452	-0,13015938151343	0,144115065161087	0,950003750869449
AAEL011925	355,125729247166	-0,241426804596567	0,212876928424021	0,839748493885563
AAEL024906	111,041558903383	-0,942994344787495	0,492316850662553	0,153164394732216
AAEL011915	31,8718866081099	0,101415182218475	0,246580140610834	0,850995261139323
AAEL022536	20,1788365702254	-0,161122207519922	0,293604011497697	0,738278584633955
AAEL011926	29,5981766941333	0,0866747194638586	0,244138239008003	0,864369737536154
AAEL011918	2198,20478793996	0,00672364151877993	0,190453088475837	0,940936581934614
AAEL011924	42,4083725719385	-0,105300041559857	0,245159979062624	0,851920978243997
AAEL027227	295,43608603155	-0,125530504099889	0,214642228195491	0,893971630374025
AAEL011928	555,655573320554	-0,180634197271103	0,219192114341207	0,864017964967146
AAEL017095	78,8198913348289	0,0387359729862	0,215648204132569	0,917270648261015
AAEL006705	100,417030012818	-0,0784440382313822	0,220263101123817	0,902165841781157
AAEL006689	25,1241311356355	0,211842240119798	0,341332423965627	0,632047038882013
AAEL006700	209,847022977002	0,299043483275352	0,248483848447185	0,731208702863139
AAEL006703	30,4233567488698	-0,0770581267188799	0,245597649081168	0,866204187047934
AAEL006688	234,688249263046	0,159987793110357	0,191818225175292	0,913558831698275
AAEL006697	180,010058078642	-0,0593190660351908	0,180342638967221	0,940949893479927
AAEL006694	96,6029018228562	-0,0448803684620148	0,204757691453896	0,926164618713784
AAEL027120	146,203847514963	-0,0765577254748361	0,198048065977665	0,92608129657625
AAEL022195	122,204609696291	-0,0898594598016385	0,198981640209326	0,922207691403429
AAEL006687	345,355477352224	-0,131594398801324	0,195383596594991	0,916612428276553
AAEL006693	999,297529086514	0,108670733730332	0,176633198710692	0,937311811538606
AAEL006698	20645,3878809185	-0,111499251020113	0,207605947889854	0,907485285309927
AAEL025532	33,6758997517754	-0,0261114767534084	0,244491443478694	0,886263767954337
AAEL029061	189,803550256877	0,648834127914756	0,261189365912214	0,422134609745447
AAEL028145	210,063497486934	0,077015372525001	0,221245296147154	0,901169566704673
AAEL006699	283,744518331661	0,187872710453116	0,238191243115456	0,821174577910238
AAEL006702	456,438567141649	0,0669855919997389	0,219870616156894	0,905568179983959
AAEL006691	162,256187812837	-0,0741514664404725	0,235730860339592	0,881827640365757
AAEL006704	10625,4836026076	1,17684028432325	0,346565323532212	0,0696219818918533
AAEL011332	117,342349401908	-0,223716415082305	0,249199639280495	0,779407699079017
AAEL029051	1341,58164700259	3,74723506013324	0,252162371247454	1,34483802701718e-28
AAEL029062	505,899367919382	7,30094074871063	1,3299849285918	8,10282368619837e-08
AAEL011337	47,8363626312847	9,82980941957365	2,91747695002522	0,000146151373491282
AAEL026737	89,0619699112525	0,200848512826186	0,263583231973178	0,768430640627904
AAEL020253	101,531513483773	-0,150710539516918	0,243854396981429	0,829927801319675
AAEL028048	83,3118216482018	2,91642794247147	0,654830782552381	0,000209191976325068
AAEL008936	3630,20352369076	4,25908391934912	0,533848924887166	3,84808763109916e-11
AAEL009232	946,011747546617	-0,227146416827823	0,177422751758279	0,912182710611834
AAEL024640	43,32503968205	0,0465191762085526	0,239369773773596	0,886239082271971
AAEL020092	4303,7302353521	-0,0991413487895766	0,239542630390955	0,86640874214276
AAEL008049	369,276088751845	-0,148541681665537	0,266192801911704	0,792721041060713
AAEL008052	262,668638158881	-0,0921770265219269	0,202278184096501	0,918531079972653
AAEL008050	1504,28998324929	5,58114570752245	0,985637970921788	1,75008782586111e-07
AAEL010909	100,555000425513	1,06454608356302	0,502434597146448	0,116664666620932
AAEL010911	1477,00380146291	-0,112730198816802	0,143527213489753	0,950662773071154
AAEL018205	1134,83811636434	0,21982425309957	0,219366563108402	0,838763166361298
AAEL023332	3155,27892748963	-0,0403773478403295	0,199376390495096	0,930914933233612
AAEL021209	539,47839897184	0,0259371998329541	0,214243461691153	0,921011647444542
AAEL010913	508,506340256175	-0,129341780091482	0,171585669310403	0,938082170729735
AAEL006932	47,4339228038975	-0,0440996944424121	0,236121705872076	0,891893979986041
AAEL006928	4904,08825517963	-0,13164891439519	0,173379172213249	0,936329218104754
AAEL025264	29,915945363388	-0,0227350733120586	0,247569750901369	0,883326969796933
AAEL027905	2518,14181683562	-0,287373923474521	0,233078289413139	0,7716474758767
AAEL006934	749,588206587448	-0,211230656868506	0,177412249714169	0,916665471016579
AAEL019530	80,9001931345402	-0,0558259889639619	0,21494750184096	0,914139505419812
AAEL027044	187,396932465356	0,230138250511793	0,246982216053021	0,780053803738025
AAEL022864	2,40058836185102	-0,0210292506646106	0,264949280284057	0,858590069614609
AAEL026664	234,090402022402	-0,0440640003443429	0,181124750668925	0,94215579428292
AAEL023382	176,811708488287	-0,209928945905817	0,225726835718125	0,831997602006599
AAEL022168	334,687989644843	-0,0715222899506687	0,194971877743692	0,929206960655668
AAEL000854	364,534194366125	0,182773346863701	0,238905412566369	0,822505363611009
AAEL000824	1264,70949819803	-0,0388389720719595	0,180233651856596	0,943091804083951
AAEL027307	171,739520812719	-0,079131336800438	0,235593918649661	0,880234604437175
AAEL000827	99,9503817251408	-0,0148397354537692	0,267692861277999	0,856852822781856
AAEL000837	81,2069530537917	-0,0188221648826712	0,268052434393317	0,853819895887308
AAEL000833	145,199175532817	-0,0296869225012281	0,269538227848864	0,844730253528626
AAEL000846	33,6689277104173	-0,0474930324323909	0,273142712169753	0,830312893856716
AAEL020493	172,856479841296	-0,0276970886333163	0,269216833470176	0,845961677246979
AAEL000835	441,486194945319	-0,0359978105566706	0,270702250293922	0,839405000929096
AAEL000851	317,427640324958	0,18550935569712	0,17450764466927	0,926247753234651
AAEL000812	326,312278636096	0,217069685356155	0,205577970807886	0,871453191253821
AAEL000811	404,93113378067	0,847479403190526	0,315603673267912	0,236054436143281
AAEL000840	1096,13783977733	-0,166738022143484	0,190046156136105	0,913772181935444
AAEL000821	34,10586541963	-0,122081208267897	0,283838596514143	0,7759288469842
AAEL000850	386,763943658578	0,0971944210061429	0,180394485717179	0,936197427214459
AAEL000845	910,77998847754	0,778588700605886	0,271434084094029	0,316149316625164
AAEL000836	179,674945761394	-0,0739674619934991	0,215277569848046	0,909090175016124
AAEL000842	64,8142568811931	-0,0815001848828579	0,263330027402939	0,830422601641575
AAEL000800	1638,09662144223	0,0132863730833229	0,20219062034778	0,932819183476014
AAEL000832	873,781931043114	0,0280265540049549	0,172818021208462	0,946973215458523
AAEL023591	1108,02954693056	0,44151663980354	0,359863058420214	0,469163953326949
AAEL000839	402,221942825806	0,0782732970127362	0,197922670766029	0,925840694571822
AAEL000847	358,428258590693	0,0354520683845417	0,192125672351965	0,936690763858978
AAEL019774	981,766181291887	-0,106765382398634	0,165344962796004	0,944093601332489
AAEL000802	412,406634287006	-0,080933859295914	0,208307479393374	0,915126825471618
AAEL000844	285,588541071852	-0,0765497265380063	0,208359872195661	0,916078263914417
AAEL000822	392,425356277786	0,0761910753665774	0,18758001631992	0,934095027024962
AAEL000834	1988,86936207038	1,34719516860997	0,482369246157403	0,0530896549006997
AAEL000797	101,158436957013	0,467868082048651	0,354652946390046	0,456596941691156
AAEL000820	114,99631556832	-0,199701424560398	0,247394981823999	0,798292719225226
AAEL000829	158,53344649665	-0,375065980842708	0,269740988535801	0,634310241356732
AAEL000805	1232,16680856186	0,0419341428692189	0,182505867984943	0,941581866968602
AAEL000803	155,017858626034	-0,194731254434827	0,228659064565113	0,833649292491564
AAEL011408	597,297953130701	0,400220179790191	0,347437101117765	0,507931995029543
AAEL011405	44,211763357172	-0,00563583048884776	0,221781589969828	0,918315193757387
AAEL027215	18,208006364697	1,93875465001234	1,30620793734497	0,0536203135843438
AAEL023353	212,396098538604	1,07677195591206	1,09353469102527	0,124350053999243
AAEL012353	83,8191496776478	2,90853188115581	0,673446783837002	0,000307366648047872
AAEL004338	3791,08184441973	-0,288776664081376	0,205908936223513	0,825978704646599
AAEL004328	499,220353665127	-0,101441296072712	0,194731160358521	0,924243257661941
AAEL004329	434,46215119294	8,27593196572328e-05	0,182761780030823	0,945215820180621
AAEL004327	2311,69920819085	-0,0619602610579468	0,188387331445771	0,935466686898576
AAEL004348	409,821103561861	-0,122073073283237	0,199430094034698	0,914642971798397
AAEL004334	66,2694354507376	0,0192901111093656	0,209743300837434	0,926516652337161
AAEL004332	131,371014157246	-0,0861476469227895	0,193463113396385	0,928060138249394
AAEL024425	521,350530930313	0,269880089570412	0,257820524668559	0,73324774152326
AAEL021738	290,380625086257	-0,101325541035309	0,179072458581227	0,936629514395568
AAEL023107	1440,17498219985	-0,430568827320701	0,252591154404862	0,620851323035009
AAEL019475	1823,04495359309	-0,0831941361412395	0,197224235145751	0,925503326721473
AAEL018102	4405,55425287173	-0,0189939644068617	0,262128117974859	0,864544942864256
AAEL004342	267,163675180882	-0,0292329330307506	0,24763264839281	0,881292393939545
AAEL004335	503,542614064626	1,57463602077352	0,417810682657313	0,0167649316266737
AAEL004349	77,7125829193371	1,8881891277233	0,434078160737914	0,00360886032974531
AAEL004333	213,021633865581	0,00369365228790572	0,179762457233758	0,946144842445503
AAEL004341	276,836877441842	0,124747999243758	0,216192061191468	0,891960833742258
AAEL004347	2109,78310282633	-0,163476850407581	0,182506707141217	0,922769476015975
AAEL004345	1214,08680142966	0,365230500209104	0,210547724757232	0,765750009593334
AAEL006792	1890,08195635668	-0,00411363145631923	0,147895857726262	0,952053189930938
AAEL006785	102,977589915649	-0,127307310994756	0,22883598852028	0,871955548319451
AAEL006790	597,947563648232	-0,214314907851902	0,192868358721131	0,893928713264542
AAEL006808	664,74317164137	-0,250044929001166	0,1835927062165	0,894674784088924
AAEL006801	26,2913384339362	-0,138226307483197	0,292888760283271	0,753693757599076
AAEL006794	1760,68018576922	0,426447780147125	0,326786155084087	0,516447238577346
AAEL006800	638,776706661154	-0,0277487440948841	0,177450986445261	0,945324428173241
AAEL006795	545,167353063901	0,4366348618289	0,318984691056068	0,518118412460889
AAEL006815	1372,83146066589	-0,126738566645841	0,260498885537042	0,812618516065873
AAEL006784	87,7705749289356	0,0185705680997022	0,222319077683537	0,915195500085495
AAEL006805	808,894131849117	0,0403873786068216	0,215137161340872	0,917401047435892
AAEL014605	2444,70681339825	0,0343984676992907	0,183642057553304	0,941763652436924
AAEL014614	852,755187734856	-0,2849941028582	0,284452874521077	0,675881535246485
AAEL014618	144,770423466079	-1,38525392799774	0,364345573073977	0,030930917470698
AAEL028635	786,374669194855	0,0460104738841277	0,184995044952244	0,939755044122778
AAEL019504	635,313590480516	1,50698027124565	0,336219941705905	0,0123536930929386
AAEL014604	111,189856174879	-0,171500654427502	0,270171904156593	0,772634691217587
AAEL014619	195,466563617382	-1,0781236626503	0,533234349283974	0,113629785423026
AAEL014615	98,3552316415805	-0,424372848750092	0,459605047012044	0,397661866132416
AAEL017366	62,7379425360548	-0,181665061104145	0,304490009681368	0,707057298572051
AAEL014609	1187,2675459301	-0,40226962699232	0,336815748606768	0,521839997778542
AAEL014617	145,134324195136	2,01911033167432	0,737923298106157	0,016498213071544
AAEL014610	14,6812849798109	-0,0290793015563842	0,249480654965994	0,878710424530496
AAEL014603	14,5707986327713	0,133043649083063	0,288940718949735	0,763857949576094
AAEL011645	222,263744443039	-0,0324426151160623	0,210685149590609	0,92330075962713
AAEL011649	420,792632949475	-0,0288677862855966	0,170053322404808	0,947797301655067
AAEL011648	316,224898734757	0,0703332442472805	0,19674706989479	0,928089754844071
AAEL006872	2035,86303743564	0,163774898619756	0,180967462546777	0,924537811177303
AAEL019799	9032,34508086224	-0,402834629006844	0,20850492828882	0,739313923004361
AAEL006871	80,787233708341	-0,0789202103799849	0,221492804759392	0,900399482705409
AAEL006858	283,722796364929	-0,123439258170154	0,176861213388941	0,934945936623516
AAEL006864	343,127962458178	-0,122653116923326	0,182307205111399	0,930878481935506
AAEL017985	31,6189574747272	0,067938793410843	0,246975701689567	0,867956472320237
AAEL006865	429,18379658887	-0,0964639316400023	0,193685976385963	0,926175020776035
AAEL006870	513,156430167988	-0,00309662022960535	0,161156600466916	0,950690628849802
AAEL006863	1283,63638609562	0,458103948504438	0,274523803114635	0,558984259358304
AAEL006862	709,564207346898	0,0525967681009659	0,145187998483682	0,951726330055884
AAEL006855	752,232649593039	0,108032424297242	0,159659505546783	0,946611239516883
AAEL006876	1432,66079037168	-0,317080596833258	0,226533071982999	0,765645681580649
AAEL006856	55,9293244105425	-0,150907983950137	0,276062698083938	0,773710889237635
AAEL006867	629,849902286525	-0,286632373109409	0,179031300207147	0,886387035908981
AAEL006854	305,010539982541	-0,00672572538464501	0,210234592196134	0,928079885355238
AAEL019631	247,575683678102	-0,0471119141677931	0,200715017801673	0,92882232576786
AAEL025228	3516,36918749794	-0,108285416416405	0,175853384452644	0,93797223175057
AAEL013132	3120,16003742481	-0,0905611698277822	0,143102579933318	0,951259353805535
AAEL027786	6260,72595751779	-0,0802674383090505	0,171940420513096	0,943356321481275
AAEL013134	869,267113118272	-0,0496108914006698	0,168366151205916	0,947171016719125
AAEL013138	2349,47430286455	-0,0129074359533021	0,181651565482532	0,944637012416155
AAEL001591	98,6181174153033	0,258855462690778	0,248737527118089	0,760200182946355
AAEL001594	261,98164444735	-0,56292863076785	0,671408909516139	0,274396617486198
AAEL001587	465,052623374549	-0,0387992854814043	0,19552289475765	0,933803635042877
AAEL026516	42,7052606699225	-0,234938654138483	0,325642052608807	0,640942095400797
AAEL001551	112,323028371453	-0,0307439652908472	0,192374963156336	0,937138848120195
AAEL019503	1078,21530973392	-0,209259535042244	0,185721258684525	0,906461489689183
AAEL010359	3375,68283754504	-0,184301491506245	0,21510810977093	0,869663495712906
AAEL010362	228,263404129293	0,0998050139146083	0,178822912078233	0,937033097963623
AAEL010355	335,949812481004	-0,0630444616215405	0,158014376633898	0,949351373769178
AAEL010360	423,581468671571	0,877521040402384	0,338530860611851	0,208080653461023
AAEL019802	1434,29093989571	-0,0413045030999459	0,160529970258226	0,949662758206632
AAEL010364	1269,97023476941	-0,0174740536907052	0,178773992013851	0,945540357393505
AAEL019544	148,247473761417	-0,0419165281069441	0,193107825795067	0,935026598383238
AAEL019843	1292,29417212107	0,03212277158431	0,174884004253151	0,946028356917887
AAEL002919	55,3433802454188	0,214351676215203	0,337952219655875	0,636299453474286
AAEL026519	514,263648004377	0,221284865147453	0,413267953764081	0,542410226102583
AAEL002307	43,9172080660413	0,0808140078328663	0,248091656830438	0,859949834576797
AAEL002295	4402,73990686746	1,71576203054758	0,204529723595763	2,64681712794474e-05
AAEL002317	1518,46190271703	0,0690988139063969	0,201559552656489	0,924428984716648
AAEL027179	37,9161033839605	2,08549782283647	0,806342313801343	0,0186354957395668
AAEL019517	910,775137241123	-0,059885544713858	0,167618110884604	0,946822540636652
AAEL002320	333,298809486343	-0,115713050656709	0,212639789195129	0,9004184079255
AAEL002281	479,704207817158	-0,171510235436085	0,233516507912264	0,837514358571287
AAEL002296	3816,57746931483	-0,0879160822139582	0,23497549457285	0,877376883440518
AAEL002293	195,186226067132	-0,0316592455157235	0,19586631238869	0,934572298226479
AAEL002298	384,467114563134	0,0112976751624359	0,166668165531123	0,949366055948535
AAEL002311	33,796819126829	-0,0646812931545727	0,236673016173334	0,883611948477435
AAEL002309	2989,27808482328	0,338539900854035	0,232906452039988	0,735389204015863
AAEL002306	2243,07326308257	-0,0410102031870199	0,172866922194965	0,946233256388285
AAEL002312	372,195282746469	-0,0759599827700916	0,189718775272219	0,932603169739601
AAEL002308	3237,87623878905	0,0306741277112523	0,190804677187757	0,938235432211534
AAEL002292	129,525676923724	0,115752432144314	0,263195070676594	0,813550451937844
AAEL002310	74,3441189173039	0,0862626282156396	0,243293585553084	0,866101674919299
AAEL002291	33,5414592844444	-0,0355950001609555	0,260471211383649	0,859574750328658
AAEL022107	1031,00253036065	0,104643424507494	0,266798346991213	0,813085641218724
AAEL002286	320,289295685187	0,087064682312431	0,201439885801751	0,920423903991776
AAEL021263	125,767306953538	0,53606197447261	0,47434047637297	0,347045256445593
AAEL002284	165,68733363734	0,0978642001986459	0,196872494625204	0,92266690014718
AAEL002299	593,548531622886	0,032814356888484	0,189144099066827	0,938969181155238
AAEL002304	604,179222157024	0,138784222106592	0,15003730970606	0,948056038238814
AAEL019806	4429,68515833311	1,16846953811253	0,336952304211712	0,070262524700199
AAEL019955	189,292474363458	-0,0678860328081829	0,205219089820661	0,920856563201392
AAEL019954	74,8734765864351	0,418620790010333	0,599796920538219	0,346388086007626
AAEL028108	547,898249887543	0,235813230986533	0,254954440637442	0,763433368406192
AAEL002290	423,472394179594	0,0356687972267977	0,199663050057285	0,931519827640957
AAEL002316	32,1643124029671	-0,16489579453662	0,275397777624219	0,768532523023594
AAEL002303	57,2650526057173	-0,127719272890391	0,23597273277108	0,85881852630984
AAEL002285	212,807798209543	0,0502373679709514	0,212071942226781	0,918098160492961
AAEL002288	386,740640781139	0,216782006638585	0,319254986126032	0,666115904826974
AAEL002301	1584,23682415364	1,04315772131732	0,410589277507881	0,119725050485709
AAEL002282	286,855714609152	-0,109177421251153	0,181422481468357	0,933627559772049
AAEL022445	69,4717848862987	0,0388510447246623	0,220107810969131	0,912825478277836
AAEL019820	167,138158913742	0,0169554289398291	0,212566522181583	0,924646324695746
AAEL000951	9198,72550440637	-0,0370624516095169	0,203986255794702	0,927951335051931
AAEL000949	1423,01616406116	-0,0990647233577975	0,17824019543295	0,937543435734424
AAEL000965	844,334817229335	0,191854441255482	0,177576139092496	0,921118657968846
AAEL000936	40,5751673773135	0,0154498041170624	0,229320862297745	0,908454946516067
AAEL000934	2011,60136726526	0,468429857355423	0,168324665292253	0,785703867217865
AAEL000939	141,797228964313	0,0366423112425237	0,189653068463127	0,938206298070499
AAEL000941	628,958496355074	0,0537735595232457	0,177163087861469	0,94322129494161
AAEL024251	47,0123260299348	-0,00431175491362516	0,231915988087244	0,90843895206336
AAEL000937	84,4470780402487	0,0926731713062604	0,207994719278051	0,91257825461053
AAEL022996	53,3571752037677	1,20108196567729	0,47785249077258	0,0775695030936308
AAEL000973	768,390067769582	0,389892633848395	0,416645344491022	0,44724821238237
AAEL019703	182,742351825319	0,0459822540946393	0,211999445109457	0,919122047042694
AAEL000948	1333,10487842803	2,1070387650102	0,24563972661105	2,44259346327772e-07
AAEL027732	28,658319370196	-0,280283410365386	0,396461869808727	0,528735920684798
AAEL000931	2774,05191641767	0,135833082643753	0,227422044445696	0,870500578728343
AAEL000947	255,939950745516	0,0817927815462842	0,205556741108639	0,917841346554647
AAEL000952	46,2400925461992	0,0281825908490459	0,228953008868822	0,905670164684615
AAEL000950	1341,26722227725	-0,175717771156278	0,241783604603582	0,821052609994907
AAEL024524	241,071117993909	1,23133190504296	0,420122415189185	0,0658062229068424
AAEL000967	658,956239994507	0,274388966719687	0,244074588525213	0,758771662854202
AAEL000956	971,073981026586	-0,213978687882677	0,201200360876358	0,879987817974668
AAEL024218	42,388839110252	0,201839963472706	0,311783591325636	0,68473371377771
AAEL000958	343,452491959996	0,162125557246224	0,186221217124482	0,919059586004251
AAEL000942	335,729355000045	0,125343525737627	0,217516130831762	0,889384235377479
AAEL000930	1391,68189977581	0,146441442976454	0,143165509815922	0,949580420759314
AAEL000955	887,758994151744	0,0116969163751398	0,151998576008723	0,951659530697156
AAEL000970	1345,10545670569	-0,232463871985185	0,18778010392246	0,895012362179287
AAEL000961	5364,99191643208	0,0241653206024938	0,195083299346814	0,936096277239855
AAEL000943	42,0068291632467	0,00370569325592739	0,232740269270084	0,907566874116283
AAEL000938	153,610048301913	-0,0209357878266068	0,20533976537284	0,929369174654143
AAEL021298	18,0456391707814	-0,0413621073692903	0,253708126548528	0,868354353506071
AAEL018177	586,749396467806	-0,236074623931789	0,207854520585436	0,85598788208174
AAEL021302	416,496577854422	0,938120433178133	0,351234011086862	0,164612862290987
AAEL023532	525,393342473394	-0,188728030443076	0,215465506837017	0,867153458662019
AAEL020200	868,411620799859	-0,0489892983097612	0,175948574024074	0,944153183945783
AAEL009411	994,982833365939	0,0273375155842963	0,198175781472396	0,933577080383443
AAEL009407	907,283222137981	0,152425433893876	0,173476157013129	0,932956707106019
AAEL009406	559,079023399477	0,0480570206849724	0,171424365083856	0,946293872768598
AAEL009402	326,960010785681	-0,139981452063942	0,191380988903153	0,918745828199873
AAEL009399	257,584738529596	0,0412078160932313	0,180345450277845	0,942824804601248
AAEL009401	186,728005136162	-0,068367642457657	0,20555484197095	0,920448064664939
AAEL009392	2033,50056062658	-0,155783906383913	0,155202059347932	0,94473627104601
AAEL020290	22029,2827087217	0,0313066770224318	0,200386172523804	0,931671627279558
AAEL009413	534,939779340899	-0,0671180547433638	0,210832656034319	0,915713818201391
AAEL009388	419,840811545626	-0,0912313071533942	0,176091600777595	0,939865661211104
AAEL009389	2565,98014047984	-0,2452901488172	0,183923769806665	0,896053490807695
AAEL009412	657,46958433146	-0,0514769729581466	0,158850497361877	0,949653085408665
AAEL009416	792,36309959476	-0,0822285516698467	0,150985974478791	0,950212761314219
AAEL027055	136,737285688564	-0,123345653163698	0,233016238725466	0,866612673205997
AAEL007871	90,9994739916286	0,0129891245524909	0,199301480400639	0,934767773869264
AAEL007869	299,739322024795	0,101266222635265	0,189350287313676	0,928764269779172
AAEL024196	62,1252142187626	3,01804217577677	0,564176912434045	1,99410020709446e-05
AAEL007879	207,541493801162	0,79085269994948	0,450855302673961	0,229127479155884
AAEL027970	23,3955320687037	0,324678554858079	0,516183519222016	0,414160943944367
AAEL007885	440,18481540743	-0,0309251626340472	0,175125601481355	0,946011674980701
AAEL007878	139,09510486574	2,68742465321534	0,578594821486507	0,000223256696864683
AAEL007889	2345,70322756876	0,091469237431358	0,182033748529149	0,935838065757961
AAEL007877	317,312861819821	-0,0711773059440196	0,167192856700139	0,946326878676575
AAEL007882	1089,9559319114	-0,152693129852751	0,163341261026725	0,940392374352893
AAEL007876	75,0931510015597	0,384771915033171	0,431341591540672	0,438169715064478
AAEL007874	1562,40334734978	-0,0512939937488087	0,190354579543687	0,935648961116142
AAEL007868	3739,62081645009	-0,0950666751932409	0,187797305412822	0,93105128389362
AAEL007881	4213,33907142639	-0,246264977395823	0,251236945575182	0,763539657226862
AAEL022979	2476,38832324211	0,226378750008486	0,227811080848924	0,818953454701928
AAEL007870	40,8199377929683	0,0184146500397545	0,257530128098597	0,871642035831573
AAEL007883	3760,01333135124	-0,0479291606166875	0,155303531082283	0,950452847277421
AAEL007875	1715,78417587418	0,168787497124044	0,23131124927752	0,843944775439662
AAEL020300	242,296135522478	0,0945380184858305	0,236840509097341	0,872639920913849
AAEL007884	634,754678983466	0,145248815431595	0,157223921681139	0,944683766737101
AAEL005464	468,333293804971	-0,352485568014829	0,183325968306911	0,835217150013652
AAEL005466	74,807088480795	-0,012989462816606	0,22552583381552	0,913416010823224
AAEL005463	203,868257224148	-0,00431698314506284	0,195964770643489	0,938257264795415
AAEL005479	252,888570783674	-0,165569571532692	0,201249419926351	0,899443964875202
AAEL005474	2144,84394083461	-0,169779433926873	0,2012173455676	0,89777682352944
AAEL005478	177,298313096238	0,0161029744722489	0,199422267025195	0,934350983097561
AAEL005477	388,089153201623	0,199861063021179	0,170264591040886	0,927321794499829
AAEL005465	55,7054072064742	0,0656812034859043	0,240362278213383	0,878118187527336
AAEL005473	503,867775017034	-0,0143296048734429	0,166807156931757	0,949258188539454
AAEL018342	1683,95294232119	-0,247756095163834	0,199450352247925	0,867656481108883
AAEL005468	206,446412190346	-0,0382013760233868	0,192907996250577	0,935696341699528
AAEL005476	1243,53713258906	-0,206288665897824	0,255050482583813	0,77875778735811
AAEL022280	228,666174303021	-0,23721632334603	0,344690940403079	0,612087248877791
AAEL005469	1248,06444163615	-0,114740724700525	0,138003324920356	0,951440025276604
AAEL027231	43,3745828027897	-0,024531082824451	0,223115136685782	0,91312894882474
AAEL005471	2554,83776366673	0,0459436820456945	0,195106941794708	0,933068031183555
AAEL005470	131,177161113146	0,131109652891775	0,24108973138801	0,845325604744125
AAEL005472	366,397506246769	0,281353489211938	0,24725918633046	0,747313321577011
AAEL000545	328,965388445638	-0,0970162422372744	0,225217955396346	0,888252196569793
AAEL019406	1752,31723784458	-0,0688174202160832	0,209308479688201	0,916837394891151
AAEL000541	1383,06222701289	0,778789520948239	0,221489664663405	0,349671787872255
AAEL019867	51,5510700214717	-0,0998855873741337	0,251219915811313	0,842586373817957
AAEL000546	391,62682521732	0,00465982498178074	0,202939587989519	0,933518090634772
AAEL000536	147,872388376542	0,0186602783125041	0,187531869112764	0,941300476099274
AAEL000533	596,966067353264	-0,239197961242153	0,240822874479073	0,785878512716557
AAEL000556	383,829628538477	-0,0435275824374395	0,227836739207601	0,903016767553874
AAEL000530	335,559632857444	1,08618526963742	0,416241119683085	0,105369668693615
AAEL019407	38,4207908669864	0,059166872901088	0,244788904976314	0,874108027137863
AAEL020160	25,8209035142777	-0,152813654124717	0,311105906733817	0,714184006762833
AAEL000559	618,295776824831	0,0181492633449131	0,152244629444133	0,95152537583336
AAEL000562	449,900764690784	-0,0399832400483616	0,167864066584898	0,94789592462065
AAEL000561	97,1576771161088	0,0337339993590239	0,192206488886749	0,936858591021956
AAEL000549	914,826982031545	0,00126195997248948	0,187111368507774	0,943147372417867
AAEL000528	45,3439792207414	0,0641637662531079	0,230027146937631	0,893475977836667
AAEL000551	37537,6392666374	4,97931061028792	0,473009266988674	2,57100694955755e-18
AAEL000544	183,082143211293	-0,42476732472796	0,253412336009646	0,624040966516661
AAEL000558	564,333450220554	0,19104376152532	0,190980828194918	0,905089321396819
AAEL000543	300,455875378527	0,721291967182039	0,318818477982869	0,323674195655364
AAEL000563	127,832848302924	0,072797918016781	0,220939712164249	0,90292694749539
AAEL025882	182,555624788463	0,0140698560558022	0,179972835030512	0,945313016035814
AAEL020625	1204,72351419244	-0,199010448423996	0,196436739664088	0,894271080801747
AAEL020778	137,5784438682	-0,0898639319216993	0,23638486664133	0,874589912512945
AAEL000550	404,212453256902	-0,173980648112675	0,178051647484266	0,925184244911342
AAEL000529	81,9000325289168	0,0160027642813199	0,224983779172268	0,913272717330816
AAEL018137	233,037238974278	0,883953354652583	0,447512676960878	0,190839802851121
AAEL007257	133,297309324799	-0,295645146786703	0,247759408896702	0,735919246654802
AAEL007267	269,248969419776	0,0294325500840019	0,188146176456005	0,939803489133296
AAEL007256	432,060354537735	-0,18944023481809	0,221189411124163	0,854469030253769
AAEL007251	319,700149282021	-0,22543369132504	0,223338792791818	0,827862981532583
AAEL014554	143,831811256916	0,0700845924133766	0,2040507814646	0,921437957074376
AAEL007250	257,14888999854	0,180922110622891	0,180989761242448	0,92010847458022
AAEL019816	304,082581258076	-0,114524516266742	0,174649940659516	0,937935498616698
AAEL019817	349,622695868501	-0,0893176133418122	0,171444708788651	0,942749845385515
AAEL007247	287,667137806697	0,0610311633834455	0,181475460377995	0,940154107675643
AAEL019428	238,473308415263	-0,252370878539153	0,319817100333425	0,637777796929149
AAEL007258	1981,15969633852	-0,332137683492781	0,232782922517642	0,740085131281671
AAEL007252	1585,95409899346	-0,107179036852111	0,205865488386646	0,911305795810735
AAEL007259	7494,08205289254	2,27381179006858	0,58155281626226	0,00212209947611429
AAEL007261	206,848949708085	0,236192904126912	0,253560123815052	0,76543674585361
AAEL009196	78,9358902720365	-0,11255943268919	0,225133021679623	0,882726575426318
AAEL009199	87,3916877418484	-0,0475041029455326	0,216039346871323	0,914975349208696
AAEL009194	381,95355714065	-0,0217782524482843	0,265073272290012	0,858284309983282
AAEL009200	472,910370433649	0,0105307596359823	0,178925715104456	0,945961567237794
AAEL009202	122,550840079126	0,0655230522793016	0,20284433220952	0,923891165956899
AAEL009201	5481,76255567181	-0,0273324441271781	0,181498765473611	0,943551581239647
AAEL009205	223,126324861332	-0,00737534434395822	0,221144853841311	0,918569059149382
AAEL009195	240,783499450275	-0,0015666473061291	0,182573028732997	0,945187167378659
AAEL009198	816,070194599198	0,0513298451794089	0,177567727967576	0,943239745545721
AAEL009206	416,789336066529	0,930624225981957	0,294851296844041	0,180637586594104
AAEL000636	630,464051533516	0,124911792896986	0,256854681082103	0,820685707381786
AAEL000650	999,577242408693	1,00824707142447	0,385301843023459	0,131479580746875
AAEL000671	95,1750251751438	-0,125168696430557	0,214513762551028	0,894356327729824
AAEL000656	165,021950183572	-0,11824245287037	0,207939073034792	0,90536354765267
AAEL000644	201,241612203125	0,00210039239737141	0,191849533825334	0,940695943678638
AAEL000669	100,798843168449	-0,0363666700869076	0,211059252859612	0,921848036514209
AAEL000663	653,101969549323	-0,227514369008606	0,231177363926013	0,811406586451538
AAEL000645	176,541848912301	-0,113547564779142	0,205632804461237	0,90963881321077
AAEL000660	61,5987941957747	0,020415796066322	0,22449408181803	0,912636550925899
AAEL000670	1536,65142979182	0,0368422871063973	0,196137337118499	0,933635965545391
AAEL023786	391,227747370159	0,162956902919849	0,196354835964855	0,906761046646358
AAEL026741	989,780148598208	0,153756048383872	0,194095242557006	0,912388253185323
AAEL000677	268,440605014585	0,103703585163863	0,210255796911614	0,906744454928207
AAEL000635	574,594145269033	-0,0206186974722923	0,155116069721902	0,951177612295298
AAEL000651	407,112662814742	-0,00137024192212749	0,210957597030173	0,92835521100095
AAEL000642	387,448595217338	-0,877271307404975	0,569923533295455	0,177455101491174
AAEL000647	3212,52143436281	-0,252768558625064	0,324152004153307	0,631286492196039
AAEL000667	2879,50231592823	-0,175139990951281	0,249134928233011	0,807393007915097
AAEL000678	31,1651147146036	-0,0606927553185245	0,260990932308428	0,844592214146105
AAEL000634	992,860828667027	0,498766708680517	0,22601713010992	0,612925111827612
AAEL000661	412,320508375903	-0,213598768442468	0,219113010996605	0,843479012743318
AAEL000668	1156,99297106091	2,18066802050409	0,471867915790437	0,00103772827957038
AAEL020948	27,6076269696627	-0,165296079860694	0,290260886127487	0,741360478710459
AAEL000643	399,615570567408	-0,392213136112672	0,225866261064539	0,708510562927067
AAEL000674	489,151673469925	-0,130309152409717	0,181035729532255	0,930594674841238
AAEL000641	9209,95913943352	-0,0733366213501196	0,209644271882905	0,915469091030121
AAEL000649	433,250659578359	0,0285176181565181	0,184911646122547	0,94165991380588
AAEL026231	455,831721037535	-0,118491722544062	0,18469536300452	0,929540122390926
AAEL025734	70,4037854921411	0,163913927604608	0,277851065751217	0,765122657009407
AAEL027318	1168,56744524741	-0,230400328823332	0,235542360171169	0,802836339112947
AAEL000672	3251,5889558641	-0,0549307430082138	0,203628391143261	0,925248279733802
AAEL000659	262,58605790778	0,030351426791082	0,20583552968188	0,927742703407468
AAEL000654	1081,19034675186	-0,276421183136011	0,297226732491871	0,661876607814246
AAEL000666	211,216503182985	0,067367234407988	0,214851123042058	0,911455655640374
AAEL021450	1016,15356566016	-0,186804908318576	0,307012367263966	0,699741190812169
AAEL000646	943,402759044498	-0,0205234910848663	0,266712423221993	0,855511679041918
AAEL000673	312,061750683293	0,0758817672709106	0,186396137474538	0,934970156171636
AAEL026490	104,960574886444	0,04029997847383	0,211920910811071	0,920217944248682
AAEL026013	28,6500159115908	0,0288836261392544	0,235262882507084	0,897876418937242
AAEL006328	1516,52921015332	-0,0621451708399032	0,27795583685215	0,816098462726811
AAEL006337	447,862954229026	-0,00175510785075666	0,182891983078776	0,945008848868066
AAEL006361	57,2922150734192	0,614906575154597	0,645664085343895	0,259507623064269
AAEL006355	128,038890053673	0,799733985362686	0,610633558364144	0,200999645942178
AAEL006352	93,9689495413517	-0,057284168924722	0,200725442682688	0,927230960994647
AAEL006342	726,089574268942	0,298506673966366	0,225105698392921	0,779961734416255
AAEL006354	302,826012339145	0,109303700200524	0,222265501677339	0,887989501014888
AAEL006360	92,9940981626569	0,246090845816868	0,305372465673325	0,669638481725691
AAEL018118	610,79067687497	-0,194062056691508	0,202121552100036	0,886632772352147
AAEL006343	138,854274777108	0,483391783683174	0,329896355498163	0,474043614449067
AAEL026210	159,541769463034	-0,0601160819253782	0,193212550536468	0,932472893451011
AAEL006329	105,964153842045	-0,0423628970851052	0,253272450709359	0,868684095821672
AAEL006346	757,501809298489	0,115697497512353	0,161048276833212	0,945466679060858
AAEL006356	324,652831425946	0,0152685969708401	0,171921880917481	0,947973522024596
AAEL006340	176,782330279071	-0,258035253175664	0,216434973243287	0,823579581766939
AAEL006327	22,8996296608536	-0,169334798765247	0,319020292296046	0,691340880191628
AAEL006338	231,920979111472	-0,0891516861310772	0,197566841006582	0,924067619938731
AAEL006359	187,215763788449	-0,0573935614304802	0,197031599221211	0,929907685358134
AAEL006344	126,344590543005	-0,277228141341866	0,2688903501364	0,707381496214889
AAEL006353	175,818596590728	0,229440623290322	0,331907213278599	0,635058674941176
AAEL006341	147,802006304803	-0,490467526705298	0,498471052950466	0,352954425935747
AAEL006347	1959,4066924402	-0,310362846197675	0,290753124072612	0,646408855429938
AAEL006330	1840,58223550253	-0,165639856111285	0,197829223552889	0,903870661056161
AAEL006339	105,092971569967	-0,107491924923065	0,269985328372492	0,80710992879058
AAEL024615	34,2105622964844	-0,0749447053875492	0,249352914671619	0,860731029302034
AAEL022430	304,101842902733	0,20244436442857	0,316833040673016	0,677063636203884
AAEL006351	106,222851681664	-0,895466927533528	0,723459907143285	0,158874185367476
AAEL006333	247,463252025617	-0,652281097164545	0,427235992397497	0,315466626845373
AAEL017539	78,3014896171203	0,185983612389522	0,311951218296037	0,692772658486263
AAEL000405	972,941271395661	-0,0156704657042574	0,213542063443014	0,924034597162893
AAEL000396	275,874152807979	-0,235799766561326	0,209399879863595	0,851962783170483
AAEL000394	468,981806435188	0,0509865456154169	0,196139846057947	0,931751719673721
AAEL000397	119,073530655176	0,0174779105615708	0,209556873327139	0,926977450369937
AAEL000386	1647,0841294131	-0,0102082153249207	0,155262566912824	0,95133630319109
AAEL000406	109,232338891348	-0,0457180389621547	0,220581410605134	0,910640342323742
AAEL027096	334,066752443966	-0,149963199997093	0,229267125354155	0,860360120911115
AAEL027626	25,1361390916353	0,0320786110667866	0,245292068629394	0,883144892619288
AAEL000385	385,520590898305	-0,0563380856503724	0,179223905585489	0,94193144312569
AAEL019728	2536,35006483004	0,845866189212687	0,413655339271177	0,208869825856185
AAEL004090	481,141793653507	0,941185429127242	0,200525186368159	0,19550447073474
AAEL004119	895,98129035081	-0,232330323800813	0,179345579510165	0,9075179381081
AAEL004092	24,6280220843068	0,10062638780749	0,257362654416861	0,831457808243037
AAEL019812	756,889985675219	-0,29752870010119	0,233714429311349	0,764702575124588
AAEL004088	3606,82833924119	-0,165266917355113	0,23920539447155	0,830532168034315
AAEL004096	294,304217528792	-0,17684116574198	0,203381871848634	0,891827043446203
AAEL004104	377,474435017671	0,0657911615837665	0,216364989412412	0,910088408723145
AAEL004102	564,626075771908	-0,260797400000405	0,207037562791661	0,840431097274671
AAEL004118	821,713463290634	-0,170493735387162	0,256393746107326	0,798524846407444
AAEL004095	67,2611299743133	-0,056505786834426	0,235786662870998	0,887508696116451
AAEL004086	216,395121141515	-0,0534529816551156	0,18562963375673	0,938597304657107
AAEL019408	7701,46071470815	0,103179887214093	0,197859481853669	0,920484278179845
AAEL004110	562,817558897066	-0,15361634877132	0,169965109975294	0,935490520332435
AAEL004113	240,034118504334	0,0689732982967152	0,19713357361514	0,928040380297584
AAEL004117	1693,44007777437	-0,2033095132735	0,178644466695337	0,917348937116035
AAEL004107	238,931779952429	-0,0497573294145071	0,21154585362459	0,918695401104488
AAEL004097	130,985236516601	-0,227520634857249	0,261641335049527	0,755182338646132
AAEL004091	21,8005563227904	0,0559134324866845	0,259245922583709	0,850570645933915
AAEL004098	891,128719596396	0,117345958737633	0,160403186789423	0,945658956594396
AAEL004114	124,313370102878	-0,558674268033493	0,276616276795943	0,481212072936196
AAEL019770	680,926042035445	-0,19535852892024	0,200016971829661	0,889593945131378
AAEL017209	15,511659801348	0,207560005453003	0,345267046622439	0,629500355689387
AAEL004106	32,4271525369636	-0,0592727516887315	0,248541345376501	0,868979455951414
AAEL018310	943,670668788401	0,0990347903815605	0,164217849773747	0,945421239376918
AAEL026788	23,1947376651819	-0,0582454261440168	0,249853759908435	0,867522714105673
AAEL004083	1577,57326203019	-0,026606400252311	0,137295766826188	0,952288929505148
AAEL004120	2294,72300958409	2,21440539309233	0,388431055906675	0,000110993814711069
AAEL019693	38,0203735073433	0,109153975355046	0,270754880145589	0,805466045585139
AAEL004105	40,5717868915469	-0,126012266015754	0,280667538808246	0,778943865978549
AAEL019570	427,396800855308	0,0346275808650669	0,190307744612103	0,938038241936441
AAEL005556	361,349344222229	0,0648363297264464	0,213898497038015	0,913114545757801
AAEL019661	138,65262389603	-0,0313833062219167	0,219687563590131	0,914989142112637
AAEL019630	464,732108077348	0,0291069293918968	0,173735217291172	0,946638423197621
AAEL005568	96,020883391186	-0,0533908883965099	0,207068864891608	0,922080451414363
AAEL020796	180,994467911804	-0,0670160740569027	0,198447754871241	0,927382224301737
AAEL005582	89,3282859628969	-0,183924663611755	0,26060157292396	0,781879271039469
AAEL005592	151,088481477012	-0,118555506045034	0,197442228765151	0,917634733128386
AAEL005585	130,007595447304	-0,108030079207859	0,242876981778494	0,855591264610966
AAEL005577	125,089523920327	-0,0177416840504353	0,224255681445956	0,913573087881117
AAEL005584	58,5043534834008	-0,0117602432235121	0,215039029361607	0,923435237247041
AAEL005583	726,911199633375	-0,433350399193683	0,213215803135174	0,701266709041649
AAEL005593	3171,64680418506	0,0181177771010169	0,193528375076216	0,938060214121732
AAEL019458	2752,25550723779	0,278696565314277	0,248695811284122	0,746462167793022
AAEL005575	2206,83337665656	-0,0739377471037929	0,15890616070897	0,94865157406378
AAEL018343	491,185020728103	-0,201629014761036	0,200706099876837	0,88589235497538
AAEL005580	899,043826896324	-0,01450562881441	0,146368816043409	0,952048802411716
AAEL026717	966,244511391447	-0,205216310214217	0,165814858528782	0,930280710768572
AAEL027606	353,854664131085	0,159443699522029	0,212362043313328	0,884100921252217
AAEL005554	174,494884148212	-0,136086265728354	0,206150828793562	0,902638402410567
AAEL005579	1046,29136813997	-0,119059860288749	0,18488284339572	0,929283389363181
AAEL005588	38,3170282085029	-0,0008251497643432	0,264273730658964	0,868651195891454
AAEL005558	4337,76522110711	0,108205085945137	0,148391108040986	0,949860234703735
AAEL005573	394,708286098555	-0,00364291143588874	0,1731384135047	0,948169071578046
AAEL005581	145,36937345717	0,1905629269763	0,241919671505961	0,811744795517635
AAEL026410	1744,63277800282	-0,41827656965418	0,264668788787609	0,608130805186358
AAEL027331	236,596571376735	-0,0799655906255269	0,175632721840535	0,941385833229215
AAEL022849	291,441382120841	-0,0548752206295344	0,21854633948278	0,91057935116016
AAEL001146	1868,55752067814	-0,0279764997160754	0,267568666630517	0,849108690143533
AAEL001151	2392,25640493188	-0,0712831464288706	0,275572168179245	0,815386860485116
AAEL025347	53,3653072795061	-0,116060346107943	0,259951285609882	0,819823736650585
AAEL019951	755,496930293464	-0,285242465744192	0,196168262604731	0,850952908188793
AAEL001113	13008,5403036168	-0,0391811851764498	0,176430424886678	0,944852591194875
AAEL001131	33,6548853227269	-0,0320327656184325	0,237390141763936	0,8942497475692
AAEL001101	793,595319705274	-0,132442289378857	0,209027926226843	0,899790055333455
AAEL001112	1305,45152703702	-0,0710534463240757	0,15458109834984	0,949855436640159
AAEL001100	889,476708399725	0,447799853429866	0,349947723511583	0,477410352236979
AAEL027731	481,269648383853	-0,0307646519999116	0,184929006201142	0,941457864840136
AAEL001140	50,0046754721052	-0,174993207372619	0,267521358021305	0,774969834091486
AAEL001139	80,5950579014167	-0,0914674777736349	0,21900762133603	0,899617308339547
AAEL020302	217,998693052743	-0,140906964505429	0,230695203006042	0,862339909867021
AAEL001104	407,023483224068	0,0563571186148473	0,235246242888446	0,8883711969024
AAEL001116	113,85266488207	-0,0436041813262457	0,220855106153497	0,910898629403515
AAEL018174	511,834877632309	0,219437317679749	0,211038671308656	0,859084128594918
AAEL019594	4137,00924460606	-0,108332998069599	0,218694707748198	0,894228405725267
AAEL022109	24,2564993619942	-0,155423729052051	0,292850660669574	0,74374974847477
AAEL001102	2694,36019132028	-0,152642552343768	0,195347158907884	0,911335808330725
AAEL001124	396,392648662252	-0,0606405768891511	0,1807247053139	0,940588362804851
AAEL001103	408,456796468162	0,0389293122317611	0,150472421785476	0,951358889145198
AAEL027189	1436,31540311028	-0,451938159051299	0,236606265782871	0,634060113100668
AAEL019707	634,164355967632	-0,184137392508328	0,207860964850469	0,881587377479566
AAEL007672	504,5909301646	0,0253068164202518	0,149021272078113	0,951770760492986
AAEL007677	144,332054142482	-0,0186362185193648	0,177489258530569	0,945950419549968
AAEL007395	354,560098349277	0,065370964028338	0,162269427201469	0,948204933638855
AAEL028220	2013,26938368735	-0,184935191342457	0,184429026159046	0,915414514132128
AAEL007391	174,339433053829	-0,0660907136312491	0,203587799122504	0,922962489891731
AAEL007397	1619,37795319266	-0,316094082855544	0,299742214325845	0,626659932778805
AAEL007393	26,9529028129234	0,269295202781921	0,424254520614024	0,506630713470626
AAEL007401	119,135482403658	-0,189208077952412	0,261798832964054	0,776405327489851
AAEL007392	2098,93642051183	-0,188462339172737	0,190318744402722	0,906794212387501
AAEL007403	309,539651755499	0,713416653539703	0,263657506888422	0,364037078984444
AAEL007404	1161,54579193952	-0,0774834496926403	0,185211773653753	0,935538134426937
AAEL007390	1724,44880477408	0,0691823456714567	0,234204668789758	0,885493499389169
AAEL007394	315,819916242194	-0,219355667643124	0,222059493894493	0,833066920403193
AAEL027737	39,8629268845889	0,0357685315849862	0,231948260539702	0,90028578019219
AAEL019881	116,976970274175	-0,119411471535829	0,194397505578269	0,920302880172518
AAEL010302	214,217861023486	-0,0441813406535822	0,208500636420358	0,922792233712143
AAEL010323	152,815091487769	-0,0639883790739489	0,179832142249599	0,940756286881012
AAEL010303	274,187481139099	-0,0484301763944883	0,18959812100755	0,93665249682743
AAEL010312	2479,7264364002	-0,11922549378316	0,163021492093184	0,944099565314339
AAEL023144	273,133412335175	-0,171204558877258	0,212250350847551	0,87985027473716
AAEL010326	285,011314441511	-1,060456186811	0,391464548247696	0,111355197781512
AAEL019561	904,068938846609	0,367249733471314	0,272927098822606	0,634560048505528
AAEL022977	43,6243210407103	0,0393850012012293	0,21746169495796	0,915346193836835
AAEL010327	221,373729808331	0,227529156959134	0,288752624169397	0,704602939405391
AAEL010324	126,30267772871	0,0485159770490949	0,212013220132149	0,918518412374277
AAEL010308	208,211442507555	0,0531602823258451	0,209708969890612	0,919802810254162
AAEL010299	9884,18493403964	-0,100541074399229	0,208189929486156	0,910288502716337
AAEL010316	347,815850687125	0,0775167412527489	0,165159352129509	0,946605799456876
AAEL010306	83,8373216988989	0,163092542708145	0,249504813510113	0,812885729242622
AAEL010321	492,123990834335	-0,077987560410223	0,170416944468951	0,944254183449043
AAEL010300	1351,86948316583	-0,044661726970787	0,151721027175051	0,951091031619204
AAEL010317	621,593663456823	-0,195416697690627	0,22660757946259	0,837865967610507
AAEL019713	1161,61451587576	-0,0380800888150487	0,141220456487331	0,95212328120193
AAEL010311	1217,69206870882	-0,122860889029836	0,169599197046795	0,940099379027238
AAEL024127	51,7294901727924	-0,0857010285434174	0,230830425750178	0,884382138507488
AAEL010318	24067,5716634094	-0,230089802957449	0,24482515902258	0,783763910789621
AAEL012102	139,141444845139	-0,0725655873078503	0,216749908727612	0,907370818730745
AAEL012106	100,051467791226	0,0321043653971815	0,22027146501039	0,914223828471714
AAEL012094	708,009346042571	-0,0542310734858054	0,164312862615445	0,948174197769729
AAEL012098	872,966758171442	-0,130141026709392	0,190027106889444	0,922403519756709
AAEL012109	136,848216252188	-0,102516928649178	0,217672867678382	0,897657052460152
AAEL026799	108,608626431691	-0,150220485022879	0,201674120165666	0,903747072109649
AAEL012103	114,265355651073	-0,266369833743585	0,261792566144705	0,727318549928215
AAEL017167	69,7364154567095	-0,224496134724274	0,272514084169813	0,736578841089364
AAEL012110	1370,17522960671	-0,0140973268439374	0,191951052244529	0,939336580421685
AAEL012101	46,212942832097	-0,00483952602180811	0,220277227136358	0,919925356180828
AAEL012107	709,125335354454	0,0861030932052648	0,237502609131924	0,874379542032491
AAEL012095	1652,71799825265	0,221705633412727	0,157126785078886	0,934840776449036
AAEL012105	245,606158509943	0,180682448574162	0,218251962098095	0,86589617948914
AAEL012099	2505,71899788177	1,08485801020635	0,295475594459163	0,0944782578501911
AAEL012100	503,293078907719	-0,281164783692676	0,239454782951849	0,764175388985757
AAEL022538	319,765683767611	0,0119139790101367	0,194814882271844	0,938001586966278
AAEL014130	627,637963098453	0,0928267633057283	0,186816728390584	0,932228358715496
AAEL014134	73,005262799129	-0,0136333159409751	0,229517681096371	0,908773666387624
AAEL012796	51,9292564697383	0,010617378727687	0,210536066545258	0,927311713087598
AAEL011388	156,439680062088	-0,0738934405899052	0,179384428781634	0,939900145794521
AAEL011390	409,292802827898	-0,0197785851241274	0,182323018627537	0,943781710882229
AAEL011377	35,6536932526867	-0,0685106048286333	0,228627003204005	0,893993075911293
AAEL011381	5359,84103757533	-0,164691000178228	0,191240814922445	0,91286896093938
AAEL011389	225,749244566763	0,385905435642882	0,211671160339359	0,746584105286634
AAEL011382	809,386699696216	-0,133838879352931	0,178605075572949	0,932096628059324
AAEL013369	166,834853603133	0,0840416021522536	0,205561585131264	0,917179123624572
AAEL011386	173,508755118291	0,0021062384861757	0,198391091392212	0,936957344042011
AAEL011383	354,312289296604	0,0368974658732726	0,209509589010777	0,923513464994478
AAEL011379	306,71608816481	0,0540456402905356	0,195491015925393	0,931769492493256
AAEL011385	344,367578202312	0,0350519999380909	0,173863592882924	0,946255314533602
AAEL012233	7320,36891678329	-0,306749664641556	0,227636718247973	0,770150675609164
AAEL019446	220,449173552684	0,061787548047923	0,197626623847811	0,928812656341921
AAEL005278	33,9675314055545	-0,0142784261938641	0,222797798553016	0,915659556909389
AAEL005279	68,468003669527	0,0219394467551282	0,209917116331866	0,925966421126227
AAEL005281	614,402470268541	-0,111737310048937	0,209258315573604	0,905687140727918
AAEL005271	1110,06210041563	0,157029689125592	0,209082774191016	0,890356127445213
AAEL005266	18753,75459057	0,00789544471968207	0,188023603337848	0,942117457285173
AAEL005254	430,192879727814	0,132034401607688	0,171209565427755	0,937913437845723
AAEL005261	1002,35811491183	-0,133728408122972	0,170145536535729	0,938424136559653
AAEL011201	500,811850505735	-0,137348509375485	0,193600331194688	0,91716603214513
AAEL019866	690,091566758531	-0,101030834245623	0,192701688997169	0,926185419907849
AAEL011196	573,722144248392	-0,0384322313245592	0,158561474445323	0,950146447801436
AAEL011206	1153,86426278756	-0,00376481574885542	0,184736923919761	0,943986031629879
AAEL011200	218,03345554094	-0,0170533368413201	0,175689969891335	0,946703551227195
AAEL011199	249,794569808985	-0,0402986108434803	0,207544922852608	0,924602956754891
AAEL011202	3447,50564080835	0,0199631725162968	0,237519817876569	0,897796758136473
AAEL028222	10,5464739895601	0,063193696525606	0,27026870825377	0,827523421773265
AAEL011197	31645,6572721005	0,275660855545935	0,262899042786185	0,720829504177922
AAEL023562	21,9582200606777	-0,0521182185723793	0,244037754256662	0,877834133290136
AAEL011198	582,609888384001	-0,156260070040847	0,17569455995329	0,930511842206975
AAEL011204	1166,81128985784	0,0406137344904057	0,144445517235589	0,951907976574486
AAEL011203	306,188874942912	-0,0736628366960295	0,259933943807088	0,839797444559117
AAEL009762	262,695374679435	1,67830807708442	0,648005011284202	0,031706897450152
AAEL009764	822,761543980227	0,588148430759598	0,183718398255562	0,618696220473181
AAEL009767	192,053914883995	0,455191043116636	0,269265005285905	0,570451320939588
AAEL009769	106,937944721289	0,277045683100213	0,307463259627635	0,642384106536583
AAEL009765	996,334920598385	0,0054410603986548	0,175173223442837	0,947530721370414
AAEL009766	810,94204847813	0,215896828367347	0,187610414737551	0,901817598411322
AAEL009763	42,7039862547409	-0,118763710630447	0,26184381407782	0,814473192775136
AAEL000250	95,6915376261084	-0,157334513029711	0,229130073460473	0,856303611964875
AAEL000254	38,4461459125016	0,0426118087390773	0,224884008510953	0,906428086768175
AAEL000230	117,623560892671	0,140269729453602	0,237456037715077	0,846906060337999
AAEL019737	2197,09476123995	-0,0112386510699516	0,182810906455433	0,944218578306405
AAEL000223	262,154150856612	0,0740212005109395	0,228159810415194	0,892822471018685
AAEL000241	389,228839793578	-0,0844714842603607	0,173039228548601	0,942384754055481
AAEL000242	139,494848802975	-0,492951265088878	0,382365253200448	0,418734549746515
AAEL000249	79,8199783989519	0,0373825665163955	0,212642196052057	0,920193643585772
AAEL000231	1197,17940938237	-0,148700357092174	0,191880659956127	0,916252616266191
AAEL000219	498,1522014037	0,184513463241596	0,1970139484458	0,898822755227188
AAEL000244	236,579828389059	0,159367642533898	0,217772232480037	0,875424403745238
AAEL000251	160,819140297884	-0,284525605875991	0,273544660409829	0,693483720249225
AAEL000239	531,944688574756	-0,210762249996067	0,190062473147672	0,899924003797402
AAEL000229	380,119674773066	-0,349265080281511	0,298233184766382	0,605547007275541
AAEL000243	90,5569488585194	-0,0322847262036123	0,23533360075238	0,896688688248002
AAEL000252	280,215255035722	0,0303594103069669	0,262894092142346	0,858092539371003
AAEL029073	171,898477166652	-0,0922175756092506	0,210899089650253	0,909310427639487
AAEL029072	403,884780937467	0,25224249931774	0,294675268944393	0,681135090929846
AAEL005530	143,024952868752	-0,231301494807618	0,293117428631904	0,695247371037728
AAEL005531	264,958722473172	0,0392461733361596	0,179644282586003	0,943325690054589
AAEL005527	917,715758248493	0,100236859110432	0,152390049515271	0,949223770645266
AAEL005515	24958,9748168643	-0,123841250751738	0,146906975542789	0,949604665603517
AAEL005528	2359,18627042978	-0,234551201491347	0,227112296940777	0,815516651030458
AAEL025436	150,195204033771	0,0547784759804685	0,196653465565123	0,930640607702042
AAEL018059	980,893058003408	-0,140465134357146	0,227822588660516	0,867856626399516
AAEL005520	680,154933880808	0,0818804309908635	0,187124836644964	0,933543384779723
AAEL005522	1580,85291388407	-0,00386931674029209	0,145888140081048	0,952136400507409
AAEL005524	3114,79323824197	-0,0495252273762966	0,188667407426627	0,937123762706948
AAEL005521	858,001483158103	0,87325450152003	0,25601824713282	0,239102632656254
AAEL025076	36,3918295404781	-0,0741671288126255	0,238931697361052	0,876655540613189
AAEL027790	412,49481873269	0,214998504788028	0,348233384194187	0,620314683177096
AAEL005526	1105,7397434422	-0,0451600767166884	0,189104876140872	0,937401676021038
AAEL024086	24,6706250733875	-0,00435843997753793	0,232246615953589	0,907940337107734
AAEL005518	157,243704937108	-0,370019194754445	0,405787587776239	0,469655660146984
AAEL002357	556,02135867818	-0,166043658851498	0,161419206640478	0,939982747650214
AAEL002346	3089,04438608432	0,00477487607764868	0,186238285048476	0,943276610803714
AAEL002321	82,9710378164923	0,022175952541221	0,202465620745599	0,931510877243756
AAEL027240	424,88513549724	-0,200202193530081	0,243504266247955	0,804742597266301
AAEL020042	197,778265023339	-0,169020444712332	0,21697063999815	0,873102363966645
AAEL002335	170,676371133457	-0,0491576276924948	0,181521835301397	0,941379276110322
AAEL002348	48,0044700850454	-0,0411988409660188	0,229243650511685	0,902001192776099
AAEL028030	10,4492096417335	0,125085076900037	0,290563753854917	0,765332141814741
AAEL018057	976,516087323738	-0,104940834325739	0,193656140329318	0,924570398028014
AAEL002343	57,6361175206605	-0,0216488252605398	0,215628868315465	0,92068886702169
AAEL019424	3026,90260229315	0,103249779273432	0,189552515171982	0,928237472823054
AAEL002331	530,732906630677	0,00872540677303697	0,151127858779655	0,951792945055764
AAEL002354	54,4822653623374	0,10229772281226	0,270539268226423	0,808517092811315
AAEL004167	1260,76570811927	-0,213656699543496	0,162926500735128	0,931340374069732
AAEL019821	60,9381590499482	-0,0410820782441417	0,207620845265781	0,924439881484291
AAEL007657	10246,7952926529	-0,258447585284711	0,159451056125169	0,925566816787246
AAEL007661	355,982032093926	-0,0492230755814151	0,197847278695531	0,930622241854304
AAEL007662	2349,06476850885	-0,246688280294773	0,226620073794499	0,809351611090754
AAEL007652	102,157982419565	0,10740048668785	0,23406597931782	0,871892968387871
AAEL017987	56,6025793206961	-0,474192706824463	0,438199197487747	0,386061417923201
AAEL007651	2028,75242781682	-0,148968993214301	0,178824355250919	0,929101601051239
AAEL007660	1256,74861461549	0,101359191597068	0,15934706530681	0,947112365253243
AAEL007656	336,661551103826	-0,201396239817812	0,242122683094235	0,806112608173924
AAEL007650	3144,81133193426	-0,0685583910074131	0,168555923060263	0,945916948873375
AAEL017515	1273,60352032507	-0,0159862120928867	0,163514165765976	0,949922526077686
AAEL007659	942,475776522768	-0,312328389338794	0,2006775298862	0,823520243314028
AAEL007653	1107,31149908645	-0,0402918843010405	0,261454903995813	0,855032317535136
AAEL007658	2006,87570674216	-0,111799452309048	0,16529159046404	0,943751537926694
AAEL007655	136,017066955908	-0,107143621861421	0,2008777788109	0,916625695288886
AAEL007654	228,444392857332	-0,132199507416818	0,197977232059947	0,913743796089921
AAEL027380	169,296481150686	-0,0215736389041992	0,212684744398755	0,923647198482352
AAEL021365	2256,41246711392	-0,0953169427760323	0,185879686853872	0,93249898898278
AAEL011293	262,797918897062	-0,13175341203992	0,246889421222972	0,8331200311522
AAEL027190	2054,06959218684	0,194046041672286	0,176721319620468	0,921602504148703
AAEL011289	1011,00145806269	0,0106840744165981	0,159126906222033	0,950774007776593
AAEL011288	20743,9758580211	-0,173618730442542	0,22768879597792	0,848542123161611
AAEL011287	1826,95149683214	-0,122941257411416	0,144035893406763	0,950264741156575
AAEL011292	144,240144160963	0,271561785655558	0,336998554971213	0,599982600875268
AAEL012217	5195,32028507048	-0,0851455443869184	0,19016144013339	0,930823732810224
AAEL022631	1095,02786826526	0,0622667049485683	0,138714069121622	0,952066347672448
AAEL004193	522,263094091615	-0,168833483332723	0,206353814605659	0,890080190400613
AAEL004195	3803,73529398986	0,0483146874665225	0,169986725282475	0,946736055661759
AAEL004163	166,188483854617	0,027173032148421	0,188272272264193	0,940017098115674
AAEL004155	32,9916862141901	-0,0184959331939419	0,224701828889658	0,91288344552299
AAEL022285	157016,484671228	-0,35154173950469	0,175016543205049	0,859987232899187
AAEL004169	286,196851750757	-0,00860706879368759	0,175390234240078	0,947256096095374
AAEL004180	312,476256614778	0,0338796318030508	0,176617206127335	0,945198632095258
AAEL004179	71,6783610567351	0,185472813106787	0,250865069626739	0,800286961616684
AAEL011361	275,745537496857	0,0194798025614367	0,191515367879345	0,939061447537275
AAEL011359	1077,16584092699	-0,052797049693064	0,172224334690874	0,945608191676291
AAEL011355	262,007975323881	0,115383371358598	0,208126793544819	0,9059916683646
AAEL011353	25,6774805789601	0,00117856033387641	0,244634990822676	0,894547632055369
AAEL011354	23,9995283516116	-0,0152756097307626	0,250269540337634	0,882331676161307
AAEL021866	54,3455313812552	-0,173957440954005	0,2848515022777	0,746340114414609
AAEL011352	395,199590236442	0,00581344548056564	0,156603855790132	0,95124121268854
AAEL011362	161,019094917588	-0,0650070644019774	0,192308986588422	0,932403206630379
AAEL011356	64,7657337195254	-0,402489207889353	0,396328069997551	0,45761989983675
AAEL011357	727,411782111333	-0,152428241702493	0,233699382636147	0,8480153516722
AAEL021736	605,857221121767	0,0091128130860284	0,150610685081043	0,951837253010653
AAEL013847	1065,57860902795	-0,385267042887715	0,171979886493248	0,841107920097878
AAEL004824	249,948188853715	-0,31532580362709	0,236695447528389	0,744866295690262
AAEL013894	206,72865986001	-0,349956860218145	0,242639569991384	0,705425533664088
AAEL004809	766,300855267494	1,35100492054831	0,423630203102019	0,042105237942861
AAEL016969	94,9036851538668	0,0781281700144385	0,235541549118243	0,880752281282923
AAEL025363	5890,03919795838	-0,0444119379658717	0,137978916732971	0,952197528986961
AAEL013844	1077,12017176945	0,0759559628787195	0,199811783202976	0,924635487388239
AAEL013842	233,505631497056	0,0626591253962026	0,197840492659694	0,928492084882923
AAEL013839	463,134767090325	-0,0147904324992953	0,155622626337072	0,9512094332183
AAEL013840	744,170789702319	0,415849909467261	0,389761538844586	0,455570855545465
AAEL024429	516,967635234185	-0,165440007704851	0,190753303379982	0,913330091594887
AAEL024616	615,536112644024	0,0580787485458214	0,192201539692175	0,933408259819712
AAEL013841	720,150510826165	0,0475066936689065	0,168712244872659	0,947186990003253
AAEL012718	44,8450203466432	0,103400052550743	0,230233322843129	0,879046269778722
AAEL014201	424,992736112746	-0,16144276608649	0,218163617106633	0,874138253267639
AAEL014198	1138,77510588018	-0,0953791384611998	0,206395071344704	0,913729596162345
AAEL012717	26,1040975106654	0,0647376381659525	0,241456489323977	0,876568409183672
AAEL008299	19,6012683907102	-0,0482582275723078	0,254555388321716	0,864229246902247
AAEL021318	890,26122206939	0,00381168295440047	0,169208674734034	0,949139989623526
AAEL020454	29,4659061564237	0,383622664067383	0,546894503544992	0,374858757397277
AAEL025198	401,778465961705	-0,101470051795853	0,194173113778977	0,92475452660963
AAEL021032	20,8674235864864	-0,06098670723164	0,270937419892065	0,827409937454405
AAEL015411	707,968003849901	-0,204192577803261	0,175406056926362	0,920664852401688
AAEL020941	142,203658486873	-0,255083101956567	0,221177597646746	0,81499639186661
AAEL026955	5504,36380407145	0,0381116215849917	0,224457635668561	0,907826994261592
AAEL022315	18,2826142311187	0,000744548506516679	0,245843479062485	0,893302489384506
AAEL019787	1466,5044367863	-0,275181485091344	0,161358894875934	0,918708013743403
AAEL010711	620,10078083028	-0,112977820612484	0,201488103382198	0,914656872722517
AAEL004404	830,755072933746	0,101990536455139	0,20420788825773	0,914475806889613
AAEL004410	1032,04073520172	-0,0330460808661028	0,157585079456151	0,950485619654445
AAEL025130	3264,71181963084	0,0239284087057387	0,159804126484379	0,950326032118565
AAEL024887	142,412986184179	-0,0350966556981876	0,222759297061869	0,910959186047869
AAEL012595	593,964058352446	0,200078463102309	0,175757507112486	0,921177983085446
AAEL023629	866,872665884847	-0,00910237072142232	0,174403184241737	0,947556977010879
AAEL027209	93,2960138879357	-0,0841860218655777	0,222675207589176	0,896790413427425
AAEL020236	2685,4777422769	0,0595616671041521	0,166740600782166	0,947117702585593
AAEL028021	4322,25330218623	0,937921397204007	0,346739262810948	0,166238042074804
AAEL022589	47,3669949793808	0,113899316660392	0,255072872890707	0,828706072725363
AAEL027257	91,889108753086	0,213938606570146	0,284592522953245	0,721858721103085
AAEL025814	226,471357756571	0,144173432846823	0,234265800295671	0,852711258564749
AAEL024606	71,8875853811779	-0,0232897819206803	0,266796286097419	0,853860636314302
AAEL024497	2138,61687947804	-0,131544027425737	0,180439521911905	0,930905824013701
AAEL005832	3897,41388189702	-0,285910724079333	0,238010264871895	0,763645850331327
AAEL015458	12171,5042765963	0,133099679011636	0,306148579123005	0,733112755006905
AAEL005826	247,425854761799	0,00035671999937344	0,180323014739924	0,946155910086835
AAEL005825	347,559004296684	-0,000754687888967782	0,169684432847716	0,949159727668903
AAEL005839	5951,06206793025	1,2287868034786	0,518840985945162	0,074857507928957
AAEL020998	2031,32458350156	-0,225103321619402	0,252886647275846	0,772142137538032
AAEL020642	418,67912073238	0,066585141462536	0,172133829405959	0,944431529534689
AAEL022930	1422,1708041509	-0,167994245165691	0,151711296777325	0,945375723905218
AAEL021024	320,138526742904	-0,170667227263868	0,198906948552014	0,900945411104404
AAEL015077	778,798748587347	-0,0728861582774147	0,161681287970052	0,94801996962473
AAEL012964	8367,46710211697	-0,0641208434393711	0,137571825974564	0,952114531002023
AAEL020862	22,7458469078841	-0,0320234489521638	0,246335217827963	0,881987275018834
AAEL026256	165,852549655831	0,174024528532229	0,245660134908137	0,813947030668127
AAEL011387	486,474032294949	-0,057476461085434	0,179921563484622	0,941392388881361
AAEL012962	254,817731943979	-0,14710902433666	0,202555446974607	0,903658599710468
AAEL021162	200,215148995292	-0,00241383008659999	0,220246149041875	0,920242230121872
AAEL019990	3458,11741635327	-0,214695116861185	0,240426733450149	0,802762282289304
AAEL014720	358,75066996972	0,0642645632609092	0,1799675491591	0,940628751341242
AAEL022712	520,954334908228	-0,140555479629802	0,205969570288737	0,901262665785701
AAEL027287	115,135776781957	0,0496056543379926	0,20840388936866	0,921567302108107
AAEL014719	1032,76037177488	-0,238523519186939	0,355600320714294	0,596088862995408
AAEL026758	86,714392175977	0,0750242706432515	0,223908428619716	0,898174044464162
AAEL023069	1502,34832518421	0,234764769586364	0,202069221011975	0,869175626837244
AAEL013679	400,238690140533	0,204692167401662	0,187254549292252	0,905822729487072
AAEL011728	1958,73354894501	0,076217020940353	0,158199591120599	0,948772051349706
AAEL011730	74,5133260630454	-0,423158485684713	0,445767332477092	0,408355891643299
AAEL011727	33,3195269895223	-0,337394042738791	0,39878230505188	0,494188779066429
AAEL011718	202,434237916099	-0,0586700947042601	0,186743260962007	0,937191590111399
AAEL022615	119,509467706724	0,950162802385261	0,357406168249021	0,156427061098091
AAEL011719	346,887499065124	-0,00657766314749639	0,168893081782349	0,949055931666842
AAEL014389	269,64877310288	0,00923205746132724	0,178092301631951	0,946414696421294
AAEL019539	1037,94719677526	-0,12880453100769	0,171761114758509	0,93800892142935
AAEL025449	37,2274765460893	0,140043763881388	0,26505692936862	0,799982717906645
AAEL021676	262,680546909539	-0,115343015560271	0,164772184282782	0,943678990519662
AAEL022060	76,3163722578419	0,0417127246040754	0,220550041330616	0,911664610887725
AAEL022855	558,428598634439	-0,019589705823483	0,178184863908342	0,945647683692273
AAEL015095	167,204898759913	-0,053532192270378	0,188742340091611	0,936560466936895
AAEL027829	792,68056976179	0,163351117394634	0,304479742885434	0,71919694449614
AAEL014551	1414,48229871089	2,41068302497785	0,443308535243408	8,19908010223973e-05
AAEL020599	97,0764605412163	-1,92948786783612	0,5665721486157	0,0087124710050204
AAEL008118	88,6562934927832	-0,118049702554201	0,246005341934705	0,843057447776324
AAEL008109	78,5241917385248	0,091869060499851	0,214534791993735	0,904882606763275
AAEL008101	518,627404436019	-0,0607460446355276	0,178005628349195	0,942123850313325
AAEL001008	244,243278727003	0,0316649949547754	0,171399855175827	0,947229538242433
AAEL002159	145,889657821166	-0,178288387040747	0,216785282145624	0,869598656685649
AAEL002139	206,884302648588	-0,00813942061352704	0,165357472102433	0,949764098639433
AAEL002175	1266,57554044782	0,0467447804803729	0,178810654396278	0,94306088582504
AAEL002170	678,683118499236	0,324467478771581	0,204629059062754	0,806327184468411
AAEL002158	6514,29604122707	0,380458191514321	0,185701738113047	0,810453120645671
AAEL024183	17,6632703261318	0,0737272637072832	0,269730274754365	0,824170787141008
AAEL002152	864,934847797637	0,0535230358477483	0,150879380808163	0,950994979217394
AAEL002176	216,633822297182	0,00342215339994872	0,171100283773619	0,948626403268139
AAEL002161	325,18053439098	0,011889777536043	0,182292304713666	0,944384347670133
AAEL002157	452,060356067577	-0,0622397220426244	0,189668376943759	0,93458863259656
AAEL002135	275,281158152242	0,623386724966587	0,234207348615815	0,483566498907153
AAEL002148	367,131813024289	0,00677115008865908	0,173943583662677	0,94779210062959
AAEL002163	1764,16968559082	0,460407219794124	0,225037976390149	0,653751029133213
AAEL002287	1174,91663313696	-0,320380429118133	0,268314093795567	0,68075166385894
AAEL026744	196,63345751768	2,54598403070078	0,396796143267115	9,74834749790906e-06
AAEL014657	776,764579420262	0,488982732354805	0,192471627393802	0,7005905831287
AAEL015127	435,531480629182	0,0497311521399864	0,193825613049197	0,933458996022168
AAEL021103	459,837899465759	-0,10929132809757	0,190702132042019	0,926413461954488
AAEL023395	101,721598004489	-0,880472243208761	0,428369422504386	0,19394103437657
AAEL013823	893,839844757514	-0,300567415775741	0,18126635311351	0,875187112059807
AAEL017391	8145,78749024393	-0,145302972682896	0,1978179748008	0,910303857683445
AAEL013600	1406,00255426898	0,0302666993408179	0,137030484336685	0,952284585025955
AAEL023829	907,312786998007	-0,283807586497684	0,172360619458478	0,90009569815796
AAEL026819	72,9959027952504	0,341933827845425	0,322291305985393	0,574485247342641
AAEL020508	3953,18764298921	-0,108003999376071	0,184195505178513	0,931929032306836
AAEL022743	579,156082889516	0,175643074157256	0,200895497460882	0,896074102896965
AAEL010712	893,169638406369	-0,203668128984422	0,219583468932727	0,847927200082887
AAEL010710	97,611028614779	-0,01563471762952	0,23775334974447	0,898920324550852
AAEL027520	29,6532561813656	-0,0886347923507174	0,248091331596687	0,855670762668275
AAEL001094	1189,78147031181	0,293021638997409	0,262773255639712	0,708349799879876
AAEL001099	1571,13434221252	-0,103061623701402	0,139821907286739	0,95144452490361
AAEL001086	183,288811740805	-0,0132366019111606	0,170232543221679	0,94844444248792
AAEL022505	567,040804087275	0,0564303051515928	0,158012689064344	0,949657922272285
AAEL001080	180,866778083781	-0,119643373614335	0,224455347120188	0,88142665916409
AAEL021491	1485,28264282458	0,0547489248764629	0,179132861818445	0,942130241929445
AAEL001439	432,529729258894	-0,00815258360779736	0,173925027006264	0,947724392866559
AAEL001433	230,847907804944	-0,0928379248192511	0,197834257567252	0,922894477598944
AAEL024804	30,1826630831325	0,115272271604512	0,291050758297804	0,769243227234539
AAEL024396	216,39556642207	-0,370052043390348	0,272292558981887	0,633558840130161
AAEL001427	194,367178530448	0,13207962055195	0,199004368957945	0,912534481301807
AAEL021728	453,19604573228	0,384849227992528	0,303770904139206	0,570790288946101
AAEL026142	382,673094169047	0,00252251712270651	0,170831204134493	0,948752011077421
AAEL021179	137,152805738479	2,06470511849226	0,425514916007301	0,00100181951004027
AAEL014518	263,419551822191	-0,063722497119121	0,192100150522964	0,932689741708801
AAEL009016	53,7503488476578	0,242296374483339	0,281759429065806	0,70802774315759
AAEL009017	280,014555014003	-0,0712698813392632	0,180348960927782	0,939553509918509
AAEL025929	240,465462171085	0,00668556004053695	0,182006757773755	0,944997304598716
AAEL017081	1321,29476100325	0,072196776042648	0,168648299401498	0,945642045487132
AAEL014295	342,315585367654	0,0604026893765524	0,181143011841857	0,940372025859857
AAEL012552	6625,82725031568	-0,136818940900875	0,182044739296405	0,928589532208438
AAEL018212	1104,62671387486	-0,0606677425741056	0,166804263753235	0,947053583411627
AAEL012551	186,844966495192	0,020971174569604	0,207864272416562	0,927702826994815
AAEL012549	1406,67230188535	0,443488827567696	0,281202450983751	0,561464218480089
AAEL014853	76,3241406629067	-0,14824989339929	0,220781178799479	0,875127647872499
AAEL028236	106,30523999914	-1,33377193131605	1,04087288535777	0,0894473272556629
AAEL021231	40,4352839799456	-0,105421681245973	0,256178803467551	0,830860022503295
AAEL026915	242,779963695465	-0,0281395967126844	0,204351252356647	0,929005547101847
AAEL028087	164,933659005518	0,00932511112977389	0,220809582616135	0,918442323984797
AAEL027088	823,381858677626	-0,0911962626498753	0,16972456046665	0,94347241954671
AAEL027809	153,425700872348	-0,118881556030769	0,257401717372052	0,822984402646618
AAEL014583	37132,5668353343	-0,051016375221928	0,204942063411035	0,924937758491185
AAEL015640	326,002161387937	-0,0743459448657859	0,203388880397171	0,921130530135373
AAEL023617	338,706345682702	-0,0996957904360875	0,189809701622879	0,928647873230745
AAEL019733	2088,50648299001	-0,0938039392313476	0,186551761181187	0,932272155436871
AAEL020482	69,691535003903	-0,0392677606429453	0,213847517899169	0,918720622471243
AAEL028129	140,043922064446	0,00559511070687652	0,219807383885565	0,920084107185864
AAEL023628	1,22990760155137	0,0129485979454462	0,266187512493216	0,860397300626354
AAEL020033	1421,55944772134	-0,37333988510224	0,49063194538809	0,404823590206563
AAEL013076	1064,67569369493	-0,0822735800280242	0,171837851269246	0,94320898787348
AAEL013075	4963,61997690959	-0,139302625592503	0,207318217195701	0,899866641177614
AAEL013077	395,44279972342	-0,119109804626207	0,174517672320464	0,937334301839114
AAEL013078	683,266380182817	-0,0863486992088772	0,168201846480337	0,944601894775912
AAEL028002	43,3930076017895	0,0898257759213301	0,229928208357489	0,884177752386638
AAEL026089	434,987049411325	0,272483234935253	0,309002380450146	0,643576936942305
AAEL013263	128,467768175451	0,285369479343853	0,343576821872732	0,580737675967096
AAEL013265	205,557717140977	-0,011064672935795	0,181164996034927	0,945020388292499
AAEL013262	965,776276088754	3,1109475810007	0,535120170737526	6,63955286674605e-06
AAEL020559	3756,64236100991	0,209409002061416	0,221606511915883	0,840236660306091
AAEL024179	2035,61354260935	-0,194854456651395	0,227420983956585	0,836654080380241
AAEL026769	96,1607671332285	-0,104864401681088	0,219012124387722	0,894991326943224
AAEL022443	186,586353034727	0,0290083760532198	0,196520083881355	0,934490503856208
AAEL014000	158,71576555261	-0,0423404248164259	0,186587319888442	0,93925218912306
AAEL021100	72,8123032466523	0,0196101940954921	0,230640232199073	0,906059074368003
AAEL020619	82,1229555704181	-0,209447464455623	0,336713203301946	0,639974244423048
AAEL024777	37,9291053163524	0,0112165181651208	0,247482112788088	0,887096756939795
AAEL020094	15,5599398291442	0,0759422223250762	0,270912032443699	0,821296380190518
AAEL023728	14,3909591516076	0,126530582580706	0,298257873398696	0,751133226916099
AAEL027338	65,6640601384467	0,0179381501189518	0,264638553932873	0,860804974858015
AAEL027311	14,0805504979489	-0,162142573079585	0,313480731934348	0,70377578193089
AAEL001319	49,4346310052799	-0,0689399210150064	0,230654936896013	0,890699107747242
AAEL020203	2573,66875593489	0,0547551185773553	0,188022775509381	0,936866198390661
AAEL009250	420,433105014296	-0,102069611723062	0,157295082372624	0,94778689856764
AAEL009249	602,119819393482	1,3066713260297	0,40468731885674	0,047774183712269
AAEL020359	1335,55472815537	-0,0655449485727593	0,17329163659729	0,943968063088287
AAEL015238	416,980380344853	0,230156220497073	0,204598629332214	0,866748281796314
AAEL027002	1426,14599383896	-0,0470868966284985	0,153692531146708	0,950727720995252
AAEL021061	49,5640223508664	0,214471380708006	0,269570915948775	0,748998703531176
AAEL010206	1354,22967824034	-0,366885050525766	0,326114414247497	0,551746206973366
AAEL013818	519,396226495542	-0,0467656855782481	0,155468064896329	0,950462215239661
AAEL013816	705,430465909752	-0,00132302283857564	0,165079757146287	0,950075201300622
AAEL013814	63,5043946829923	0,112926636588811	0,238024338085705	0,862592450559367
AAEL023635	451,310670542221	0,14246913924114	0,167696335744034	0,938976288487345
AAEL013822	402,193083498286	-0,0180557327107107	0,205179871662619	0,929991963666502
AAEL013813	784,875635481917	0,0264010443292806	0,18668138160154	0,940923264386402
AAEL014749	1092,88455208705	0,225097107417016	0,251163488825223	0,775066101074878
AAEL024519	131,462374498212	-0,145051313928167	0,217293682516273	0,882305255077354
AAEL019626	1366,70657803847	-0,251099500131933	0,184823993642596	0,892249580691831
AAEL015356	379,03404394872	0,115171589623833	0,199206649765455	0,916439572130449
AAEL012737	10,3735869009269	1,60986956895778	1,10401963137834	0,0651894077598601
AAEL012740	37999,4511643419	-0,373352110307894	0,225326238833055	0,72461522469516
AAEL025553	27922,3324232978	-0,0317643044606717	0,197929243034819	0,933127821927059
AAEL012741	159,134382112608	0,0162812120734759	0,187187029551246	0,941692371807444
AAEL024982	347,921989687839	0,219729153060913	0,19035858710472	0,895701830394101
AAEL023750	322,518833644773	0,174412244284266	0,192113226621764	0,908741894288398
AAEL013653	2494,12407623702	-0,175709953313205	0,177174258038861	0,92564075190659
AAEL026894	1584,51008020199	0,0871375693641097	0,151417248296443	0,949970337298871
AAEL013652	549,295876385115	-0,0658661241326009	0,171966459335818	0,944613605605077
AAEL019481	1640,91986382385	-0,196597724808112	0,268346473369421	0,762686702127148
AAEL009531	581,318666689181	1,31153682871814	0,683814696648434	0,0735194523958331
AAEL009530	1250,97221939953	0,228261725208446	0,186420201278495	0,898861805549775
AAEL019656	3212,81514299965	0,0809810291979627	0,160567697638448	0,947937338685319
AAEL012861	1047,5875310078	-0,0872396203092077	0,166759295036316	0,945250164026199
AAEL009538	313,98294592462	-0,102092430162666	0,178915527676579	0,936644837869227
AAEL004397	656,742665192105	-0,0241038434369746	0,160475245726252	0,950236401978077
AAEL026603	74,7612076550711	0,899795951782094	1,13160999513006	0,146651270092621
AAEL004392	136,356347168564	-0,467350958510388	0,296828979216642	0,524292584058704
AAEL014196	49,1606648180685	0,13310241111266	0,250728854154303	0,826439267408612
AAEL023376	399,598251434086	0,0980383392036958	0,290737329005923	0,777728798578985
AAEL022453	6587,49766369557	0,0332890097116214	0,265102481523945	0,85137535823638
AAEL027068	16722,492371723	0,0398719334126785	0,262116543037527	0,854266795633926
AAEL024438	701,812995784264	1,06626276300825	0,571165805260199	0,11818845288598
AAEL020983	67,5820637954855	-0,0524814599320459	0,251034465859614	0,868022952568758
AAEL007619	1285,49111192189	-0,0736778572267709	0,206434703983483	0,918467702564629
AAEL007607	42,8287589851576	0,140437491939721	0,274963654631168	0,78106154361869
AAEL010620	200,741863204255	0,0209305482090767	0,179740616042726	0,944869996997033
AAEL019521	812,854017269418	0,299192760313166	0,183819854504667	0,871736250589634
AAEL026297	752,481627437896	0,121921726412005	0,218163996976192	0,8897101074582
AAEL026478	237,722440259848	-0,432995405475747	0,314343919694417	0,526321770002178
AAEL023603	6870,6467736677	-0,0670272939897638	0,172341030601964	0,944313424453698
AAEL015216	1232,28061772954	-0,0398161606121007	0,173298780957381	0,946122693507571
AAEL013656	2468,08991032482	0,71035013901203	0,330806279517608	0,32639435135039
AAEL023745	749,328714648113	0,15295862403697	0,205321863571531	0,8977568811452
AAEL021387	748,766691436059	-0,0672473596702464	0,20569861009294	0,920544560837023
AAEL025993	1689,48644893899	0,270785947959965	0,196060882167896	0,861759176300803
AAEL018189	30,0496978250566	-0,0207303944692487	0,236016480866118	0,899694158242621
AAEL010205	8278,70724763628	-0,301951906273649	0,166108296252732	0,9032495240024
AAEL022184	110,294747953286	-0,440487169473165	0,347706305971916	0,484035234584971
AAEL020960	650,023104975394	-0,104513456440665	0,173424022011907	0,939934590849998
AAEL003781	147,749313495456	0,021196252630309	0,187834568639832	0,940856586459785
AAEL008232	1107,87128902457	-0,0160582755238418	0,18014381448134	0,945060738168367
AAEL003774	448,805354064451	0,0662843811667908	0,167077534981653	0,946643856612279
AAEL003806	70,8837204129636	0,0725320935029292	0,248726466931738	0,862808178661504
AAEL026572	2,36377973163061	0,0526762683131431	0,27121687501639	0,831023474845085
AAEL003791	345,377538739353	-0,0416696737216055	0,172981788234802	0,946117153426191
AAEL022914	32,9964104960918	-0,153567295913836	0,265319949052587	0,791486977363426
AAEL003812	1740,63360863286	-0,229474733981132	0,176865115165145	0,91221213285307
AAEL003782	120,141756697956	-0,17897655643568	0,214759906574904	0,872578007400535
AAEL003803	136,310531602563	-0,615130253110141	0,519278738369843	0,29667608194068
AAEL003789	2202,04907733941	-0,110221831619759	0,164988981560513	0,943992018583034
AAEL022774	8,71284159370922	0,137522054438731	0,314649168435187	0,718148158644309
AAEL003813	14,255150030944	-0,0577305230527145	0,25760271553693	0,853370248362471
AAEL021952	149,343976392987	0,114269413155814	0,220011513926063	0,889826025749407
AAEL023552	139,604883298745	0,0162327808003276	0,212651133844424	0,92470046451932
AAEL021175	207,679377095892	0,115926541264008	0,213068864918755	0,899770890575847
AAEL003776	334,554107321037	0,139802396093864	0,182709649671936	0,92761294395094
AAEL020563	40,4297790232665	0,00891557196443188	0,234580938137831	0,904379310268497
AAEL027914	431,567693755475	0,111119602672474	0,157910459217304	0,947010750844055
AAEL019900	1212,56823970708	-0,206704292397665	0,265898043639483	0,761287617183799
AAEL014704	635,192176652681	-0,143717613416033	0,190733097835474	0,918581711009249
AAEL014702	2382,64014080009	-0,00849153403519703	0,16911694771922	0,948921855266884
AAEL019425	978,958840170125	-0,0879526695843325	0,156264041557433	0,948716902846458
AAEL014705	282,09197427049	-0,00355820354158162	0,175927498835875	0,947393767142798
AAEL012431	309,882922356142	0,0132012795393362	0,239487051670031	0,897396583732338
AAEL012430	157,651103140278	0,521590969068881	0,295955924524197	0,484503827986399
AAEL007465	1566,52630038542	-0,16455632711779	0,220261049553669	0,869792980768351
AAEL007455	89,8099878475019	0,684664815408501	0,547189613673311	0,254978317535606
AAEL007461	141,867887180539	-0,0493029160225428	0,196388586279048	0,931884790577623
AAEL007464	129,567182283156	0,0205432209634184	0,20288043455288	0,931421244427095
AAEL027533	124,020962213484	-0,124279766396114	0,215366066652741	0,893345914417751
AAEL007468	266,940913393976	-0,090036115751024	0,179025073030144	0,938279081950363
AAEL007469	882,436059782818	-0,0158795163171671	0,173915855580873	0,947325021572877
AAEL007456	87,8082097104375	-0,0541763924738156	0,231524327529749	0,894759381946749
AAEL023625	789,128375523606	-0,110544042394319	0,167640477654179	0,942655869516122
AAEL007476	1452,55713624163	-0,185286345802493	0,150010024784302	0,94457845825459
AAEL020543	542,024318549786	-0,121973686474077	0,165457917121442	0,942662144171407
AAEL007458	397,339433509819	0,154675276865912	0,284413023060437	0,75866107550749
AAEL024210	801,080656364281	-0,00540040038722727	0,19125008167776	0,940669085002319
AAEL027512	106,948023709108	-0,11873094935184	0,225536028441864	0,880042747244923
AAEL005638	1594,1123758638	-0,148763012526057	0,250601975680723	0,819202961245072
AAEL024005	94,7861537236621	-0,0573125456643979	0,217243833264272	0,911410750875267
AAEL005628	1177,26280661982	-0,236097094132932	0,261249142277279	0,750307415115905
AAEL005629	20149,1337143301	0,00423546505203465	0,198759705298914	0,936383326828855
AAEL005635	799,841381096105	0,0312188170277788	0,14327174330996	0,952079498194347
AAEL005631	341,147020542703	0,085178324356115	0,212293149778311	0,90951399466219
AAEL019735	505,839707684721	-0,0376666719225347	0,164894470684347	0,948711883457744
AAEL005626	570,840002405126	0,0247353738431752	0,176737393320731	0,945833090539903
AAEL005639	792,82272665144	-0,00672653859634024	0,172036810919326	0,948286718006421
AAEL005634	1504,04752228103	-0,539159881367646	0,264049505692082	0,513497970899341
AAEL005633	97,0963214054213	-0,253516313409457	0,316708770068738	0,644288839448555
AAEL022025	190,275097066221	0,0296748734269323	0,178457604850137	0,944695442981148
AAEL024164	106,265780476885	-0,0880489964559239	0,237167111149363	0,874168464966857
AAEL007668	649,338575337347	-0,0162497714256176	0,169300250280459	0,948550742599852
AAEL025045	1315,84327063575	-0,121378782444485	0,165685056608171	0,942567879924331
AAEL007667	215,307868234432	-0,0407587814257084	0,221738866492788	0,910625102331774
AAEL007664	154,240753295421	-0,0650616882720654	0,219959535288659	0,906008528932674
AAEL010558	1376,32582723878	1,79154656783669	0,313647739530173	0,000930443952585189
AAEL010567	547,487726576892	-0,410934805876832	0,357370823574911	0,490076761366328
AAEL010570	90,7618106890232	-0,170628938543784	0,256240436124636	0,798756441552849
AAEL010563	203,894802518615	-0,152889830404905	0,221312143053791	0,872979373982961
AAEL010569	504,526452518483	0,138734909002614	0,18478896652543	0,92601868146764
AAEL010568	734,914739375672	-0,129498904383469	0,187875839078062	0,924959256538256
AAEL024184	2089,52495397212	0,096930635759022	0,174888810849242	0,939941475123703
AAEL010559	488,98073333412	0,389514730809433	0,202510902914739	0,765541260448796
AAEL010561	528,808616671001	0,268870592209216	0,211646996696328	0,826036408271111
AAEL008031	145,786988351289	0,0200136840822707	0,187214926696945	0,94133990256796
AAEL025234	4,26306810092865	0,0816928798143109	0,279533154865631	0,804815183086039
AAEL020762	36,4410136794095	-0,281418515807587	0,43446757846159	0,49191233046244
AAEL008029	167,865547411179	0,0602294039524039	0,221459891844733	0,905602199374278
AAEL008025	1202,59126502541	-0,14235660236179	0,198268694861003	0,910609857141494
AAEL008027	1698,64161095918	-0,0397391384867542	0,195167120501378	0,933953814864378
AAEL008032	208,874570061252	0,069801795116399	0,171966885491956	0,944224515654998
AAEL008028	1052,25641772484	0,320338157665551	0,3353958466862	0,571466654313114
AAEL006825	371,467836578517	-0,0388754953358385	0,169597855150401	0,947399047831977
AAEL006823	265,505130045857	0,118978905235942	0,234757748522465	0,865690052883652
AAEL006819	179,692291580485	0,0570972957528923	0,20164106186035	0,926547553045827
AAEL006832	125,718601723643	-0,0748275548228913	0,20043639502973	0,924308912531944
AAEL006820	15254,16430566	0,194240499375187	0,178819947441366	0,919432911936282
AAEL006826	143,368604382284	-0,0508982844220741	0,272124811250601	0,830367765472375
AAEL006829	1598,01448486163	0,0688761404114375	0,192984096530237	0,931277342922521
AAEL006818	45,6974409759461	1,5447134994784	0,879027028053143	0,0604501704834057
AAEL025894	10,9924557335302	0,139977555438791	0,306701237829136	0,727600107232577
AAEL008468	624,124756311486	0,627692738105822	0,427334546623181	0,322303581308633
AAEL008467	23,5250517472013	0,163564948433646	0,331320637366572	0,679015062358079
AAEL008462	934,87139743951	-0,0669078458103071	0,175381273875273	0,942874668456734
AAEL008459	448,305964204945	-0,0975762063177714	0,166984492948174	0,944141277585353
AAEL008465	344,305700368747	0,077526304363634	0,192680558387924	0,930048036706009
AAEL008461	2431,69371327104	-0,111994512947253	0,185588948776013	0,929935800663789
AAEL008458	150,320293433186	0,189733528581399	0,228052250058806	0,838216060504108
AAEL008466	46,7307551150062	-0,208194566448433	0,284723173054901	0,724471484174885
AAEL008463	309,380997772448	-0,180362206513723	0,19190651686526	0,907091646166658
AAEL010856	71,4853840934998	0,00683837057208212	0,211890912676289	0,926906150579889
AAEL010861	127,757356376058	0,243270973285039	0,250250730472249	0,76658135072322
AAEL010860	594,374810178097	-0,0389479768020133	0,196482967995605	0,933119286932987
AAEL010851	32,4113443561149	-0,112708308797558	0,251586270004062	0,834436928016361
AAEL010850	5283,7416597351	-0,165481490174465	0,162804272000406	0,93916756270176
AAEL010864	160,499880101872	0,0455645139561281	0,190546756067544	0,936352418824313
AAEL010854	567,046896025529	-0,156029726316468	0,206309305099135	0,895285055634479
AAEL024441	1186,64364440412	-0,0118205931037366	0,17791678171124	0,946315881215776
AAEL010855	156,250449063275	0,00626866086558223	0,229849695301967	0,910487708193602
AAEL009324	729,627459283206	0,00157123610515059	0,190592179699173	0,941398943067248
AAEL024343	2166,37577788001	-0,145213656214711	0,157643073231556	0,944413845719775
AAEL025647	749,118267564806	-0,0175208920750023	0,170402365635496	0,948256079153045
AAEL009330	2449,21810658704	-0,0953949481742687	0,218971106841158	0,898213596875173
AAEL009323	448,60535554193	-0,128017169396939	0,25479067104144	0,822625366373878
AAEL023088	52,4727094153627	0,139563150553846	0,287140580053464	0,763113942014502
AAEL009326	2016,55372615312	-0,114626177312633	0,182850597261127	0,931911342513075
AAEL009327	87,8990090774229	-0,154037345185338	0,239700265172582	0,834749900640028
AAEL019876	65,7174286710888	0,0342613496669199	0,209371573549329	0,924221347388943
AAEL019877	297,317274351403	0,0333494499526955	0,175577297594074	0,945704001480837
AAEL020151	1640,33348079782	-0,0577675688384168	0,182868381686307	0,939616199161074
AAEL009469	41,808293404963	-0,0427340088745089	0,238790246939807	0,888132942361436
AAEL009458	152,011675973365	0,656714587165513	0,31193300227447	0,367887833979049
AAEL009464	14,5331145255547	0,128227878523644	0,278842622457306	0,781152703166063
AAEL009471	13,883212606191	0,0253120400044258	0,248121937009599	0,881907511608524
AAEL023991	2459,11299345914	0,160949588191399	0,328012716363774	0,684170718106304
AAEL009466	903,137362746822	-0,258171521648423	0,171920185207677	0,909887420294251
AAEL025906	563,374228516465	-0,0775814729543874	0,161599691190451	0,947776491333092
AAEL009467	1412,14319698263	0,377873964679021	0,286081334679547	0,602929924484285
AAEL009465	560,284963381474	0,0277322719458816	0,173684297838051	0,946730641009575
AAEL021953	525,870320393641	-0,112619910022474	0,148642891053464	0,949633728656104
AAEL027821	895,527903015001	-0,157408054338645	0,215647239026395	0,880015288895111
AAEL026227	1625,27726495504	-0,137668907188822	0,167707097234405	0,939434741072015
AAEL026323	151,715430776425	-0,619193643462116	0,257972079607513	0,450915577386797
AAEL002047	20854,4627413794	-0,0230708519145441	0,201053474660441	0,932315895589984
AAEL002084	1032,52210866316	-0,100494971396125	0,155245019708711	0,948424145025676
AAEL002048	1277,4691579441	-0,0263800880972861	0,170243853180942	0,947880377354879
AAEL002078	390,429147192627	0,248060037044945	0,220083052464345	0,822204649143013
AAEL026571	1028,48286214438	-0,125345845358422	0,198593854921627	0,914754052576202
AAEL002077	1509,51321531396	-0,0738716133553516	0,168353074050651	0,945636406112127
AAEL013959	214,07509663828	-0,150647825315939	0,199657456724693	0,906243943567606
AAEL009018	2967,92685559315	-0,069464935455693	0,233436631537467	0,886534605380895
AAEL025438	404,151997458408	-0,236129916653694	0,218215821409212	0,832051391755632
AAEL026486	1904,5373488519	-0,0409094114451575	0,153796314441013	0,950843275119911
AAEL020950	293,734357322244	-0,11854062786501	0,207140564172047	0,906344475039991
AAEL012809	140,440060403075	0,128509931241054	0,20700210474097	0,903623165219804
AAEL020095	1279,56365827126	-0,00782426665648915	0,168124090986801	0,949218849991367
AAEL025503	95,9909730321113	0,179039797893524	0,25575133140565	0,794263451750295
AAEL024977	29,7030712551754	0,0791934108884554	0,265075829258645	0,828650123277359
AAEL012298	116,229472807533	0,0495841769212099	0,207310703997831	0,922826345121316
AAEL012297	446,72701887166	0,15954220555991	0,173832022888516	0,931689441829568
AAEL001236	819,683180382878	0,495887415479472	0,207248188325034	0,661446900284148
AAEL028056	433,922740532339	0,0482571414764076	0,197220542300901	0,931322376971346
AAEL027069	62,6377587032451	-0,308086670387811	0,349382565921817	0,561816260801181
AAEL014331	692,508570198047	0,0482830871918836	0,142913958577975	0,951943260524164
AAEL025658	633,667214273108	1,29138025171361	0,39170321545068	0,0493600121553812
AAEL021548	1960,76056175413	-0,141331159148983	0,158155379357969	0,944525653509459
AAEL025656	458,309910171281	0,171136690609949	0,175264138875432	0,928198140729501
AAEL014505	1703,12398498686	-0,0583647187658482	0,177130057710147	0,942818565497965
AAEL014501	263,664096754479	0,154269063813961	0,195949284357252	0,909918400052932
AAEL017994	520,943400964017	-0,57043414487116	0,789738339414276	0,250474640166219
AAEL026253	2500,76422115402	0,226222568362206	0,190316136183582	0,89332420631677
AAEL009650	125,826562635307	-0,148368042358887	0,217550035881638	0,880914830002084
AAEL009649	942,385943538536	0,0383162191451783	0,168101492833192	0,947916639885563
AAEL009646	6450,18149511152	-0,0194281923496311	0,153300448576295	0,951381454143701
AAEL009645	3969,75898616949	0,416534788065705	0,224245508899901	0,690980851119551
AAEL024053	1261,27241326498	-0,0791683778433067	0,14186231229869	0,95165061014553
AAEL007388	70,6934033488891	-0,059396802285358	0,218710447341738	0,908995453240025
AAEL007268	734,061689874072	0,06996207453095	0,228256093152961	0,894014512778427
AAEL024913	1629,36875457537	0,0954005832477479	0,161011578727763	0,946935626858431
AAEL020162	168,327806233684	0,360177104188906	0,289583808520309	0,611807172445005
AAEL013802	28,9263824985319	-0,0889513240279958	0,283341051088917	0,795544689021519
AAEL013803	193,637849392884	-0,0222289577347218	0,186289383704178	0,941549285788043
AAEL011818	72,8908439844743	-0,187422994472269	0,260941308322231	0,779036788458814
AAEL025815	246,263790594077	-0,06975592950268	0,175907551851573	0,942353062534585
AAEL008095	352,212277682964	-0,123588744755129	0,19483461790614	0,919009547673798
AAEL008096	345,099649726321	0,729600561321607	0,297317058107076	0,333135088902591
AAEL013627	558,907110937399	-0,204945903309752	0,214300265839008	0,860768011853532
AAEL008084	1095,32474062449	-0,055133390986504	0,161932382890241	0,948706863086379
AAEL021868	193,648998834636	0,0171602089968458	0,193706834478251	0,938067534721065
AAEL008080	240,622429579258	0,990797503491325	0,364834299202037	0,139401208626243
AAEL008079	3265,66212007096	1,06417187137213	0,232668092166917	0,0973439285198931
AAEL013633	872,56795579905	-0,0842582318582863	0,140977092555379	0,951655070832845
AAEL013623	2537,78888154512	-0,126396594979443	0,254051814736452	0,82452361939208
AAEL013628	2362,1743587132	-0,0514337629054419	0,235208018909059	0,89037905973059
AAEL008097	682,340204970773	2,29181244495779	0,328554408406659	7,63898196857124e-06
AAEL008088	529,177931598603	0,047915156501362	0,197012188196905	0,93161812783988
AAEL008078	2441,10121287408	-0,212692690828303	0,172153720799752	0,922184587775979
AAEL020238	35592,9421692078	-0,0680978055825917	0,221826398125085	0,903160134564743
AAEL008090	36,3315858039777	-0,0957507466067635	0,239146362066599	0,868716979272608
AAEL022595	174,481701735089	0,0405383229746269	0,189803739163743	0,937558320469639
AAEL013692	2726,50962357085	-0,12305152105925	0,180122425508485	0,932559800196234
AAEL008098	1211,9958359693	-0,172201642988535	0,222354150310195	0,86219518415229
AAEL004217	75,9648864060358	0,0764843828833639	0,217472425742114	0,905788868846549
AAEL024176	3,25722054681714	-0,0636802708399013	0,275462495459805	0,819389642281895
AAEL027138	14,426768397273	0,053007901350426	0,260360303398186	0,849886209775281
AAEL007892	589,694204343047	0,369961043754212	0,272602757077164	0,633056270220543
AAEL026440	2023,92499211813	0,0869579664811608	0,193973673021408	0,927592939583788
AAEL007904	608,387663265508	-0,123619503074333	0,181747576565636	0,9311961326315
AAEL007915	7162,21432353652	0,0721581101461772	0,20619814344467	0,919097074198306
AAEL008542	4430,35245377836	0,0102168968479061	0,161712368811286	0,950410647564121
AAEL008530	629,736965225084	0,0465247333166528	0,163566965917563	0,948676720206358
AAEL008551	342,97787924263	0,111101449122317	0,209447854517178	0,905653182529976
AAEL008545	112,167492694179	-0,0601526451982133	0,209182652170814	0,918733227289074
AAEL008539	281,575676410865	-0,12173859091132	0,196123734879848	0,918085357916611
AAEL008536	96,7154318878923	0,00773938983455342	0,209504630909204	0,928423713372639
AAEL027672	192,071010217829	-0,012089379964926	0,190198849599343	0,940500665523229
AAEL023261	186,819910731168	-0,115669751597159	0,176278166499417	0,936591173262648
AAEL014406	176,332577456916	-0,154788309569996	0,187582286497272	0,919420523225728
AAEL008540	185,352426378503	-0,165720181067238	0,196886050732054	0,905158026798347
AAEL023095	87,3750706171232	-0,111077880077349	0,221022344222869	0,889430906359594
AAEL027239	585,526464064686	-0,0912224227878867	0,18586700278719	0,933033817016682
AAEL008533	56,5436911656162	-0,0988835718951577	0,236612404392891	0,871421663184088
AAEL019840	52,1226474497549	0,0161636853906759	0,227078778734008	0,91104986684131
AAEL019839	49,1843537676665	-0,141938470842612	0,257188393459898	0,810521544088147
AAEL008547	208,385812766359	0,000736448086441393	0,180941390853477	0,945861072197451
AAEL008524	26,3420982214317	-0,15590934628401	0,295654638422752	0,737888239731986
AAEL021303	130,142098374678	-0,152317223226431	0,230793051898741	0,855631024554413
AAEL026574	134,130804596518	0,0507346503767598	0,184703342873542	0,939371674301249
AAEL008538	142,548813404552	-0,0373198614651467	0,203339309724357	0,92836500508027
AAEL008535	201,695464030264	0,0200161606301977	0,214034910394788	0,92248386871198
AAEL027897	205,223115970349	0,0796732461569844	0,180939220801651	0,938358946446128
AAEL008521	1580,44066632067	0,0977879419741615	0,166186777678095	0,944513905453934
AAEL019853	983,488196510008	0,711827589728966	0,349206852663154	0,316833927021135
AAEL004524	205,703107877051	0,00810754324821958	0,197753028930408	0,936575823816167
AAEL027343	1439,85947768112	0,0327637770972935	0,26251138088144	0,857591501520558
AAEL022680	1364,41184196842	-0,115013222120305	0,245417106411728	0,845507873999681
AAEL013682	273,809046571798	-0,218726874549793	0,214791717690284	0,849972106716038
AAEL004528	112,835926766585	0,061300352785023	0,200303078762514	0,926885753631953
AAEL013684	1863,17640785961	-0,270630509720894	0,208976521748646	0,830586898467948
AAEL026960	356,425637869787	-0,338020519125473	0,234633723328185	0,731345599090452
AAEL024784	154,739802342169	-0,239150165067164	0,315302934027348	0,65731068451584
AAEL008921	2382,17194371763	0,763681099841624	0,178984510255214	0,417026538916743
AAEL026186	33,7004668820937	0,0341696296176409	0,234909500915251	0,89662755684692
AAEL020542	115,791653912823	-0,055712746471016	0,220447998714925	0,907648319197829
AAEL021200	602,65842189311	-0,0413490903911618	0,267491736959893	0,842727992597922
AAEL020709	424,347293749033	0,158123636768625	0,164764053011638	0,938862372161157
AAEL003883	1629,19689039027	0,465656794287996	0,206202868458357	0,689714458624979
AAEL015393	214,006782854912	0,0232906038740712	0,193683598862555	0,93722920881028
AAEL014357	79,1239722921469	-0,119152738311054	0,241766423553142	0,850868130140416
AAEL021471	735,173956704776	-0,00826375883369498	0,160302700202359	0,950695268421767
AAEL020614	1204,34401851781	-0,0534428186076245	0,15161521273171	0,95088013805554
AAEL019953	190,517214795039	0,157502524267123	0,289128292634527	0,748879060168188
AAEL023125	199,548388283665	0,950558111580266	0,858394188722336	0,144208103388074
AAEL009782	971,841304251331	0,316714726259522	0,211912486641057	0,796888710481242
AAEL026010	1110,90207877334	-0,0320986669464266	0,175947287175492	0,945630765566888
AAEL009779	150,716666915669	-0,0182519902267545	0,195723004172101	0,936583499468158
AAEL009777	53,3069057872661	-0,143017912851987	0,251643556372948	0,820501692238001
AAEL020789	683,734312741702	0,260346163000364	0,239212966773289	0,775833309295525
AAEL009776	728,843438174223	-0,046044972775388	0,166671712851451	0,947932165527916
AAEL009772	1138,1759051175	0,0327874666212809	0,145453705515937	0,951921214125659
AAEL009773	1089,67234014	0,12816499244986	0,165388229984334	0,942027806365324
AAEL009778	81,7590309201951	0,159783308506853	0,229709556081123	0,853288197080898
AAEL027903	808,927369413616	-0,322666845928036	0,190206799878737	0,839306589673541
AAEL020230	582,948492008167	-0,338930010843668	0,189212155744402	0,83124092090344
AAEL020075	520,215732560261	0,00765579505401025	0,158606049764953	0,950939922551618
AAEL024849	3469,14349877455	-0,138100810422652	0,189888036043536	0,920760823736266
AAEL026329	15,3733594332818	0,0687772578116001	0,270233487940358	0,825283277120413
AAEL026468	332,877302033899	-0,181592129116612	0,218424530384033	0,864963596503889
AAEL013608	877,753975707291	0,0567323769912142	0,207175936200407	0,921272717894131
AAEL023159	2250,381426227	-0,0520694487857932	0,137524801681328	0,952175715319438
AAEL013611	489,164724785993	0,824821531574192	0,378387174616932	0,228351124632999
AAEL024258	252,057789684476	-0,321374583020581	0,382878372132838	0,519365222877159
AAEL021254	19,0640349222188	0,0865548272808357	0,268950207167103	0,819078293947655
AAEL010960	702,880337968749	-0,187252000179751	0,182352517750746	0,91723144819549
AAEL003599	186,420696244232	0,395319655536798	0,282619798879573	0,59487612789931
AAEL003606	2779,1018761313	0,951511194396191	0,240070959339237	0,173475343640973
AAEL003581	1859,72577030491	0,0936136560993913	0,181596188501462	0,935853774323047
AAEL003605	2422,69349079686	-0,0317270853274712	0,151366476183708	0,951385964631295
AAEL003597	366,231097784457	0,572477941302219	0,232572450480516	0,531527702205521
AAEL003582	23451,5611651861	-0,0248719697598393	0,197395672404266	0,934482313170114
AAEL019997	1242,74944561402	-0,235452634426369	0,153656913662552	0,935355230954596
AAEL019996	92,729418570348	-0,0611603072999345	0,23451656017512	0,887677446270816
AAEL022638	183,399269663182	-0,104848052938848	0,230296203563132	0,878061482345882
AAEL003600	1540,85978391511	-0,117309333786837	0,220173183292664	0,888156813562936
AAEL003601	602,532969940226	-0,226993619931441	0,269950771976663	0,739055844972474
AAEL007872	41,3356601086432	-0,209714591174227	0,330134389210298	0,652397386772229
AAEL025763	28,9139548241715	-0,0905571458054066	0,24502630960394	0,860952630790589
AAEL014729	505,518189827295	-0,0821973980640041	0,156582275404215	0,948901932051885
AAEL019586	2205,61089835696	-0,0747778407305352	0,195451425198071	0,928345414243505
AAEL027927	290,901981059219	-0,286820549868133	0,315802038396201	0,621386563676377
AAEL024540	900,471811358397	0,767814784339446	0,390907301439607	0,258003372713238
AAEL019980	786,639534881193	0,087229433430832	0,180600683413636	0,937535990705382
AAEL007758	575,62831562805	-0,16194398849719	0,230439856868723	0,849800214371991
AAEL007744	61,0632376115395	-0,0232501967694091	0,211694270931414	0,924232304109201
AAEL007760	413,296244224942	0,12140302712773	0,178611680666519	0,933920500487586
AAEL025966	282,135124992662	-0,14976620538488	0,19955012140949	0,906594863332578
AAEL015571	165,443788160293	0,00993716899545552	0,205492848434779	0,931033134908979
AAEL015180	123,2052256967	0,0317507205420188	0,212277771933386	0,921649391080954
AAEL020753	627,998519321436	-0,187833217025306	0,197644166881667	0,896525510343863
AAEL007757	192,059192338524	-0,0111345505586027	0,200048652540682	0,934539605000619
AAEL007750	59,009501573254	-0,259134562542137	0,288008606269036	0,686596420078941
AAEL025134	2055,17308742715	0,170643214709427	0,197191501290231	0,903410009952003
AAEL007752	2986,35596355728	-0,0249121840338451	0,187371117299985	0,940742887895169
AAEL007762	167,364647935076	-0,0743963969137513	0,218435535243866	0,905175187614158
AAEL026777	211,714593309295	-0,0848226368655174	0,20171879245526	0,920652839637631
AAEL013890	243,231645075251	0,0544088835468398	0,197008029944931	0,930438047045025
AAEL013888	1154,68442424584	-0,0102017662163219	0,178916990819992	0,945983848823978
AAEL013887	665,908772713849	-0,182178605454889	0,180451968369789	0,920435986162383
AAEL019465	502,323492329993	0,0776961161364906	0,17663336119882	0,941042906557281
AAEL021054	827,440768968258	-0,306840463563874	0,171580046760877	0,891062597015865
AAEL014251	200,169912547282	0,0709030513693653	0,215679614384766	0,909467098778098
AAEL014248	1487,7882437321	0,308515856753121	0,165587187014118	0,901540913871639
AAEL019975	405,922379334879	-0,0416370611919103	0,197793091657992	0,931990874268108
AAEL019976	441,980698787218	-0,0430859772971856	0,183101692430836	0,941122399149986
AAEL014250	371,454798872279	-0,0389777213520628	0,198425968907453	0,93195554977027
AAEL012466	2938,92031794627	0,923420066722425	0,320314559326586	0,183019708610584
AAEL024925	137,353592405312	0,0181143502785881	0,19202023109656	0,938962072167386
AAEL025784	109,648506544402	0,155426751601142	0,24721030818882	0,822084079635152
AAEL020748	22,3359821777267	0,0115516772519561	0,248371774599965	0,885991635220946
AAEL023028	325,753035478302	-0,00861766339068223	0,180535971260191	0,945478027162195
AAEL028155	240,457432557048	0,24071986428215	0,267129394834614	0,735654490553281
AAEL005602	65,3105517892975	-0,625617624025908	0,81237897492438	0,22757265978883
AAEL005606	99,7326229715451	-1,90492747385059	0,803362275250411	0,0272111558129105
AAEL020550	20,6751336661778	0,00630243858475068	0,243994658700347	0,893842774764545
AAEL005615	222,401427537102	-0,12470059595125	0,206200398546885	0,905704110662157
AAEL011019	1875,32672328246	-0,00373707456274497	0,15064043808007	0,951872640774774
AAEL021342	1853,37472489693	-0,0278331030998842	0,171843312460849	0,947303832928154
AAEL011013	100,828689752543	-0,263638096868133	0,414392546736436	0,52225002866489
AAEL023646	156,443019176182	-0,0295039907828449	0,199424843976448	0,932490292713185
AAEL011021	202,705368236779	0,00916649596230404	0,177736852990529	0,946518607477035
AAEL017566	615,780239004243	-0,0424633275038432	0,167091712076614	0,947989013778322
AAEL011017	837,133830614904	0,179838061071856	0,162854035087406	0,93709357014938
AAEL011012	429,842915314496	-0,122983192927992	0,211779228352321	0,898978775896636
AAEL018208	703,966391228435	-0,0806642984995738	0,207463728890666	0,916037925638341
AAEL011022	1100,67847976512	-0,136144628972522	0,214771959937284	0,8895241302767
AAEL011023	1788,77825888227	-0,210331391301851	0,196223801629802	0,889686894534573
AAEL008021	1082,79385616522	0,0141576687426706	0,158565656779654	0,950778631672138
AAEL008017	52,3108480326437	0,0326685962556117	0,222993297223363	0,911350806977389
AAEL008018	35,418222608529	0,122221757157939	0,253858826280187	0,826496666670247
AAEL008022	218,822882310495	0,0741237451205111	0,231379365172555	0,887556962140046
AAEL008024	978,560033559751	-0,114254207323648	0,178564870375096	0,935010482036691
AAEL027654	1493,741474989	0,286551811414608	0,249709971804568	0,738148597523731
AAEL008020	938,360501240456	-0,0625315094144971	0,143413299172809	0,951757439951794
AAEL008015	2671,95961335052	-0,11111794373157	0,181582205085773	0,933230072208075
AAEL022809	99,6044834122334	-0,19335788895625	0,299872568223324	0,708188859982655
AAEL029068	101,863524491748	-0,00852835234120016	0,226438807766681	0,913473195763204
AAEL019621	461,633069778034	0,041191695895342	0,159527400288068	0,949869828076809
AAEL012260	391,364508951081	-0,114152859311716	0,199179877575473	0,916784570830479
AAEL012258	283,044905846977	0,0653600475172489	0,181019508704069	0,939920817566829
AAEL008909	99,7727822411777	0,0191236991300374	0,206539153721988	0,928870633525413
AAEL009729	35,6891995561071	-0,121923653484653	0,280185140475074	0,782150501116956
AAEL005431	632,304138745952	2,59058977642139	0,575199616244547	0,00038660703601726
AAEL023365	351,798860199523	-0,121291610771467	0,182824678220982	0,930631425993748
AAEL021556	2911,54843165742	-0,102424099675516	0,186236506409742	0,931123784414712
AAEL017005	83,1289897674192	-0,178619624579983	0,250348077383783	0,804305954134277
AAEL026161	458,066610253029	-0,201614797412229	0,25445916197996	0,782601064326655
AAEL005440	199,872773347176	-0,0395589077295091	0,236039928430715	0,893519261883196
AAEL005437	253,207260847091	-0,116880572445819	0,220369432418579	0,888037355632098
AAEL028938	30,5842559962111	-0,0508238212366679	0,261042146727775	0,849627927747438
AAEL019332	66,7648707148361	0,0167741977920176	0,251529508974576	0,880289308127957
AAEL019333	20,7177422225296	-0,0203719066679113	0,258574989605812	0,86927349245058
AAEL005444	170,02558906037	0,0920470697702811	0,194076945792594	0,926640099447018
AAEL023379	98,6779229792407	0,00834336262516459	0,211567848433288	0,926916344786924
AAEL022735	48,3624580804706	0,0209055132456561	0,219875522448627	0,917008610969667
AAEL005432	9318,69137143803	2,04675194282043	0,317315445110036	5,21006085589078e-05
AAEL005429	385,956282502166	-0,138510699667869	0,25538039254066	0,815969488035335
AAEL005438	123,234157275679	0,156127052637553	0,235986092954184	0,84149210656396
AAEL008940	229,580527807869	-0,164365288473875	0,206479093646331	0,891804712854249
AAEL008942	349,276405371125	-0,112024736901597	0,215095886824402	0,897936083108614
AAEL008938	1069,20041242804	-0,154406558592258	0,170634344672783	0,934913615816955
AAEL019533	1914,50260171391	0,0844499416483131	0,139428696623665	0,951797379519467
AAEL008944	252,340354899144	-0,0368198835834435	0,169197367557384	0,94762511886151
AAEL008952	1698,70137921225	-0,152065837755969	0,152515014353757	0,946359844041088
AAEL008962	221,473160137263	0,332518765143	0,201513669827598	0,807675260584361
AAEL026060	34,8561047843337	-0,0676545846090814	0,232157981910363	0,888962417848597
AAEL008947	317,352033197974	-0,149314633487527	0,198688300088723	0,907599469365055
AAEL008960	959,059414882303	-0,0345783956529588	0,171504852014375	0,94701610870453
AAEL008958	4332,09876097261	-0,282007577071152	0,160642556338356	0,917931414370317
AAEL008953	6249,71697763572	0,0567860347256047	0,179306877968207	0,941834759000013
AAEL022079	84,9123168787535	1,40424244929705	0,786450073342835	0,068987720983375
AAEL026028	817,676056866544	0,0951323754740546	0,187802335949814	0,931042210595355
AAEL008956	760,762996737022	-0,104594451662246	0,1944350090543	0,923802631090704
AAEL023158	33,7872947437873	0,00080602557096385	0,230962539022481	0,910655577118808
AAEL008963	3160,93233758636	0,41202726093261	0,337275708337162	0,512649288310709
AAEL008945	104,670767056361	0,0228874834416519	0,212705902597178	0,923345637953112
AAEL008941	270,160122581217	-0,00803185079492052	0,180683036129077	0,945461003238528
AAEL008959	593,732309645499	0,121598968239109	0,160347484870118	0,945307308180425
AAEL022137	24,4595261969059	0,0852889189951682	0,261936284353008	0,83091454166717
AAEL027712	17,6948095136228	-0,0984353595323064	0,259652421773178	0,828369826668376
AAEL019549	3275,04515494707	0,142112685887576	0,190812594201031	0,918846494999281
AAEL008341	3787,02651489795	-0,0138919943794896	0,206604515070526	0,929559065520251
AAEL008342	130,351823494767	-0,0769713851798149	0,238053337174409	0,876887291403385
AAEL008347	471,292717442032	0,0648821114030418	0,163818819478325	0,947781695468912
AAEL006824	4126,9593905237	-0,223982056968438	0,202651436043225	0,873040898735572
AAEL006830	4741,31062620301	0,0847082454776831	0,215570730895438	0,905754983855441
AAEL006827	358,254464566214	-0,013938064902498	0,230708172525484	0,907223230745622
AAEL006822	625,175842949405	-0,380441725804527	0,210482148870921	0,753923937293775
AAEL014273	1023,57569209844	0,690504180272361	0,242747286480303	0,404232179230106
AAEL014272	614,431379352353	0,41753127971101	0,231888833961483	0,675485599828899
AAEL014275	1923,15210215536	0,100680016345023	0,194028334570143	0,924980742281442
AAEL014274	838,574114811891	-0,569584434862261	0,26921300697724	0,482155614797238
AAEL021785	37,8331012074647	-0,22098601115492	0,364916353265735	0,593350081511115
AAEL000609	32,0524084491096	0,0205069142719654	0,239731369895631	0,8948649383486
AAEL029047	273,286051399361	0,0743360775032649	0,278106045160965	0,809628179738462
AAEL029046	60,219247618383	2,65978819064967	0,844022230910592	0,0044845728443712
AAEL029041	100,586068482046	0,133893895138525	0,31690464024282	0,7166364757129
AAEL001351	826,051247648986	0,241345932249353	0,179930784898412	0,903835382303114
AAEL022208	59,982869989286	-0,0122694600592231	0,222243172824787	0,916572601895181
AAEL000626	134,469670492084	0,744020460526542	0,290356741167623	0,329090593709334
AAEL026560	38,2527973496169	-0,114705667706882	0,24437591820522	0,847084633587892
AAEL027798	17,2692874902984	-0,101146891389809	0,268813882008526	0,811677249630298
AAEL002943	58,8727628857991	-0,120633585859418	0,23089437218382	0,871484703863323
AAEL002925	592,542476918249	-0,215467449496295	0,196047341830758	0,887605186759323
AAEL002935	321,319108728762	0,0217901289956654	0,168436567251289	0,948520415895305
AAEL002948	181,942769485081	0,139206660898853	0,214392231194548	0,888868243572017
AAEL002934	220,505278012909	0,0384409507540349	0,173034612008955	0,946343366422091
AAEL002924	1336,83650243258	-0,131543729607428	0,177072436887529	0,933509654974157
AAEL002944	518,962850777887	0,175498472859842	0,176279880321213	0,926598996518437
AAEL002938	565,172460831353	0,465780797050607	0,250210452332822	0,593656177714514
AAEL020942	21,5700124330257	0,285757068778758	0,458294778076408	0,472100972549644
AAEL024800	409,267677640103	-0,0333559410640684	0,208876042858635	0,924819298739423
AAEL002921	228,319560658509	-0,00306493036864408	0,184195314320798	0,944301586327713
AAEL002933	550,307429445489	0,298126491108447	0,209352164459871	0,812685390600389
AAEL019831	140,22307866069	0,0525997543546819	0,23083966690337	0,896135890155495
AAEL027399	184,96550780525	-0,0967521661602179	0,208160874513576	0,911380789062
AAEL021206	192,628518690629	0,098270262045389	0,201269598101644	0,918136544229645
AAEL013883	533,494764635518	0,0183471638095403	0,166199109445614	0,949243443728413
AAEL013884	470,457644013272	0,726650243268362	0,404221905637247	0,281675392461449
AAEL021126	24,6670130170695	-0,0395863587013907	0,240685523557276	0,886877448692111
AAEL024950	1271,29187724797	0,161973071760478	0,164277617372004	0,93866917090924
AAEL027772	102,136331241506	-0,293758344527852	0,359212639839416	0,555754848623831
AAEL002537	26,379556910077	-0,0312350888056723	0,241308190575773	0,888821096525184
AAEL002524	131,345129008007	0,317179660619685	0,365235922005598	0,538189887050823
AAEL002520	128,484790983461	-0,265228269642711	0,273635459771966	0,706569649396685
AAEL022080	2279,36166883299	-0,146625296132568	0,161302630947535	0,942365743325711
AAEL002523	245,477984450746	-0,0701949458918446	0,210033989780113	0,915795079375727
AAEL002503	367,417761943808	0,0299237635662102	0,182075705143654	0,943005148215214
AAEL002534	29041,7710793086	-0,0254627101676	0,196941719003594	0,934694607528799
AAEL002538	83,0993656744193	-0,000757595846842345	0,206964361261549	0,931439189753804
AAEL002506	497,689390328075	-0,228878733650475	0,230656436768055	0,811609656279032
AAEL002518	327,358755499378	0,0740653730134839	0,231652566979747	0,887242491101237
AAEL022196	211,867448623587	0,0289153252512733	0,207450336610843	0,926742655666313
AAEL002529	211,877241010913	-0,11883962995396	0,189120001327938	0,925955960197555
AAEL002525	1151,9960063683	-0,30083365271784	0,217202290058503	0,795783155871294
AAEL021554	1851,4457442857	0,0426920809418649	0,182458665433199	0,941529719629571
AAEL002531	201,718689034148	-0,021100746450038	0,193793760453421	0,937468905487688
AAEL002508	1360,40063855684	0,109211281466425	0,153963608795908	0,948373331378885
AAEL002514	311,089554663927	-0,00453255826622812	0,181562572951685	0,945358636025574
AAEL002510	6582,99378947402	0,295692601821482	0,247623103633578	0,736051429946101
AAEL026448	51,6672646812322	0,300364091113568	0,333934185698688	0,584598728931008
AAEL002504	5366,82206232004	-0,00900385598511018	0,190792286228681	0,940507420658518
AAEL002501	3073,84968001195	0,339331226480961	0,173107059055128	0,872049304067882
AAEL002526	1012,27775585644	-0,101979788336799	0,197118835803892	0,921390816694034
AAEL002502	531,607973632023	-0,040763163403623	0,177153294373673	0,944325257548644
AAEL019422	1694,57229385604	-0,149728247890965	0,161751971072132	0,941718312216525
AAEL027527	963,07524837942	-0,0695546057108293	0,191695047896698	0,93218450531889
AAEL002499	701,769141025151	0,309865306750698	0,240423601445635	0,74046904380571
AAEL015326	196,479412226159	0,0417517753893071	0,218007231621582	0,914350002986069
AAEL002512	195,752916736457	0,299828857952754	0,28434070850954	0,667989901870456
AAEL002527	6687,00454944253	-0,137836823128948	0,187341940881379	0,92370278286334
AAEL012941	752,827424460079	0,728620349041172	0,191250515053583	0,437085967570728
AAEL023242	849,712804593023	-0,0193517709399128	0,160516355612944	0,950340154740072
AAEL012931	223,232550588299	-0,152825532830301	0,205164719899922	0,897995677633551
AAEL012940	146,171263678432	0,0159723931405007	0,218664841547598	0,919147004474431
AAEL023386	124,329652997399	-0,0608897873425431	0,191897137272781	0,933161940131694
AAEL023574	718,373867029733	0,0225887752851866	0,171281064210054	0,947760872699975
AAEL012939	3102,02023846424	0,562628223965517	0,166262643698514	0,696296074869208
AAEL025729	2498,99621559984	-0,00373330072806355	0,14201914466954	0,952258501526517
AAEL020572	24,4937904849766	-0,00349325610870512	0,255006808512712	0,880125046947069
AAEL009873	115,765367596707	-0,0560044977494912	0,234608102927585	0,889640439393208
AAEL009871	987,512828267488	0,00979366968916972	0,151571447844422	0,951752998136122
AAEL009876	137,687658659439	-0,189257859172229	0,295425348168948	0,718598578429413
AAEL009877	1116,05606171861	-0,135131320400698	0,166738611115236	0,940365239941191
AAEL024410	1779,2718134369	-0,215834567540684	0,327160249253829	0,653526144430206
AAEL028144	1315,1694808247	0,975038017184465	0,724770905559595	0,140993465348279
AAEL009872	7287,61319387255	-0,39471270123973	0,445388540293187	0,424943718059395
AAEL025002	31,9810711935053	-0,00267164818106083	0,22776927511792	0,913487480200082
AAEL009869	3224,96033014891	0,0434333712270774	0,201437504281502	0,928851318292608
AAEL009878	1255,2672598566	0,0246215802231656	0,157373873322807	0,950718453191486
AAEL009874	1197,85726950605	-0,0623616823745473	0,177128711600083	0,942422737915875
AAEL020757	315,483218798157	0,251897762378557	0,222209177503137	0,814669738160968
AAEL009647	968,090321901077	-0,175447060467862	0,193280403000342	0,906877023671357
AAEL009653	20954,5072075792	-0,05746161978496	0,203245346207364	0,925077276081204
AAEL012711	106,578636913444	0,0149207055564954	0,190752652627452	0,939948357819569
AAEL012712	455,482652241235	0,749411163279202	0,398157899600502	0,264765909882717
AAEL012709	133,530301492001	0,357161786190392	0,320577976518979	0,567721894724784
AAEL027910	842,669457328244	0,468796689509674	0,189925644077879	0,726895148794074
AAEL022307	43,8588543074567	-0,0387168416519524	0,217363014606222	0,915564431361784
AAEL012715	22,4064346807085	0,131611339127457	0,272213545362913	0,791321331962515
AAEL012710	295,384077164972	-0,167426186720898	0,222767884724807	0,863947391460037
AAEL012708	679,978006066445	-0,199760763351638	0,192452107295764	0,900361610676239
AAEL025969	723,79716047493	-0,0786402846249063	0,162342342010308	0,947499179878526
AAEL008397	1037,15538764035	-0,0216711723108931	0,197167281197502	0,935066854301646
AAEL008401	103,224343207226	-0,211808360123797	0,268017731821386	0,75334768108289
AAEL008410	282,937809448597	-0,057219483506374	0,200821491164636	0,927170279093777
AAEL008408	739,99988712832	1,28430865143757	0,202724548619333	0,015449380253493
AAEL008403	201,099265556961	0,0295251318797991	0,180225268731841	0,943896073493564
AAEL008398	1174,58714560479	-0,00610271141461248	0,156028484307145	0,951322741547788
AAEL022775	231,521766069033	3,02269950059936	0,681305267146509	0,000169053488019844
AAEL012845	235,654769476768	-0,125010489700643	0,203607220546253	0,908757783103748
AAEL023839	1620,77075111209	-0,114700989390646	0,165117614448109	0,943581969039637
AAEL021017	280,358142371366	-0,0951791284334441	0,182672875600921	0,934824567777725
AAEL011366	91,9917937089891	-0,220863029719749	0,257298011862707	0,767509660921352
AAEL011365	96,8369680856054	0,0713589571521962	0,203145238067196	0,922068863501363
AAEL011367	69,6164366009263	0,097453123634742	0,22032474644248	0,895556336854027
AAEL012089	637,478994116291	-0,211905454556658	0,253520351090329	0,778571399857203
AAEL021367	86,5668639441624	0,239856237229202	0,35295463870103	0,59879184732671
AAEL008306	777,282784933304	0,0522502656273931	0,152208604559432	0,950810974634363
AAEL023258	240,982777049467	0,0373600132653507	0,198871688081217	0,931849355767933
AAEL008303	1821,84279868131	0,788284042995797	0,300602157151235	0,288130881813252
AAEL021230	164,97217910703	-0,121463297555916	0,247443927410856	0,837815830822733
AAEL008316	194,241180171968	-0,00706076915664235	0,229247150792271	0,910928918017476
AAEL020390	119,752678535856	-0,487931572353944	0,258236254679896	0,562167827367991
AAEL008305	730,361478014032	-0,303625090555722	0,212763547734025	0,803500370341771
AAEL018339	811,773126130325	-0,175505547932263	0,168197137923974	0,933425180481465
AAEL021276	540,784364131444	0,0687348543157576	0,198248386106524	0,92724106481608
AAEL009476	302,525960535364	2,2071397089065	0,238242642378077	1,37941336883169e-08
AAEL026834	132,464792247991	2,58910935853315	0,398673916333464	5,27022748382659e-06
AAEL009480	109,653868037615	0,0987017090833949	0,217007191725764	0,899981300755918
AAEL009483	722,991407968541	1,47056048459693	0,233874763134116	0,00418537327708057
AAEL009481	83,2232481508547	-0,0271998578232493	0,227988879754903	0,906926639860798
AAEL009475	2390,60310552677	-0,318518789693371	0,219383169050672	0,778291239956743
AAEL009477	374,587562434455	0,432012376881616	0,230218630041215	0,66922785525336
AAEL027371	352,804979981927	-0,0970380461101539	0,207675751419965	0,911798419391928
AAEL009486	1288,44394209345	0,0629378786829957	0,147850324906518	0,951227597986231
AAEL009474	208,1626953386	0,146443731275074	0,284798186994488	0,763220513533613
AAEL009487	4037,51123560024	-0,287430260089021	0,346290150102374	0,576147259770515
AAEL025610	263,064656491495	-0,124568465142982	0,224212337531299	0,87982272827527
AAEL024520	606,234766740994	-0,252202459554149	0,370237910783311	0,569431293441505
AAEL009479	30,5682978137401	0,107247290946708	0,253646911286283	0,833279162532866
AAEL010565	2915,21979549274	-0,241499371775385	0,167343625101538	0,920472210672048
AAEL021489	121,106792894107	0,106934094993318	0,231577089110237	0,87503834537255
AAEL002455	3367,75025238996	-0,16671920221277	0,158500598594337	0,941737752381506
AAEL023223	686,571350542843	-0,139243736113481	0,239209535629108	0,844407779488807
AAEL002450	167,201791829003	-0,028035301476832	0,1766162673647	0,945664591292111
AAEL002436	1217,33822536891	-0,185834505262324	0,226214891784326	0,844638254511878
AAEL017562	409,906746098782	0,101555070556099	0,161956286372653	0,946227739022546
AAEL002435	1968,20449191387	-0,128347307940393	0,141347791961105	0,950620930342226
AAEL002453	234,807537983508	-0,148008803960541	0,191967803730169	0,91630611751841
AAEL021384	442,09847117137	-0,0525936206420398	0,193559798410317	0,933204538962869
AAEL019967	137,46222023701	-0,350123651098293	0,245075625325658	0,70008151766541
AAEL019968	187,92506351162	-0,0694957340958797	0,18768229071934	0,934978225347399
AAEL002454	23,8403837426538	0,346361255502876	0,451650751636506	0,4435385731903
AAEL002451	856,321359236279	0,068105158648385	0,207240768288927	0,918909285193632
AAEL006377	323,773701588114	-0,25822086231435	0,363853045371323	0,574151696371005
AAEL006363	776,543112043408	0,0708065372284739	0,151302667187833	0,950513675776796
AAEL006372	2148,95318676681	-0,288873090955211	0,308084152191543	0,631793864028568
AAEL006384	25,7085954426621	0,244916318144052	0,413206771834345	0,530334299687444
AAEL006378	1,92533494741884	0,0286964444300296	0,267207855391859	0,84945524559957
AAEL006368	0,865121295846649	0,00313676428022934	0,265967083275891	0,865102574015249
AAEL006376	29,1399189544729	-0,178723107969857	0,346630885993668	0,645233989352307
AAEL006382	13,3692807366593	-0,12468804193363	0,305538126829342	0,739571490131501
AAEL027429	12,8569356707497	0,228607698810318	0,408042033920969	0,544681111102644
AAEL006381	299,167374634171	1,6109195019867	0,445288641683859	0,0172945995832076
AAEL002413	340,220633556163	0,0697741363845995	0,239669143106225	0,877348191672357
AAEL026274	123,593680958164	0,0871704515329739	0,197236192661025	0,924840864676148
AAEL006362	1756,22155519069	0,0245737256359046	0,139837385020997	0,952232389494536
AAEL006367	243,8241995471	0,143224497528313	0,206149837125717	0,900228831549661
AAEL006370	202,393036743735	0,102594884851228	0,174944939383121	0,939195797693872
AAEL006364	2282,83098737871	-0,00887773652695687	0,23103341149034	0,908117885315529
AAEL006373	263,746113922415	0,0973826787915642	0,180978607577085	0,935735772256108
AAEL021495	303,642721860294	-0,0997180955151263	0,175814547687023	0,939089781095235
AAEL006374	359,016940676709	-0,0120523876051828	0,19107840019533	0,940078829969013
AAEL002178	4178,0871928738	-0,132538144319612	0,214273001272668	0,891916273763896
AAEL027078	542,159969923738	-0,0555907903515137	0,233053122819421	0,892271728114685
AAEL022806	1140,5239148176	-0,0717590102125498	0,168671173907876	0,945670224821408
AAEL002174	1649,94035272597	0,262334281738452	0,15141118155013	0,932646483541335
AAEL002155	962,446167503264	0,475525224072471	0,218345552513746	0,654871141689002
AAEL002160	3033,65830604725	-0,220456496229618	0,23536875524209	0,807604774860733
AAEL027143	26,0830055376817	0,0940342692222196	0,258733533721649	0,832158868382253
AAEL012404	44,2290938853947	-0,29355829979257	0,320950748720062	0,609835935051806
AAEL018031	1361,23523474953	-0,24449958268658	0,183643944154866	0,896912219567143
AAEL007838	716,704975484579	-0,147489269977736	0,193227164572433	0,915113077204153
AAEL007830	166,80915709851	0,149085586351606	0,252053475822082	0,816420111067371
AAEL022771	359,429095328526	-0,122837023695801	0,205555746992047	0,906959687965428
AAEL013845	2027,74083011914	0,326192824998579	0,184832318525759	0,851164432879419
AAEL023759	892,463177320836	-0,143378823839746	0,207048719674351	0,898607438408192
AAEL004233	51,3759033532171	-0,161039186521775	0,254375433782524	0,806040978134551
AAEL026731	118,498549809086	0,0716922691955623	0,186390752270293	0,935514336168729
AAEL011822	17,0104802260633	0,0187332117611035	0,248603066905538	0,883300993508884
AAEL004240	21,9946566009272	0,0322347852895026	0,256553002412228	0,867723263499727
AAEL004243	619,338307028339	-0,133858630548019	0,158062521165134	0,945341537451594
AAEL004237	480,5197843786	0,383445715838358	0,240472951231374	0,685294752031929
AAEL004228	1600,71960490443	-0,00588857220482251	0,154431773370093	0,951502944262741
AAEL004239	14,4685093155661	0,201854612259303	0,352949195190855	0,622186690159088
AAEL004236	1943,84828071673	0,000697664037450702	0,166391257518784	0,949817019047804
AAEL004234	2208,52505397178	0,103068489012763	0,139301357689515	0,95150743223754
AAEL020477	483,930912247245	0,201737106654472	0,287319167371823	0,723895025309988
AAEL004227	3639,75995412617	0,19180830289475	0,165927464191734	0,932620501943325
AAEL027036	248,977257752442	-0,0390585126146841	0,167573348856369	0,948025125350329
AAEL004238	90,0979305220427	-0,00694530291433172	0,220130896553846	0,919667575852669
AAEL004235	2462,90508971285	-0,165534601899348	0,1655544117512	0,937168997241645
AAEL004244	324,431363626128	-0,0893559212509105	0,166954501554372	0,944945295348934
AAEL004242	1139,1431963712	-0,432008731110745	0,234574355118974	0,658627397467146
AAEL004229	834,139543541037	0,0258549736021989	0,242843089833151	0,888418726127434
AAEL026432	78,1817107303685	0,0725328574488056	0,221617182902949	0,902238841683445
AAEL004245	46,2228064922288	0,39031375087155	0,552801536244326	0,368526750987448
AAEL025638	71,1083439085254	-0,0532414772791993	0,247182952285871	0,873133074284987
AAEL015451	108,294207852025	0,0215332077804878	0,265381675746659	0,857938749466777
AAEL022695	2059,33334656679	0,0833061676547019	0,275049688235742	0,809903951965364
AAEL002895	569,015009706746	0,0585061455256933	0,151114559698934	0,950824822895943
AAEL017139	68,2802369429126	0,311224594645252	0,41114891051597	0,49734720585613
AAEL002896	109,402456926399	-0,065479234632566	0,217259404954985	0,909074401747765
AAEL021084	186,923299815617	-0,134734217835555	0,216911483249255	0,886706286253875
AAEL002888	308,934619373495	-0,0831388257298575	0,197061212039407	0,92565130207824
AAEL002910	477,349665932143	0,0126939505615158	0,177693837668326	0,946332375717495
AAEL016999	708,870028337416	-0,0199394901022712	0,164774973934294	0,949478337155675
AAEL002903	1491,25312101524	0,137044777134308	0,183670948180518	0,9272612640452
AAEL002918	464,08564827664	-0,0117541352948076	0,157184213225626	0,951045339384316
AAEL024657	30,0148735633592	0,0975547014576616	0,240824515211925	0,864998367705817
AAEL002890	581,326258920086	-0,0899838645154667	0,154585834814561	0,949135052717254
AAEL002886	6179,75345530017	0,145815940559309	0,173787098410273	0,933786906227473
AAEL015653	343,042469630394	0,249102330593342	0,215757240476381	0,829596330844292
AAEL002917	393,036128065464	-0,247613759030358	0,242805238952919	0,776785065939497
AAEL002887	2991,27185749314	0,327410868578106	0,187594297950048	0,843151324558762
AAEL002905	260,654056049698	0,0674230332819575	0,220180072042364	0,905020516403857
AAEL002906	2151,91014480908	0,224183907012714	0,174127635442887	0,917100512617931
AAEL002892	1122,02037053027	-0,0968869646439125	0,200494214775646	0,91930885315511
AAEL002893	38,6132412735715	0,213958817139187	0,294727785925661	0,702275277206893
AAEL002898	1203,57559491531	0,181682953838486	0,220741028712575	0,860285702134501
AAEL002891	229,095765673702	0,189754316978345	0,259197690985447	0,780970308164789
AAEL002913	1404,74877254545	-0,00523498517150484	0,165483470907479	0,949884211255175
AAEL025618	528,063856840023	0,0601346963251888	0,230084281919619	0,89465361336786
AAEL002912	404,672963734085	-0,0213378522234277	0,160666172266487	0,950269461215252
AAEL002900	1208,07678900393	1,1989328706969	0,386393472504897	0,0683535720285957
AAEL026043	235,37711589068	0,0530191930940681	0,174348024086681	0,944596037504043
AAEL001447	1415,81473886608	0,184976811091994	0,217750535546383	0,86461489845293
AAEL023497	863,369423805075	-0,021965865977148	0,171227757985776	0,947802501644385
AAEL018235	2371,57797781524	-0,188197205321834	0,184399601718204	0,91467076911961
AAEL001449	54,8663207126706	-0,03029489054823	0,220918638657795	0,913970361058539
AAEL024973	292,630555148697	0,107797219018235	0,170744774110903	0,941109165274007
AAEL001446	1001,83101946992	0,193754122133812	0,18780580846975	0,908374918320364
AAEL001442	803,62667050101	-0,283740276838047	0,209718404178485	0,821963346477701
AAEL022657	103,081157221334	-0,0648399487069742	0,206740893410929	0,920059724926805
AAEL001451	199,910082139791	-0,0121016639840005	0,206754716402447	0,929738518554558
AAEL001448	1487,19292524847	-0,0397086753420762	0,137796377729167	0,952223679135217
AAEL001457	192,198150818231	0,0536102904605067	0,19189249445259	0,934326300074748
AAEL001464	242,28577785712	0,223316911747469	0,219930667693611	0,835113545046844
AAEL001459	284,980389570985	-0,0766983851098667	0,217718989701896	0,905380634203027
AAEL021235	56,176837293083	0,0689907032837858	0,240490511925179	0,876306275368769
AAEL020264	992,179256151245	-0,000151481174203113	0,149561895561592	0,951974091536559
AAEL009151	23265,4216608543	-0,0861587999384568	0,205852955475359	0,916359550468742
AAEL009153	56,8143137907016	-0,0107721745512946	0,218774311224489	0,920035327786345
AAEL023309	73,063173423794	-0,0754914995894555	0,225419133341764	0,895846919462001
AAEL024110	13,6059034305912	-0,196533885900101	0,353847886127484	0,624304433665811
AAEL025687	48,1306729725837	0,0399870305345957	0,227306172930542	0,904309471912025
AAEL009149	35,6633170414673	-0,0413314897661356	0,241872394128635	0,884611212977723
AAEL009160	3089,70502146023	0,0205774266221704	0,157682475466937	0,950769383012221
AAEL009155	249,807028737165	1,54935895121814	0,312126900431659	0,00721473051800468
AAEL009158	25,4660596825335	-0,0285713656292118	0,241227277508967	0,889964806509536
AAEL009150	2777,00825605913	0,100468731366432	0,18454084385976	0,93270702942233
AAEL009154	801,479617191307	0,530136651759815	0,213645749922039	0,608700815734644
AAEL022328	1586,45403578523	-0,0104107626587343	0,211288924819274	0,926814274590772
AAEL009156	206,296942983999	0,117761321247927	0,175558870501811	0,936812908282811
AAEL009157	1691,22233286383	-0,182089569461582	0,171949253195044	0,929024778706061
AAEL001228	62,950212140813	-0,115077790530027	0,224738651889034	0,882489954176686
AAEL026835	50,3693854046693	0,00894921265310665	0,215981153325951	0,923075577493717
AAEL001231	121,096822692111	-0,299116654559148	0,298445609731323	0,64045882693797
AAEL015051	211,362705727316	-0,0939981125318727	0,195926312702384	0,92461380341911
AAEL015052	236,009500093295	0,0935395924861533	0,183563406640137	0,934449529935781
AAEL020191	2544,37528197372	-0,145748058447117	0,142217055993455	0,949826628963546
AAEL027459	184,671310268364	0,0708858045544372	0,190008943674828	0,933059480919833
AAEL005829	165,279039359629	0,0457275796153809	0,177585674802206	0,943757575108564
AAEL005827	719,416848436252	-0,184031469367945	0,211922984172374	0,874619907990939
AAEL005831	306,80595011085	0,0160120435348416	0,185304163501545	0,942718554338179
AAEL018353	39,7117916706995	-0,015234252212421	0,2251187908512	0,913301413953439
AAEL005837	513,77392782154	0,128530930795833	0,16595630662478	0,941614411847189
AAEL005830	701,082108253346	0,295606882480736	0,175305249462239	0,88912683954842
AAEL027718	30,162789775778	-0,0477326054081331	0,25538441639427	0,862772270948039
AAEL005838	136,740714653882	-0,0634796167641895	0,19963267208563	0,927089212306519
AAEL017572	139,585528109073	0,587057738405573	0,372915017590235	0,369801523996227
AAEL005840	42,7975593979987	-0,0508913268616973	0,223709044227979	0,905465974533431
AAEL004701	130,145564110565	-0,931418458166176	0,789134372705682	0,145833103880143
AAEL004692	40,7692690142942	-0,0981537394460418	0,243986122913634	0,85878050146044
AAEL025650	333,668310642286	-0,231103316386126	0,283414667375101	0,712786043139406
AAEL004691	1749,65629270498	0,112111236364768	0,194529424890796	0,921778041467591
AAEL004702	1673,51062764887	-0,145387746395682	0,179469828106349	0,929197395450769
AAEL004688	2308,3557762489	0,869427836026329	0,291984910535001	0,225237871781822
AAEL026452	544,16843809846	-0,0500791940653132	0,145812321429446	0,951699632478277
AAEL004698	447,904145639291	-0,0327077251397706	0,211761397874803	0,921941168633167
AAEL003103	5353,93179385707	-0,107035692041318	0,144094808963707	0,950713817982069
AAEL022268	290,884358496941	0,0476971363359629	0,227392437663413	0,902439031012524
AAEL026922	1476,24149334525	-0,0283958465716382	0,160910621218042	0,950018057312127
AAEL013866	1332,25462429946	0,00571731358837925	0,163076098658141	0,950293048076492
AAEL013870	206,469373940232	-0,0509798765455231	0,178151509031917	0,942980340902023
AAEL013869	749,05142090523	-0,0438525933287122	0,181377201802775	0,942034219211122
AAEL014695	1377,81138968959	-0,152095001461155	0,201665804981736	0,903356573798651
AAEL027589	1139,98250818444	0,0221086684944684	0,167043784436548	0,948867029001611
AAEL024353	30,2221263970041	5,23928766736392	0,954081323498432	4,20643224126377e-07
AAEL025378	87,8959000009823	-0,000402663090954512	0,213280372177835	0,926895953528529
AAEL011580	52,2337267845263	0,062614196696556	0,223985024829578	0,902257074644159
AAEL011578	148,477429518413	0,0343093387565064	0,237920102874256	0,892866287363379
AAEL024283	2694,13773287381	-0,241901837001353	0,169367921162714	0,918046926171008
AAEL022397	309,035922352949	-0,00956025852355551	0,163354496836982	0,950136960019242
AAEL006294	309,701052305435	0,0098512869976203	0,201353320240832	0,933870465861248
AAEL021386	1181,00336339905	0,0541357843698151	0,163666852013171	0,948322417508127
AAEL027213	94,3090011265689	0,315078703385542	0,281800402973908	0,660584255723259
AAEL005790	21126,0956602103	-0,017899713374245	0,255770624288112	0,873774579686295
AAEL005777	42,5228865567998	0,222200506072633	0,358959071116908	0,601461505969479
AAEL005768	2329,11804339711	-0,413359142229961	0,185337672535235	0,786834024839987
AAEL005787	72,8143997149692	0,686595690984664	0,410505691061623	0,301604811766645
AAEL005789	102,992834691938	-0,112962859969983	0,235935792271281	0,866272441627966
AAEL026430	442,740509110892	1,66128528638977	0,549853493760719	0,0226564762745896
AAEL005770	194,777880338771	1,82739057691427	0,501947205584815	0,00852190781214113
AAEL005772	2342,14546474717	1,69199398215866	0,343202124259448	0,00399314569668296
AAEL005774	239,132854194803	-0,0616210751159843	0,219044485931413	0,907697117413391
AAEL012458	54,424872120006	-0,40815677417978	0,541433257939348	0,36724794068572
AAEL020378	518,095346508465	0,000591687777215318	0,151589899461013	0,951854953395426
AAEL019747	675,358968394235	-0,155305709622526	0,152529245560669	0,946089435920351
AAEL012460	595,910538040266	-0,00561071065107231	0,145280306276038	0,952149512624884
AAEL012453	387,87133544405	-0,0425227602754258	0,159087226562703	0,949932095631105
AAEL012463	1399,16626565189	-0,124726728475253	0,187468499774214	0,926309981383177
AAEL028013	1199,2367307879	-0,40674110418699	0,473305117729573	0,398263942482381
AAEL012456	1211,8052442551	-0,00756722536612856	0,168666209916878	0,949100467518893
AAEL021904	59,6681696375405	0,136306825766855	0,271463021828212	0,789650327345666
AAEL012465	222,1840142642	-0,0237920031246637	0,17902323249014	0,944922148542101
AAEL012457	288,848165905835	0,759533597727099	0,404129558691551	0,258756333287184
AAEL012455	167,98410474848	-0,0175573723588064	0,213486880825558	0,923691672462043
AAEL005726	1329,64480361171	-0,0167270414396483	0,147812605066316	0,951930035111965
AAEL005719	453,287381362411	-0,0431829812791662	0,152856106741235	0,950953698312733
AAEL005717	150,03487514453	-0,0421024722947236	0,191843192905504	0,935924367786874
AAEL005722	40636,1501351999	-0,065067723336495	0,200453812410488	0,926143805793484
AAEL022542	71,0310815709307	0,039815739327371	0,211566312902834	0,92074884001727
AAEL014335	781,234339173532	-0,00586104221407885	0,230669461185576	0,90956084199931
AAEL024746	113,011718215153	-0,0770751509271208	0,247121037000721	0,863628903264394
AAEL006157	844,131872634122	-0,0231185293435353	0,26771581577845	0,851837297529503
AAEL018112	81,232585223721	-0,109185126053644	0,221560237720529	0,889314155034573
AAEL006169	5460,492598458	1,08172494425875	0,276658409271792	0,0930389886962926
AAEL006166	201,998120407874	0,224326674689839	0,200118540848206	0,876771524865861
AAEL006158	6587,77234237615	0,102104647527523	0,152547643545876	0,949120236246148
AAEL006161	236,582463659315	2,04302684754992	0,562379830387567	0,00546738743248878
AAEL006168	470,271676297417	3,88495727046868	0,480850476349838	8,85520425509423e-11
AAEL006160	35,4691741771747	0,0462839759090829	0,226876022338577	0,903338748610765
AAEL018130	409,783720787713	0,0669824442430516	0,171636615610297	0,944672085561705
AAEL007040	32,2907652056506	0,11625008702922	0,280186598750754	0,785178230092319
AAEL007030	1135,941891718	0,266404901349577	0,24227399259491	0,767406878672724
AAEL027019	136,172011187642	-0,01343279135919	0,217726463700573	0,920387635453898
AAEL007038	382,860136471272	-0,0477734011078803	0,181371138873017	0,941601398248084
AAEL007034	973,647575110031	-0,0133404783471236	0,152854195853401	0,951543306154837
AAEL017524	13,0467505989428	0,194448246898877	0,370367395288639	0,603514407916373
AAEL007029	1836,2331826056	-0,160879465910613	0,155426248597277	0,944051817800749
AAEL007039	26,5756049087344	0,891857539769935	1,10262479145013	0,149908174009936
AAEL017056	21,9934411903156	0,318153313370767	0,483096826689995	0,435999663459974
AAEL021618	560,01751955952	0,0292442570312697	0,177308812005722	0,945278751021811
AAEL023166	656,318587677972	-0,0419038692403789	0,164089499165228	0,9487469985592
AAEL003032	1051,73902929242	-0,223450009385592	0,192433671433554	0,890676309129316
AAEL003039	3419,79397619377	-0,193845397399072	0,254192509141814	0,787609525308632
AAEL003046	16190,4517269881	0,646508879089589	0,381440309562723	0,337142466517443
AAEL020006	120,990594667035	-0,0154858550348416	0,203029444638115	0,932079025271781
AAEL020589	174,396846684263	1,96271608164659	0,676175381329592	0,0138827055424587
AAEL003043	84,1413285446992	-0,0383994275331312	0,200943705047635	0,929963893424325
AAEL003026	401,135090304311	0,0144510967333202	0,17418980246156	0,94730913168727
AAEL026862	47,4512184370898	-0,0309493885603767	0,237129773503789	0,894928170639242
AAEL003047	266,849750360018	-0,0468707805372149	0,174522333126718	0,945049215677119
AAEL003035	1383,03731928476	-0,0279675337611202	0,20796580887394	0,926465093342233
AAEL027482	73,8292462135885	0,0279269375751083	0,198441335401837	0,933332010285681
AAEL003036	445,206963992279	-0,00937365234604553	0,160492010759947	0,950634885802231
AAEL003019	408,079396524569	-0,201999249473018	0,222702111312915	0,842680814602219
AAEL003034	291,562448946268	0,0123330768567373	0,15641014712078	0,951182160682439
AAEL003022	832,186058533509	0,0485216155442452	0,161644700835051	0,949130114852454
AAEL017455	3135,72046185601	0,528373652228	0,34466834066609	0,426619793567416
AAEL003049	15,7044507552942	0,340092857108043	0,549607026124668	0,386679760751137
AAEL003041	33,8626365495112	-0,0884897931707755	0,243064953795485	0,865448770056035
AAEL022352	34,3071229098848	-0,149623869630923	0,268357558952235	0,787265553005014
AAEL013434	327,684647100752	0,162198464114403	0,211095886426127	0,88506665063092
AAEL013433	287,597682090196	0,635472894757032	0,827233661643	0,224458442364956
AAEL002740	207,031325981743	-0,0409337607372879	0,175840552832792	0,944933724377922
AAEL002745	52,2239983033427	-0,149613412420549	0,248899062017391	0,822144384853962
AAEL002754	72,9285345338924	-0,0605649592253107	0,212045925692853	0,91599754857001
AAEL026214	23,4453247313549	-0,283543884354864	0,397301743709709	0,525917296631878
AAEL010598	319,831543067597	-0,0794332496906484	0,19891466336042	0,924830083254519
AAEL022931	3349,7283617582	0,0484407809879527	0,152376135914104	0,950893947406603
AAEL020850	93,3035417258409	0,243614537416882	0,337249559494634	0,618966836121001
AAEL027067	79,2674474212127	-0,018763224819965	0,22356603478133	0,913927970806401
AAEL004075	352,640028875362	-0,153990614392788	0,237561019505515	0,839454161345327
AAEL004057	278,513245146482	-0,110189133887072	0,181944579404888	0,933102210407607
AAEL004071	2168,2577137738	0,156668289219556	0,164591829796992	0,93913223206586
AAEL004069	423,728075900866	-0,0500900152025009	0,200359886948311	0,928570063994852
AAEL004067	754,308997209482	0,700257036472762	0,22031250455042	0,425502968923267
AAEL004063	490,248894610786	-0,0826138804354579	0,195580375090556	0,927038453863078
AAEL004065	784,006090215399	-0,182264236097476	0,186495162544119	0,913800549104359
AAEL004064	505,66007377977	-0,0555673437133696	0,177385874572727	0,942936876101587
AAEL004043	169,477296610759	0,171382657651037	0,222699066159293	0,861941180911473
AAEL024655	1071,87072615433	-0,0110883537807393	0,163076089637256	0,950141704361709
AAEL004055	468,092011289637	0,0648623504963328	0,18330884599866	0,938676348283207
AAEL022486	292,482753372708	-0,0938621739441549	0,19276947651668	0,927352021966599
AAEL004056	153,765255502824	0,0364617204051017	0,196883680051233	0,933178986182608
AAEL004053	684,254953484331	-0,00485284574286277	0,190130057124094	0,941333335168191
AAEL004052	615,908464433787	0,0799533375564812	0,154432286860545	0,949531861019373
AAEL004042	1452,33752438364	-0,0509481821876419	0,203303365711589	0,926278880439957
AAEL004076	466,18609812775	0,00966857065132323	0,185335575921585	0,943252039288157
AAEL004054	9418,22804764495	-0,142729554265781	0,197369906702589	0,91156025665551
AAEL004046	33,4846739753931	0,0707922904481063	0,2483619760402	0,864474914995718
AAEL004068	704,244031833006	-0,177871429603579	0,226560509737268	0,848410772691727
AAEL017198	23292,7598491885	0,000314941353994105	0,209402768435992	0,929606378812496
AAEL021479	36,0564201758354	-0,302362033420123	0,402875011005385	0,509226643590334
AAEL004048	1153,76212657641	-0,23424763442638	0,266729698200174	0,740724357539482
AAEL004060	3115,36765970664	-0,00517405340179204	0,179201376956943	0,946282861776666
AAEL004050	161,597188443073	0,359239579359801	0,244232537000829	0,695422634697191
AAEL026169	493,533463380138	-0,231650907157073	0,23383291775971	0,805032617334103
AAEL004070	140,989092256099	0,705650490677643	0,392850255228836	0,299491953779544
AAEL004074	827,674168245666	0,240974529073016	0,2412006519904	0,784119225829238
AAEL015598	170,365997519948	0,184352791054101	0,21576799969977	0,868585346599303
AAEL025030	141,939103624683	-0,406679150820764	0,424579975190516	0,431620434371478
AAEL004059	4268,18601970804	-0,507287395755883	0,311788534157944	0,478841135105537
AAEL004081	832,791412328591	0,118845941849231	0,192111263847596	0,922939832461375
AAEL001616	1586,68081157021	0,226388603174314	0,152538179534092	0,93799425076747
AAEL023527	30,4273111601372	-0,14822637299764	0,274900236344594	0,77659535805962
AAEL021006	340,800259788639	-0,253302360445742	0,228981502939001	0,802167831778824
AAEL001619	286,473572757244	0,110621080269354	0,205780530950815	0,910411195471428
AAEL001631	97,6018305285864	0,168024834101058	0,224072133187413	0,861173528709473
AAEL019987	506,337366483996	0,0335018606460228	0,162118543054803	0,949565862652097
AAEL019988	578,148617341104	1,1243472676928	0,19791697130259	0,0586941314915576
AAEL001622	702,6774267148	0,0433437315306885	0,165771778362446	0,948276509087639
AAEL001600	88,9914102897521	-0,0444868617580786	0,19879330077871	0,930649786980043
AAEL001625	42,2376875796136	-0,0788124028285425	0,241201731507261	0,872236404905884
AAEL001601	285,165040340268	0,0783721780326962	0,203507934826867	0,920230089033043
AAEL025607	1257,75523312098	0,122649030635339	0,230821618864001	0,870628408067785
AAEL001623	3212,51654477107	-0,11706713160742	0,206047972971836	0,907778333290533
AAEL001628	50,9997972966207	-0,00591475078625705	0,234097920605079	0,905771929397064
AAEL001626	874,583516501831	0,166338517914387	0,228580975163781	0,85145956121817
AAEL001612	370,501250131769	-0,222339355280999	0,241935702257016	0,795385405592933
AAEL001627	412,348557057123	-0,297821057484092	0,34947907333655	0,568406956530821
AAEL001607	724,216120962395	0,0560683357994466	0,188677460655046	0,93611185964422
AAEL025425	48,7497942197426	0,0457597821376625	0,222038821609783	0,908789544142511
AAEL001610	169,972390804341	-0,157303153961779	0,213728174109899	0,88283143511379
AAEL001615	452,471631360515	-0,0886340133323772	0,204453975189789	0,917283706699351
AAEL001624	93,4503942565665	-0,137004411996509	0,211705772954618	0,894185696200494
AAEL001597	63,8716650227215	0,162582329696122	0,270209482331709	0,776974451462788
AAEL001604	624,282388110952	-0,111925145323902	0,168135628509562	0,942232316131929
AAEL013702	967,397493504855	-0,253922451581559	0,193330557560787	0,875276202249477
AAEL010932	2187,11865095002	-0,166234039583152	0,242303719909639	0,824699508707085
AAEL010931	127,910948713559	0,107551019198998	0,188671441865072	0,928227643839431
AAEL019957	831,120234277971	0,455420169075733	0,202850081589703	0,706243661439888
AAEL010938	90,4682801399139	0,374201450627955	0,343618051257784	0,529536090655766
AAEL020441	34,0838808607374	0,0543196724368219	0,240221623597682	0,882437242102245
AAEL020617	783,444491884713	0,0926258847326362	0,193390763628977	0,927109495915998
AAEL022296	76,2323832031617	-0,0407796248171252	0,227381546621682	0,903958744836556
AAEL010933	663,395786696941	-0,0882444950254386	0,182392672864539	0,936057287955281
AAEL010939	801,511270202576	-0,00866262128289531	0,153544983522528	0,951552266342298
AAEL010941	139,986717942967	-0,107769561513557	0,210002013319407	0,905890377821044
AAEL026383	52,7827342017002	0,0862342531319327	0,254825433195774	0,843198220902472
AAEL025404	1022,39828598401	0,0273363555899467	0,154861158105755	0,951036190690529
AAEL013808	1384,57088034318	0,0255385406753006	0,197050969207012	0,934604958813091
AAEL013812	935,670661361756	2,91864814478214	0,520005693451722	1,35550003321599e-05
AAEL023664	223,568589761474	0,155669299173247	0,208859118312999	0,891378673257952
AAEL010089	146,035403103368	0,0480498312466753	0,196377722126913	0,932052603972644
AAEL026267	74,107232165815	0,00546324389654841	0,211447232459742	0,927492751681941
AAEL024592	342,095837659463	-0,108086284670677	0,184159078018412	0,931946712911634
AAEL005165	13243,3680710737	-0,301989792481931	0,218367997352552	0,792146960266494
AAEL028105	3316,75525073407	0,197687622624627	0,253928853643203	0,78596572921075
AAEL009515	447,106309722609	-0,154694787650751	0,219768631918051	0,874198662226814
AAEL009517	38,9731196368353	-0,1147683687642	0,259135861700943	0,822023733503936
AAEL009513	252,48974956773	-0,149973858172535	0,272937716050527	0,779129632968343
AAEL019522	695,160731970083	-0,115311417340384	0,162180907840681	0,9449510790111
AAEL019874	278,610944203603	-0,0260875626837526	0,260407383602962	0,864299528524171
AAEL021432	644,315090686109	0,0707479791369749	0,166013193824729	0,946725225256409
AAEL012135	330,337665138049	0,821528419338559	0,280647318524723	0,268499070178986
AAEL012140	262,839117278866	0,00346196342507359	0,18132755004792	0,945529035226527
AAEL012137	599,225369897902	0,0677301499721335	0,148586454286666	0,951008724081065
AAEL012139	114,748101464018	-0,00950227138215374	0,197943467934915	0,936143001666634
AAEL012138	197,180219248243	-0,149199306578352	0,266178855926895	0,792064689624549
AAEL012143	342,963982086724	0,212092984373384	0,246333473237658	0,792639223792622
AAEL013108	599,832466705385	0,167959990344184	0,190626680388985	0,912709312105694
AAEL027982	66,9364933479393	-0,152732501076663	0,248973714742086	0,82019416253105
AAEL013111	889,964127014279	0,116157309249713	0,158401483622403	0,946540432157886
AAEL013109	114,673991488838	0,0129489643162975	0,21514396643547	0,922985134003525
AAEL013107	195,845243998891	0,0288221405258177	0,172674916487479	0,946978580911849
AAEL013110	297,336962051066	0,0356374177249229	0,169368149058046	0,947635586509142
AAEL013115	353,625237250534	-0,101406689380734	0,186365854860785	0,931169019868033
AAEL013114	218,791339178315	-0,136065175465091	0,211264365679856	0,895159373255226
AAEL013116	796,339771429404	-0,164828855532204	0,209622533618824	0,886362403688908
AAEL013113	184,732199751011	0,131925172243834	0,193166725905209	0,918771018301968
AAEL014040	121,435649016161	0,0539200379334421	0,187336024702426	0,93743157362228
AAEL017435	378,148770073293	0,0438006330431199	0,160094912188436	0,949667593211975
AAEL014038	248,615045833371	-0,0770937933595155	0,19006053624924	0,932219592573698
AAEL014037	337,194415789251	-0,223276098149278	0,228042959283456	0,820563072418746
AAEL014039	3184,28546970413	-0,121315741970634	0,201273245207667	0,912752910675677
AAEL026668	1474,40090242175	-0,246790282307968	0,206831886449144	0,850528051379456
AAEL021395	698,433089323295	0,389241381214206	0,192030980632116	0,789312916052509
AAEL013406	22,5704517489897	1,56310309783801	0,690009891122067	0,043613741163294
AAEL013528	875,747794587488	0,111091815231192	0,179459473159033	0,934832673121253
AAEL013527	518,455695251892	0,103391436988232	0,176347702488523	0,938286350909682
AAEL013522	383,168084432689	-0,0368703229456448	0,174769876350561	0,945754587798064
AAEL013521	734,466901189594	-0,00307496347544035	0,164780625249009	0,950079957402172
AAEL013526	405,506261514585	0,160219428778354	0,256107476324016	0,804086901327932
AAEL004544	201,223998458748	-0,123227394740295	0,187439052457688	0,926609276567809
AAEL013525	5145,81105132317	3,87684249761878	0,394740612301315	1,18593420510052e-14
AAEL004571	173,358700002263	0,160929412924317	0,19606621226652	0,907436262864362
AAEL004551	1216,20142154191	-0,245109620178592	0,221050710620731	0,821842449803105
AAEL004577	199,348875649869	0,113211339274413	0,212379638634297	0,901485389764501
AAEL022687	311,907512433439	0,12800616951583	0,191627787067403	0,921106782227773
AAEL004579	382,473131532437	-0,171468181581249	0,17299859132997	0,930141292435993
AAEL004562	320,689334930907	0,0130429007224614	0,156660062837641	0,951104722661912
AAEL015603	638,751433407632	-0,0890126483941154	0,162256277753736	0,94687106512661
AAEL025769	1578,55466224917	0,0817228978700567	0,190375549568802	0,931223224045448
AAEL004552	111,529106903979	0,113693867682924	0,21838456837112	0,892800549408435
AAEL004567	1422,53312429989	-0,201648406941318	0,175784781009483	0,920844608420242
AAEL004580	156,64416051309	0,870023787054573	0,333278421401534	0,213576354405764
AAEL004575	283,821486454731	0,261423235303575	0,315295256396346	0,639244888402519
AAEL004582	402,963764016213	-0,221274461080126	0,334670923115027	0,636793439587592
AAEL021258	58,753075317811	0,102534235252118	0,226020276466173	0,88526791603441
AAEL004563	1198,58908271091	0,299244515396091	0,167047735447192	0,902818943646782
AAEL004558	224,689010331789	0,0610826973735088	0,179916234166026	0,940989792139247
AAEL004554	394,137265661361	0,0485408710710702	0,183986851307278	0,940092530907303
AAEL004570	223,974922047415	0,0305599706728942	0,178181751591173	0,944771218581235
AAEL004546	2094,18522282302	-0,124389976105898	0,154119291610718	0,947551727985124
AAEL004547	590,088335338872	-0,0433546252806752	0,175833642420353	0,9447653970618
AAEL004553	144,522287916247	0,284777720957759	0,241679640349484	0,756540701073144
AAEL004555	162,855523175929	0,245791533767564	0,345934947823018	0,60496837469429
AAEL004566	374,139421797241	0,544264933400864	0,241212978673252	0,544304145172811
AAEL004576	65,4158315716041	0,140209535263603	0,256440396959996	0,812752217415051
AAEL004559	1683,66108673024	0,00169700106514772	0,177889356397361	0,94684411801513
AAEL004574	196,561782283817	-0,0386996260982878	0,194464351146509	0,934547781369716
AAEL004569	216,764034626728	0,0598002868838572	0,234215986572554	0,888773909465913
AAEL024264	507,422132127866	-0,0728424260771989	0,203922287075948	0,921023551834424
AAEL004581	349,252362736992	-0,115224394210765	0,235013658424681	0,867119788021555
AAEL020830	1916,51789369612	-0,321410372080882	0,213752373708111	0,788208819556483
AAEL022388	37,1847709886019	-0,561171495090068	0,799979393276855	0,252720276863309
AAEL004690	327,677971680683	-0,102348882043958	0,209373527642341	0,907956506196224
AAEL004694	1342,08146063968	0,620671359961708	0,260371721039859	0,445663328605902
AAEL004685	478,184499183016	0,0152719170371063	0,194940221854571	0,93748382576333
AAEL027356	69,3811772337923	-0,15596048550367	0,289854514469198	0,748519450396295
AAEL012616	1610,46959011267	0,0574513851391552	0,177174696719263	0,942862210648482
AAEL024447	270,651194130564	-0,142042222760361	0,193419095906676	0,916199046580136
AAEL012618	497,177659286494	-0,0552343503180387	0,221656033487948	0,906678028961612
AAEL023193	1198,33231427942	-0,248008562425042	0,255563195317482	0,753808900331457
AAEL019473	1060,74778799641	-0,046252183175729	0,175892305063594	0,944425636180029
AAEL012613	208,398298066532	-0,271415296121647	0,288512356182744	0,679208915502853
AAEL016967	520,321082193497	-0,234677538101485	0,262511908164982	0,749118235919053
AAEL012242	93,2631222744955	-0,0810391479931234	0,214170431733181	0,908230514454835
AAEL012237	603,710293947806	-0,0159085653413372	0,15969514279574	0,950606966989609
AAEL012238	443,226620457512	0,299192525976755	0,227846919642419	0,773808226901695
AAEL026714	611,403528965824	-0,1817941946232	0,189634299849144	0,909871922427367
AAEL025078	879,098259536051	-0,00280204527671536	0,183846462610747	0,944472748045732
AAEL012243	3730,55985689335	0,016396823593391	0,142997164277722	0,952171350196704
AAEL012247	631,710371459797	0,033669212365944	0,163040955850523	0,949331784279832
AAEL027026	207,062748980796	-0,163381562415666	0,237497124466358	0,833807417567049
AAEL021113	1226,99015451646	0,386039503818701	0,212335613112083	0,744495185971389
AAEL012234	2187,87028712261	0,036208295246511	0,155265434864908	0,950746246149394
AAEL012245	32,4358676787466	0,05057960578383	0,252021642692135	0,867355125186336
AAEL009585	207,904689124065	-0,572778815429977	0,243952531602934	0,514766144567908
AAEL011750	915,192114742864	0,433001223674875	0,250400433600593	0,62271829499637
AAEL019670	404,402173509464	-0,0518753492218209	0,165448043812122	0,947994175646248
AAEL011753	191,859463804523	0,0534867999720628	0,171727527032252	0,94577704036197
AAEL023265	355,124783787524	-0,027686238319789	0,192014518993642	0,937795515034326
AAEL011758	26,6902727295038	-0,0541065566715128	0,244620072194633	0,875984374805246
AAEL011757	32,2078756326808	-0,110141824552061	0,273503619402402	0,801043556714111
AAEL027336	91,8507227705376	0,0770136383216511	0,257478092051098	0,843010467234333
AAEL020474	7,8497633263191	-0,0123749965059889	0,261929628956212	0,867589631291033
AAEL011752	340,690772827152	-0,0778731155045404	0,173595983718087	0,942762352234311
AAEL023977	245,049380922161	0,275761707284181	0,218707283626364	0,807534237527845
AAEL022938	304,836315528668	-0,0696291388523384	0,233222975606838	0,88675524262185
AAEL014051	324,794319561641	-0,193858821097216	0,19316415587878	0,901281264566107
AAEL014055	1000,1937297281	0,232924209241738	0,215362146734685	0,839503291760338
AAEL025786	57,8476583755459	-0,0161232579378159	0,263594158486928	0,863380158259531
AAEL014053	1251,33199214345	-0,226950220151388	0,188569364531574	0,895722582129824
AAEL008425	569,119389922242	0,711047505586503	0,205018450288599	0,435455400663312
AAEL008426	86,9720660437584	0,00596161021444938	0,230265408721489	0,910042106390896
AAEL008424	313,422293468762	0,809447195160892	0,303562951429547	0,264014023577173
AAEL008431	3829,81123034858	-0,19566867329868	0,164788350980979	0,932836404775124
AAEL027398	57,1501353468708	0,181330481403586	0,349959988967553	0,638268137145416
AAEL007822	255,674073073205	0,112933819856719	0,177513957642153	0,936010437969129
AAEL007820	580,696628687495	-0,09596215695033	0,163308832604179	0,946050583470976
AAEL014820	61,6113064917849	0,259904572003087	0,321548267680089	0,630777785194005
AAEL007825	223,852113558529	0,0378342727437624	0,203112892452081	0,928462798807267
AAEL014821	403,990641198924	0,916312230675319	0,333454174939725	0,188511679666843
AAEL007824	13518,7745247702	0,0884623179283638	0,202294848675174	0,919445296837863
AAEL014822	159,751392575311	0,0353381228752669	0,202000399839241	0,929644183710836
AAEL011643	718,363836179593	-0,0554811542097638	0,19955296557727	0,928306200407073
AAEL014523	420,471845943337	-0,00768931637757546	0,178305069341844	0,946447554034248
AAEL014522	308,67527929103	-0,0504340733004203	0,178057535667145	0,943104161987878
AAEL005500	842,840790198033	0,106589247953997	0,177328467887798	0,937131306318501
AAEL022920	17,8908279469953	0,0102457018618896	0,241308923344832	0,895908977002632
AAEL005510	376,457136546352	-0,0844688699741248	0,17395511807392	0,94189280807149
AAEL005504	210,116544028036	0,049302049699138	0,169885086269421	0,946714390445783
AAEL005507	21,718561527971	-0,645956100401604	0,761390120182555	0,229901843379476
AAEL017437	2030,50758527243	-0,201451770231555	0,233039588037337	0,823460865379935
AAEL005508	1560,15366828225	-0,046652457949257	0,165999855964702	0,948081770903582
AAEL017331	39,1150051847133	-0,0608923868115794	0,229870815618308	0,894822741206157
AAEL025015	13,1500731136816	0,0682457005619575	0,260896305075278	0,840770227208302
AAEL025669	40,0193603878141	0,0146821358271125	0,242548986927601	0,893106638729905
AAEL014760	356,524235998002	0,0474077801193054	0,18688330464594	0,938546897987984
AAEL015064	3658,35139852796	0,0432094691055054	0,187055639157886	0,939004701270059
AAEL011830	427,14807629983	-0,00257396773329021	0,158064119893128	0,951150304163909
AAEL021859	33,018646424506	0,14826406255065	0,28098335853101	0,768328668887576
AAEL021955	72,3952525071007	0,0444084530879255	0,214460157137802	0,917152936526233
AAEL011832	929,688814601675	0,022541994106179	0,19005951547264	0,939483702368145
AAEL023944	22,1387966791657	0,0113491879282046	0,242897346922126	0,893692046974085
AAEL015305	28,2214791100854	-0,120866015615239	0,27444482240809	0,793373273661013
AAEL020467	168,282818456836	0,0881107287661918	0,192392517690152	0,9285213469918
AAEL008072	85,9040207381726	-0,0641642335827228	0,204434747603725	0,922415008375214
AAEL008071	133,089541649915	-0,0566971425046255	0,193394059232022	0,932784714371644
AAEL013402	242,45070173012	-0,189982126243018	0,199824194252178	0,892404421738492
AAEL028036	41,2174488961782	-0,00384122803811918	0,229571365148472	0,9113957725015
AAEL021068	27,0886589900582	-0,0504868814268826	0,258812614571252	0,854831643565073
AAEL013404	292,693733279881	-0,0267021901464626	0,190575204109824	0,938812399921694
AAEL013661	1656,22252119041	0,237411888402512	0,243297677671697	0,782240762522691
AAEL013662	58,7568176487014	0,163517810041867	0,286093814151133	0,750188998218866
AAEL018263	1824,30980728542	-0,127045542110171	0,199594773932962	0,913258361897448
AAEL018226	1209,81596267669	-0,0271758984548169	0,187086755892763	0,940635477425861
AAEL026237	59,2780267707882	-1,09732827734718	0,461272107046755	0,104628878769216
AAEL028247	15,088498276682	2,78527392318653	0,855783141521759	0,00324804828433553
AAEL011848	514,371103531789	5,01474473191853e-05	0,167061660077047	0,949730363863709
AAEL011850	235,928799723449	0,475735136073473	0,299719369380113	0,514344076146019
AAEL025089	22,7725771131219	0,384541558538459	0,529677442769211	0,382340921806249
AAEL013304	348,920884823697	0,0772832081596923	0,243872388026908	0,8689139349764
AAEL023350	103,298351411797	-0,0726035821203282	0,223916389653872	0,899017705932553
AAEL013305	835,645229091306	0,119611784319291	0,195529007763036	0,919234234346056
AAEL020822	1827,75254272365	-0,0156411299898803	0,154879666330581	0,951263886975745
AAEL009167	280,99276271254	-0,000830314407156667	0,194051953405177	0,939546536411405
AAEL020256	158,383200995504	-0,0344448702835476	0,196755444895401	0,933560236853689
AAEL006937	238,948804157412	-0,190416553357175	0,272132795685549	0,759213006151301
AAEL006957	135,161018717634	0,0439875052410922	0,192369224855613	0,935219372940947
AAEL018127	452,292001772714	-0,126490708439668	0,175799832836342	0,935203352094859
AAEL018054	669,652787992783	-0,0374248543601197	0,182347926806399	0,942181324081256
AAEL020205	400,863810239246	-0,00142281054075819	0,196001735267751	0,938518057002933
AAEL006950	237,768238072642	0,00922361639273742	0,163971487250174	0,950041883197302
AAEL006948	994,513299862418	-0,0506085458520624	0,154447845356715	0,9505463677612
AAEL006951	1164,02120720709	-0,0572476565840955	0,164026701600082	0,948097198268236
AAEL006956	3181,77427037981	-0,265142574799664	0,234771616524966	0,781698077852211
AAEL006958	1267,72363120099	0,163597775590136	0,222473631635896	0,866238323046297
AAEL006949	395,626341729666	0,0806117450284022	0,178659797615226	0,93951164472719
AAEL006936	95,323592177082	-0,175573720813395	0,296656704992939	0,724039364875845
AAEL006947	51,6185686376012	0,0859628508890716	0,228627821860275	0,887339438442283
AAEL006955	147,233409161358	0,833236199940202	0,497825935894867	0,202570593976362
AAEL021877	192,313578925285	-0,215391740901816	0,199921840933851	0,881560621316622
AAEL013828	348,902108873613	0,522343686229835	0,274978175935742	0,511370888261718
AAEL026747	76,2554229272317	-0,0806477795892841	0,216441382270082	0,905856565801276
AAEL022628	2050,73661007345	0,0907735964860113	0,213779751686219	0,906193596873803
AAEL013826	1176,78429407741	-0,132236825416448	0,178503349397796	0,932385762446664
AAEL013825	450,433267557839	0,00153234521640366	0,153272171564824	0,951695180010773
AAEL004689	685,352361315506	-0,231025915260387	0,294375507511897	0,693128585569371
AAEL004700	96,1723854866422	0,15724863764663	0,232384844368674	0,847883085917104
AAEL004697	1154,93616659956	0,0786108511025908	0,143957963852309	0,951403998215749
AAEL004699	9927,582119023	-0,0930726079628163	0,171422414278155	0,94237208162943
AAEL004686	462,399106679682	-0,16272005599562	0,175306019748672	0,929672510749597
AAEL026332	29,6082009713048	0,335405360565445	0,44309355775568	0,456084413163445
AAEL014426	899,678086298611	0,127829476149914	0,300795270335424	0,746095654882891
AAEL014425	98,5588160868276	0,0711169932729994	0,217834427722572	0,90681078641476
AAEL014428	354,181352163951	-0,187408916935272	0,24316159896143	0,811474324820631
AAEL010045	69,1622289272814	-0,540491099951904	0,523134926309402	0,327745288639506
AAEL010048	40,1725050399273	-0,027478629962201	0,24538321900565	0,88458580507855
AAEL022213	40,1230926434203	0,532315748436981	0,835292134326509	0,2534711062878
AAEL010052	192,829732648189	0,275679695853932	0,233522461216382	0,777634783640163
AAEL017421	2012,75179911309	-0,223759216019394	0,195798553415849	0,884712732856858
AAEL010053	173,879417003682	0,15573218334017	0,194770810968704	0,9111554279818
AAEL010046	508,633148255728	0,0780003916730042	0,194745112449647	0,928374796482177
AAEL010051	941,418691825126	-0,128782800412912	0,168661475324559	0,939968996445489
AAEL010047	1527,53353138972	0,128563281542985	0,174353799605042	0,936033871540496
AAEL021853	25,5857959512176	-0,0708018463625745	0,249007907398312	0,8632376107309
AAEL012209	299,917513948714	0,00589733260055308	0,195263476867401	0,938409661786366
AAEL012208	462,275712816236	0,0596899256681497	0,203486839791126	0,92454867658828
AAEL012211	282,44219309786	-0,275392084150467	0,213132880276152	0,819575938699304
AAEL012212	443,516165219318	-0,156738556960424	0,199185259311264	0,90491712168952
AAEL012207	11575,6442052286	-0,223057282228535	0,190281465070652	0,894590050139897
AAEL012206	487,311250165965	-0,0296057693229844	0,151951173859296	0,951354373631759
AAEL015271	373,55218258495	0,484930176719555	0,211365405164852	0,662519140198166
AAEL019672	1391,00787852875	-0,227245524439143	0,192635011668587	0,888442475564565
AAEL020403	192,629274338441	-0,251893593269392	0,274822359220817	0,714029336371443
AAEL019514	1305,68363900488	0,263936408625551	0,208478140566273	0,835061693710985
AAEL019619	341,981245707289	-0,106372039392211	0,200210455499978	0,917544012640322
AAEL026109	87,1760582717924	0,150428694681496	0,24642352468253	0,825515699162976
AAEL025569	1622,95874383165	-0,195096347766754	0,174850457694179	0,923758286379687
AAEL026018	556,689196478702	-0,093043638702883	0,173072641865087	0,941444781354783
AAEL028872	27,3951475045839	-0,00230051661429865	0,253753197784279	0,882172971564169
AAEL028895	1821,87735090219	-0,021432085524731	0,265719868483407	0,857397852184012
AAEL028849	39,2705966871219	0,0559243682206692	0,260027160301655	0,848716903823316
AAEL013766	75,1780843072198	0,117777526141455	0,242386420317441	0,850357430060729
AAEL013018	26,6146680543169	-0,00640516461029558	0,238184868030879	0,90107629191397
AAEL009449	69,6352542344327	-0,00298574490204748	0,216856382276674	0,923535786428939
AAEL008010	55,6881972426226	-0,0512323120554894	0,219557243228689	0,910365225032213
AAEL019917	131,910491442316	-0,0258762214955183	0,192279066907419	0,937839788543961
AAEL006711	2140,38045151256	0,215961293900039	0,231493555943394	0,817948522758603
AAEL006708	66,0364430374356	2,07414689491755	0,619403913892291	0,00783305602928673
AAEL025280	57,514949195095	0,0966496598481346	0,243605279781876	0,860508721019934
AAEL006707	292,454042622624	0,277865481331963	0,202221788688092	0,840673480138111
AAEL006713	942,558001886179	0,0474085328408585	0,177549989442768	0,94363052152693
AAEL006715	610,377325464099	-0,125819196933269	0,175165807003074	0,935822349497387
AAEL006712	739,811612987016	0,0354639315812332	0,211895037467383	0,921237219036937
AAEL022413	1402,33099424671	-0,208489328286886	0,163206762211617	0,932105426032093
AAEL025796	90,7000122813171	0,0374968413629984	0,206854732324629	0,925672393443127
AAEL019921	858,125934538526	-0,135041938082889	0,161538025351342	0,943460221113915
AAEL025704	187,636107931476	0,0531227762113932	0,204778514494799	0,924592106969052
AAEL005162	351,457678893082	-0,0640919377644905	0,190171981304527	0,933995410628707
AAEL023306	32,2092534585602	0,0167807680676831	0,251285865054534	0,88058928827201
AAEL005160	749,365861388145	-0,102690818473914	0,211375625553189	0,905721074491628
AAEL005163	243,716130416238	-0,0853660520625555	0,17488255174053	0,941241236924698
AAEL005169	548,174523856786	0,108181762851007	0,161321233799249	0,945933689391797
AAEL022001	260,343295522951	-0,115614361773747	0,238424293403904	0,860619963725373
AAEL008749	14,4152455199407	0,281886377040725	0,486162342084802	0,451435947523024
AAEL008751	77,7517279020931	0,341794099521671	0,504250025990612	0,413008480463015
AAEL000137	116,540908633326	0,104267659993127	0,246379971801188	0,849541636185581
AAEL008450	151,042837544863	-0,157445170951919	0,304881919354164	0,722297530093983
AAEL023560	422,592077504578	-0,157128232076979	0,236034679897953	0,84057661543443
AAEL027406	150,912232802655	-0,00249638161153518	0,260659471185161	0,872948589321133
AAEL008452	606,17113412555	1,31094905512782	0,424894019462818	0,0514971995336911
AAEL008456	147,869184094997	4,84336599705776	0,455136109139426	1,22841408500356e-18
AAEL007579	30,7612955164875	-0,237632740492904	0,447624229678234	0,501806140313652
AAEL019779	358,542583146371	0,0302583286144573	0,156926717221925	0,950653480816401
AAEL008419	301,405343442197	-0,01876913734592	0,184897759939953	0,942668417453691
AAEL008420	85,1833312764344	-0,0924717640019745	0,214525105862208	0,904674989956608
AAEL008415	178,290650861886	-0,0149959017362043	0,184790900302281	0,943054698141345
AAEL008421	245,056299805887	-0,231889271192331	0,385852949554008	0,563219843942663
AAEL008418	328,164181410037	-0,106764976921058	0,207916596592518	0,908662367147378
AAEL027597	937,851889456515	-0,273301027184397	0,168172690942311	0,910349891068392
AAEL002410	71,417816015011	-0,0990222892668743	0,257844110721669	0,831349434292938
AAEL021839	1036,34315028687	-0,143317414132581	0,163138952361796	0,941620916472035
AAEL002427	126,71297883802	-0,0725913912765374	0,204422800783743	0,920640823235092
AAEL002428	1706,7954851784	-0,0762268747915846	0,151029025930463	0,950373076315355
AAEL002412	532,940460840533	0,453383249124545	0,29141300903733	0,539732925242066
AAEL002423	31,4143788823436	0,0637810852547345	0,240454229438786	0,878878579849487
AAEL002416	1234,74249435692	0,0210387888541347	0,209988498254203	0,926060436651666
AAEL002432	43,4098399942999	0,240108958399906	0,378284414822304	0,56806470241112
AAEL002419	411,693566056533	-0,0403809894126855	0,152022377040215	0,951159410268057
AAEL027185	19,5559630119428	-0,0334852343312783	0,246925553261237	0,88080651346723
AAEL002411	3206,43217962556	0,135093957722648	0,174094997529052	0,935171286618961
AAEL002415	258,04544603455	0,064571753900566	0,174841809118364	0,9433685647828
AAEL002430	501,0827642787	0,143721441213163	0,183107649950059	0,926557847507907
AAEL025237	233,704484734315	-0,0894579573456565	0,192188267723867	0,928482325522313
AAEL002417	2263,28191545062	-0,502270460974171	0,208400686642381	0,650576174975157
AAEL002433	125,034200860437	0,0412668321467006	0,191499471394559	0,936259514351675
AAEL002422	4534,26596212454	0,0332434002746621	0,201623433059824	0,930327059971544
AAEL002408	185,960086220442	0,083424729137261	0,182988575892405	0,936344687130009
AAEL002426	630,275178765757	0,106294830441984	0,211821499639224	0,904046667357943
AAEL002418	197,768487066272	0,0265749073762292	0,204115632497197	0,9294072346833
AAEL002407	2959,52703389592	-0,0687990120536484	0,158314707088115	0,949060883943143
AAEL009981	364,338955573882	-0,272602041259246	0,19761498910092	0,857008969967928
AAEL024412	139,430933550564	-0,086767865742499	0,184371664084107	0,934816460417697
AAEL023919	134,089859226835	-0,0122696350510115	0,199396225861648	0,934856977060428
AAEL009990	194,820958993011	0,0796249384120651	0,220740000554	0,900982840932497
AAEL002733	154,299518531183	0,130331609705641	0,206912654954501	0,903285233596695
AAEL009989	66,9043563529224	-0,0615581195502816	0,203728679575309	0,923835855791695
AAEL002742	333,177142790921	0,14503103748683	0,322335169095421	0,700251392898101
AAEL002741	38,7223094688209	0,0560578613643995	0,229053330926437	0,897456809484008
AAEL021724	38,2219169181986	-0,058100700913008	0,226779380402982	0,900000385167888
AAEL010789	279,618926157849	0,151976045936891	0,214547929483488	0,883689428636842
AAEL020573	79,0401752595608	0,023281839889877	0,221852682735324	0,914698548341972
AAEL010784	373,53794873489	0,045221337536133	0,173429835681024	0,9456983749544
AAEL010793	238,985081580214	-0,17376984407752	0,230193996349411	0,84352571381544
AAEL010794	926,074413724412	0,278646910533804	0,193224382781908	0,863486874182876
AAEL010790	100,497619279388	-0,00154907493245337	0,217044429102711	0,92363607188767
AAEL010791	755,186951198742	0,0343706976424689	0,18093593043502	0,943135033279405
AAEL010787	35358,3785530159	-0,332112620401863	0,293767659365262	0,624830339255697
AAEL006589	1455,58224344857	0,0536612641640635	0,157527389589466	0,949836235199444
AAEL006593	58,6527072741056	-0,0932826902331387	0,21639070260614	0,902584109223824
AAEL005247	17,065933859524	-0,0423213580711936	0,25411678343105	0,867455729366034
AAEL025895	28,3742728950341	-0,164193076418876	0,301494485483389	0,723171106505152
AAEL018334	1091,55993709604	-0,296518864654199	0,284823635613296	0,670048095397228
AAEL021926	206,274081066097	-0,217921217781568	0,243284042627045	0,795465078104546
AAEL023863	373,885519255198	0,0479836950525076	0,268737299971253	0,836857315590636
AAEL005242	311,179453663758	0,203440937321717	0,269993425466561	0,755068461644447
AAEL005243	85,0226116406169	-0,109485750228555	0,21387993833615	0,900701426044186
AAEL006071	725,684012091955	-0,0939879203338608	0,161596517204569	0,946795544266903
AAEL006065	680,226703382215	-0,328569471339134	0,179594556041081	0,864158892598962
AAEL025199	1405,27270880664	-0,0634279105221431	0,208922390619016	0,918251479926859
AAEL006067	168,997860546295	-0,0176562002858865	0,204335431742508	0,93067731024275
AAEL013916	6,28085597143244	0,0334814103688704	0,264764449895884	0,852088056658205
AAEL006070	2671,69677774625	-0,153372393399688	0,210319465741676	0,889756504030413
AAEL006073	906,471357587567	-0,24056996801142	0,197324214231669	0,874469787110507
AAEL006087	1555,52605241271	-0,199892439308268	0,199147796169544	0,88907991160208
AAEL025013	236,125336646201	-0,538600454686108	0,329399094228749	0,433269037555439
AAEL006066	570,505565899478	-0,0562653359636242	0,182982373767034	0,939782736529434
AAEL022183	543,030012472293	0,115826923269345	0,165298685908873	0,943344072884816
AAEL006069	395,338830415221	0,903915157235769	0,43248245405694	0,179043836157832
AAEL026364	34,0704984860841	-0,0449762329585814	0,231891126315789	0,897154971705874
AAEL006075	88,162821715808	0,0327845402008745	0,20185571080385	0,930215718191959
AAEL021592	305,805381025089	-0,0649574312363897	0,184662295641497	0,937780743179808
AAEL006063	59,26100491989	-0,372106332382762	0,341365779735557	0,532320259183774
AAEL027361	242,718809647009	0,205059051915925	0,192146651723316	0,898568191413466
AAEL006080	265,737999981528	0,0964077415014594	0,18445314349727	0,933340491077884
AAEL024207	167,534250818166	-0,036043907962935	0,235195860239394	0,895681070406362
AAEL019499	1304,59758667798	-0,187197457138184	0,184451057015121	0,91489249772292
AAEL001065	197,382905904089	0,164887005737508	0,214027901009239	0,879574240915392
AAEL001088	586,606356454198	-0,056948030831614	0,167585728600947	0,947000031871654
AAEL001060	114,742932510273	0,0180137006685199	0,208720290207609	0,927512811434438
AAEL020074	60,2797581228185	0,229874945763908	0,329298039923314	0,638023131921886
AAEL013732	40,5235145305304	0,0107272107566862	0,223969471976075	0,915318834817052
AAEL013733	860,089795392342	-0,243006035173252	0,174415073354636	0,911440692441596
AAEL007646	84,7762510571308	-0,183992969629398	0,231293281229112	0,83454138368094
AAEL007644	58,8267833249062	2,11403484203281	0,454406839224871	0,00119370669658486
AAEL022229	552,881123199816	-0,125204201880548	0,196829462685622	0,916585881581898
AAEL027751	1006,11694572703	-0,248151148056402	0,161369029538165	0,925945496312153
AAEL007647	195,198687352852	-0,0622552213355696	0,178137094375412	0,941918570483983
AAEL007642	282,502712832826	0,159601232845065	0,181048709694338	0,925290908757356
AAEL020347	38,1892627200858	0,395343678277067	0,429448637891334	0,434910248112586
AAEL020016	55,8457750192555	-0,612285652659141	0,654159468781838	0,257248544784464
AAEL010907	60,5369282467472	-0,121471973225174	0,258470618664172	0,819327457978327
AAEL019767	1889,55235587572	1,12071647683565	0,423888069302411	0,0951956823359657
AAEL019768	64,1959584864921	1,29173841355804	1,26289503300341	0,103151216849875
AAEL022578	1965,70421632244	0,545019832615668	0,36001824739381	0,400662776128487
AAEL003632	83,3283434336578	3,63417598736011	0,63926985575833	2,30538434639148e-06
AAEL015465	606,464113227424	1,71481950371916	0,451376891809307	0,010852696709871
AAEL003631	192,876036437416	1,21166081781894	0,404819596611979	0,0670767194305346
AAEL003628	32,0190606949593	0,193303368391637	0,30602632553082	0,697855894860481
AAEL020126	46,1757234268432	-0,0094083329046837	0,212543956071687	0,925997786186397
AAEL003634	1057,4270086259	-0,0421614310079571	0,15881158138402	0,94999420869017
AAEL003645	2093,87547193064	0,899138131125006	0,213503047124165	0,232219059117891
AAEL003611	722,958854921339	-0,144436207048598	0,177211969648158	0,931430218264534
AAEL003622	72,1973575627979	0,124496788290937	0,226357303182568	0,876101622948621
AAEL003203	23621,286666073	-0,0249638184509108	0,223576950408922	0,912490664141418
AAEL024681	86,3294475076692	-0,0928156374070752	0,205934736259673	0,914795633383958
AAEL021664	170,508923018366	-0,290611047937578	0,404490144699111	0,516028037223466
AAEL003190	40,8190793773932	1,1233224591923	0,563823424940534	0,103888225864251
AAEL021813	177,853876618161	-0,0920455012109934	0,223076737749466	0,893627318309998
AAEL021106	34,9915367816221	0,0414951623138692	0,223287142561255	0,908342867852021
AAEL027013	63,131230148339	0,38841636283919	0,536140178115624	0,379233301831481
AAEL003180	584,873110017903	0,129738500282369	0,168649942129441	0,939844951459396
AAEL003206	729,607140887491	0,00101179594559581	0,166210857143437	0,949874623386833
AAEL018296	246,783672694415	-0,165903049399735	0,196955433846559	0,904968847158973
AAEL021423	14,2922129552348	0,124106137633713	0,294165196784707	0,759652748479807
AAEL003183	30,6743052174238	-0,123241080277647	0,264435638267903	0,808097097401104
AAEL022637	981,628726606079	-0,196931664461421	0,169944193592258	0,928099621624711
AAEL021901	35,9312934540036	-2,11311147722115	0,525205173093052	0,00291644565538469
AAEL024684	17,4326003375508	-0,276136183075486	0,469655354513729	0,465697611183833
AAEL003184	713,996792218387	0,257845412801781	0,274946743637688	0,709949628352689
AAEL024958	95,2323078255894	0,195912552585683	0,269240459557057	0,762042984900918
AAEL003194	456,71544045207	0,343247035651837	0,279287048343614	0,642623301454657
AAEL003193	2021,20793230455	0,0675622784585053	0,149321042010012	0,950889345152397
AAEL021542	613,158849310601	-0,154597105337613	0,196388750636601	0,909341805220656
AAEL003182	699,696244483972	-0,394966942770168	0,235467288523848	0,685853891314841
AAEL013334	2945,59227233486	-0,109661017972237	0,181537117868752	0,933501217172538
AAEL013336	45,2740931937773	0,00308949517547671	0,222491007590048	0,918162113410208
AAEL013335	515,859775376358	0,247178153373313	0,2181087106956	0,825747507988685
AAEL003154	487,016397023456	-0,0279915990495465	0,219313907021111	0,916091701395416
AAEL003161	3431,43291107671	-0,27113671001271	0,23216234885517	0,782870518295586
AAEL003179	4593,62003063174	-0,183910723928954	0,152589357247754	0,943337946599903
AAEL009999	112,922492789714	0,0107609997639816	0,223867277572361	0,915373535190432
AAEL010015	969,229459264953	-0,249308623890833	0,248269940121729	0,766477749256806
AAEL009994	56727,9617795031	-0,0695489900552766	0,203587239846653	0,922022477363206
AAEL010003	230,959026605092	-0,0784069671302165	0,178113783974258	0,94016777421546
AAEL020002	1339,19504815616	-0,254663772495788	0,23194566548441	0,795225874546494
AAEL015644	295,332066151383	1,12327467485139	0,413757524422474	0,0915995572202246
AAEL017329	1530,57803939821	-0,27954870987713	0,310317966280939	0,635307493712518
AAEL006859	245,566829929596	0,352899149479405	0,232009988534314	0,725902262983503
AAEL006860	19615,6016293149	0,0261142425839224	0,204351332249847	0,929292931350745
AAEL025042	389,993983213772	-0,0709196010745521	0,159174681110428	0,948721921252808
AAEL017213	1891,5845829849	0,00151582457344791	0,136203616458932	0,952332330824619
AAEL003160	5945,00308689008	-0,224978799896449	0,195571888386724	0,884509514212686
AAEL026858	72,5508777045646	-0,0560977957643456	0,235030068412668	0,888985936491918
AAEL015442	269,007206055444	-0,151220518696969	0,209170745457473	0,892668831184103
AAEL003165	34,5241109086054	-0,0303458255704059	0,229093515866016	0,90481350169252
AAEL003176	97,1443409152467	-0,0595966626077454	0,228844396811996	0,89654593574397
AAEL021475	176,910028981506	0,0146801935354022	0,181477314764342	0,944531525671862
AAEL010007	651,991398796985	-0,0723015649789478	0,178940249456317	0,940324491972302
AAEL009995	706,057770915209	0,00643997376330771	0,164724890809155	0,949998980235065
AAEL015575	2513,60458988189	-0,0893177163358123	0,181943652014142	0,936220724059769
AAEL010004	2891,21076889457	-0,252832860997675	0,176305677993271	0,90519234222457
AAEL010005	357,897337077537	-0,0781821112297368	0,189530420010501	0,932446777736849
AAEL010012	2873,33626432695	0,0351122617142381	0,144676066370878	0,951952073423387
AAEL010006	126,481796477865	-0,0173054163701415	0,192886808015214	0,938510842526474
AAEL010011	264,929769013263	-0,0377815440204242	0,188952339752764	0,938438604531029
AAEL010010	291,813348716308	-0,0983715472743046	0,174374114438231	0,940085681221402
AAEL010001	212,642691588143	-0,0246371302960887	0,170513889915659	0,947901104981563
AAEL000122	325,18952632334	-0,214164434010027	0,19406778951961	0,892094293527188
AAEL000140	289,293278733763	-0,106748656504897	0,178215323364859	0,936475870995584
AAEL000148	87,0949299397354	0,154188773267456	0,23167483875456	0,852171454658306
AAEL022574	333,814228088561	-0,0249639063199426	0,189225724799656	0,939623156606921
AAEL000134	73,6603512982992	-0,0491287184537745	0,216241311962881	0,914433913331563
AAEL000107	181,410717109783	-0,0514900095210338	0,187169259099526	0,937854532379188
AAEL000157	426,709691637874	-0,0774108722549644	0,17507506693399	0,941995720840821
AAEL018111	373,031973399588	0,0475253249899447	0,173853260647886	0,945318722699962
AAEL028112	213,528518813044	-0,0431853873637264	0,185003104867655	0,940106225581712
AAEL000138	1271,70386747108	-0,02222319247425	0,18440434119534	0,942548989869612
AAEL027562	501,756092527014	-0,0496795394270983	0,194209572509329	0,933153413844491
AAEL018110	117,222152286523	0,17760086912451	0,280928066608264	0,750897834607571
AAEL000109	108,522228334983	-0,101895344084135	0,26609963068027	0,816291586342712
AAEL000147	358,079781758983	0,986881592501759	0,236972198507355	0,143405651011841
AAEL000116	195,239585087776	0,00405714036449319	0,169426028781329	0,949026197776012
AAEL000118	454,399682382479	0,0117529040683674	0,158008175720233	0,950930734410921
AAEL000154	233,50063401791	-0,132656630605407	0,251749328148715	0,825166833850119
AAEL000149	645,880209341438	0,118990785241841	0,212159003269348	0,899943110071888
AAEL000115	261,484614537557	-0,0452391171436026	0,173782748886572	0,945500709201971
AAEL000106	227,898183850304	0,131404208312738	0,205744457186559	0,904222030452713
AAEL000119	149,877723022713	-0,0845436640154055	0,220934627747994	0,89913431629623
AAEL017533	15,4585574799609	0,181651438564395	0,331456611277046	0,669843412656618
AAEL017443	34,9109708238587	0,118254480001246	0,267670002451257	0,805897561384431
AAEL000101	213,691071557542	-0,144145704075739	0,228242882944995	0,865414230411345
AAEL000127	24,1416548372538	0,155641343386839	0,292992551488415	0,742749134480626
AAEL020570	63,8804800899218	-0,222138874753208	0,292318154515985	0,701939815355376
AAEL000146	19,9535996218044	0,125492539980385	0,279933018795752	0,780878996481719
AAEL000143	435,741178478751	-0,00322172633621582	0,187199603290393	0,942943089415321
AAEL027575	951,824261963059	-0,194019900824679	0,253449207984485	0,789059147244519
AAEL000111	1183,58819147419	-0,240043686165348	0,2638711488239	0,741993535496765
AAEL000102	1651,01246570282	0,430464944936881	0,208842931352998	0,714492862620483
AAEL009385	352,544688310458	-0,543906911135678	0,393727077614215	0,380478660961778
AAEL007518	984,649235563048	-0,245169858324283	0,237421420761907	0,788889627557228
AAEL023877	54,1330478176463	0,0198361839360007	0,227075798152266	0,90996482977956
AAEL007512	470,496317134537	-0,13229464214901	0,158449939021211	0,945290177463077
AAEL007509	364,889111066648	0,436427844757041	0,214244915984779	0,696121777834236
AAEL018141	167,466863435865	0,00015149722522858	0,201937598516064	0,934719014538352
AAEL007511	26,5458478652827	0,22805819883441	0,333437729076622	0,633809641143719
AAEL007519	91,8692256697296	2,22836437008355	0,65904424223515	0,00520263622333517
AAEL026347	114,17939159192	1,45672603558113	0,28631502003926	0,0106536319998795
AAEL014567	32,6794595405189	2,30445042341382	0,494829587419738	0,000693636816806843
AAEL013026	35,9281274784091	0,00560665989991647	0,229435396667105	0,911125293223399
AAEL027166	753,160251336178	0,676839056247538	0,355901645055735	0,331790881856496
AAEL024256	162,88924135485	0,121218420197852	0,237359558464812	0,859537131421501
AAEL017135	1286,34664427294	0,00449205194388006	0,167559100465869	0,94942958048567
AAEL009317	3434,20218154441	0,0641393000661267	0,191594765733457	0,932948128375639
AAEL009308	416,698490259728	-0,140481341787957	0,176397905919024	0,932655139622276
AAEL009313	6583,8670805379	-0,24068317451301	0,233088759094881	0,801344608144767
AAEL009320	3187,43475318334	-0,0260263397412965	0,171033491206223	0,947640818764068
AAEL009311	739,867304705733	0,0139223688492134	0,14206565160821	0,952210607638401
AAEL028224	47,0107941040214	-0,101123482008249	0,239337866838648	0,866067469424473
AAEL009307	899,891399740658	-0,0366959593291257	0,153156195067812	0,951059056016553
AAEL019734	258,220094752205	-0,0241804587533351	0,182548550799778	0,943307295291394
AAEL021135	60,7198205101537	-0,15491924338307	0,25340176587301	0,810247553653934
AAEL005817	25450,231294285	-0,0895747609570659	0,213575144329967	0,906711253769737
AAEL005811	92,1455659757199	0,10879327856798	0,209669748777002	0,906025383453408
AAEL005798	3996,75252442	-0,151948434242801	0,197195709844219	0,908963835438763
AAEL022008	425,744115417137	-0,207463179961588	0,200912181161406	0,88296224645487
AAEL005822	633,142277630092	0,307413358198273	0,2447430488948	0,732977631567578
AAEL005803	32,5075957164192	-0,0254858395329926	0,23094807104686	0,904064232553323
AAEL005793	490,233335681469	0,435999599856295	0,217347328338614	0,690439329510788
AAEL005813	1825,9684232349	-0,318902253332352	0,208973828615077	0,801719647747591
AAEL005802	1070,98165895675	-0,190361650302666	0,23270905072669	0,829430111620907
AAEL023850	3020,80398888594	-0,0587892182886241	0,157832488470966	0,949594970464393
AAEL005816	660,764730486687	-0,303457529028323	0,220945104691403	0,784826377180646
AAEL005796	767,29136119225	0,0251570771756921	0,145643187872907	0,95199169150301
AAEL026710	137,708290853492	-0,114580314419534	0,228218227028489	0,877175758802731
AAEL005799	685,197404885227	-0,241314512528062	0,206214119588772	0,856578743073928
AAEL005819	556,328397365922	0,248925505114929	0,248876722646237	0,766166402830648
AAEL005792	196,777688059845	1,88021289788239	0,705970453690422	0,0209740104560529
AAEL019781	440,576615934786	2,88331308434074	0,550804566889225	3,50746623968576e-05
AAEL005808	460,46931335417	0,115365722312944	0,196516965919945	0,919184411763814
AAEL015247	602,63478425308	0,164289798560654	0,252965431318159	0,806754919526762
AAEL026928	218,08377770826	-0,0517798892198114	0,200381175001377	0,928276761852675
AAEL013240	145,552851796806	0,146737948783447	0,215293294582456	0,884560385992678
AAEL005791	928,47744212047	-0,0131995207772865	0,173226417802674	0,947656509257055
AAEL024332	616,204914457414	0,0606123038084774	0,201129001773819	0,926403126977378
AAEL013244	74,133014275325	0,770109583255995	0,35733129894857	0,271457294147528
AAEL013243	111,264257115599	0,179472096788874	0,255450487698674	0,795066095337032
AAEL013245	232,525915698273	1,46495008369083	0,66698895557495	0,0541672890396616
AAEL019601	189,386253985549	0,0773902543136437	0,237934834182141	0,876916199074706
AAEL013546	899,14325442982	-0,0307511468226308	0,158714698284632	0,950321322792875
AAEL013545	71,767200673446	0,0703425572603134	0,216533651375592	0,908470935381414
AAEL026044	190,559120462617	0,0402455115944325	0,229935866994253	0,901355589691479
AAEL012704	94,2385275366481	-0,0378045315708505	0,211609765028391	0,921035452637275
AAEL026023	194,16610087565	0,833418976703028	0,699755250197113	0,181434202454482
AAEL025252	46,8707091920033	9,8000631485773	2,91030943662932	0,000156548926839279
AAEL021449	24,3210388339232	3,13971525565371	0,801844149387789	0,000615362606171796
AAEL003777	2644,90876732826	-0,367536170788179	0,214050318822184	0,755636798832422
AAEL003801	910,57077644593	-0,059682364364667	0,182891236116623	0,939406727601701
AAEL003794	153,184776900275	-0,0400025996246125	0,199949203560503	0,930484187375991
AAEL024720	1852,99085219645	-0,1379928466553	0,167137917643017	0,939775815814764
AAEL018307	169,756456422674	-0,202843261995448	0,214117665728157	0,862267584974404
AAEL027937	34,0656983894542	0,285244090456776	0,408903463208287	0,513921375510675
AAEL023584	12,8406818414687	-0,19886801508228	0,353773882104802	0,622983542436655
AAEL003785	1807,49372624699	0,117125876890681	0,140321188311951	0,951063626519339
AAEL003797	26,0151813306354	-0,0133276904612186	0,239381015902555	0,897557028801977
AAEL019560	2705,36115578841	-0,0883528524173399	0,190561167850962	0,929898308574776
AAEL003773	50,3523793961046	0,0399135271677143	0,233923755173836	0,896177040870403
AAEL003779	1225,50921736287	-0,10841614884925	0,164220940628063	0,944519780103615
AAEL010465	236,447597822623	0,297878796972617	0,204593876033728	0,823993840437087
AAEL010474	302,024268453198	-0,359570324004368	0,283276116371667	0,621920354758651
AAEL010470	1206,67898432346	-0,139897835722934	0,153373425963369	0,946806346103364
AAEL010473	459,941638270633	0,11102830455611	0,194240570570845	0,922357531241288
AAEL010464	8266,2995802042	-0,00413007645203249	0,192697887333332	0,940037689527756
AAEL023327	258,223470859592	-0,108635058183947	0,171105268101485	0,940829873126786
AAEL010469	482,061322972947	-0,284385559751305	0,226200090873092	0,786574273903456
AAEL023675	811,973104674595	-0,0756357919575104	0,150564234470715	0,950504327269417
AAEL010468	242,997877410425	-0,344104072850856	0,270387963675431	0,659499818667502
AAEL010467	4080,20280362722	-0,159652770350063	0,204872299813511	0,895929646421986
AAEL028161	311,195676584104	-0,145579414826672	0,207323358890128	0,897496920729126
AAEL020215	21,0433737607465	-0,00652833946574582	0,246218662883288	0,890630683401188
AAEL010471	64,28772766428	-0,123203184697036	0,234885470336876	0,863415748766936
AAEL010462	148,812237290909	-0,158668461035884	0,237727700366474	0,836501322226431
AAEL024359	213,018072445859	-0,170746256632572	0,22657067155558	0,853697538359839
AAEL008422	588,482065745938	0,00119911548751404	0,166837004431635	0,949749646424147
AAEL008428	1296,30010020077	-0,0505929010340325	0,233202979124215	0,893713605709058
AAEL008427	443,453956994239	-0,232383605258761	0,250041933377143	0,773320709918345
AAEL015151	678,695277885257	-0,0658791362325184	0,204574088813256	0,921871340369856
AAEL028769	12,3641012075607	-0,0355597063478154	0,265361963094379	0,849368755832637
AAEL028996	80,0498491191316	-0,0567898957742089	0,259818811675652	0,848629563910685
AAEL012926	95,5844549535323	0,0467283238124561	0,210590089939521	0,920157164827419
AAEL012924	331,255408319959	0,102895510455163	0,187441459543578	0,930001315414546
AAEL012925	1156,38596140685	-0,367302034827505	0,210534386577021	0,764597324339193
AAEL013462	95,5409096568368	-0,0378708678530662	0,206888894337396	0,925556242624889
AAEL013461	876,453378127742	0,247552795418054	0,189157075153471	0,885917191222096
AAEL013458	5705,76342856936	0,0192363939817055	0,160559375908983	0,950330740551492
AAEL013460	961,991966234236	-0,167043958158705	0,199411971791333	0,901633315134677
AAEL013463	252,095825096258	-0,0497309765659163	0,191780047947496	0,934889354128306
AAEL009911	333,034452129636	0,0567809065453673	0,188938572019088	0,935869475198457
AAEL009912	880,17964614029	-0,227261142609684	0,239925987492155	0,796337429029232
AAEL023347	2594,03603509951	-0,0755396122752032	0,163860822353315	0,947133708120994
AAEL020387	356,367975989814	-0,122498812328977	0,174183566101448	0,937116217284906
AAEL009918	331,698755327372	-0,0639047398488073	0,201832941262675	0,925098694309693
AAEL009913	1315,853215702	-0,18899144867304	0,182475453659194	0,916599157041581
AAEL009908	263,42771339861	0,0323977647379576	0,194375339569263	0,935418967159879
AAEL009915	56,8806818061734	-0,996819147043516	0,471399509214237	0,137817182637488
AAEL009916	472,660186256257	-0,0157679372737408	0,165311090614652	0,949517274852409
AAEL009899	2861,66200578235	-0,247299939173905	0,291606592994381	0,688071330092588
AAEL019534	3012,22166910544	-0,0391832302094871	0,205476644800421	0,926537255697536
AAEL018187	1697,9784364496	-0,188735521527574	0,169673233136128	0,929823203898611
AAEL019439	1919,90344343687	-0,148912516023634	0,185364814693809	0,923222095992089
AAEL019438	786,904202310972	-0,277885343843499	0,227065048218056	0,789228394300407
AAEL009904	287,360481290791	0,291135904451147	0,226391390552173	0,781788711986865
AAEL009906	883,167577641494	-0,253419334215901	0,181185286605602	0,897436742086529
AAEL009898	819,702463972668	0,328939431414231	0,191117229904031	0,83274754754407
AAEL009914	438,771598529618	-0,0230300738799271	0,156532058424826	0,950870927505806
AAEL009909	589,516841648846	-2,50723736248029e-05	0,18591443165592	0,943811851484544
AAEL028094	58,0487845468726	-0,140891445789137	0,263678734259851	0,801419729386296
AAEL002999	136,265584612575	-0,228748065800403	0,241859997371028	0,79098924963972
AAEL003018	626,891786043933	-0,231617415044074	0,242089355467531	0,788037936208634
AAEL028229	25,3384002280659	-0,111751194668662	0,27656723770535	0,794986112948313
AAEL002996	270,654878699117	0,160399271313791	0,175353298095117	0,930057373481404
AAEL003000	24,8579704429515	0,182885955981113	0,301848144857215	0,711846651364785
AAEL003012	198,427640204729	-1,06193512877786	0,631914979349834	0,121259232292519
AAEL003002	22,7355592558021	-0,337115563053025	0,450247070867207	0,450394213881405
AAEL020634	1289,93220471571	-0,0223924673019271	0,153616796894204	0,951291068299182
AAEL015609	72,8449100080682	-0,402330997704372	0,330306963767016	0,527531412388925
AAEL023182	2140,27441638302	-0,191083635886968	0,192994392534148	0,902674564269601
AAEL002989	223,385632622665	-0,0141219443082427	0,17119751756771	0,948189570262702
AAEL003004	254,638959700918	-0,0272319649654719	0,193280294579129	0,937017961746982
AAEL026789	77,7792415715066	-0,0668781828281882	0,232938473034905	0,887797672771404
AAEL003008	287,162377786507	-0,17984404357079	0,233606366941898	0,832694200546005
AAEL028049	53,3346952744375	0,119926259454904	0,253353503648047	0,828594137264545
AAEL012038	266,244052262293	-0,135508710834656	0,203181022723072	0,906294236262456
AAEL012040	236,059341271199	0,0681033289431371	0,193032788603548	0,931412268240555
AAEL012037	199,481678102732	0,479757704544263	0,250212903883731	0,580412859811097
AAEL012036	302,061819208917	0,0602516441472479	0,226360628699026	0,899847505694212
AAEL012041	611,182763351045	0,45088595221103	0,308500490853799	0,522659524039587
AAEL012039	729,891498957018	-0,242422898044319	0,193538794694176	0,880833611070383
AAEL009722	1331,07779744216	0,633807467492002	0,398889288477549	0,335143203219944
AAEL020362	357,743442227536	1,59382991880352	0,377465949006106	0,0110552114140844
AAEL009719	1845,91794740595	0,0820135584367226	0,178894206030213	0,939224006489056
AAEL009720	531,727561952177	-0,0682155389587586	0,174498068560526	0,943196675468974
AAEL009725	318,324271428693	-0,0224753070125112	0,164714608732388	0,949385618951557
AAEL009727	180,246810933365	-0,0111934931268541	0,179090634159141	0,945844286673145
AAEL023391	205,616632609899	0,0574236424147268	0,173964018142747	0,944342997764953
AAEL000982	297,525168032433	0,0153823421683888	0,17392972419814	0,947351483429029
AAEL016982	3518,83590502601	-0,156172620939212	0,176058356687888	0,930271433527252
AAEL026867	165,549862115543	-0,167087731430172	0,240522464804664	0,826897406575014
AAEL001005	16566,7048010077	-0,041549316235699	0,212165936787216	0,919888631741971
AAEL020286	69,166100639594	0,155016862309186	0,276737768418896	0,771150691101515
AAEL001009	2116,83916157411	-0,141918477411645	0,166315313428042	0,939824227438387
AAEL000983	458,4262633043	0,125678487302524	0,174429516477711	0,936483570857441
AAEL021520	621,821657731311	-0,453361221556723	0,308107265268018	0,521018028860626
AAEL000980	275,663752612654	-0,167854733845857	0,218570998928447	0,871263790618377
AAEL025533	359,285573514938	0,0126692946170973	0,189100041936672	0,941036272484508
AAEL021176	934,634810632296	0,632209778058023	0,209279751881152	0,516865833057019
AAEL019505	70,9925231535299	-0,12695071752602	0,223705617067658	0,879657184051824
AAEL019506	2466,63529541492	-0,120721723859041	0,143614746494601	0,950415339970628
AAEL026287	101,407380338563	-0,242041212596741	0,238968784993547	0,787781096220828
AAEL007078	3902,39092408446	0,00171955113156336	0,165738716820964	0,949946443105603
AAEL021734	30,5542081369481	-0,215731012589952	0,329050349717884	0,64942832746395
AAEL026589	45,5244395012189	-0,0269296936086528	0,228362975535741	0,906611508309245
AAEL014763	18,1207766321119	0,0897885508768119	0,279602942739638	0,801118904311006
AAEL014761	73,7414116688601	-0,00879204696285021	0,210512062497459	0,927632937268957
AAEL014762	3064,59176693613	0,912886152403706	0,250518969174159	0,204145841017408
AAEL020431	132,218750266696	-0,0105072565805425	0,197033051175148	0,936721344214051
AAEL014408	761,877312028796	-0,0362754578887564	0,15495332536373	0,950787876857727
AAEL012437	1250,06811470366	-0,21541647433675	0,168544490626005	0,925788182394708
AAEL024953	950,768468885622	-0,362557764214171	0,180675169598031	0,834593562193353
AAEL021288	3765,6027801464	-0,211605934653353	0,210738085860861	0,864404814828416
AAEL012443	206,215190112341	-0,104950601970249	0,252630054252967	0,836958744039429
AAEL012438	97,5282110400267	0,162617605871819	0,22801643210953	0,855551482794326
AAEL012439	652,699040417645	0,30054908749784	0,246826844708876	0,7337863274897
AAEL012440	1192,17624650893	0,657613106291179	0,276714369733028	0,394029615810045
AAEL024070	255,152020801098	0,118253262724285	0,194326589060597	0,920724861704652
AAEL012448	239,468778362091	-0,127273758743936	0,176563101610133	0,934523246132568
AAEL012442	863,371584754713	-0,063696603465621	0,172185967279618	0,944701279254897
AAEL012446	4230,52281974839	-0,0189275621416027	0,174262728811637	0,947026821175671
AAEL014946	356,248922100642	0,168480787218347	0,1967545114631	0,904414191257537
AAEL014945	54,4305001881548	0,29846250090484	0,325239372773942	0,599090149617442
AAEL022490	1112,78554745486	0,0072129651375864	0,158999535810561	0,950884742035457
AAEL024602	398,284292231047	-0,235938823267488	0,252262108665402	0,767612353132502
AAEL015048	562,982798201231	-0,178800103731385	0,195965762593904	0,90262031140665
AAEL009579	165,93476030055	-0,097289812664559	0,202839804558527	0,916876968961008
AAEL009584	521,232870307814	-0,0140490801243438	0,168033280699925	0,948966625746287
AAEL023148	5053,70926695124	0,0808870416149638	0,192812126363371	0,929340602690515
AAEL026027	792,928039222186	0,0296065756478728	0,15457896073045	0,951022461236616
AAEL003100	151,260280607785	-0,717103700584821	0,421592627292901	0,280229186125775
AAEL003107	138,443922327791	-0,0873101145790597	0,221585643557102	0,897215481306808
AAEL003109	3427,92945955503	-0,166742437742003	0,156293706386013	0,943073257159185
AAEL020196	205,371100433364	0,0449917079089344	0,197319158426242	0,931813884071742
AAEL021950	1683,44623789631	-0,105051612187577	0,141752982116566	0,951168512977887
AAEL011261	975,381178929522	-0,290405561300092	0,180738658568417	0,881640853596612
AAEL011264	968,929545404208	0,0521951618724149	0,206447284859753	0,923177072857174
AAEL011263	338,704948626744	-0,181265777420841	0,24584074552017	0,809835082607827
AAEL011260	23,2710240257966	-0,0147958701105589	0,267684844601267	0,856930938967689
AAEL022734	489,819832108853	-0,280752905271683	0,417477272058867	0,507065116817881
AAEL027424	268,926014284981	-0,0469749301820049	0,246326436061243	0,876160164014735
AAEL026218	1900,14802877373	-0,248062046239797	0,371708346209318	0,570111862922981
AAEL007493	141,138979570771	-0,0449813145512029	0,189469125860315	0,937176530003976
AAEL007501	684,40971324471	-0,0234692584463954	0,147759358968013	0,951863798709882
AAEL007494	1910,99829495142	-0,112709197478047	0,199702203738006	0,916519440840287
AAEL007484	2608,76771821625	0,0431459037648236	0,153521556283867	0,950838663362273
AAEL007482	192,083528436617	0,15952899970105	0,217744576771308	0,875335525147771
AAEL007500	394,881658700741	-0,21329794835969	0,348971451991529	0,620583198941109
AAEL022232	138,140903261696	0,0469021616834932	0,209643768152482	0,920987827895597
AAEL015338	412,197131508774	-0,0591280692746315	0,169167284721229	0,946392768936776
AAEL026845	21,0723429630972	-0,132406435382918	0,273550352833079	0,78769534545399
AAEL007480	553,94832251549	-0,0799262124212639	0,180280281766708	0,938740869134221
AAEL007481	118,080561047608	0,745493024595243	0,334213958020895	0,300902004723608
AAEL007492	90,0976064248296	-0,0446592767751037	0,195859067644143	0,932793334962764
AAEL024337	435,304002086363	0,0319082397404081	0,172791988339801	0,946768520473044
AAEL007487	405,301593675948	-0,231233248262015	0,196131947291237	0,881265504438866
AAEL021513	32,1755986563275	0,139656313743298	0,263921696289352	0,801869267606654
AAEL026565	8102,2610120029	0,0246984893122268	0,18740481395127	0,940749588145589
AAEL007495	336,886972006127	0,799657965149441	0,280134129984381	0,290276752460441
AAEL024535	1602,48743717454	1,07764703902141	0,229446523975356	0,0858822055437936
AAEL021555	787,538737034236	0,0873330021822254	0,176935216565048	0,939796573188162
AAEL019433	19,5096928460436	-0,147689906420516	0,302044783588584	0,73161897192335
AAEL014544	26,6014482479371	-0,0539115916127585	0,25398381044294	0,862484332202613
AAEL010891	125,372008249237	0,201443312081908	0,241626984137221	0,806968081264008
AAEL010885	396,25495969383	-0,182925687522879	0,197362788569977	0,898900825741033
AAEL010892	653,293615843024	-0,0366486873296193	0,149271099022533	0,951534342652471
AAEL010895	421,824636902069	0,318390476914814	0,196419570470574	0,828201209015984
AAEL010884	22372,8999315204	-0,239369317804124	0,228002518705547	0,81038464770963
AAEL010893	1122,12882662344	0,431533216348877	0,177645691891591	0,792966107656034
AAEL010894	27,5715917520711	0,0791820673965618	0,258578073481041	0,839355810386831
AAEL010898	881,921823697656	-0,0892334073734798	0,277520858339071	0,804524518575758
AAEL010896	346,619308947119	0,0183732293638047	0,163246472377275	0,949898586182366
AAEL022113	2560,86988141836	-0,109813803756059	0,146478284406708	0,950203298758278
AAEL022693	448,724459801562	-0,0166944223334388	0,168303578655054	0,948797079660272
AAEL023907	472,769363846886	-0,0597324015581472	0,162078675216336	0,948474858744073
AAEL009208	625,370761925448	0,0813581992406073	0,161309046051293	0,947646049973487
AAEL023582	109,1266870862	-0,0241877776264857	0,212677945453632	0,923019075224243
AAEL015533	589,379183842699	0,831095262463136	0,445621083392352	0,211226398937674
AAEL013723	1362,99545528581	-0,271157864394821	0,258846334947897	0,729832102854287
AAEL013724	782,276192569464	-0,053083131890421	0,15927265685335	0,949463720029197
AAEL013725	482,238185436087	-0,357762216849324	0,222077947183489	0,744742711699805
AAEL013721	183,56959956613	0,33439996289117	0,256845564572821	0,689895983752795
AAEL019700	2184,44202409904	-0,110968616933207	0,194985054539494	0,921532068442006
AAEL014045	464,216681784048	-0,207239289689241	0,325998055567771	0,661231650776774
AAEL014044	76,6181371014934	-0,0366150963986631	0,247644541242752	0,878513652553918
AAEL014046	421,51692268605	-0,0369823429399184	0,16528120754023	0,948636474547082
AAEL004561	29,8097258281166	-0,089626382485418	0,262493509773783	0,827919445072729
AAEL004572	562,774210730771	-0,0679440451370166	0,231883351961332	0,889290775185565
AAEL012865	3051,0921622699	-0,12528313633778	0,16402357209424	0,943097983706883
AAEL012866	285,824801391023	1,66839682943799	0,256211463205328	0,000776852733399217
AAEL012867	30,2822121596071	0,189084005028127	0,318851731884135	0,68247004905523
AAEL012860	1222,65748040603	-0,101574951740528	0,226520063560035	0,884889963581013
AAEL012863	442,068009527976	0,674839585655517	0,269226519491129	0,389143447668334
AAEL013851	69,8225919967534	0,01997438345166	0,232339105910679	0,903923530696136
AAEL012868	22,0548571262616	0,241665618806304	0,352275195009219	0,598493183754463
AAEL012859	272,089025399569	1,46376752453803	0,315827079192905	0,0128398810679808
AAEL012864	52,6999506669403	0,0206594188837098	0,227582757461944	0,909200434879182
AAEL009640	215,301677863664	-0,363931728443998	0,298347700493985	0,592428943846848
AAEL020040	14,9232468867827	0,0404480728755606	0,266796123048453	0,844222906925822
AAEL009634	1445,1824725122	-0,114893301617317	0,202557880163023	0,912984702936131
AAEL009637	5211,664636489	0,326541723128717	0,30905013334207	0,604678427725887
AAEL009642	2872,93635095276	0,0892115665097179	0,281526552420564	0,798447530186514
AAEL009636	1493,53574476343	-0,0753961059856846	0,148540065591427	0,950806356813754
AAEL009635	166,396868987658	-0,157061205756847	0,208399263955143	0,891491113776227
AAEL009639	475,919070232029	-0,0771330659527382	0,168909208260485	0,945129771766357
AAEL009644	275,21482528584	-0,0692717420713229	0,185659358281052	0,93652204218452
AAEL011253	181,338463655058	-0,16075089195503	0,241378372269843	0,829096700633165
AAEL018215	1651,54247761853	-0,0419744985270317	0,151567869529658	0,951186708222186
AAEL011251	864,570428981723	-0,0184420334498007	0,181400763941849	0,944266041731363
AAEL011248	548,310864457988	0,0248956265516763	0,206503417683571	0,927990937907461
AAEL011255	2979,06246453966	-0,191411622732237	0,295714330033627	0,716940086411048
AAEL024493	19,7417619842314	0,0174107096850862	0,244556635987797	0,889103380537804
AAEL011254	605,347007704102	0,164046140966085	0,202958646824561	0,897195319351792
AAEL024793	317,484917269934	-0,0763648070197693	0,19645447722183	0,927402345245062
AAEL007248	134,880267096757	-0,0213538879159798	0,180915159184091	0,944230451739793
AAEL014527	350,979068989816	-0,0933841223817893	0,20626967661812	0,914336001928229
AAEL014526	1600,41788841815	-0,0421233188294061	0,213405514473074	0,918556403358933
AAEL014529	1413,96594748617	-0,271267353163099	0,176117040004971	0,898646655050121
AAEL014528	1404,99482365028	-0,182851349353802	0,181388219929605	0,919358522482972
AAEL011326	392,258279991655	-0,0145514425689861	0,170165583518644	0,948398750711778
AAEL011329	777,755893973133	-0,0013881083375659	0,171730607480664	0,948570940560133
AAEL006191	1107,76433287879	-0,0173484003129528	0,153372312359176	0,951422018425894
AAEL006209	418,945472144907	0,061287168823942	0,169040392244659	0,946304879247378
AAEL006193	186,058055685726	-0,0188030848538593	0,191196024663576	0,939238101073941
AAEL006189	1255,94862008932	-0,0665220658395282	0,155509120747302	0,949807405450104
AAEL006208	1369,02239618737	-0,00657351608424394	0,187160838269576	0,942674689363448
AAEL006196	1925,67651577818	0,0569978284627107	0,147369213809103	0,951399491074058
AAEL006197	34,4080526646595	0,0061210460611922	0,232773716619004	0,907025713874803
AAEL019752	235,655889553849	-0,182961626807406	0,253365445050431	0,797124061625841
AAEL013424	156,764741762031	-0,15334301336694	0,220399404230547	0,873926365166892
AAEL013421	82,8174194478517	-0,0341726559221018	0,245480243794745	0,88227882212628
AAEL002543	1094,64705973843	-0,149364201608948	0,191651089519459	0,916332842522318
AAEL002547	141,989080474637	-0,00933896283227712	0,19787642596614	0,936267266748713
AAEL002563	376,641326165734	0,0197408523429557	0,172418252952465	0,947577962611684
AAEL002539	2848,38771151545	0,741581053338504	0,256570149574008	0,350985730735533
AAEL002551	5932,04129282535	-0,376637835042549	0,221751780648844	0,728441367722878
AAEL002556	264,752976262516	-0,0365337371319098	0,177309276308873	0,944631162568307
AAEL002548	1528,62342595854	-0,201074253148535	0,162069610194232	0,934219125486428
AAEL002554	2714,96544613755	-0,07395091780977	0,196606908948321	0,927722770700983
AAEL002562	432,147839756555	-0,0569253026792946	0,170347918304601	0,946061689883959
AAEL002550	1174,96764652869	-0,0535126420699828	0,14098208363727	0,952026852765291
AAEL002560	656,967235212854	0,849867296452531	0,37755963953002	0,21669394878546
AAEL002549	336,728008389614	0,0123399198495279	0,227431577784375	0,911530395866235
AAEL002569	968,257563975532	-0,175327787387615	0,177663133369181	0,925269600324829
AAEL027912	519,933609850376	-0,0868918063937058	0,254771340246849	0,842869356831456
AAEL002555	255,098044260337	0,173590646057429	0,2089818440107	0,883818333415735
AAEL002565	9683,69540465643	-0,236307260954914	0,177691927566496	0,908805416372341
AAEL002571	104,517459798808	0,0410518428189196	0,201748523158041	0,92893815433826
AAEL002544	271,784340561891	0,0379602788838043	0,172044493045514	0,946660150219375
AAEL002542	3564,35571270828	-0,344437130150412	0,183077294134837	0,842302370674536
AAEL002541	96,0203597054749	-0,12549622200566	0,230564776195152	0,869760633616643
AAEL002557	2435,06202799428	0,404659794790028	0,238336668644649	0,672888642156876
AAEL002567	15,8251415317324	-0,139208394435365	0,305972765918043	0,729277521964352
AAEL002546	411,186220977345	-0,605928183065718	0,213734543425041	0,533504438627243
AAEL002559	1626,1011531849	2,64228401391844	0,529588652667814	0,000127370196678307
AAEL002572	10598,5987013285	-0,340702351429482	0,211593722304194	0,77977736557762
AAEL003491	1025,00026804164	-0,608550338862527	0,266682580409563	0,448825442516178
AAEL003506	59,2748903594416	-0,0298929223067084	0,220075126810027	0,914947749972339
AAEL003503	3123,96657925997	0,278806735148872	0,248396693036277	0,746827638769617
AAEL003490	173,17456303381	-0,0205014463615583	0,184355080257799	0,942774853619855
AAEL003495	623,830983768351	-0,225397174206869	0,173370636178348	0,917867100380233
AAEL021538	172,842792064938	0,13761273397002	0,252936987704896	0,821113614767121
AAEL010924	238,415949282454	0,17402848052769	0,272509301869211	0,768226607910058
AAEL002766	239,961723638296	-0,0118739908658667	0,182715922420962	0,944206699816218
AAEL021418	125,61356177274	0,225004678373161	0,248829696117923	0,779222399426973
AAEL002764	5287,51451903401	-0,118991234213953	0,156358397073575	0,947074973738977
AAEL027106	1090,03963136612	-0,429489894905263	0,367186906470383	0,47063617659135
AAEL002769	1325,45031719327	-0,32422894135574	0,249456145513885	0,71216044934667
AAEL026232	146,83861090066	-0,270012173060242	0,366407881963588	0,564266927624421
AAEL009114	1256,84353409169	-0,42015891133726	0,265502979745899	0,606411845514467
AAEL024889	14,1409783212126	-0,124769246578353	0,297228133848147	0,754268405742278
AAEL021440	1314,84101604144	-0,447043254928667	0,272549051557058	0,572477253585651
AAEL009110	1027,55692147108	-0,0118591863309707	0,145741763336729	0,952101399703396
AAEL009109	156,515061146083	0,0972926555577479	0,186248916906083	0,932034978351178
AAEL009112	388,004669950271	-0,141000145763311	0,225985223664836	0,870692228186957
AAEL025611	709,087455815627	-0,00619241047669503	0,205750133898291	0,931555605848803
AAEL008334	2356,2658357416	-0,0539684872996247	0,177818603269693	0,942868440231727
AAEL026038	5764,50526727033	0,0964476527188207	0,218115294490953	0,899076044786732
AAEL004390	19114,3209297587	-0,176037649361351	0,250102193913906	0,805969295159388
AAEL004386	10409,8994084643	-0,108990464030737	0,14573294066755	0,950354269333564
AAEL004388	5832,02218488847	0,0204432580252365	0,234523224290236	0,901596375449168
AAEL004399	206,614433129749	0,105620849245261	0,21041026383135	0,906042231930854
AAEL004396	1012,81806794872	-0,172591733129836	0,157266085543028	0,941854121573013
AAEL027273	204,463446136721	-0,270216344676345	0,245601427785659	0,758550387724988
AAEL004389	484,001498677021	-0,10414230028187	0,173011032992107	0,940256454806937
AAEL013739	2329,70938100799	-0,103220159622137	0,183380071402365	0,933085125160102
AAEL019447	378,08279688473	-0,136959649898685	0,197841654575017	0,912592835979945
AAEL024782	65,7470004671356	0,0569162870880584	0,256048706857321	0,857475375021981
AAEL017160	625,707997564255	0,559024922490813	0,277257733900875	0,480739132715429
AAEL019927	416,820626486145	0,226864762958857	0,234985505214448	0,805321782858503
AAEL011522	315,83742577412	-0,136266414055556	0,287544488191747	0,764491979764546
AAEL014082	57,7049240076685	-0,0563351869394507	0,231268572013943	0,894441437427203
AAEL014080	1038,79115632475	-0,0850578482601754	0,181344757210335	0,937274291809948
AAEL023845	722,999922705179	-0,169262946487409	0,178232861702652	0,926029124684026
AAEL020865	97,0153071287432	0,111513276476669	0,266506926155297	0,810110261741435
AAEL021257	196,570845033288	0,124573340366903	0,260436185405212	0,813815025063988
AAEL012955	704,949298142258	0,00976655347806391	0,241061312784894	0,896423262281801
AAEL024508	1066,73227794118	-0,203238125937598	0,206064055194188	0,875925667501459
AAEL010722	89,4589384226815	-0,0255332647089059	0,210890996479792	0,924526942636608
AAEL029048	443,000882956292	0,466559884010881	0,193093740217106	0,722005143496514
AAEL025802	19,8698533039902	0,0218959472190044	0,257216447375974	0,870819679903617
AAEL022009	47,2861223131114	-0,112241654113704	0,293038043896647	0,767817465533497
AAEL008613	695,829093741574	-0,0129263140780953	0,18075895460277	0,945037688351614
AAEL018695	2530,75154800366	-0,239489423994931	0,17046065414875	0,917453092095948
AAEL008617	1197,84626742831	-0,16575263616737	0,190361243798167	0,913701182279248
AAEL022467	1870,85134563799	-0,0921010909116469	0,145196988231217	0,950926139049862
AAEL005552	1175,36258228145	-0,0578804064516091	0,179272919549356	0,94168588309675
AAEL005533	422,533215752927	0,0605384759142091	0,250298371216484	0,86575883210381
AAEL017481	14549,0531904552	-0,0987965399632304	0,133257223775383	0,952083880098315
AAEL014628	238,863957423611	0,0354242298265145	0,18545687366201	0,940682517380831
AAEL022786	512,87138251874	-0,071708847279972	0,179299277497906	0,940229196482371
AAEL016960	989,870811449908	-0,07120318720978	0,16170178371812	0,948086914377375
AAEL014630	1641,73499941204	-0,179947165983743	0,203240232912283	0,890607856260123
AAEL010513	744,73905096297	-0,0141329734620578	0,208780822534263	0,928000831819871
AAEL010516	668,735023944305	0,0965681346595122	0,163579371669206	0,94586666506017
AAEL012826	1097,35503817897	-0,0397797483249344	0,154138790384389	0,950820207675213
AAEL012822	305,544685601023	-0,0143049818007265	0,191791265757733	0,939378688205449
AAEL012825	2489,23228782086	0,951494764732455	0,271987428284072	0,165426805591136
AAEL012827	6987,51585397166	0,203946621780349	0,255506578073459	0,779592687529226
AAEL012820	428,980646586659	0,0528270157032359	0,166954894804754	0,947478131141171
AAEL000079	3229,8043221171	-0,185238019761957	0,188267324872896	0,910762075419345
AAEL000084	1324,55727807156	0,0682596015153943	0,141858476636898	0,951810678016926
AAEL000016	628,457893645492	-0,0485313006061961	0,182883344232502	0,940722778048698
AAEL021708	927,020839315969	-0,0973318290261978	0,177016807827472	0,938611691378031
AAEL000024	407,693875531596	0,20534076312678	0,271566060494173	0,750661999866966
AAEL000064	1691,24605221669	0,832571269364517	0,344269879252355	0,237578702331596
AAEL002169	3977,10687039605	-0,184677634758136	0,205864507686078	0,884331109586823
AAEL002165	364,481057921312	-0,0266522327390306	0,211389282926567	0,923791549748611
AAEL002141	304,0065634165	-0,719603475800801	0,257353732766149	0,36532529005172
AAEL028092	289,483643337661	-0,236721950261249	0,192966316869354	0,883895539328472
AAEL002137	1847,41611940657	0,132488093386425	0,192037575180805	0,919876382775773
AAEL027326	358,531746006631	0,199870630725161	0,192573158884933	0,900076650093218
AAEL002145	1312,97366092566	-0,19875516493326	0,183697462225211	0,912563668375077
AAEL002142	760,278894447497	-0,0305196119388145	0,18647560295317	0,94060856393946
AAEL002140	364,262622657778	0,0727999310525968	0,203727639274537	0,921142398728677
AAEL019706	56,234434380097	0,00871247017117389	0,218782694585493	0,920363438058233
AAEL027261	63,3627639853025	0,117016781357941	0,271053975907184	0,801269430286322
AAEL005422	4520,33243001099	-0,193523098648511	0,17718908065599	0,921189837402446
AAEL005401	6449,68669024706	1,00782149698991	0,337465639644489	0,130690146454403
AAEL005413	232,428743989953	-0,00295643414952753	0,18488749181082	0,943980043396645
AAEL005423	744,476120381662	-0,0550205770572572	0,155283067012257	0,950255298350751
AAEL026343	301,846172373954	-0,974848856440589	0,521806291502098	0,141798206137396
AAEL028211	4416,12595305829	0,096431680904998	0,223967770967897	0,890539317622539
AAEL005405	737,418651523014	0,0283943486894027	0,14672650000459	0,951885897783095
AAEL005402	166,090186293009	-0,250859179080047	0,232850238344484	0,795624239456724
AAEL005411	2208,42469981988	-0,195715878391113	0,310925019275222	0,689168626705176
AAEL025444	299,797998839177	-0,464980860489251	0,305235625440989	0,515187541241925
AAEL005410	492,220667909731	-0,125286296433914	0,181154172750283	0,931466090141757
AAEL005400	3395,80988542909	-0,306520009409638	0,227828850131072	0,769949634095586
AAEL023680	180,817838882112	-0,0535705293016767	0,184134433847969	0,939392711146539
AAEL005414	266,616713804678	0,0490354085326194	0,200242123896858	0,928860977220107
AAEL005403	186,264266247043	0,0817084138967226	0,219513963505768	0,902056137311375
AAEL005407	1208,15672401517	0,725533498703543	0,242826940157619	0,376114070807669
AAEL005408	1070,62248212372	0,536729350198841	0,16411881739768	0,732027989683473
AAEL005412	16,4846148302234	0,0442020491449533	0,248386044862555	0,874409638131054
AAEL005426	580,979123673552	0,329783400445772	0,245747665940834	0,714647048287387
AAEL005417	264,407176616294	1,48165865753452	0,341888073790737	0,0149272389802924
AAEL005415	100,374897232352	0,263560731574257	0,251536944777856	0,75101558571957
AAEL005406	297,11664002307	-0,0281806328371166	0,187721276522596	0,940208736410204
AAEL005419	634,314140585646	0,274617361691991	0,219515047733934	0,806897079459804
AAEL005425	1488,75137012999	-0,078594334445117	0,15901182361731	0,948434295754183
AAEL019639	3762,45032393886	-1,29224602339968	0,29856321584998	0,0341684057611349
AAEL021147	203,027929316793	0,0460325079173543	0,182500312605663	0,941155457833041
AAEL005428	3817,26916320015	2,91921551817984	0,257122476393457	3,77513363882878e-15
AAEL024630	13,3743494451988	0,145229322555971	0,325959925600789	0,695071910652036
AAEL003743	3549,22113970259	0,32186746436183	0,158645387157473	0,907288883388194
AAEL003752	312,81236363738	-0,198175320370228	0,238263592851867	0,814407585125659
AAEL003769	943,547024514289	0,125462424446377	0,171689946949472	0,938481967681422
AAEL003772	14,9519725167003	0,1226798525545	0,29985588311412	0,750543915745737
AAEL003762	283,123852108042	-0,0494852251079875	0,176057593303424	0,944057790700148
AAEL003756	160,16860886583	0,364609591168841	0,29324184225681	0,601166571983472
AAEL003770	627,822363953629	0,0308082819996537	0,178766515132324	0,94440205025562
AAEL018306	377,473359171261	-0,263752814285864	0,200149986335447	0,856382328490495
AAEL003754	194,5640157339	0,309229013537322	0,275360994832096	0,674491592904606
AAEL003768	1634,77006367252	-0,333335428233398	0,237489190799532	0,7281615130225
AAEL003750	9192,67159296118	-0,222013006488313	0,198810055984554	0,880670840417299
AAEL003746	2868,27014574166	-0,404231741061975	0,21071813007336	0,732435796247659
AAEL019607	57,7683982500909	-0,0319698072402097	0,212176786590418	0,921707920944341
AAEL003764	337,136076581418	0,357915243346385	0,261553085527058	0,666534109256614
AAEL003766	3917,27685427122	-0,0553780736215485	0,272849610652564	0,826840270896023
AAEL003748	81,0579867082841	-0,195353572016965	0,300826111689211	0,704272632114381
AAEL003763	107,644615060219	0,062579639587465	0,204015702031422	0,923390463795807
AAEL025824	27,7992734342346	-0,216474576792405	0,333790360639418	0,639488340632962
AAEL019437	29,8670985132203	-0,121917828415078	0,256329216833621	0,823341989675473
AAEL003909	469,07223917359	-0,279296857030296	0,193491782547689	0,86244825501484
AAEL003919	569,66509611431	-0,121877291237487	0,175352104820294	0,936313741559466
AAEL021869	88,3418691659346	0,168158555200297	0,282993355000569	0,752884739479549
AAEL003913	155,984649784883	-0,114337544727593	0,199150549420509	0,916771354330344
AAEL003910	103,985415477859	-0,043551471483632	0,204786230915016	0,926392789096886
AAEL003922	188,52918723727	-0,0451836607768434	0,182109957088767	0,941490547988895
AAEL003912	220,882028726843	0,0441258569262944	0,190091892698872	0,936911804136311
AAEL003911	1025,58464762761	-0,149816116038929	0,173676148425639	0,933238578952479
AAEL003903	1493,69610451659	0,237760636985884	0,213087981951644	0,841731281713914
AAEL003906	117,712679168583	-0,0740518858990612	0,204342177295702	0,92039972863851
AAEL003921	248,162185248323	0,101272805983253	0,210382361096708	0,907108114640693
AAEL003916	1061,30755186408	-0,0778805418235581	0,157616482056567	0,948852055950783
AAEL021919	135,889888759064	0,0341139137120806	0,213733534784721	0,919962046970055
AAEL003908	497,383795727972	-0,0697536809595999	0,176469762714758	0,942021392100447
AAEL003918	235,749973213622	-0,154293199587784	0,231436995756207	0,852835269470602
AAEL003914	523,221865612845	-0,170477746053942	0,20102132119636	0,897816684975134
AAEL003917	217,513191926185	-0,0093854743422534	0,210924946965831	0,927220854367424
AAEL003907	940,551892190422	-0,0176262925288597	0,152301078717513	0,951529859657624
AAEL013025	1274,69042274681	-0,0379527052249199	0,171928215183207	0,946708971387653
AAEL025250	745,34060643417	0,0542230349634537	0,169732630286558	0,946491301554404
AAEL014924	219,035644509394	-0,0730458758811671	0,243581427285739	0,871168880993711
AAEL002863	325,780748531164	0,0933550634749904	0,182536655567982	0,935155241977341
AAEL002870	1311,08580609582	0,0601855995727817	0,150609326541129	0,950861713501253
AAEL002876	223,118798066938	-0,159045263449283	0,259179319239587	0,800058865052481
AAEL022176	48,2943722961483	-0,0905195775051209	0,236667796435503	0,87401726159252
AAEL002869	654,342158658129	0,533894989536576	0,249206019738202	0,53857651772577
AAEL002880	271,045563790955	-0,397896159047192	0,248966361425697	0,658189548200748
AAEL002879	4795,03260864291	-0,122511903960516	0,243088677807377	0,845825815576476
AAEL021443	24,2062807817203	-0,0477870471536839	0,253778806784966	0,86562120321945
AAEL002860	2029,34919103542	-0,269416362300514	0,296840888658919	0,66757522229802
AAEL002864	342,651705866938	-0,0715413396734837	0,1686732998131	0,945681488376216
AAEL019992	52,5820172505807	-0,224451281891239	0,289048936881489	0,705753319332211
AAEL002856	729,673393903347	0,0328007238606123	0,184824440729166	0,941313624142844
AAEL019696	572,683084312718	0,213674358922404	0,235485321209793	0,810931053072481
AAEL002881	9010,69433688074	0,0201522753453334	0,170089307198442	0,948220287906296
AAEL002874	225,270667528675	0,174829137393034	0,227697209104675	0,847440533501588
AAEL002877	31,0790870252335	-0,210596027527234	0,312805186840789	0,678626664023409
AAEL021615	271,386010659226	-0,153688815590174	0,205699544642233	0,89693249265197
AAEL002882	13,9067947145878	0,0708760574741345	0,268197239097193	0,827182520361616
AAEL002861	3335,77510094455	0,286653670367107	0,243337470209827	0,751602690576772
AAEL002867	1294,49752973706	-0,139360332017006	0,198094840221848	0,911619917808899
AAEL025032	18,2780194698956	-0,0470092601397595	0,249186047410731	0,872701774419892
AAEL002866	1836,25854347439	-0,117703050860123	0,170559257544576	0,940133596155833
AAEL002859	5284,96217668987	-0,203352337782926	0,187921735512651	0,905260898657439
AAEL005943	485,82484438181	-0,0792038802453163	0,179369708304701	0,939259230698194
AAEL025750	227,627118097898	-0,19182092999413	0,214172351565614	0,867923207089694
AAEL005944	285,028534841299	-0,0890250380364428	0,209744768262654	0,911545328780612
AAEL005947	2563,80687227056	-0,173983261853397	0,154155355346914	0,943533332841949
AAEL005950	1250,86554264269	-0,108082322165979	0,144859442763947	0,950597653699773
AAEL005951	4912,42554192815	-0,141886598305129	0,228125038532219	0,866510785525524
AAEL005946	1515,55750396478	-0,0331520398714805	0,168539265654758	0,948035433733869
AAEL021583	497,98377164099	-0,00540055242689321	0,174562702535908	0,947677415291864
AAEL005952	148,762633424092	0,275257239309716	0,307794260256164	0,644051835601431
AAEL005945	54,3027771054797	0,0494717903649545	0,232361392516904	0,895264129500149
AAEL007385	23333,2403459958	0,791697329264603	0,186842025307557	0,372337258477476
AAEL007383	14992,8117220767	1,05249126224621	0,207701025960645	0,0995215974386182
AAEL007387	463,145380680784	0,193456573417942	0,173166724208963	0,925872166224881
AAEL020340	2640,46784206832	0,0046933543059875	0,191047708738964	0,940836553722057
AAEL002950	1033,13941812042	-0,127389647478661	0,18421028092485	0,928453031451015
AAEL002979	154,466321351281	0,701128918660499	0,370172160155985	0,313412996554131
AAEL002967	80,1564232063174	0,268170733062983	0,331355183517101	0,611526767218021
AAEL020106	1776,66840025413	0,207300912246207	0,273905209548269	0,745236333784116
AAEL002972	27,5867898874141	-0,190418547003372	0,313209368139572	0,688620924502825
AAEL002964	671,30161403887	1,73237911761442	0,447637581199495	0,00909226771251698
AAEL002959	176,279555911058	1,73709644976284	0,637149690203761	0,0250656822685783
AAEL002969	569,818490905173	1,32320994073783	0,522671656868014	0,0610303719258037
AAEL027938	1518,66063333568	-0,52891468661405	0,211702523525264	0,613759770171523
AAEL028052	569,510475069278	0,032354630719829	0,182616571447999	0,942498555586764
AAEL002978	5067,67902104359	0,150167260366516	0,16419481717359	0,940188262325959
AAEL018289	29,773964814001	0,00629765995534264	0,236209024903369	0,903463387081083
AAEL027293	338,603299503782	-0,0826714484018509	0,191868519469076	0,929794998141117
AAEL022804	18,5378702598796	-0,0129823245244192	0,255489875444789	0,875631295565848
AAEL004280	6,33648490577313	0,0191612296758709	0,259598720584245	0,868321288223152
AAEL014433	10,0136319691189	0,0714857474389193	0,275221897714679	0,816033997932456
AAEL010631	2,88819301379127	-0,0287130362245807	0,265882421273037	0,852628468556402
AAEL010623	22,8224482771743	0,0105591602388569	0,244032147283609	0,892536788969828
AAEL010627	29,5597945649145	0,0946777278964134	0,256913028139501	0,833965242819749
AAEL013746	423,445366544887	0,127612591768346	0,168328837935897	0,940310896938834
AAEL023561	313,078563418146	-0,220920866292679	0,188195872248238	0,898842284157428
AAEL022263	70,6855975026618	-0,0839404381457353	0,235944462995269	0,877520141256869
AAEL006120	661,376418567467	-0,187794938566974	0,231427675326435	0,832640819569063
AAEL006113	698,21081181726	0,427011044554333	0,243979729838639	0,640700620335064
AAEL006118	255,86523311527	0,101132405887101	0,192148314523923	0,926629828030841
AAEL006116	866,450944714571	0,0115218820761706	0,167366846175569	0,949233609092775
AAEL007205	72,0325322839549	-0,126835822397713	0,225508507390302	0,876452042501328
AAEL007209	1112,59273889566	0,144249130201273	0,200029151270575	0,907354443237987
AAEL020242	506,684629281678	-0,0289795860873934	0,198845611206095	0,932913791491125
AAEL007203	159,541090090222	-0,0431110620896727	0,17588642742818	0,944759574314973
AAEL028157	11,5774134563125	0,0813204042733702	0,277933495280012	0,80703903104411
AAEL007202	541,52891685415	0,068392304949853	0,152691845846859	0,950302476557409
AAEL020502	1208,72654280122	-0,872216964290888	0,395169249695566	0,200212295977706
AAEL025190	567,14107729749	-0,110829595910505	0,153755848107142	0,948352977874057
AAEL019536	4914,80349676726	0,443336687500959	0,229617055086162	0,6592821195391
AAEL021292	9,0395453444102	0,0128788094151708	0,267076299305045	0,858704390286541
AAEL026878	657,651437526325	0,10248079799329	0,291776471516592	0,773905480880968
AAEL007211	420,829077675476	0,0987961126711084	0,154470584656559	0,948701841732074
AAEL010419	393,03998932804	-0,0401586911495062	0,168467293953648	0,947672190348921
AAEL010404	884,16935399002	0,307034690033826	0,196881247965905	0,833332138934309
AAEL010423	122,194520302094	-0,104577733935942	0,19532438217239	0,922803607531907
AAEL010416	533,457113878035	0,334264566307076	0,196804355587014	0,817441876404352
AAEL010407	389,302640387956	0,122299934125883	0,226153168006167	0,877290767853101
AAEL010427	164,063054182401	0,00709503964530224	0,19663491729992	0,937424101899606
AAEL010414	1785,99652905236	-0,208352275281991	0,177891588605012	0,916863781789071
AAEL010403	2282,05234683118	0,487168490421325	0,196474699358614	0,692950718734469
AAEL010408	110,826732994796	0,0846712545739715	0,215479254736336	0,905873474844526
AAEL010401	378,866941505501	0,0455542015647937	0,172215235047343	0,946139306918457
AAEL010422	932,163343268101	-0,0767755405137509	0,183341637319024	0,937078462994688
AAEL010412	295,474589656438	0,1407076221264	0,241635086384153	0,83871358233583
AAEL010402	3043,19184398175	-0,0613909017048158	0,153199012906874	0,950438788688862
AAEL010417	78,021058076455	0,913477621429892	0,44981014366857	0,171074661920174
AAEL010411	1200,60115856225	0,318442874817872	0,263981498635172	0,688254732043832
AAEL010405	420,686499228027	-0,020897372453855	0,190101795872681	0,939574420790238
AAEL007793	81,0796818389042	-0,078375410316479	0,227670310565422	0,891871677008611
AAEL007789	88,3466062302989	0,0122958041517651	0,202631102121087	0,932698386675739
AAEL007788	173,136223385768	0,0413183907141239	0,18295852416411	0,941431692020165
AAEL007790	221,858695160024	0,191092082307548	0,223491425838314	0,846727070602277
AAEL007792	266,251021863301	1,00563846596026	0,222200947978435	0,129104751615989
AAEL026419	2,66988626681995	0,0143820760351083	0,263767486347604	0,863912077266816
AAEL019844	236,272064717909	-0,260636349947987	0,252824493263477	0,750425720011574
AAEL020380	113,768761476991	-0,749549986285504	0,371425831210752	0,280952927940064
AAEL012059	159,842852493042	-0,0174516695989266	0,202542793557821	0,932140595137261
AAEL012060	87,1110792262876	-0,0022356357213745	0,202040475078149	0,934465925652665
AAEL012061	25,8411367058975	0,0044552768127682	0,238514798616338	0,901337018905178
AAEL012064	1029,25255804931	0,157410269442859	0,190139446054386	0,91605137603787
AAEL012062	27248,9660888617	-0,230129875053738	0,22696305389518	0,818515160439055
AAEL019513	951,418696148381	-0,472709117800687	0,246262440423218	0,595786375043333
AAEL014893	2408,35788618397	-0,321371525519202	0,275306665979508	0,66861002185833
AAEL026582	781,141560732115	0,0606444616764944	0,185288623213343	0,937920793178376
AAEL017061	478,261491762142	0,730224371270915	0,323743781780823	0,318203051070399
AAEL014891	824,540556268709	-0,139925368385019	0,243189153668984	0,836041330861867
AAEL024267	671,247419719581	2,62948557750575	0,42157946407815	1,03583817912704e-05
AAEL027536	2029,90386452689	0,049580619522628	0,216847287499587	0,913715391560024
AAEL011941	154,891148169514	0,0535955905444416	0,196073807077059	0,931367352039078
AAEL012489	802,331882834836	-0,168150414105399	0,16619740606739	0,936212960335233
AAEL018056	712,365104431177	-0,177995187193442	0,17662576770456	0,925714540295343
AAEL023169	1393,95970989791	-0,0682373421334257	0,183232789822179	0,938329928735997
AAEL007343	793,951224241257	-0,0032861672110011	0,173363496789389	0,948117753831502
AAEL012482	1782,80941109685	-0,0923193613446856	0,148195876505117	0,950429411863422
AAEL012486	68,8827797837419	-0,155783340765587	0,244976528718993	0,825399565343987
AAEL023695	1361,51673578704	-0,220170379249398	0,211756508798265	0,857359059164197
AAEL014263	106,525341559532	0,154786352403955	0,213311382022415	0,884458597594659
AAEL014264	49,1205943658025	0,154877483437213	0,261887461728064	0,797437019041186
AAEL014262	386,206823972908	0,00812779199390636	0,179636398084761	0,945849883004294
AAEL014511	3335,57639837802	-0,194097398928545	0,245109676808297	0,805177306721024
AAEL019830	758,57255333718	-0,05352297980589	0,143968116688356	0,951819539606105
AAEL014176	473,699317774039	-0,0759259079792064	0,17968342005268	0,939476712744402
AAEL009759	113,564401099684	0,00364980363379248	0,211280080043464	0,927842202277547
AAEL025386	44,4288232902009	-0,0902524973410045	0,231252030745678	0,88225237729876
AAEL021138	151,991123396043	0,087901463288195	0,214359944918996	0,906310988508233
AAEL013846	160,214500039612	-0,132430373178753	0,245998215338697	0,834384650825063
AAEL027664	63,4729877415355	0,0390907617536296	0,232182338637421	0,898744564080799
AAEL003173	61,2165740553905	0,0538002295987239	0,238375671882107	0,885142207809911
AAEL003163	149,968674869022	0,0707798490637894	0,237730530148164	0,880261962526936
AAEL003170	347,341043617189	-0,220702654463972	0,208112056093952	0,864824332821939
AAEL019468	1289,56250444848	-0,536594896781585	0,230358665411976	0,568748747481107
AAEL009791	4,62547890527539	0,0400663681564637	0,263325101472159	0,851122175950291
AAEL009784	7,41084774883074	0,0406438659726969	0,264747728163891	0,847351713933153
AAEL009799	210,5784544069	-0,0939683314890972	0,190507949795832	0,929015164206283
AAEL009787	258,750384170166	-0,0546873360539008	0,195688022586523	0,931573480937095
AAEL015307	20,3310257127101	-0,0832840391575527	0,25020435938291	0,854428628174562
AAEL023884	246,080862310121	-0,00246883805867748	0,224793942490544	0,916279375437141
AAEL013757	4,00175544590621	-0,0107792091419736	0,260303360400108	0,870564524933329
AAEL013758	43,0670113321521	0,131465685484575	0,26900719163791	0,797671107764433
AAEL010483	2428,72031249511	0,0170385056420174	0,152017410417906	0,951583600920072
AAEL014816	1605,06734444051	-0,252479260796812	0,189240333515857	0,883456678200846
AAEL010486	669,38324839268	0,094438446716751	0,165171119579986	0,945352937689664
AAEL010477	36,1575079169464	0,106563807397403	0,244353309844925	0,853041491554281
AAEL010487	428,797416454731	0,0655176313330662	0,22271569326311	0,902890972889203
AAEL010476	203,494630752332	0,0595281833515481	0,182895226049143	0,939455734182255
AAEL025393	635,407489761318	-0,0156058285238104	0,172942679877355	0,947614647028083
AAEL010480	415,279224050231	0,478786202647365	0,251678234074531	0,578781557265051
AAEL026825	3601,48676911989	-0,00962905918906983	0,207307186459916	0,929710244672826
AAEL010479	3654,24085636545	0,0147786015074274	0,195003719588961	0,93749873892067
AAEL010485	478,417064399656	2,50705438640739	0,34148510857883	5,17959890477138e-07
AAEL010478	35,0341048180889	0,180829617672952	0,298719774427646	0,718298455699002
AAEL005992	250,136682740009	1,79881169172192	0,443358194650148	0,0064693782414886
AAEL014344	250,935451007714	0,714523639589852	0,727971456936804	0,215138153606915
AAEL025717	1669,27085162353	-0,0873529523434799	0,1833869424694	0,935371176797039
AAEL012624	230,151462354687	-0,0597234091173639	0,185723615777925	0,937758572238876
AAEL017508	795,38195127133	0,0288827167342668	0,159692422417345	0,950231675641538
AAEL012621	3015,58384383624	-0,118676192874662	0,170207516091075	0,940249642556871
AAEL023247	183,483538749988	-0,0301170044681807	0,226906073640052	0,907272478939593
AAEL023943	78,3868223077102	-0,590751902998063	0,489016736454801	0,319567738231559
AAEL012628	55,5643668424427	0,157683203215339	0,264577988883575	0,790238202601355
AAEL026260	205,525966422634	-0,406307394067481	0,279555963429925	0,591812662442297
AAEL023505	46,3971165107921	0,658135138682623	0,511969869023758	0,278778687756439
AAEL027610	20,4407402865035	1,6601820632545	1,05043198633797	0,0581099497757638
AAEL022253	15,5846531552504	0,123240306331804	0,293532035914282	0,762150506739415
AAEL017975	27,2573828658953	0,340946844113345	0,47413007194698	0,42829442784515
AAEL017976	7,82476449033319	1,90927245060182	1,76539933529269	0,067716778031633
AAEL020330	3,99344577185495	0,0691370483418207	0,273119922887314	0,820930475742264
AAEL023321	62,3427492515241	0,0423165409172992	0,219809957718279	0,912241535388337
AAEL023423	294,595344927016	-0,0226110115564831	0,237893853339923	0,896484635341121
AAEL021067	32,5137556064424	-0,0979088194263093	0,243872809354423	0,859159831622723
AAEL014993	58,8172415902832	-0,155307434009576	0,320664087461576	0,697164617834088
AAEL013085	338,735614455073	-0,040556230659351	0,199539709967129	0,930686479810026
AAEL013086	1077,91789775713	-0,0829746794504866	0,140756754005798	0,95170408412505
AAEL020631	1170,61592069639	-0,134833642775119	0,186520786061292	0,925130798702323
AAEL018255	541,428036245459	-0,177972663339909	0,227337880736176	0,846277760646326
AAEL013083	140,147452136693	-0,106706908954142	0,251633732891159	0,837715464175115
AAEL025125	62,6573818854146	-0,189953743726188	0,248443820683463	0,802018662102952
AAEL027242	81,1471771346498	-0,0817889142732109	0,205984720209218	0,917296761016027
AAEL023718	146,215984922055	0,0680597252310244	0,229634685425244	0,892778618826805
AAEL009574	2168,92492697864	0,221699877090897	0,205140504844048	0,869857626947743
AAEL024147	1490,83379849306	-0,156764721151984	0,19529379063603	0,910103832245343
AAEL007993	117,190596284096	3,75892714253412	0,396162377963757	1,65890418987841e-13
AAEL007992	215,799908318461	1,6979494693062	0,413410586197464	0,00833329624451028
AAEL008003	22,8416123341757	2,61060615516184	0,728772239494335	0,00197616714347654
AAEL019983	181,047942353444	-0,234383193911503	0,293062158790313	0,693306245332675
AAEL012397	294,699537880507	-0,0964855690561591	0,218049363878629	0,899173126605665
AAEL022282	2666,31400885723	-0,327118970795999	0,210034537013274	0,79345451558735
AAEL012388	465,743959567823	0,0378644197622681	0,168737779900983	0,947713960697085
AAEL012390	828,506708967335	0,915621559229543	0,320637255492783	0,192388525497696
AAEL023183	39,7885046777073	0,100989094366217	0,254163088291917	0,836194948463624
AAEL012387	785,07267155968	0,0746875591676983	0,154565720868103	0,949744827171006
AAEL012391	52,7000326715771	0,126426252266934	0,243161472523481	0,843898323687687
AAEL012394	1395,23696675366	0,0378941112016856	0,172904099392375	0,946420175489845
AAEL012393	766,1892584539	0,0499277533411232	0,17315479023193	0,945426923478163
AAEL012398	425,197493234751	0,0692680039742297	0,215299302210089	0,910472416102446
AAEL022901	483,771232032783	-0,0825920105066044	0,187452823966811	0,933196023541066
AAEL012389	228,621569904305	0,00110417647523987	0,199825929305915	0,936049484388806
AAEL012392	111,533005225297	-0,0901887130868203	0,221236325951976	0,896709049322913
AAEL019848	270,482294841216	-0,221778178557569	0,261126684504028	0,760309372013369
AAEL019847	29,03591867793	-0,0399043701970812	0,251859904888697	0,871673456122293
AAEL012395	355,323562909006	0,539254258675386	0,277746735448952	0,493734898092009
AAEL023958	329,276174797693	0,0419395893030484	0,223263267387946	0,908262643515345
AAEL027539	26,7005902452436	-0,0327663139480999	0,242196173143182	0,886999391506971
AAEL012580	19,5118056441489	-0,0475452306832418	0,250931362536828	0,870018962280145
AAEL012575	9,55879401945308	0,0782584184589748	0,27369833534753	0,814800538078462
AAEL012578	1565,18780869246	0,350126557196718	0,30998818836591	0,584917397688447
AAEL028235	72,4726179975551	-0,0803054744762625	0,225236446191851	0,89461124638765
AAEL014913	11793,7136903993	-0,0877830631778692	0,211687101943348	0,909529615832016
AAEL012582	205,410473455928	-0,174279408379431	0,196528171528318	0,903178025660466
AAEL012577	733,305935160847	1,40419215702594	0,385251967575081	0,0313192807040034
AAEL014909	1228,60547545356	1,91733790753925	0,45552946739666	0,00408952520300389
AAEL012567	180,757609320239	0,474580326926494	0,380546782076332	0,427736337662559
AAEL014910	304,422734744116	0,466653970122679	0,408665110483772	0,412430716959688
AAEL012583	870,124138202652	-0,0823426315468235	0,175530719065609	0,941175275229632
AAEL024479	2806,10790160205	-0,399067007065082	0,258606985643982	0,635804135012913
AAEL012566	99,7841534896151	0,0964379078321899	0,231454331070939	0,879740013099209
AAEL012579	2291,54016575481	-0,302361821127866	0,209649014386096	0,809559112401251
AAEL011982	821,268755031454	0,482760532377943	0,244246823507884	0,589954065281724
AAEL011972	1035,22083982685	0,4926364857568	0,197795802609987	0,685481338985826
AAEL011985	1598,41133549349	-0,25132703911711	0,280527643810376	0,702777119946412
AAEL011974	199,129805756723	-0,0383039919992241	0,199449191676692	0,931187097417237
AAEL011983	397,849159393848	0,107715268417341	0,198426760598561	0,918921831575429
AAEL011979	593,116493715511	0,682864496058957	0,258447912103912	0,392201257620893
AAEL011986	37,6529253574273	-0,0659897100471081	0,240198589387096	0,878259720141689
AAEL014271	933,95553964853	-0,173344397753329	0,163573440601807	0,937513644965005
AAEL011980	409,858399083795	1,97146194036846	0,207702962536702	1,40086536063432e-07
AAEL014265	366,005214707894	-0,173863635768796	0,246559803874025	0,812484624117343
AAEL017503	842,633630679266	0,260230676427427	0,172074039176583	0,908884694746971
AAEL014267	53,6392078823991	0,0601427595337274	0,221502920023303	0,90550006758952
AAEL022105	2649,87108557427	0,0651608625836946	0,210148160341063	0,916824195162802
AAEL011978	1206,94494045483	0,277562332101643	0,187500454155057	0,874739746729461
AAEL014965	1904,43985933853	-0,18341918159147	0,228781247988327	0,840382532170987
AAEL011934	469,83491765689	-0,0314884791458783	0,19264824946056	0,936873803926496
AAEL011931	45,6059804820713	0,00309168638238999	0,241844692612905	0,897597061707664
AAEL014414	965,639004180299	-0,0314706011790516	0,144370565051802	0,952013673329241
AAEL014410	170,002543955803	0,105485514453542	0,214247095401233	0,901429803002783
AAEL014413	926,728330276099	-0,324271325873693	0,184037835408553	0,85535224451041
AAEL014412	125,396080856936	-0,181077417275815	0,269888018424086	0,768736021828944
AAEL014411	345,324572992851	-0,0738488515251027	0,206850353473133	0,91807255133804
AAEL020485	1301,04445403829	0,101532742848357	0,1960208273787	0,922780856540293
AAEL004881	299,433472569835	-0,375863615538919	0,275586952796302	0,623248410121735
AAEL004877	19,8823412912724	0,121594493639238	0,275393827631971	0,791155422766932
AAEL026488	55,5030043898939	-0,0984317253822353	0,231597212682767	0,878822579866073
AAEL004885	8,9249980014536	0,0247207245188258	0,253438204614564	0,874439719814703
AAEL004873	3791,69424906698	0,129320761019959	0,244650855951569	0,838961198923856
AAEL004879	189,132621511488	0,126537031182711	0,190379499846945	0,922996451068703
AAEL004863	452,027857954731	0,728920802005896	0,415090643587612	0,275127888411023
AAEL004874	577,562631711126	0,657346744643658	0,222002504583141	0,466692004662353
AAEL023022	2188,22153394599	-0,164157270461832	0,178539893747612	0,926763132513424
AAEL004867	96,8645209056269	-0,144712525494454	0,233248986942727	0,854751218603542
AAEL004892	627,086645793946	0,033330057044237	0,172432657113003	0,946790141703396
AAEL004891	89,9761721232318	0,035257576716749	0,201593945024369	0,929982609419484
AAEL004869	607,304843608579	-0,152832840873397	0,149854336263464	0,947261404458502
AAEL004868	421,29046799936	0,79414822938042	0,318495613086053	0,272194355922366
AAEL004884	395,8456629159	0,235245391612274	0,256206198526785	0,761827652665833
AAEL004875	1855,0529278656	-0,131168732361735	0,174575139040795	0,93539508081624
AAEL004866	508,60637780847	0,0115097980871582	0,144852589930364	0,952132028204542
AAEL004865	11396,5156050171	-0,116473847350783	0,204927009594615	0,909685531448859
AAEL004889	433,315822405487	-0,0690169359296422	0,188212723286188	0,934662036448219
AAEL027699	302,702959946943	-0,0802313966837025	0,188077397784224	0,933093668874557
AAEL004870	320,415396397735	0,114190289203114	0,261291350201852	0,818263755829205
AAEL027264	64,8770898143422	-0,0154748573339502	0,218975635168964	0,918859060815882
AAEL007835	266,078229794609	-0,527250888599403	0,236584237510586	0,566000853034591
AAEL007839	273,035555095626	0,0100247538917787	0,16414000646103	0,949989436234502
AAEL015038	372,575612475677	0,0476013545794533	0,228300596444932	0,901150925821593
AAEL019727	2554,73132924852	1,33825928437593	0,279229868818669	0,0216468100257019
AAEL018249	831,990960718298	0,0439031341052527	0,158018518364585	0,950084712597627
AAEL012783	1459,980986853	0,306833911404969	0,328967912779413	0,587450490717776
AAEL026703	13,8420527291137	-0,0164561346093163	0,248011186823604	0,884864678253961
AAEL012778	2390,69175178515	0,0304274972985425	0,202929350692718	0,92971967182808
AAEL012774	95,5633610825391	-0,0354247710516901	0,249884486446996	0,87539479163196
AAEL012776	189,244423574653	-0,237995231295107	0,305579643742561	0,672687220489965
AAEL026458	130,758600047552	0,185565711611697	0,227578210340456	0,841922103389304
AAEL017244	796,706151144319	0,0584994920993469	0,171977505230009	0,945273036011148
AAEL012782	77,127815987373	1,45721208236398	0,598125806451261	0,0472441185074202
AAEL012777	265,744257965501	0,999318702835929	0,3894753574001	0,133858232809102
AAEL019590	584,794976969022	1,63484580260674	0,393462387737432	0,0096774364443997
AAEL003238	305,791267854587	0,159148463625529	0,209241960324611	0,889197157077732
AAEL003281	166,375912659397	0,148401145960871	0,221735464421672	0,873865694749765
AAEL017003	201,979055411567	1,46706824711527	0,354423477740338	0,0194563327427683
AAEL003233	108,388501859871	0,148778211493788	0,252022473032651	0,816932416994465
AAEL003243	1619,06627038831	0,458455501010395	0,204572918407056	0,699400125074856
AAEL003253	89,5291048819906	-0,00417412475071244	0,228816522040531	0,911990984384779
AAEL003279	660,879522857372	0,463902867048939	0,371851788041585	0,441936530013188
AAEL025028	39,9249194843969	0,0991972911290492	0,254983442647961	0,835320625100395
AAEL003275	1846,1022150605	-0,203718264659624	0,246554147855474	0,797749017832638
AAEL003230	254,667328990929	0,0527859900878661	0,181080441786806	0,941260996596888
AAEL003271	77,6896069833291	0,182974247470366	0,263438159912792	0,777540689631058
AAEL003262	35,4139943355255	-0,0358486123867041	0,233487528307691	0,898035368674358
AAEL019558	92,1302727317831	-0,0268370276123563	0,219535502930522	0,916105134576386
AAEL019557	43,8251893722783	-0,203124322074076	0,277065837578595	0,74148733316575
AAEL003267	1574,72037660067	0,351292408126285	0,303649911427985	0,593961835283961
AAEL019685	1688,76655802562	-0,0468798028700045	0,164929372904211	0,948317320597314
AAEL003260	20,7437170122098	0,0229093609307542	0,236855733964338	0,897716973038916
AAEL003277	230,579635920253	-0,0642927943419699	0,18130750128842	0,939872561293249
AAEL003213	158,036230858531	-0,0502975949636418	0,196759751733936	0,931349369082427
AAEL024943	100,256361961179	-0,0933069609838751	0,216866701664744	0,901891118617364
AAEL003228	364,07210477636	-0,163236119734554	0,193896694837495	0,909902912835191
AAEL003211	465,543577635922	-0,0294881404165167	0,166503214798609	0,948666664705376
AAEL003237	95,2173617281581	0,77414425987121	0,443599554330772	0,241389044378292
AAEL025295	603,661445241452	-0,157144459331279	0,218035218038565	0,875778655792999
AAEL018297	1141,80549979911	-0,140073234986328	0,158960127517443	0,944236386561193
AAEL003283	2992,54422102648	-0,00915195903596448	0,19588359267885	0,93766231529786
AAEL019575	320,657267007773	0,0516698717081632	0,19136490682141	0,934921699029035
AAEL003229	1221,32738152598	0,174543464092985	0,211194764206004	0,880207233838017
AAEL009070	6848,60383072858	-0,143006557969204	0,184454398192278	0,92539726893234
AAEL023075	64,0178208911482	0,0700339675128568	0,241744763370143	0,874259013305433
AAEL009072	256,90080457716	-0,41077158735588	0,410516841921417	0,440864107542586
AAEL005052	845,584799854096	0,163613303916315	0,189997882824618	0,914629066345523
AAEL005084	1026,7169766294	0,140120623715975	0,218812176936683	0,882013838903019
AAEL005071	1312,41735344151	0,110713597053354	0,205293071126336	0,911004549541442
AAEL005073	54,0089314278725	-1,17641867842701	0,677836562144812	0,0980702841526924
AAEL005075	236,568160925088	-0,114189222659462	0,202129755334041	0,91368696831945
AAEL005068	516,850846657345	0,0255132659713353	0,194324715099946	0,936568146305922
AAEL005058	210,31515734709	0,0265040113275493	0,198063169212168	0,933778538648789
AAEL018331	437,299647153214	0,0215991519306495	0,148725271235853	0,951828397936749
AAEL005070	298,186679042851	-0,151582354224689	0,171987613611496	0,934334529810974
AAEL019563	3255,34495745694	0,00312095844338168	0,183318530799559	0,944707114296977
AAEL005076	194,570431331964	-0,00144204670082687	0,2034508081168	0,933585498946157
AAEL005072	60,5958887776214	-0,32291863204529	0,343213105176177	0,558270559847329
AAEL019664	59,6777942024048	0,0132935796568037	0,213223636829418	0,924786926619602
AAEL019663	305,694630892053	-0,195446842908537	0,24688222864865	0,801569801888764
AAEL005053	203,419256472042	0,0557294628016137	0,19395770515975	0,93255111958896
AAEL025321	2915,08988725067	-0,047593322167134	0,191529970398061	0,935275383570845
AAEL005054	466,800177939307	-0,0213663467434792	0,205667361983645	0,929072812167199
AAEL024837	517,982428240992	-0,0729227194811391	0,211975423159632	0,91321526706786
AAEL006938	181,226634677045	-0,0835370675592068	0,182957011773089	0,936360148640666
AAEL024980	1878,43856825666	0,030409285384084	0,168651828121016	0,948102338685909
AAEL005069	4119,08240242068	0,0433119296691655	0,202342663696123	0,928178458511619
AAEL005061	210,49862980923	0,203318874634802	0,202071673092573	0,882779028721292
AAEL005064	1328,72433960765	0,871650884553624	0,246266643750666	0,243674811785524
AAEL005086	399,120295590662	-0,0187064052372335	0,167520979380725	0,94888697943806
AAEL025256	35,9880356117753	-0,0677403982143892	0,250568665136865	0,861795615614702
AAEL005080	857,00328075584	-0,0934346428886776	0,175119311847692	0,940201913273058
AAEL005074	108,509880105137	-0,0955495116362063	0,23277774855071	0,877947913606168
AAEL005047	150,472721152924	0,349457883765205	0,250630465113693	0,690620028791075
AAEL005048	380,776657933095	0,427729020446271	0,195322839098193	0,751485488334883
AAEL005049	463,033403288714	-0,09555833647109	0,188013248710124	0,930796325712137
AAEL024930	151,143498812564	0,203247466209123	0,237098306408878	0,813616665618782
AAEL015283	361,815356803538	0,00672330701197634	0,18618544229575	0,94312268878373
AAEL001087	1309,3608301335	-0,0429392462301129	0,17928240859021	0,943172034636988
AAEL001092	467,83192046011	-0,0405205686749199	0,180881766546975	0,942624475628965
AAEL001091	2583,53840917654	-0,184855024882189	0,185850752614418	0,91385722749591
AAEL021376	84,8865331564418	-0,116370069817905	0,223300793790121	0,884049643842234
AAEL001082	4205,68708289754	-0,501758934163088	0,2986025608987	0,495546617030756
AAEL001077	539,175202740173	1,16223444443381	0,29148956408442	0,0645708777408619
AAEL001098	664,922546945447	1,85006363766818	0,321993091131441	0,000667130294609838
AAEL001068	77,27416383933	-0,240321272398443	0,28347338825565	0,705589508971969
AAEL001084	72,8367383618569	1,40459064689326	0,465853069149068	0,0391455535062517
AAEL001090	32,2135340587854	-0,0259379704920562	0,240718813626365	0,891648140202497
AAEL001061	10562,0590467532	0,14768659368411	0,239685072297072	0,838663967842986
AAEL001071	22,2587985818136	0,190888469904581	0,314648690383262	0,686411111561337
AAEL001074	399,336725671017	-0,217291782380962	0,183159215779135	0,907190369548403
AAEL001095	159,421988729343	0,191884198442462	0,270242027718311	0,762365270669824
AAEL027099	334,385409520625	0,0382643311687675	0,173695537949377	0,946072791725001
AAEL001067	17,0441733116988	0,0125881237543498	0,25024314835427	0,883118835208442
AAEL001062	429,094451348585	1,89925993652931	0,277773011988464	6,85715829491664e-05
AAEL001054	11,4033214304132	0,0631405316386757	0,264877999391751	0,836092568746336
AAEL010591	519,717493227742	0,128150903835299	0,165265660934973	0,942091871042834
AAEL010582	172,199462200475	0,489640971988864	0,377829124840758	0,423261146041396
AAEL010577	124,989920417762	0,0655027010377402	0,199736372539412	0,926660633654543
AAEL010596	290,818121150933	1,30374404497206	0,315060466923818	0,0354500626716174
AAEL010590	491,523199519615	-0,103518574610895	0,18662936224291	0,930585480968219
AAEL010584	870,704284727571	0,18080032985698	0,176084074360519	0,925619642578617
AAEL010592	279,241795884799	-0,0183905690640277	0,191719276811696	0,939082700176071
AAEL010576	14855,7496932148	-0,136942335508833	0,147211123908938	0,948916875919793
AAEL004645	43,8888289371309	-0,0246716448301122	0,220874574818189	0,915222938835094
AAEL022225	51,7687629084215	0,0854129906023597	0,23292491953507	0,881747661092976
AAEL004624	160,807413776816	0,0501688559930009	0,197501766039477	0,930723133835404
AAEL004608	102,585569921339	-0,0490702954031772	0,212676514156346	0,917982793104625
AAEL020745	59,0315588283819	0,105083161913139	0,228344042529938	0,881238602771819
AAEL004620	1819,17424340653	0,203731709652781	0,152508664505648	0,941029636918603
AAEL004634	1181,74666063821	-0,151467561374399	0,142422606925034	0,949536721202125
AAEL025755	79,2718357484308	-0,144782120133611	0,223958617230289	0,872205259383642
AAEL013287	1157,41645355308	1,79140464446786	0,275511337211692	0,000239443954000466
AAEL013291	986,395100520436	-0,0220710646516084	0,181233848851278	0,944027913443376
AAEL025976	2000,94018481791	-0,164055338395499	0,169704218490111	0,934111600532458
AAEL023585	1211,50848640127	-0,0249801771475072	0,18081016564636	0,943974053882917
AAEL007586	3194,80950112364	-0,0570930567407031	0,138871269521165	0,952110154702535
AAEL023547	1551,7827338037	0,350610705731819	0,178925238433669	0,848498364961867
AAEL007595	351,412840582698	0,0454699847477336	0,185083182289251	0,939761969611985
AAEL011593	40,2436813017843	0,140568919627236	0,292097467096974	0,75357850679877
AAEL007597	1417,54307548193	0,480159292679959	0,201160322939207	0,688437935126785
AAEL020470	130,692296819991	-0,196179224553228	0,237349149060353	0,817885345427743
AAEL007593	1190,81532409482	-0,000999956504430345	0,190760561286652	0,941359595948265
AAEL007587	519,532089577218	0,492123647814582	0,420217683928874	0,389756069404909
AAEL025097	137,416441974627	-0,159413432302501	0,285252177260986	0,754611916392501
AAEL007584	1852,08183407191	0,185146376151906	0,281563496329037	0,74511310658607
AAEL007592	76,5625449305336	-0,287423235400733	0,376618893151206	0,545057503189884
AAEL007591	121,172067608652	0,742173375005168	0,476432697751712	0,249722939912096
AAEL015137	2,86585120564541	0,046515101270294	0,270761008473883	0,833596517296716
AAEL026174	36,3498988088297	-1,21296013740788	0,659021349882731	0,0887353656209005
AAEL015136	593,451297947784	0,407600732837608	0,429419904006839	0,427178600746083
AAEL025109	75,7052774827756	0,860436847495722	0,562443165955383	0,186950920909587
AAEL020368	18,3528474473919	0,0402218031496917	0,247342043492239	0,877204531263938
AAEL012347	1419,74594115358	-0,175210025225645	0,167518088533823	0,934061854985182
AAEL023866	18,2102801883872	-0,0742866053319718	0,257792092235143	0,84371224060153
AAEL012341	1694,22464559863	2,06933010237774	0,412114271113665	0,000805730457140047
AAEL022520	188,1590640171	0,127729809599505	0,307170019814971	0,73512339376454
AAEL012343	49,9496862190081	-0,0547208024960483	0,245256143504388	0,874829475900198
AAEL012340	77,0518986517343	-0,0762801799380202	0,281801928694024	0,803867360574413
AAEL012349	137,590007975266	-0,417511245162157	0,326689482710784	0,52306849028018
AAEL014915	1132,61163981985	0,0576361034896475	0,160610077838837	0,94896165512468
AAEL028015	1357,42718004497	-0,231679433030744	0,219858329491156	0,831511942955214
AAEL017811	114,55666144846	-0,0739801096151397	0,257657615731832	0,844083965014866
AAEL003742	285,17302713739	-0,0930362308903926	0,210890879797865	0,908979647085267
AAEL003758	1175,68093346728	0,520777375349268	0,28367269874021	0,499138945135979
AAEL025509	457,210156410391	-0,158899969929944	0,181440557055854	0,924991480540656
AAEL019426	523,731976076799	0,201738262671257	0,243741359678097	0,803647330097701
AAEL002813	4626,22511323089	-0,000867003881963427	0,183468768960052	0,944846786818175
AAEL002800	769,971494943003	0,105035579174843	0,235306342966547	0,870946880745154
AAEL002785	379,525423390581	0,0414555546383619	0,190844905579571	0,936767159394875
AAEL024908	1009,21186744946	0,168806982510228	0,1893534765719	0,913984481866474
AAEL002784	762,896522238014	-0,194140055852468	0,23705119197004	0,81951388257309
AAEL028025	930,895434679946	-0,0374834589642938	0,172374141724872	0,946589472623059
AAEL002809	255,873849339452	0,219301043949668	0,231531110819815	0,815710996097122
AAEL002775	69,3486503185028	-0,0729804984660035	0,214938337470558	0,909747747363446
AAEL002808	577,538137017522	-0,112275262173583	0,194413552286042	0,921859690179564
AAEL002817	492,042915399346	0,108790628715722	0,173053201830114	0,939567452107358
AAEL002810	1015,16888528184	0,082473477268214	0,22516228383516	0,894057360522677
AAEL002804	3073,95136639104	0,0329054122321053	0,162836513162804	0,949414935128562
AAEL002801	189,048657845684	-0,0418192617590157	0,192901154387318	0,93516326529068
AAEL002790	99,5617324394871	-0,124694827243022	0,218956268055211	0,887290985612816
AAEL002811	835,693551771731	0,125206274471663	0,232424274491455	0,866883615001076
AAEL002814	86,209489426769	-0,392426978469733	0,468249127157512	0,410108461680777
AAEL019525	3496,5916807281	-0,232690910754489	0,200972813983083	0,872174098698947
AAEL002796	389,489169775618	-0,185000760101125	0,282746189073564	0,74300002141281
AAEL002783	496,335739375086	-0,13710583302615	0,186507194198095	0,924711283151058
AAEL002791	461,161288467279	-0,0144681584201351	0,187736488149226	0,941588378846519
AAEL023323	755,90650946312	0,04328543060235	0,151740418597088	0,95113663863919
AAEL002812	212,476657413088	0,206395158271727	0,232368286081035	0,821902918683857
AAEL002816	386,846777320508	0,210263830811554	0,244475451727682	0,797982388411416
AAEL024236	476,231605244758	-0,134473323076621	0,210918971640891	0,896115302562414
AAEL026257	110,384360374482	0,0125064881354077	0,210935783190282	0,926752895520987
AAEL002805	415,698275157703	0,139321323247649	0,176909707252554	0,93248159420278
AAEL022535	1841,68070031187	0,151573091541181	0,158772867039826	0,943264327706339
AAEL011693	469,927571413717	-0,0525913473306612	0,182652921791616	0,940358452477819
AAEL025547	754,404078565931	-0,0922715693560388	0,172659211310759	0,94175070528825
AAEL011684	421,640535462292	-0,178448099534062	0,190077607354072	0,910441816247405
AAEL011697	503,757694623176	0,13310846988792	0,173033923545329	0,936398769576986
AAEL025140	37,9718071947098	-0,0444684929876177	0,237569817312017	0,889454227088257
AAEL004646	311,384702924352	1,73602104733376	0,27355791844666	0,000542654756598133
AAEL004616	903,822585486437	0,531576973105415	0,29710802991432	0,476931647356307
AAEL004631	7670,64415087296	0,0077191638358764	0,180516081692455	0,945562987613018
AAEL004623	1443,32378641729	-0,0636406816839856	0,140759209401606	0,951934444391443
AAEL020626	14,9829910658547	0,136409070187527	0,296995866292601	0,747797149746375
AAEL025079	9,15716462472859	-0,00219843605484243	0,260380054138959	0,873286403403092
AAEL004603	404,318213612075	0,156572747338159	0,193581230163522	0,91225622927159
AAEL004625	310,304298184899	-0,073940827163522	0,212872412332236	0,911917020485574
AAEL026656	68,5727142091608	0,0957376187895004	0,260150542742241	0,828985274243878
AAEL023895	8090,97122816782	-0,0843129147514821	0,193036377803387	0,928657587468593
AAEL026466	2941,41442078635	-0,03174847759622	0,263114221716603	0,85677462125023
AAEL004613	1748,9410727937	-0,277169580826962	0,23222831292084	0,778850865064234
AAEL028967	19,3052615422916	-0,0570012848348239	0,263645851580766	0,841635698285039
AAEL024504	615,187370326404	-0,202760559668928	0,205435715365301	0,877262035780515
AAEL004630	485,802494832098	0,121169952531444	0,206202189009018	0,906644780484261
AAEL022787	43,3698927699027	-0,0610466626457336	0,224956590386265	0,901318441125181
AAEL004643	352,601132491763	-0,0169295808719835	0,175111653500736	0,946854900139286
AAEL004633	618,9253848243	0,349961431212809	0,21157331156207	0,773515962786869
AAEL004607	722,874755462118	-0,155143490449542	0,236420244299978	0,841011582300585
AAEL013286	154,734930548964	0,0204068373525016	0,194659076810463	0,937002818251741
AAEL029039	39,7138489702333	-0,0240312211232577	0,244296683259262	0,887048095191226
AAEL028188	5072,8879350684	0,173185031429042	0,234456929948206	0,83433234058234
AAEL013295	761,88972403915	0,171540021790774	0,238758172439531	0,828144929905894
AAEL013300	368,229190513403	0,0438924312415717	0,194029308330659	0,934169542225164
AAEL013288	479,018845336615	0,00992251507350371	0,196135030958523	0,937371749834052
AAEL020476	1174,21514709958	0,658319617303663	0,186621361949684	0,530732570096274
AAEL014717	3312,69996348946	-0,102151623969434	0,175827588076222	0,938776655421054
AAEL021750	578,286935812345	0,000887786843382901	0,206916226708468	0,931484012009518
AAEL009932	3385,04628858406	0,0698549220069417	0,157479336018387	0,94923852688694
AAEL009927	707,151975837782	0,458043019751794	0,403449424806838	0,421005241584447
AAEL014531	414,240258274154	0,466270060490904	0,244963750284455	0,604388068985215
AAEL009926	329,477812950109	-0,0331216897459812	0,174639300652365	0,946067241375795
AAEL025433	37,4591044168181	0,228836545487855	0,345332959556759	0,615419023744686
AAEL014361	581,510367490068	0,18156067734124	0,260081725219687	0,784030506516706
AAEL027199	1301,92563363306	0,105197172723074	0,18363142910926	0,932681094520823
AAEL021625	2193,66468678438	-0,0349893330674341	0,165315995747777	0,948726938677084
AAEL019686	545,367863776224	-0,75120557992138	0,802744263368136	0,198640325938762
AAEL009922	80,1739571006823	-0,0120773653927617	0,202094147325567	0,93299956785349
AAEL009924	120,010588800026	-0,0558095309364151	0,192726450745432	0,933365920513462
AAEL009919	256,93201977162	-0,0712744207318541	0,191868001603173	0,931840491304263
AAEL020840	147,438714598672	0,0693802434310115	0,181765299600373	0,939075617610429
AAEL025694	96,3652108310049	-0,0856657807429615	0,218484673461872	0,902220601918602
AAEL009742	454,004936931314	-0,353265340977752	0,24630529840815	0,695772581510732
AAEL014032	133,617382100692	-0,392292846958275	0,293804117944096	0,578125802473861
AAEL022179	99,7533561896439	-0,139468360916747	0,239094604544331	0,844684267586688
AAEL009949	137,553949071711	0,0175796386971393	0,230854779855399	0,906361209332243
AAEL005211	1333,96271457312	0,012685321103696	0,174356597912123	0,947377918711757
AAEL005207	35,0772094090504	-0,00125139656283484	0,228083563300529	0,913530305226141
AAEL020794	73,2137696738548	0,0978526957966532	0,237577575832905	0,870212037910709
AAEL005171	165,737310858994	0,0620505669723089	0,219679361674833	0,907009216181765
AAEL005208	391,238384575067	-0,00420943148920751	0,157485298207356	0,951191254914777
AAEL005202	169,006873666263	-0,0934392397595561	0,177087412798282	0,939054360028607
AAEL005206	187,59929298822	0,486912490598869	0,397102317944618	0,407769408746952
AAEL005187	954,669481804691	0,0701589927848473	0,237279600632099	0,881211688927301
AAEL005177	289,721712933546	0,750567093003134	0,554897495366592	0,226016050318495
AAEL005185	192,662972956196	0,321103538613935	0,231764838449047	0,751250757991554
AAEL005213	6940,67441683065	-0,114645069757444	0,178509482228129	0,934994357693354
AAEL005197	537,99589619495	0,0158501953076488	0,169166111894376	0,948586078626197
AAEL005175	1352,23287966988	-0,0821023265289065	0,184857569778346	0,935147216678096
AAEL005191	330,528311454724	-0,0270304170969101	0,188874467319779	0,939581387866214
AAEL005190	380,881394735615	0,0733539698533225	0,170468958132256	0,944660399451833
AAEL005180	335,450830622926	0,0172345593108245	0,166372119701346	0,949248359617471
AAEL018333	139,042827227189	-0,0995124455480118	0,191504160708278	0,927452598855686
AAEL005201	488,369699911693	-0,108814749329812	0,213581527314139	0,901244060003163
AAEL005188	31,6483080051248	0,103744019863886	0,28614591326187	0,781969755468836
AAEL022497	2329,8873155196	-0,0732542203153054	0,166853391295777	0,94632138050945
AAEL005203	189,022093387146	0,282572785046031	0,284623616138207	0,677651525244185
AAEL021180	106,418573574747	0,149825565973192	0,259639206726945	0,803573877574284
AAEL005174	1776,58521684579	-0,222345726340874	0,185618188520139	0,902547880122248
AAEL005204	504,801033382049	-0,16182619885619	0,192227998822686	0,912446803060918
AAEL005179	879,474786812998	1,63654204522694	0,326592361978383	0,00470296401501951
AAEL005200	254,101702072361	-0,0148611892609662	0,214024826267188	0,923736094665745
AAEL020054	1294,74332929851	-0,025678594572759	0,26747392805206	0,850655762466269
AAEL005182	17,071600756468	-0,160380953436533	0,3391314444881	0,670864382530871
AAEL005199	208,887540036712	-0,249669351619093	0,345711036902536	0,602343748660812
AAEL027175	1065,00472752081	-0,269146675888148	0,227812209198211	0,794102168800898
AAEL008683	1091,06040802993	-0,0803585567864359	0,157310797672225	0,948817084707272
AAEL008684	347,961911120231	-0,237047940590815	0,223635082681997	0,821357219446458
AAEL008678	542,472449571969	0,00910989709430174	0,196268893907172	0,937386716503272
AAEL008679	941,012617413506	-0,0640506263339121	0,178624864867711	0,941425145158144
AAEL020915	1129,32902651747	-0,0510024891597232	0,143187765949865	0,951894731731906
AAEL008676	323,336857421155	-0,138642746096181	0,218104514503712	0,883430759565767
AAEL008674	527,721339638669	0,828430402478191	0,216923921851112	0,308586711522458
AAEL008680	388,519936029548	-0,0668593181624589	0,176152647817052	0,942473305225153
AAEL008675	82,5533388389245	0,102813620497563	0,280529147269796	0,792475395174886
AAEL009081	6042,8779786179	0,0214490048321345	0,196693210193564	0,935331297432376
AAEL009082	317,591424107167	0,122054337641609	0,169751079473444	0,940113070571266
AAEL018169	63,4567755283798	0,0290556256635729	0,212331116870984	0,922149906594687
AAEL009075	180,95466403688	0,227921420676859	0,27292609949533	0,732706986495113
AAEL009086	44,5371337699574	0,0482310459552436	0,230435281466578	0,898114658184271
AAEL009088	2197,50860388693	-0,00606474253558777	0,167038406783863	0,949488077209945
AAEL009077	430,107218972969	0,0201489803084872	0,194470062864176	0,937153926296574
AAEL009080	6925,58108730345	-0,165296269819782	0,2062512308731	0,891760024007127
AAEL009085	1615,48705948556	0,0729896912372871	0,160400351052255	0,948327513413732
AAEL009078	2180,25289783294	-0,163349740207848	0,171322473075273	0,932930964327967
AAEL009089	91,4986220000766	0,0513208229928577	0,197354723754691	0,930658963828907
AAEL009084	249,732543506754	-0,384726556242797	0,347963389678403	0,518950144790696
AAEL009074	5331,8367155943	0,371492682965591	0,212846520339317	0,755296110147486
AAEL010678	171,070379382705	-0,388447757579947	0,439551987486061	0,428851469441827
AAEL010653	309,062296335411	0,744966008560444	0,501452946077185	0,240627220742199
AAEL015566	21,2305856526077	0,182853592041342	0,323928702136723	0,678042291078423
AAEL015567	148,684827660665	-0,169548731264636	0,259409147339055	0,793129164854457
AAEL011499	19,8873275068087	0,00018432526474539	0,241961441576222	0,898272867933868
AAEL011492	205,166001879461	0,0490003353364601	0,212973251517479	0,917712334818694
AAEL011491	805,126712711734	-0,0139458832163969	0,266392959307951	0,859424153805455
AAEL027317	1043,76670597352	0,0768179363140157	0,282471991180598	0,802984286359106
AAEL019416	846,69383785673	-0,370990972053778	0,233116190751288	0,709790419603511
AAEL008219	151,936788251033	0,0205523180433626	0,188540984771036	0,940534425868129
AAEL008195	400,924881514987	0,107737887538213	0,16969355494621	0,941770123853168
AAEL008216	2682,29952795848	0,0644385216564629	0,141962535353567	0,951850529519052
AAEL008210	1590,22226467187	-0,0625614809322995	0,162776733182705	0,948194692400666
AAEL027949	3225,8344816525	0,35317685893625	0,237778011514275	0,713719501633079
AAEL008213	154,901871696726	-0,0304984124499055	0,190858108769302	0,93821358418215
AAEL008211	88,7984985758893	0,122543663513333	0,225322151476493	0,879018353710628
AAEL008220	521,514982690315	-0,152389061863649	0,233372035327411	0,848891281830113
AAEL017462	1770,47219138216	0,0457384083998398	0,17368298112616	0,945512043146274
AAEL008199	2,70586353200666	0,0383512283074824	0,269294443033001	0,840625062519879
AAEL023643	6,35900875764651	0,135073401219234	0,319203299521125	0,712317096788952
AAEL015593	3049,13638142056	0,953318351333852	0,329412994167813	0,157244891446488
AAEL022593	142,463780246542	-0,262638823331492	0,283162685268478	0,691520580100114
AAEL017029	2379,53461527598	0,362066433850539	0,322910073848606	0,559695711729475
AAEL005978	360,749921122086	-0,267828374135517	0,179811586858501	0,893799753299851
AAEL005985	2024,2112422535	-0,0122721827883337	0,190739280331531	0,940270074648091
AAEL019436	124,165596758117	0,010914650981329	0,188098918881994	0,941789529475291
AAEL019435	225,565793085602	-0,572303449659082	0,24673637577449	0,509656971555184
AAEL026846	2107,10797110386	-0,135946410885347	0,175884575001203	0,933686355509989
AAEL005972	89,0413508075876	0,107511281909404	0,230592052447063	0,876247872175827
AAEL005977	339,50136169063	0,290130797168586	0,206967676191452	0,823698139703563
AAEL005976	325,796064226343	0,063838137925673	0,170102991224325	0,945675857182652
AAEL005980	232,530463843911	-0,037445996676819	0,265751465283595	0,846950742715233
AAEL005979	417,136128914574	0,288931657376187	0,28075938867075	0,680367361412515
AAEL001010	26,6279525912964	0,0717978856306854	0,252401320807533	0,856224809166309
AAEL018150	438,516616969946	0,133520862891005	0,188834421220441	0,923064283676165
AAEL000984	1076,04949061982	-0,266541861408455	0,181993349281477	0,890241322128904
AAEL021093	180,141482613746	0,199153122752602	0,251908220287376	0,788719835685422
AAEL000993	965,795622375778	0,0874551492190115	0,207033898111543	0,914933943635441
AAEL000999	2025,31782281693	0,0612129699514454	0,207512613320123	0,920096292739192
AAEL000985	923,557371859764	0,313871270108722	0,206666499085564	0,808865689976869
AAEL000987	38903,2737758933	-0,140018579066347	0,221848504462656	0,876800486887068
AAEL000994	2191,92542060025	-0,0188215784057211	0,16550051339423	0,949341580918305
AAEL022465	82,4838593679512	-0,0829273977724627	0,226610893369377	0,891737665734492
AAEL007407	5589,17602397423	-0,336114995349791	0,21010179933587	0,786052874675512
AAEL007410	737,844470716508	0,260005896397815	0,19660808286925	0,866917405377162
AAEL021595	176,987548900324	-0,0110372582325155	0,178711769405184	0,946017236772126
AAEL007409	371,600892707577	0,0652605161963337	0,201409228690207	0,925237614876067
AAEL022559	55,6179018276719	0,160878223608432	0,284464104613173	0,754954483114016
AAEL008911	113,08951382217	0,000269595932282351	0,2220369326944	0,919221784460248
AAEL008914	74,2239651118574	0,0519347114699664	0,215589095684178	0,914489762294198
AAEL008906	470,180825908199	0,128256304047922	0,168717394156034	0,940010231168562
AAEL021756	198,866723027689	-0,13843141358708	0,197066121686184	0,913100137913939
AAEL002724	111,999120671773	-0,194806269162468	0,242974471332158	0,807816078013841
AAEL002726	152,541539327763	4,02564429292451	0,432454127279273	9,51151082751689e-14
AAEL023060	1950,24933099286	-0,141653270295272	0,164583178733371	0,940916603359922
AAEL002723	946,570987671034	0,12914988852788	0,16604253993963	0,941510140367598
AAEL002728	561,638861862771	-0,129187442118113	0,195085440733142	0,917582917307985
AAEL002722	428,268883448701	-0,0763133398244824	0,197429874353901	0,926650367987897
AAEL002719	566,057636518083	0,00559387060067639	0,16369016258259	0,950179626624495
AAEL002714	379,445150095352	-0,139513754623105	0,18783601807446	0,922598364728941
AAEL019529	3109,99319321195	-0,0736647637017507	0,180337511402334	0,939357641622811
AAEL002721	401,380943208971	0,0848302304184901	0,179433679859801	0,938626071358982
AAEL002699	21,2140540573589	0,0414505695589868	0,271528470204385	0,834905944312975
AAEL002720	4253,14676057133	1,04167292088263	0,411475468427357	0,12049241011016
AAEL002704	869,928334860621	-0,0794845480236997	0,195473358405235	0,927682872279628
AAEL002731	109,030563464096	0,0423787361757273	0,203710391999804	0,927372159647013
AAEL002730	524,062270495733	2,0567888988828	0,386440154159904	0,000450831483236014
AAEL025259	352,431395636024	0,0223962071615584	0,163348187285236	0,949725540911099
AAEL020341	1429,47656974119	-0,216643119725038	0,191853983507687	0,894568845364714
AAEL019896	2401,30224480467	-0,347212353514715	0,330414674603641	0,560050535037626
AAEL023825	302,138959335641	0,0598535502702441	0,205834585969376	0,921917906416996
AAEL014507	469,191297922529	0,325934149137283	0,232647650923786	0,745482445422002
AAEL003452	386,820813764305	-0,186052443464849	0,208405271270786	0,879932838433824
AAEL003477	263,919704237713	0,016853183666669	0,194992708981306	0,937206643000288
AAEL019871	174,68628486177	-0,105427220420188	0,221089064036401	0,891603321894364
AAEL003462	115,743393755961	0,192012098952192	0,233320467392275	0,827011564741133
AAEL003467	3268,71285176812	-0,261893903226088	0,290654057946499	0,681708567930704
AAEL019870	607,066396184584	-0,0645299364128931	0,229004732032438	0,894695946301864
AAEL003483	2633,35463174869	2,25669935800621	0,34409660987742	1,64354621201861e-05
AAEL003457	610,361863904992	-0,0937769081542811	0,242998239637109	0,862915789171248
AAEL018302	24,6066369677805	0,0372669616730639	0,247244290420886	0,878906560456841
AAEL024690	109,421540180775	0,0830585661934941	0,232412429386126	0,883066685517142
AAEL003454	642,525405723913	0,0896654601844865	0,17480412541831	0,940796447507171
AAEL003466	1390,46928133567	-0,163679326751674	0,202983607803727	0,89731617260376
AAEL003487	1239,69209370022	0,0234253334503509	0,184143319214352	0,942586757560962
AAEL024700	1688,56886365931	-0,252287316058884	0,179634312108525	0,900607265489912
AAEL024259	74,0173059619499	-0,0835672553816796	0,22801851931746	0,889267385484727
AAEL020104	158,842446329727	-0,218550243936421	0,205935472179916	0,86992220906984
AAEL014863	4121,96877620318	-0,286341328816075	0,194977793311971	0,853779132786324
AAEL014864	210,488794293242	-0,0602701195617812	0,217566148463661	0,910196262406353
AAEL011142	1305,41361707888	-0,198265364096237	0,165211737474736	0,932175727828723
AAEL012731	1639,07387366838	-0,126130354721387	0,209287569884571	0,901448338892772
AAEL024536	28307,6912214586	-0,0901107324929607	0,193629851511863	0,927281452062809
AAEL021986	1140,83395988597	-0,163165167669252	0,148812394437498	0,946967848919182
AAEL012047	119,10898744962	-0,184051641364182	0,21959836923321	0,861466970665881
AAEL012056	282,390270252749	0,0268862207956505	0,178144645343591	0,945083768660229
AAEL024411	1147,9105834909	-0,182103196351974	0,171511361036427	0,929378693508393
AAEL012051	172,084025605846	0,0968884284158948	0,224047129958579	0,890310234131599
AAEL012052	60,6056953174334	-0,179207871172371	0,267407742119403	0,773125124188647
AAEL019592	377,228523432543	0,241501538663616	0,234762195252645	0,798137670146656
AAEL024975	544,690888220144	0,346194610762378	0,396718330131602	0,489616019830584
AAEL019593	20,6808157167104	0,0228874477779717	0,240538759685292	0,893084833165682
AAEL015236	270,152390759372	-0,00388069613021771	0,167821270439977	0,949395394785373
AAEL025017	645,294494058836	0,115979099914978	0,162260238965617	0,944887391815347
AAEL014084	872,675973518649	-0,134935429866745	0,183025770619154	0,928109485698803
AAEL019761	48,5391707734241	-0,352751828717929	0,348244422193877	0,53546698824903
AAEL007547	2395,16319882731	0,539810713857577	0,218845432996584	0,585870748900418
AAEL009295	789,90171649878	0,63761971767718	0,337495581507662	0,35949197116022
AAEL020646	397,360459784475	-0,507265019615032	0,234082781423516	0,58650405713184
AAEL021394	2351,58247338089	-0,228513003301134	0,177818540560828	0,911365800553843
AAEL009291	4746,47027566545	1,92950181180532	0,26941046296832	3,18683561434857e-05
AAEL009303	282,276349002815	-0,0558064607330596	0,173847682957152	0,944584319243777
AAEL009288	375,860849572259	0,0649380316918133	0,158967399634365	0,949065835256715
AAEL009284	159,836257890496	0,056312580026572	0,209959426404852	0,918783607498644
AAEL015402	142,411031349199	-0,0248565096264057	0,221703105613426	0,914503713148437
AAEL025157	7,48674754351513	-0,0190203063025757	0,264345074904354	0,860841918230275
AAEL009285	799,481210155878	-0,336483950705356	0,257105822113625	0,687887714037407
AAEL028148	314,686659256072	0,0198250225751949	0,171389694877001	0,947885560807618
AAEL009294	1962,43927266889	0,0130541934737672	0,173438613112391	0,947604171006347
AAEL009287	4337,67662611749	-0,102528747221051	0,16078138243011	0,946562239033637
AAEL009298	111,260474363192	0,262032477174189	0,269394943983928	0,717847092945271
AAEL009282	161,404218221971	-0,062149048185727	0,194133396671777	0,931582414980663
AAEL009302	267,530103297505	0,714039270414813	0,218345002460745	0,414735517657699
AAEL025049	1338,67696625787	-0,13376642731725	0,207720374544273	0,9010202424969
AAEL012658	891,876303979218	-0,144100001364819	0,216854713461525	0,883275005658925
AAEL012654	151,110926475834	-0,0560249926290726	0,257199385310818	0,854952114536256
AAEL012659	294,047204832652	0,0700123372681228	0,236021878453875	0,882647807503616
AAEL012660	289,568030763607	-0,0292873592982147	0,180796667586419	0,943691094747021
AAEL012656	217,756941147343	-0,0481320304951338	0,18250642866554	0,940943238457371
AAEL012661	3222,3474155783	-0,097650545720944	0,184323133034567	0,933247083529639
AAEL019597	1246,61664086883	0,0603068275999885	0,158328462140525	0,949390507340545
AAEL008489	519,533052464816	1,19961386562281	0,241479214224902	0,0426056030053379
AAEL008478	755,264032700625	0,17122749940207	0,200081134992057	0,89903715970774
AAEL008485	3508,05995278099	1,65316335206612	0,407672248953614	0,010263302250443
AAEL027384	2340,95224574095	-0,105221747581031	0,202453013443896	0,915441811386706
AAEL008469	283,68647780882	-0,0663185960571616	0,194892509430821	0,930187827123492
AAEL008490	1460,64447429967	-0,182340811881686	0,193358971479442	0,904588215268767
AAEL008475	703,274187093845	0,0670673767976879	0,183057349672883	0,938532480878428
AAEL008480	216,048283077065	0,170454971009976	0,228386517344566	0,848978320282592
AAEL008486	193,985201290759	0,449302964586203	0,264182497330732	0,581709328785745
AAEL008491	498,460872879662	0,318823622232602	0,201154628669999	0,817822124241996
AAEL008476	206,360491880557	-0,00151967958135714	0,180493192544509	0,94597828015023
AAEL008481	30561,215764696	-0,0815699096191914	0,201039954260803	0,921976035981886
AAEL008472	103,656748062087	0,00719545146441774	0,216438492888455	0,922951162842097
AAEL027779	59,6796350046302	0,0669164935525261	0,221830024027977	0,903445601257105
AAEL008482	434,170613685196	-0,1500592459168	0,187088587570714	0,920892405891504
AAEL008473	11968,4830832404	4,17267461227823	0,518211358739466	2,08546882833441e-11
AAEL008488	20,4514100316172	0,0339140137935061	0,248835566084106	0,877434226755534
AAEL008471	689,404925396268	0,0166792679785049	0,18497902048727	0,942812325032889
AAEL008916	573,727541482945	-0,122960923611478	0,187274919951908	0,926793826332661
AAEL001543	88,9623779197053	-0,0268928226094723	0,211137920549402	0,92400154565453
AAEL026418	76,4167362379951	-0,0491405701438149	0,22095754106293	0,909216164462289
AAEL001541	374,404577892573	0,0389453132437783	0,18802740379112	0,938898016673145
AAEL001549	2176,25119613598	-0,208773497439431	0,168736717503783	0,926997796197916
AAEL001548	557,656584012495	0,12529805795124	0,199875520541915	0,913401702781782
AAEL001586	385,001738053671	0,155020041617615	0,181284719429999	0,926039564952542
AAEL020603	55,2837089124211	-0,0874111534219375	0,228864307798829	0,886657287566593
AAEL027353	593,098185632808	0,0779570534347915	0,212070365846204	0,91178357179773
AAEL001556	183,730214402614	-0,0519647236259027	0,170524599926806	0,946354352626014
AAEL001582	786,119205638527	0,0427681884213927	0,214208562315792	0,917905700861144
AAEL001593	7181,9665074617	-0,231869512300764	0,201865743871215	0,871105530273771
AAEL001562	167,395568275679	-0,0613692983537829	0,177935186892694	0,942085470947483
AAEL019546	2575,02256862519	-0,00585125235760937	0,17978796707642	0,945955993968739
AAEL001559	708,507957342949	0,0752230026854481	0,212889885783793	0,911605010065107
AAEL001564	578,517337072858	-0,142158741489684	0,186533203642811	0,923591533065819
AAEL001540	1539,7944246938	-0,132934724861063	0,145844081425745	0,949458845773932
AAEL001575	54,0572723805139	1,6537853010485	0,508377682168859	0,0200436502767419
AAEL001580	406,413631615319	0,120563762160754	0,177827197883957	0,934629432862923
AAEL001583	2313,11710186556	0,0697643232684465	0,177361594760359	0,941516668244989
AAEL009190	407,278599481314	0,0199235296428309	0,194875811151171	0,936949758623814
AAEL001565	219,072308955955	0,384996376907421	0,225212802047939	0,715874592231164
AAEL024628	42,3645455385856	0,0639743769883971	0,232620938605374	0,889663671848504
AAEL019617	1319,29770963069	-0,155227263460645	0,171326469058435	0,934276878307583
AAEL001561	951,871858182752	0,90461139571303	0,310116266832961	0,197856895331542
AAEL001570	921,06883621995	-0,132893206210178	0,209448824789804	0,898881319410265
AAEL001577	4349,72328455806	0,0712830530136194	0,203079701621888	0,922173030816007
AAEL001544	223,618900568915	0,142752379192062	0,184543322608928	0,925376021128858
AAEL001596	568,856913571571	0,114979437329649	0,172337646307001	0,939308476053287
AAEL020977	9,68471707665706	0,0141937622502934	0,26752055734348	0,857668814264999
AAEL001584	32,3006324765505	0,0115988078904293	0,237842064531356	0,900190829655322
AAEL001573	314,657555493807	0,410146556595887	0,22089675521655	0,703110747390283
AAEL001554	669,961939899153	-0,134654554658902	0,151719595728963	0,947740033317717
AAEL001588	2492,77175635789	0,278284024174193	0,184655333376995	0,880179850729779
AAEL001569	1044,87593446779	0,19311242458591	0,189411850059937	0,90654489279321
AAEL001545	74,0773692461246	-0,0533617208054563	0,217735873764832	0,91176871920416
AAEL001595	92,1505932740704	-0,0215936846349867	0,193841100244202	0,937326806865496
AAEL001581	863,144421097698	-0,0286516613311988	0,155532249334386	0,950898548798318
AAEL017133	636,771451575898	0,0404158906190057	0,188860976961171	0,938249988982617
AAEL019443	247,142628373203	-0,342495577258961	0,231145445495681	0,736315398236529
AAEL001566	344,045020272872	0,155485694633881	0,247480506128653	0,821478774098048
AAEL001557	1477,53150274025	0,116440167054365	0,149386510537398	0,949297466186104
AAEL013484	5263,47731755524	-0,19374192896304	0,310968810580876	0,69007730390576
AAEL013487	1656,25045283228	-0,113278105486648	0,153341883799942	0,94834788699003
AAEL013490	861,816080558908	0,215594567720666	0,216391502042788	0,847662130821455
AAEL013491	366,164589808709	-0,581701815440489	0,332835729275399	0,399464495689297
AAEL013483	144,975054487315	-0,15806220322098	0,21283741925075	0,883972642726131
AAEL013488	128,948848849379	-0,217279215965115	0,217537530876255	0,844361602397122
AAEL013489	74,476108696682	0,0241128937193644	0,213150687710943	0,922460928850968
AAEL013971	76,5425489706554	-0,0797096770689411	0,245268091906705	0,865655636846486
AAEL013970	457,192610806314	0,0627294691621919	0,177640844024323	0,94211106284451
AAEL013969	1702,96840721256	0,19309194800075	0,286259371689772	0,730934494607593
AAEL006884	348,669881439477	-0,346323574240297	0,243089023769688	0,70770497843306
AAEL017188	110,351352288685	-0,224007186873819	0,249067405337726	0,779685065238429
AAEL006880	815,924536913717	0,00323035081847508	0,16798274636771	0,949375839340008
AAEL006879	4654,23981575774	-0,182705940104157	0,161466448442187	0,937736385491944
AAEL006882	62,0997200759686	0,0294260576214888	0,237587040619991	0,894738245225417
AAEL006883	302,185645065518	0,79538853290013	0,348436995582087	0,256491958047068
AAEL006886	106,976248770242	0,235601863307551	0,260498094355228	0,751953641957887
AAEL022496	317,130578265062	-0,124566565041017	0,195286227714722	0,918238725232242
AAEL006890	4868,6386534213	-0,177737831877838	0,222968678915517	0,858054123062155
AAEL006881	271,013169077499	-0,229077173943781	0,205559802824028	0,865483291991532
AAEL006888	250,864196203218	-0,0539485716259981	0,268043530054977	0,834801947912941
AAEL006887	293,604556608812	-0,0993461173988797	0,216635000174049	0,900342663862706
AAEL006885	8071,3512325341	-0,115227292710859	0,20565493757238	0,909153213409668
AAEL006895	2464,25518530019	-0,314428643831913	0,196186604042009	0,831403638695261
AAEL006892	453,395342522716	0,171103665497244	0,279511290774515	0,757884167830153
AAEL020955	1807,30502757447	-0,110394157493347	0,182622128335083	0,932637825235138
AAEL023188	2048,66595720975	0,115076694352381	0,15130025675101	0,948827081369928
AAEL010520	1859,14841770513	-0,0208533630261889	0,166437411357167	0,949080683423868
AAEL027801	622,057208767729	-0,102977193087687	0,158285606579145	0,947404327461095
AAEL026415	137,254184977615	1,36678159222017	0,334437621001549	0,0286535239078951
AAEL010523	705,434847038952	-0,0921105920495607	0,201693590650501	0,91915947741782
AAEL010524	479,076389033365	-0,0908069923864667	0,158094890356377	0,948133159822311
AAEL010522	313,800126342465	-0,0611543773595937	0,185250605012014	0,937869269222068
AAEL010529	487,972703689046	-0,0376100841624449	0,242006123950839	0,88569327505853
AAEL013384	429,389295811442	-0,0131972417258294	0,183488045752078	0,943793771002644
AAEL013382	185,602479575253	-0,0177969791256124	0,200587961462557	0,933272584266212
AAEL028107	992,804011109179	-0,0660418637439753	0,146819446978146	0,951286540184318
AAEL011592	275,063022161302	-0,0793491707040392	0,197331889711286	0,926195816110767
AAEL025591	671,49325584741	-0,430981180564575	0,197550818782623	0,742371889145834
AAEL011588	648,056229913067	1,35954707621207	0,264242457647689	0,0178285539706407
AAEL012157	185,277838586388	0,423899856970652	0,448573160491532	0,40600499525143
AAEL021400	680,261489440883	-0,099072090599107	0,170823751820565	0,942072666511813
AAEL012154	1446,98815974607	-0,184718358322038	0,248381003898806	0,804597265147916
AAEL015124	63,7831798723693	-0,0245420680079387	0,216951011069873	0,918896734928406
AAEL012156	240,758818097016	0,0587346805282987	0,185213150860328	0,93827181127865
AAEL012152	1100,24125558852	0,0108122834247896	0,145707320810633	0,952105777603066
AAEL027135	456,511425982896	-0,0169976016247598	0,158925088367404	0,950685988404589
AAEL010330	4354,63704059523	-0,100717513700171	0,17218043015272	0,941049539137479
AAEL011858	85,4312617131365	-0,0848264197518327	0,212908474032727	0,908852999940265
AAEL010332	175,374607787031	0,00417600424846315	0,195983172398529	0,938264538893866
AAEL011868	258,219051488652	0,000861886811317801	0,165833471432642	0,949956003521237
AAEL011862	535,023276659998	0,0231927345304829	0,163524021732915	0,949672427288582
AAEL011869	13,5582897068083	-0,150991708503115	0,317853019593826	0,703443634489671
AAEL025514	3397,06801273897	-0,664433097637016	0,219686375207872	0,461179202144946
AAEL011867	139,890276753602	0,131893135981434	0,224773514224243	0,875572253700362
AAEL013561	769,937651592398	-0,00596380391455558	0,155496407056543	0,951376942819049
AAEL013549	114,853935850247	-0,0671891608502191	0,206977399863763	0,919482428709506
AAEL013558	101,307526170004	-0,0606386114216906	0,215333469022405	0,912607412486045
AAEL013562	71,8056639883489	-0,0625731716150197	0,210124074528373	0,917440087079634
AAEL013557	190,379903306402	-0,0702255733024703	0,17246276960857	0,943962071012344
AAEL013552	86,5446601085698	0,0349615265189885	0,215104459541394	0,918416929603138
AAEL013550	223,593536560293	-0,0720140670537325	0,181075912384379	0,939139301475737
AAEL021308	120,486488617567	-0,123380009039339	0,204794706034208	0,907534255866602
AAEL013553	376,956829161172	-0,107721334386766	0,200776793598849	0,916559317979483
AAEL013548	99,6040675841935	-0,429182659345116	0,28895397885772	0,559340286529399
AAEL013547	202,464127280409	-0,0941407975245283	0,181932262018029	0,935450788156514
AAEL013790	387,270612010352	-0,0558414782041024	0,188403609230647	0,936429632592445
AAEL013796	134,864818704466	-0,010497270743165	0,211638083581249	0,926506346322666
AAEL027616	1528,16369980506	-0,0235582421944305	0,198411947971293	0,9339870956678
AAEL002249	316,883045573197	-0,0518001149455712	0,18567561519919	0,938798107131125
AAEL002253	273,795843933692	0,069087512413574	0,188834554015307	0,93425213952039
AAEL002276	851,316588179803	1,9974756364188	0,491663083529573	0,00380009440539475
AAEL002261	2172,49627784812	0,143121639496196	0,185468808569605	0,924505196160892
AAEL021693	36,6700293145597	0,00103526213564268	0,236322708742318	0,904483876965828
AAEL002263	3827,81018692105	3,19776048086459	0,216152075900373	2,46183051900107e-25
AAEL002254	683,602573924819	0,533325126631418	0,538381827481557	0,321616335904181
AAEL025785	35,1793489999217	-0,140547118377282	0,254715579616281	0,816162882291564
AAEL002255	29,8534980569018	-0,123714370151304	0,255215633087666	0,824111844253863
AAEL002248	331,94196983585	0,0473732782328692	0,171737799558363	0,946211180129155
AAEL002271	862,475141481018	-0,087593547393563	0,189054290413468	0,931331376699702
AAEL019956	929,272835546697	-0,208604451264486	0,178667143703886	0,915930167101187
AAEL022692	318,996354839659	-0,0663134291534398	0,168395614054417	0,946178031728228
AAEL002269	2647,93216056617	0,960816518099824	0,409235578069058	0,149095739001804
AAEL019776	1743,93554246352	0,0853727413200736	0,18856390307113	0,932131806276898
AAEL002267	670,664844817186	0,428704070221336	0,269448889172963	0,59088538228198
AAEL002257	30,1071917831542	0,347635829945	0,515252156763681	0,401260369111195
AAEL002272	1244,12715081465	-0,0721396714735796	0,168890056198172	0,945495040461473
AAEL002250	517,67724205724	-0,0377354858573172	0,196834986670377	0,933008133428099
AAEL002258	219,383888212722	-0,0755855741386138	0,195544845936924	0,928139061689434
AAEL002279	394,933731178796	-0,126917458686067	0,202760877948921	0,909435807850769
AAEL002260	1045,62508763032	0,0311610205566169	0,151269575432366	0,95141300999168
AAEL019726	661,561595528796	0,24386144780265	0,258937710194626	0,749714217329621
AAEL014276	334,49503079724	0,0697210596714112	0,22645401780152	0,896443728049575
AAEL004591	166,611325388275	-0,0603438379250095	0,222097688457259	0,904726979062712
AAEL023691	814,806268389388	2,07981159330482	0,395923084155489	0,000494440693810571
AAEL022454	430,70408694757	2,83033853315059	0,622784729496234	0,000195391488805405
AAEL004583	2184,47424864189	-0,164530151885176	0,151940176688949	0,945596897700113
AAEL004586	3967,2918358597	0,0135085903311297	0,152500575749415	0,951588073979849
AAEL004592	730,549280294423	0,0272029719703917	0,154338579716886	0,951132081765068
AAEL028047	452,01564139585	0,0403781903244593	0,189719152016437	0,937654898584802
AAEL004589	4227,07651557266	0,027551825859488	0,176504824437448	0,945737736168891
AAEL024437	48,2547509728541	0,124508056571111	0,258574857385651	0,817758859207989
AAEL020512	2107,41675117837	-0,0707677860545162	0,174826149191698	0,942799840015579
AAEL004585	319,40991014422	0,0650951559170747	0,223585391178578	0,901946186571136
AAEL004588	59,024134845566	-0,156635701654343	0,255495322498897	0,806255711457975
AAEL015472	28,7021734906083	-0,0129813181265113	0,244317616064938	0,891085234859548
AAEL010107	333,480879692772	0,000144526582826566	0,18290433853665	0,945158484589599
AAEL014649	336,963086984734	0,027896962510486	0,162613486599988	0,94969658374993
AAEL027443	44,8368041805923	-0,0635239101569842	0,251008153473589	0,86316622542673
AAEL026531	145,269533776077	0,0597603732039789	0,19121596535554	0,933837067328176
AAEL010110	21,4739728111337	0,067389337422861	0,257306259442837	0,847617862830503
AAEL015404	1086,91885222194	0,289032238831423	0,235805806447045	0,765854244641314
AAEL017132	1130,58166717687	1,1570499681002	0,395612282933956	0,0789549847679645
AAEL010109	762,58029799089	0,100228575327045	0,206986565412477	0,911738999011042
AAEL010108	465,863239933019	0,051415431473428	0,165508556155047	0,94799933648969
AAEL025513	16,1747817373813	0,0223921297663678	0,250861085495989	0,879157805652356
AAEL022847	16,9983419332534	-0,033409970463481	0,254747317056954	0,869889926015397
AAEL010112	227,465844294146	-0,0701886210347017	0,179041244438157	0,940487150649535
AAEL010097	29315,0646123699	-0,0727711932214452	0,230610513828816	0,88933752501118
AAEL010095	1519,91583825599	-0,0408657217315556	0,223019313189581	0,909011253905582
AAEL010098	11,8663318377251	0,146920386692788	0,301818221561555	0,73229999632065
AAEL010099	325,734884149897	1,00720199536784	0,299107204923157	0,129898796278496
AAEL024732	175,39885842912	-0,176626684424134	0,220719516974674	0,863059007741652
AAEL010113	31,461284658502	0,119842285629658	0,288433371656379	0,771051076980874
AAEL010102	476,3508611454	-0,0761818802362985	0,173191751258179	0,94311651452587
AAEL014244	13,5333572258272	-0,0307364549045478	0,251845351384909	0,874499840003102
AAEL014246	1933,82770197398	-0,0635894889744348	0,231542393079577	0,891446165485252
AAEL027567	470,9665909316	0,0516568935731193	0,181445789839922	0,94114884906663
AAEL007988	316,217694506445	0,201527020685054	0,179589598693437	0,916678721160765
AAEL008005	414,725482928524	0,081008606512822	0,158634820647544	0,948408911437549
AAEL007994	29,8474238505861	-0,152267116331393	0,285047267426584	0,75899253479358
AAEL008006	2236,93838946534	0,0920760888253213	0,249211973045976	0,850825704932568
AAEL007996	542,386972875482	0,0250302620746102	0,167227556194105	0,948691796073493
AAEL008000	994,750447278875	-0,0295809113253001	0,168566179352662	0,948179322947532
AAEL008002	2525,75822601121	-0,0746629198955779	0,188645537633702	0,933526524155337
AAEL007990	952,12952166991	-0,0800369412054185	0,178429899029683	0,939727326234576
AAEL007989	32,9174883520387	-0,0857872439220161	0,245079843110971	0,863023231164824
AAEL007986	5022,38992297241	0,0267524982072522	0,158434000561135	0,950527691918361
AAEL007997	96,1955552690153	-0,00772879396626601	0,207350206716094	0,929973252672447
AAEL008001	78,008620261076	-0,0302108555120431	0,202705182480595	0,929926431401481
AAEL008007	902,106334334474	0,202785318073134	0,198828312681011	0,888276016908352
AAEL026740	76,2683275505026	-0,570979802575847	0,405384352952995	0,356874696208531
AAEL011454	82,5139384855597	-0,24759579818393	0,307490136390912	0,66422105300773
AAEL011452	308,370690727685	0,66449181321011	0,234933640216989	0,439250131371352
AAEL011448	185,885173703588	0,106380990661971	0,211008088799527	0,904986076483578
AAEL011460	169,049490904369	-0,0540726716423893	0,238023035984107	0,885418403474856
AAEL011447	32992,1633933611	-0,0978301843890514	0,215638616810239	0,902111020282539
AAEL011462	274,995581252359	-0,0448279537620994	0,174677097027339	0,945175697864128
AAEL011463	49,5229954286918	0,104042767490268	0,240130962839102	0,863201927374264
AAEL011459	156,577451299417	0,036476048703795	0,190023927220311	0,937957543715974
AAEL013515	2643,92623850349	-0,227436349372509	0,306177443920158	0,678432110509245
AAEL013517	570,817901574533	-0,0747293774503236	0,209943530715632	0,914906317513009
AAEL001740	405,401581787174	-0,271437846683413	0,250237892071103	0,748279138925542
AAEL001732	19,7989090293389	-0,112761236429434	0,301985683573016	0,752536392428852
AAEL001742	1615,87618073038	-0,0248730061116096	0,182672484681707	0,943159706202571
AAEL011192	322,005758818683	0,165592319967019	0,191905322510933	0,91181326198902
AAEL001734	251,164981235356	-0,193019493128843	0,232014614784816	0,829319119088176
AAEL001748	515,324710471011	-0,131524433166348	0,15868709547177	0,945238720863091
AAEL017120	27,8453560538879	0,0349599373723431	0,24013988803504	0,889220576438754
AAEL001744	137,637148651343	-0,108029503098285	0,205751594768532	0,911215636238051
AAEL025915	2786,5123524802	-0,135166028637509	0,162812482934525	0,942756099493048
AAEL017098	35245,0086451024	0,0508160481720126	0,227488614673416	0,901225447207447
AAEL001738	142,834356040355	-0,0300705491799416	0,187892156312681	0,939893252042227
AAEL001747	171,811444373973	0,0157289645081621	0,197509310803467	0,935625244631989
AAEL001737	345,371032173197	-0,129227537529179	0,233269074253398	0,863451320727092
AAEL018149	205,498598275014	-0,0796713558841857	0,196495709640285	0,926824494436709
AAEL008354	328,674355783531	-0,386388382329053	0,388521331471705	0,478365096877015
AAEL028043	22359,138565042	-0,0246825273517034	0,204418309602632	0,929492719964679
AAEL022661	1661,02011092239	-0,184187246109845	0,16639837742695	0,933475890913997
AAEL024334	7,62434900140631	0,0167121262243896	0,260863280053589	0,867556181105895
AAEL024781	22,410770677997	4,05537042585189	0,915123535319079	4,2916250903666e-05
AAEL008359	347,795195489664	4,74700493992535	0,359389441696681	1,38917782044693e-26
AAEL008355	117,894514573968	0,894112977389807	0,507535125809707	0,175865905286552
AAEL008356	1733,07251170355	0,0423567850120715	0,139412349509224	0,952158250046115
AAEL022431	107,978070470984	0,00944785439761843	0,226765792784572	0,912912400247242
AAEL003104	1853,57505504095	-0,0162367191637802	0,141785093356122	0,952206248883169
AAEL003093	189,4368782431	0,0491568618355805	0,267196352628321	0,838911736263879
AAEL003097	533,343186525323	-0,0977562118488882	0,206668431991784	0,912767433857349
AAEL003098	47,6229080618411	-0,0383848861545119	0,236197813970846	0,89373515570121
AAEL029008	159,066598961368	-0,086342419800714	0,226030140467381	0,891333631825358
AAEL003106	2351,07697711055	0,0491439605319849	0,156269215791546	0,950250575603094
AAEL003108	1554,9706398685	0,0215993826963663	0,134648185777942	0,952323656878813
AAEL023076	186,899281739683	-0,0606429978625138	0,193262243096084	0,932368309257839
AAEL019939	5882,73433100581	0,0566510464034107	0,174312058427627	0,944283819698514
AAEL009351	750,233762828901	0,0774269005688908	0,187787163086168	0,933711521808098
AAEL014578	353,010876248686	-0,0564708208702799	0,168878355671898	0,946616678468486
AAEL014577	78,9409509589118	-0,0813882321713576	0,208832221935273	0,914517659452575
AAEL014576	494,505622892734	-0,119664612006356	0,172004959079353	0,939047270871154
AAEL024528	2599,43888405165	-0,226828287786506	0,15501448773175	0,935743652565402
AAEL023854	1025,50681344028	0,142596093079856	0,240043619615637	0,840818556758636
AAEL018709	1262,61097257417	-0,042861388572003	0,179227342493137	0,943202832338489
AAEL017096	126006,113004365	-0,101427570176639	0,21518818612323	0,901503904756992
AAEL001425	193,235095044342	0,0886222874164287	0,22532433709386	0,891468644284669
AAEL001423	878,017690637122	-0,0942360273786499	0,205306140403678	0,915099324482042
AAEL001426	226,860661408935	-0,0380997616791863	0,176325432724823	0,944968422708806
AAEL001424	319,535843088028	0,0207334900451381	0,192820431635084	0,938169841721133
AAEL001412	124,341040960821	-0,090198302155272	0,214604605263204	0,905278022283082
AAEL001432	10767,1492506126	-0,0024626352142536	0,193591794105181	0,939630112449671
AAEL001397	864,592393440984	-0,143806030976501	0,169732545855729	0,937266782474164
AAEL001407	206,549511952726	-0,0360910581067868	0,196684315808794	0,93341672122542
AAEL001405	384,932568477513	0,0608643911593739	0,180965139601914	0,940412708962689
AAEL001411	5111,1900295377	0,117266780665821	0,225782368888887	0,880316641266283
AAEL001395	479,090498574645	-0,0629778448443764	0,1670654647993	0,946827936623377
AAEL001434	815,05729162942	-0,283102864077971	0,230996961506376	0,777822735312087
AAEL001403	208,134583922897	0,458131346656168	0,253836214479681	0,593043514200754
AAEL028185	1679,73409297022	-0,115139763561425	0,162572454981175	0,944794492392903
AAEL017059	864,684447267649	0,027871051970624	0,160657249697349	0,95009422027128
AAEL001421	6727,41076982389	-0,0387354990162728	0,189949366929425	0,937714182922157
AAEL017300	298,25466423446	-0,570759956433746	0,203778468746785	0,586820027891271
AAEL001437	26,7089417695979	0,0299921236441727	0,234219057362793	0,898998244664694
AAEL001410	514,297184176539	-0,193139240056475	0,185377716976141	0,912035303143949
AAEL001422	466,844099275281	0,28721986886402	0,192741272269372	0,858970421370818
AAEL015651	222,889737623402	0,0553130541128831	0,180680009052242	0,94119507928279
AAEL001438	57,2242411492381	-0,0990715016163501	0,222884676568829	0,89131109710405
AAEL001394	871,282984212414	0,0901095680153095	0,237838935289414	0,872794442261336
AAEL001396	144,820593171228	-0,0896310062605858	0,2081777842508	0,913172129396837
AAEL001416	1036,43126032917	-0,037912548323215	0,150157257315722	0,951426521390438
AAEL001399	947,684355414269	-0,108814214628663	0,206117942369857	0,910518276710469
AAEL023787	56,7124854717118	-0,0621183158756108	0,227210341496086	0,897896314741905
AAEL021977	455,271773766136	0,105297540289228	0,159640318075392	0,946779333284151
AAEL019542	1962,6754074367	-0,0819451685085485	0,135796778555796	0,952070731981633
AAEL001414	2559,76667319343	0,81078495743246	0,505064434628253	0,210441431989767
AAEL001420	4238,27833576131	0,114578752322047	0,262281679002972	0,816355871217009
AAEL001417	123,4398349829	0,0855282123561488	0,234948553938769	0,878794560463095
AAEL001401	2793,4936101186	0,515122512967827	0,360701798978197	0,421570556611897
AAEL001402	2348,53004058187	0,802072579469071	0,52034860830137	0,212009445419637
AAEL009214	1485,32111497553	0,683272057815199	0,205622403266324	0,464198692068814
AAEL009213	236,56266867317	0,100888738504489	0,187905754994466	0,929945167421008
AAEL024235	3426,99985899566	0,0827290632322452	0,18035754501664	0,938337185724496
AAEL020128	138,783559714286	-0,438110767751022	0,428849218174182	0,415308856513366
AAEL006224	1197,49700308038	-0,0778159976766073	0,150732174409771	0,950387172203409
AAEL006221	331,392421053788	-0,092133179719117	0,189582076213755	0,930131978053261
AAEL006211	736,934525923092	-0,330093473110764	0,2648089244551	0,679595987215444
AAEL006227	183,715830176377	-0,111641250820388	0,198829171898234	0,917879971239186
AAEL006216	638,180355837718	-0,823804556012886	0,26478573273399	0,277322707494573
AAEL006214	35,3018537546004	0,0654306648174792	0,230937386716012	0,891715298223737
AAEL020929	330,119301172678	0,0406154712874575	0,174897855286671	0,94539849112639
AAEL006226	861,872438701523	0,110901880855924	0,190004158478839	0,926691413422005
AAEL006219	42,0056062151089	0,322235872862415	0,43985979555088	0,464699353488285
AAEL024532	106,02116035569	1,85020771332998	0,72615493576352	0,0247147997411568
AAEL020401	39,8522767659161	0,340010065426802	0,407172166043492	0,486369964886813
AAEL012633	87,7083029179238	-0,070866463957944	0,229664289449013	0,891536024873582
AAEL020890	54,2310868766077	3,03714499625675	0,507041770838834	3,9876419909927e-06
AAEL024237	87,0651580662682	1,5434185013518	0,301183941770143	0,00603662272629406
AAEL012635	121,399255856668	1,54583648899246	0,306944927966974	0,00676127425211724
AAEL012636	195,754398030461	1,99695206916372	0,792043990026038	0,020657062171379
AAEL012632	928,226507684598	-0,0128770896814277	0,192802633212237	0,939068533397692
AAEL012637	976,287442645673	-0,20843492145188	0,188398252784428	0,903195910145923
AAEL014318	4006,19266188762	-0,480351650822239	0,653607800237801	0,310660870364637
AAEL014317	397,62237773282	0,437653597091289	0,245098427747984	0,629243838280574
AAEL014314	368,365227802193	-0,0530312235981369	0,190136405274835	0,935522270873624
AAEL014315	556,401027298713	-0,0614607034220469	0,187208939438932	0,936529730858251
AAEL014316	216,924484782856	-0,115855048806397	0,177152916352828	0,935830208589959
AAEL000722	141,386273588956	0,152932516901186	0,239691018666217	0,835578745626194
AAEL000746	2132,35463311078	0,02662900143413	0,168862406081628	0,948245858132446
AAEL000721	43,7480671857966	0,171997829172482	0,267991307208313	0,775641992185449
AAEL000750	990,135393717715	0,0318138716638299	0,14979500919612	0,951570176779861
AAEL000724	213,362348305183	0,0110743133853683	0,186919680396762	0,942378418539198
AAEL000729	439,145905878797	-0,306229207574311	0,323573297287962	0,596692522178314
AAEL028175	22,7262003469128	-0,0386993645685526	0,25884438133388	0,86124700553755
AAEL000726	638,694018112817	-0,202580269027897	0,258737221352434	0,774680546001023
AAEL000732	37,5628779440343	-0,202680605202943	0,307894983840029	0,689532718297352
AAEL000733	49,5154665469151	-0,0831918574517891	0,242524306048332	0,86861827947925
AAEL019582	900,11219683355	-0,0948430727427371	0,152984556644288	0,94932198385156
AAEL000744	1464,41419861186	-0,107718559378783	0,195287101491427	0,921987651511827
AAEL000735	230,049354886607	-0,0832675735644346	0,212012206631941	0,91054882435768
AAEL000747	847,787525701427	-0,129806956770557	0,19753821044774	0,914781777621659
AAEL000730	1643,05680371968	-0,0254958677677484	0,160363730004308	0,950198566131341
AAEL018120	1961,58072289757	-0,291122011165392	0,196250829053424	0,846052118888791
AAEL019423	1283,2459600718	-0,0763719459707243	0,167589029023978	0,945765816403812
AAEL000739	1960,87241296266	0,0751123615242942	0,180923457633141	0,938926502371831
AAEL027087	134,220125913826	-0,0108656163422899	0,208859092763301	0,928404154635724
AAEL023348	682,921148482567	-0,211390931518552	0,266548192100819	0,756428076299753
AAEL023481	117,136787185287	0,137174901022443	0,213685754701668	0,890858432267669
AAEL001326	84,3739614736481	-0,129714195941354	0,212643506185355	0,895410437105347
AAEL022382	52,2898183044272	0,115310975115726	0,23890355607947	0,859649927789898
AAEL001356	1644,56991833633	-0,0696459672006784	0,146143738138647	0,951304647594305
AAEL001341	168,701340685811	-0,00011841032541475	0,180991569340882	0,945883436717208
AAEL001343	52,4677136470729	-0,0389115110879014	0,234954351413856	0,895222252128133
AAEL001355	302,599877679699	0,0247114554499724	0,201149631271452	0,932070220455256
AAEL001328	906,963774893866	0,704631492314382	0,336549514554423	0,327070624692183
AAEL001358	100,586181404622	0,613044103909028	0,37464815343766	0,355566127720159
AAEL001346	128,800189675628	0,137932992777793	0,255205453316147	0,817123794973677
AAEL001325	380,922502111112	0,79438115951207	0,51678335845494	0,217469077101067
AAEL025598	6,98345084541296	0,0556968547163822	0,274279008555213	0,824933482166685
AAEL019936	653,95946343251	-0,0723360513443895	0,188313149365428	0,934119884160846
AAEL007466	235,06986160215	-0,0066250496398797	0,187653441520163	0,94243538807563
AAEL007462	449,156407974303	0,0695375869957733	0,172054809619404	0,944200758673814
AAEL007473	592,180735953686	-0,230762743002542	0,264197468860148	0,748399351982353
AAEL019884	70,0239871350875	-0,0379854357668765	0,211239140799887	0,921319999965237
AAEL023657	266,127964065396	0,15305533387643	0,217504731325716	0,878934528136988
AAEL019885	3885,40715107211	-0,175275157529821	0,204213105984718	0,890949266531416
AAEL007472	176,805515880462	0,0307636234500333	0,179973787468933	0,943914088228769
AAEL014830	491,064402945318	-1,3529983935222	0,377686192088586	0,0367753176037122
AAEL013554	37,2689733296819	-0,0372487228637394	0,23240809774078	0,899056605992369
AAEL014019	270,114813593976	-0,225311569872128	0,281447361848819	0,720534075191973
AAEL014021	379,687316677921	0,0125211789662809	0,155944154306254	0,95121851729327
AAEL014022	636,442142825358	-0,0159927147539671	0,187458912504532	0,941555804931231
AAEL006539	668,197005907982	-0,0631166296837903	0,157167611093915	0,949561008081291
AAEL006560	689,101282417383	0,178049985278124	0,168855664916601	0,932533751668931
AAEL006552	2147,45850200785	-0,0211860988917326	0,179017076804952	0,945164223548642
AAEL006550	926,660037517846	0,0499796367263888	0,161226172932906	0,949179450400126
AAEL006538	904,102185747641	-0,182155754931891	0,178791596348714	0,922242321134526
AAEL025065	1622,2031965683	-0,179728285146259	0,182481517338889	0,918808774189875
AAEL006548	91,2078722129739	-0,0692017028652438	0,21405962760642	0,911842932202588
AAEL006556	536,214651531995	0,0182625616348318	0,227301826288658	0,910165473478125
AAEL017516	69609,6070308016	-0,171693739482873	0,21293804521835	0,878457314696477
AAEL023847	20,9940022490441	-0,0914146336718759	0,256706168354144	0,836552273289649
AAEL006536	29,3312599365272	-0,026204563474897	0,235060222139596	0,899095476097501
AAEL026791	573,029824659179	-0,0386920935657958	0,165679450916493	0,948479924631202
AAEL006537	57,0071769798883	-0,0814517579878434	0,245740995813963	0,863982687362459
AAEL006564	2869,51717088665	-0,00861542692671002	0,140319019440708	0,952275893693538
AAEL006547	214,080061104616	0,0852187323300065	0,201213353161457	0,92099973946541
AAEL006566	259,407833966833	0,0622599421327859	0,207310153625411	0,920071917915197
AAEL006557	518,264437949792	0,108000183665551	0,166707795189664	0,943380802792818
AAEL006551	367,573253053203	0,0197112950540361	0,17944706427298	0,945106779851471
AAEL006553	133,239606458348	0,0397091815681269	0,193457055375656	0,935099023139036
AAEL006543	492,805609559544	-0,142642291308161	0,246107291810499	0,830038005555028
AAEL006542	1149,42837852879	0,0461453893504043	0,263087931285946	0,847750589735556
AAEL006563	37242,5626090887	0,0630933361722053	0,27074868677335	0,826668638638301
AAEL006549	521,70936613183	0,0148344669894575	0,162017228899418	0,950222220274622
AAEL018119	654,346316442587	0,0831690643415045	0,17607835495592	0,940783066682917
AAEL019934	1493,4985225774	-0,00701224304956998	0,150096031388748	0,951877060589193
AAEL001241	131,198361926466	-0,0481838474720374	0,227809505177563	0,901762385949019
AAEL026179	19,1158500477622	-0,0416764539226929	0,253369174142821	0,868848348640206
AAEL001232	2185,25882947893	2,09675185131362	0,392855059712534	0,000345979245580411
AAEL001244	1201,54822522229	-0,0834784566526589	0,159050136586483	0,948230519028196
AAEL019705	112,014134739005	-0,0285750469617077	0,206508060822077	0,927502782945511
AAEL013571	2158,50809496179	0,521633866346975	0,180934198652031	0,698887094593459
AAEL013570	150,532621109878	-0,0987899518593044	0,217328952367982	0,899501812493573
AAEL013267	341,577497027772	-0,0929777875219133	0,23599346039044	0,874077786495301
AAEL020690	122,12089162179	1,63161971805255e-05	0,215978559226268	0,924916248126532
AAEL018699	1461,65390658325	-0,201234052029743	0,167765643831365	0,929178257284664
AAEL020827	477,62429169478	-0,098626637208297	0,17326275533586	0,940716071733087
AAEL022320	345,619215933715	-0,00938198282564276	0,174408589362006	0,947541226780736
AAEL011050	373,262865615519	0,0177095549375399	0,152148917290362	0,951547786662816
AAEL011048	589,851400464109	-0,11106931717966	0,191397508743128	0,925344126722446
AAEL011054	180,776969581301	0,0618339666580171	0,2000088355293	0,927048611204616
AAEL011052	182,013390946039	-0,0352589265090456	0,189073865865497	0,938697870329495
AAEL011049	691,79209701926	-0,164926135901974	0,192998650445918	0,910731673244269
AAEL011051	2208,28536954456	-0,00499892155370426	0,186274439193976	0,943233596676841
AAEL011057	173,538019682242	-0,0394604989618565	0,204820300986666	0,927018130692123
AAEL011055	2463,14380443908	-0,341590965039247	0,25013485199845	0,696644084190749
AAEL025376	196,238023107485	-0,0865681104150442	0,21409551331651	0,906910107004403
AAEL011053	30,0945220401266	0,0953319606673212	0,257343569235556	0,833013776126955
AAEL005316	9,76723520373176	0,0270626236677309	0,253997582854836	0,873163769754311
AAEL020452	4005,4246191242	-0,998599806076644	0,26268145746657	0,136241896448394
AAEL019618	4000,56203842804	-0,214731291736382	0,233081871281457	0,815191832090082
AAEL019451	3404,4419542509	-0,677864865223526	0,165259017669553	0,552479865559222
AAEL018703	729,724538042634	-0,677248817514123	0,175896499214985	0,531130386361573
AAEL005329	1286,8963426806	-0,243801582796014	0,248142637978774	0,770351372860282
AAEL005312	3635,78998659632	0,115040500081837	0,21842368325519	0,892205258534316
AAEL005326	106,90470031558	0,00833744145922358	0,216942377112407	0,922034079073761
AAEL020936	861,357532977225	0,204333362324729	0,207282605909375	0,873652888057451
AAEL024460	214,392459218278	1,40824122713367	0,396629360025963	0,0321054622841183
AAEL024562	2308,13345117169	-0,0339883591948576	0,196632588443681	0,9337031351647
AAEL021795	1312,4987189605	2,2555564333594	0,479771862623709	0,000748952293518096
AAEL026008	1357,02787441457	2,69166295500962	0,388592831759426	7,53210768774144e-07
AAEL026833	832,45287189783	2,44581724650588	0,338653339078529	9,30672895725875e-07
AAEL022334	3341,59308145934	2,80403601518945	0,449299208509957	4,39569445619975e-06
AAEL005315	358,864411246475	0,013998251066569	0,232865818903844	0,904951611584358
AAEL028119	697,090016835564	0,106270584975712	0,214381309365859	0,900907952967063
AAEL013942	263,584421965671	0,129293294983478	0,187301967911556	0,925524502105947
AAEL013940	707,339429898297	-0,143347672136809	0,197095026841716	0,91172413140651
AAEL014549	408,25197805214	0,48355345532599	0,301600517371268	0,504448099147144
AAEL025567	1014,15049648937	0,113656490665846	0,185792341673046	0,92946424788366
AAEL014546	301,786194971653	-0,121623222228526	0,168128078735903	0,941076054542149
AAEL021473	2042,28942851226	-0,313163355242585	0,222437256395293	0,77535441293824
AAEL014550	153,255876767444	-0,0996800049835441	0,192043459051614	0,926946910355831
AAEL005874	1315,40253267644	0,159205292432481	0,196287917276359	0,907632041658314
AAEL024796	713,072904771828	-0,211530488095309	0,221475627099116	0,839208057748068
AAEL027832	225,5067250534	-0,0876391311156188	0,202457931429431	0,919470055222332
AAEL027728	52,1729443442373	-0,174125977881345	0,278702364395595	0,757214283127942
AAEL023898	727,74455403965	-0,138225638558214	0,223125570860265	0,875601781615938
AAEL019742	652,122578034576	-0,0624250037290956	0,183345041181022	0,938983394164286
AAEL005884	328,946449392227	0,164937318773196	0,186950102700236	0,917828463586808
AAEL005890	1009,59197773135	0,183456904438189	0,243966813378384	0,811879742369742
AAEL005888	371,128213959429	-0,0881421054560722	0,198072323785715	0,923769377394814
AAEL017042	629,409100291799	0,469004235456396	0,244951849099358	0,602050066459144
AAEL005879	2570,30795274034	0,0469133221165711	0,177828354345038	0,943557661418132
AAEL005882	177,079906884369	0,315858489759369	0,249927886163133	0,717545391401554
AAEL023543	376,714527371868	0,318536911300598	0,223409611293258	0,770951378748527
AAEL019757	64,7951150833397	-0,206814383440503	0,255371278611028	0,778197696862431
AAEL008292	242,361960249685	0,112006505094367	0,244879858096467	0,847838946129665
AAEL008291	1173,0266084225	0,712072520478034	0,218089861150754	0,416455230524712
AAEL008289	1217,10751250615	-0,333196258538076	0,200958578057762	0,808447220864526
AAEL008286	66,2363438351772	2,17635581053069	0,817559183439935	0,0130981995906152
AAEL008285	45,5840870929045	-0,0537466543653201	0,233935079158737	0,891513573966279
AAEL014520	48,2795621799036	-0,00125611886810696	0,236266697657903	0,904501282522884
AAEL026277	499,614269993677	-0,0297398866686508	0,26783685119179	0,847040029330981
AAEL014519	578,77804564322	-0,094333139036569	0,178933718048301	0,937728986394293
AAEL009731	559,790399539101	-0,253267997578577	0,270661687090067	0,72141853903379
AAEL009733	1580,45209129015	0,042183870294629	0,197132112015015	0,932298406309731
AAEL009736	256,529488553707	-0,0926262969389379	0,228180168677385	0,885618440885001
AAEL023151	779,400766062518	-0,204421302024218	0,227556755053787	0,831566043299043
AAEL009734	109,780460006725	0,140352323084966	0,232612467682908	0,858628197044638
AAEL009735	112,270567532996	0,158191792398255	0,274613984490452	0,77233941423409
AAEL019668	1766,00819910911	-0,27834579455109	0,164742509457944	0,913587339363916
AAEL019780	1706,04995713912	0,109481070367035	0,164095367119178	0,944496274037953
AAEL005276	759,368489185691	0,203388015188964	0,208254524597976	0,872732678692054
AAEL005269	7473,95368383168	-0,127012457057146	0,194853149623622	0,918149330816289
AAEL005258	256,416769536864	0,530130025608924	0,215474466165989	0,605257892357234
AAEL005262	1551,97240882071	-0,0355424616409798	0,172838704351172	0,946545885545199
AAEL005270	1872,49167522328	0,13452590759717	0,238262256481214	0,849021801926533
AAEL005259	308,863160976057	0,116008830809926	0,176536295548366	0,936306000465128
AAEL026671	664,243097751718	-0,146229085392333	0,165921200721803	0,939497676773811
AAEL005273	59,3315706968254	0,159007805859529	0,261934091341653	0,794504904475174
AAEL005277	2648,05123438661	-0,229693304565706	0,199784763386954	0,874978739491979
AAEL005263	273,943940966213	-0,0681442212961142	0,178054651288801	0,941320195956137
AAEL005256	1389,99434525459	-0,0413849143852636	0,186011919192856	0,939644019328152
AAEL005255	1554,65644353353	-0,895450711459421	0,289854044679482	0,206508947081681
AAEL029010	389,000105998882	0,216785836434	0,200844995130531	0,879408011445775
AAEL025226	738,940885765245	-0,102554733713387	0,173945132935966	0,939817316257881
AAEL004897	109,822256218762	-0,287655558537077	0,262826146139439	0,71247357562451
AAEL004899	85,6804721286139	-0,0222736054374046	0,229815269846762	0,906260713795868
AAEL004894	1997,27956557678	-0,0166403263665768	0,266204723655161	0,858551921677384
AAEL015288	1843,4674277141	-0,012206988931105	0,266120944851916	0,860989495869391
AAEL021762	687,071451557848	-0,0118085686790983	0,266396331410016	0,860694027103473
AAEL004914	541,8380168345	-0,0856679565110302	0,202479021191477	0,919815081720752
AAEL004900	460,331003029283	0,0664660350560388	0,17176388157428	0,94464870840435
AAEL004898	29,2219509973839	-0,0453505196973883	0,230685250105759	0,898724997408176
AAEL020456	102,052870710873	-0,00766638077663429	0,205245626822342	0,931680535715871
AAEL004913	1222,8398134	-0,201176047283711	0,194793109617501	0,895764060873457
AAEL004896	238,746341362103	-0,0337602024576119	0,19277789342128	0,936468169266686
AAEL004905	906,120390823956	-0,14984168326773	0,168571312251135	0,937244243675506
AAEL004910	203,049225744044	0,0784019622138927	0,19427056597834	0,928686714318071
AAEL004902	2083,1382500791	0,285958993394259	0,221714580385196	0,796258431649029
AAEL004911	813,792968089587	-0,195123197106772	0,193150241286002	0,900832951683834
AAEL004916	472,557437337133	0,0101662005928911	0,176046403489	0,946957112581148
AAEL027655	42,6281925257145	0,112780784301027	0,280013691680042	0,787179386686049
AAEL000269	3326,92936960244	-0,264321821933605	0,312594891682736	0,643100756636092
AAEL000282	208,514132547848	0,0472608736131443	0,208027740317484	0,922552606929397
AAEL000257	470,680090589167	-0,0919061798481519	0,160809178818367	0,947197633494151
AAEL018011	75,4192981385829	0,348718273906328	0,415705804507218	0,475009209191495
AAEL000266	50,401450197933	-0,129245618534418	0,240528981685829	0,846861352073739
AAEL026994	1382,84648852077	-0,337690779332667	0,26871732491084	0,668403572020596
AAEL000281	89,9851528316898	0,29377153598511	0,293604312964864	0,655984168492972
AAEL000288	594,530306586093	-0,0754685182083941	0,202863024725126	0,921449733337846
AAEL000284	130,759207224917	-0,0112062017208117	0,201713644649482	0,933433637588314
AAEL000293	6724,24492353093	-0,168223555792714	0,172267006040274	0,931457125691497
AAEL000267	135,553448313681	0,0135330503212394	0,204351015095239	0,931394308816498
AAEL000271	2566,71583828241	1,56927766629086	0,468330077704293	0,0213101897014306
AAEL012756	3290,20094474199	-0,0987134717785118	0,171615392396634	0,94162741964773
AAEL012751	3291,74998298581	-0,201238530870969	0,174450751481992	0,922506795003579
AAEL028005	205,060830628302	3,75575277320473	0,351333834202437	1,48234728935726e-16
AAEL012510	786,917034812216	0,264460319535968	0,159479716654085	0,924199424443166
AAEL012503	822,170759016791	-0,173470093318465	0,174791209247729	0,928188300969001
AAEL012514	879,364419778475	-0,189227276794215	0,207995906828339	0,879241322777911
AAEL012515	691,721062249681	0,319282305073216	0,18917444019871	0,844453929163774
AAEL012511	566,72488520859	0,303458077527513	0,24533288801574	0,734990287431318
AAEL024853	1873,10481423831	-0,0924178171280533	0,173700986024933	0,941082679666768
AAEL012508	807,418800652142	-0,15519401806455	0,168569546108959	0,93644505287079
AAEL012509	893,704682761081	0,0458396677298632	0,211781384699887	0,919395734371831
AAEL018241	1814,93878921177	1,72339737226069	0,555731338070293	0,0197460040423473
AAEL012513	736,598541320487	0,0795707623562676	0,166223514670449	0,946083888996925
AAEL004657	950,369763158036	0,716902004135562	0,222267896278654	0,40363983417881
AAEL004661	1175,19826172071	0,4273854723991	0,233497877551669	0,665696659251505
AAEL004662	175,343033037668	0,4212940128086	0,258884413477004	0,616517515000117
AAEL004684	4,99367910684996	-0,0896234815234695	0,281267702410078	0,798679302399964
AAEL004682	461,072703887389	0,0778527582124793	0,195213634681178	0,928070013157324
AAEL018326	514,220400951726	0,872697685571298	0,243750194084868	0,245190565779857
AAEL007208	272,039477323877	-0,0544912555027997	0,240493226258716	0,882119975005357
AAEL007218	616,903492048607	-0,0433548576768491	0,162800537257689	0,949011317811002
AAEL007206	466,464960373923	0,250276837909779	0,266938819118712	0,728301508126845
AAEL002493	347,176580863671	-0,0939293151458301	0,18705104393821	0,931982046582028
AAEL002463	1850,04407383053	-0,341003527213032	0,177913295933594	0,859837519771657
AAEL010877	770,276368635253	-0,080944900313607	0,193618565996246	0,92878363229521
AAEL002483	584,239457416855	0,085185403785043	0,195675154528359	0,926485725619351
AAEL002486	353,400661256189	-0,109611192681065	0,185372419726966	0,93056708591348
AAEL002487	1708,57903978271	-0,0913082507604993	0,178476504408145	0,938431371395243
AAEL002465	551,201281900224	-0,0513102742268307	0,165372489710765	0,948040586392415
AAEL024570	907,949948209602	-0,135355043366917	0,200437693323441	0,909825396836967
AAEL002462	217,523281968912	0,0442281569959444	0,181945159947011	0,941633921374792
AAEL019645	176,368395788519	-0,159949023608128	0,198588726704346	0,904640299023292
AAEL019644	373,127467715171	-0,030744620362641	0,15865518829394	0,95033544809191
AAEL023280	77,26529506534	-0,0227193334478652	0,212729834108163	0,923368057428943
AAEL022941	954,0302241705	-0,333736588586454	0,218437647635443	0,77085159525401
AAEL002467	12694,7066874451	7,08369668448969	0,564630033846455	4,89948103206601e-28
AAEL002481	86,9537081806563	-0,0782084790780691	0,241500293252515	0,872080525536812
AAEL021027	156,984958886892	2,28966789763793	0,519655230486313	0,00107565064079211
AAEL015606	617,284424185945	0,109599659135271	0,299109242840111	0,759542962414995
AAEL021789	89,3391526427441	-0,0932688026552342	0,218821925444051	0,899192520562118
AAEL004798	20615,7982295021	0,613465590920509	0,31429988727133	0,392811316064069
AAEL008619	1289,18433376692	-0,100046695025761	0,193444816837652	0,92560908341957
AAEL008620	2149,65071497204	1,31743909167263	0,433365465866837	0,050431712023278
AAEL011500	244,838398501522	0,503320178499911	0,335538193371539	0,451955644429271
AAEL011505	1272,51725724876	0,0499514927232311	0,169118994298352	0,946919501140193
AAEL011502	414,974237855381	-0,142716581155475	0,161348537849325	0,942781102265033
AAEL011506	233,683709457576	-0,145745662550367	0,23606154249005	0,846502744263971
AAEL007729	510,433696330455	-0,14223387454725	0,185815301618259	0,924341697312975
AAEL012539	943,235554974406	0,0719193370184989	0,166352716648289	0,946529522044461
AAEL012538	165,970341246662	0,364119431005529	0,510393680322844	0,396454741970862
AAEL024482	525,291793417662	1,06579726665455	0,265600277301137	0,100249121240741
AAEL013565	857,255392879139	-0,0935648026089834	0,170112314237542	0,943011346671142
AAEL012536	960,248890165867	0,0631169679168956	0,199273529297009	0,927392286167383
AAEL019731	2834,06270830738	0,0346577915577549	0,176925452966661	0,944979979103797
AAEL006718	435,808171310951	-0,226859125081371	0,181723860578989	0,906277478025795
AAEL006731	271,909072830721	-0,114516617783217	0,207753792663945	0,906661407683629
AAEL006734	826,218733893654	-0,153138218726129	0,160049222274194	0,942391088178744
AAEL006733	225,356496632264	0,0846915581043965	0,183557875937713	0,935704231681228
AAEL006727	1064,93503823458	-0,0440472292134712	0,179075848187756	0,943165871088349
AAEL006740	655,400404047041	0,611315562714711	0,215147451423063	0,527128763339459
AAEL006736	67,1368256679767	0,321915564126286	0,341241868419906	0,562518994279793
AAEL006747	390,591625781209	0,0624200622655586	0,152513276922297	0,950555700396008
AAEL006754	217,059491194734	0,506793682362438	0,336061634479175	0,448300741001829
AAEL006735	244,88195336561	0,0256517931032261	0,171778156501463	0,947457065519253
AAEL006752	956,08088448747	-0,0191925972157384	0,181183919325113	0,944307506019789
AAEL019478	218,24152054816	-0,132684735896371	0,184802773335726	0,927150029299916
AAEL024478	34,9696855429545	-0,244739651310992	0,376736499060456	0,567378670425997
AAEL006755	117,377860670333	-0,00572987118087284	0,1900446485936	0,941274162330252
AAEL006723	280,193119040126	1,04246609410181	0,266876293906627	0,110594086572845
AAEL006751	3331,59961797209	0,00595237185755636	0,17927328563309	0,946183559298687
AAEL006741	3035,79648688645	0,0237066265399628	0,157645990338549	0,950709181900634
AAEL006744	3282,44448185173	-0,0175097494921438	0,167058766895289	0,949041069058761
AAEL006725	962,46427754389	-0,172386936427265	0,205745336900884	0,88954741170152
AAEL006724	209,802928640863	0,0491134644312655	0,193975853380554	0,933442092546817
AAEL006750	262,182533789819	-0,0386360457254824	0,184204355435034	0,940996436674538
AAEL006726	1711,12636620012	0,10800264779218	0,17447524770375	0,938940735263605
AAEL006728	1262,03362674639	-0,0987703173683217	0,181029441061003	0,935434881578795
AAEL006719	2262,23982660486	0,0608854809711214	0,225118865393479	0,901132277905264
AAEL006749	249,662642258086	-0,33957626443268	0,350000228862492	0,54316970342636
AAEL006737	33,5272006202359	-0,0918759922371927	0,242196165564158	0,865345097919324
AAEL006721	14310,7413748358	-0,267783851722206	0,206970139174053	0,836348278569572
AAEL006748	464,827481691125	-0,0456617998215524	0,182191678271029	0,941372717524195
AAEL006717	621,376302472043	-0,0584695834471162	0,163384382500542	0,948240746107776
AAEL006720	194,682408350705	-0,288258259967962	0,240474681071381	0,756765637449924
AAEL003087	188,863519780801	-0,0280564899198891	0,206525156659074	0,927552897663223
AAEL003070	291,614971717435	-0,0135902310092692	0,207318428225465	0,929053606585939
AAEL014768	10098,1771282311	0,0684400091674548	0,156251860510615	0,949570716288523
AAEL001682	148,020096193052	0,0315011600935816	0,188892812949507	0,939188741403149
AAEL001680	54,6662397971627	-0,0437981637731305	0,215164045763469	0,916546029833336
AAEL001705	418,981059874687	0,0850984632915297	0,155538667373939	0,94907078560784
AAEL001675	26,6601076392647	1,81103261288603	1,34325302473337	0,0627655280869571
AAEL001677	12,3929059192862	-0,184532203196016	0,35763122080175	0,626138974787781
AAEL017500	23,3104720559316	0,990404467143859	0,720522777217669	0,13860579971465
AAEL019836	1259,90030333093	-0,291717926434379	0,174953060548326	0,891938558346919
AAEL001687	90,0125412162476	1,57838046531673	0,716070751401243	0,0441214287536569
AAEL001697	20,8431626344349	0,0252271929637107	0,250508047053258	0,878654269011144
AAEL001691	512,831125388453	0,163033758121287	0,214584968224111	0,879491183430969
AAEL001699	460,461661302534	0,161595415610949	0,223135877227547	0,866170033751669
AAEL001698	1245,59679443334	0,450098682539699	0,258141841498026	0,592121017556047
AAEL017161	170,816212979963	0,0282442495863063	0,202894870424011	0,930159913753096
AAEL001696	11,3491710698884	0,0541416071901963	0,262041631133361	0,845780475295276
AAEL001690	6198,41701028604	3,88118367529588	1,12415832632106	0,000895613714255228
AAEL001674	30,7952433346978	0,215213458699404	0,405470018961252	0,550642284598903
AAEL001673	6617,04616343581	0,0443557802483725	0,176196711910171	0,94446097756925
AAEL001695	43,5459586037258	-0,35597282598131	0,391883666518166	0,488228932112279
AAEL001688	470,006821604516	-0,133024125640582	0,225154649097077	0,87467985593275
AAEL017356	915,310037761634	0,0391913934626423	0,145495893599291	0,951859376458962
AAEL008769	911,165915860226	1,82337675447559	0,343080839557045	0,00137120549137518
AAEL001703	58016,5294317932	-0,107205929362853	0,241394158435986	0,859046246564816
AAEL001693	527,839289802306	1,41674261840332	0,610066987941181	0,0552651469956158
AAEL020351	67,9322194174405	-0,0643480092146795	0,225333193661477	0,899904890224465
AAEL027666	770,175380829741	-0,0606409083129178	0,171936853000299	0,945118278216943
AAEL023441	952,140099857131	0,0202234224504802	0,160568330853248	0,95030718945669
AAEL013413	171,149361560111	-0,376139749596844	0,328037847017865	0,545809388158994
AAEL001605	1573,87668986459	-0,170984117620648	0,176004516779658	0,927732738428456
AAEL010509	1249,93932597901	-0,319355917806339	0,21098595709411	0,797280660515687
AAEL027886	63,211438231148	0,108617722046763	0,252402662409036	0,835165363775276
AAEL010506	3316,96465885625	-0,120637591455381	0,167273130159283	0,941731273767638
AAEL010505	664,29571787458	0,0299113500253901	0,193862544398391	0,936166338267027
AAEL010504	406,428155410097	0,0931840975686316	0,192566666908956	0,927672890791149
AAEL010508	3002,17578490492	0,131677035357223	0,202444209528151	0,908053401605299
AAEL024153	1959,97027916768	-0,168737542943188	0,1596543443331	0,940776374002386
AAEL019746	2355,63015727889	0,160111926573441	0,241459412235244	0,829374633308265
AAEL024363	76,135827710483	0,177844201157803	0,271810238692612	0,766891605650727
AAEL021667	886,753926970192	-0,0997778458870418	0,181583630467262	0,934962084992862
AAEL011343	650,34297192193	1,87141004545722	0,332824185654027	0,000721440788598032
AAEL011347	520,539654397424	0,192133027046435	0,189041661989341	0,907206803054416
AAEL011349	192,513572719718	-0,201232222473144	0,220442422743216	0,847307265359797
AAEL011340	1528,50678708713	-0,117908040589047	0,16633579029718	0,942574173849059
AAEL011350	548,823376740211	-0,423790669830993	0,249392950256569	0,632804481540935
AAEL011338	244,415763027329	0,388879902856855	0,401410432765694	0,460165917029073
AAEL009968	798,571256006763	0,0220443932235882	0,20265920078472	0,931313374883819
AAEL011345	363,17755136355	-0,0390946040187155	0,265705941009039	0,846322809895076
AAEL009974	124,349470432418	-0,0112300253895078	0,195487891757238	0,937647480106731
AAEL009961	75,7621066224405	-0,0391132980003115	0,218924391110586	0,913942105531123
AAEL009964	2678,83124477273	-0,062128281420718	0,175477081171818	0,943295025480867
AAEL009957	521,329386042272	-0,0502016313157205	0,164573947984971	0,948281614050823
AAEL009965	23,5112895802109	0,13485160668877	0,288988606544122	0,762579653074079
AAEL015294	215,995931593235	-0,0157132347748888	0,206304078155468	0,929483231825222
AAEL009971	926,629625990859	0,0428563695713821	0,143022781805454	0,951987292720851
AAEL025123	440,839759751882	-0,214919545085646	0,282153221516444	0,725045556022295
AAEL009959	3158,73281390852	-0,0823087039128358	0,146714911238569	0,950935328911426
AAEL009958	872,222013938323	0,0821236555238059	0,146855418828935	0,950907748995244
AAEL021169	571,866360735025	-0,170049770686997	0,22652567819248	0,854388203729087
AAEL019862	837,367266465527	-0,0691524713468651	0,155985090444712	0,949624044697221
AAEL012698	573,841056849717	0,38278812706161	0,236857167367297	0,692237289615429
AAEL012701	1927,69856480387	0,860935610165357	0,193993424541455	0,291700992054155
AAEL012700	25,0799640389032	0,154291260181278	0,306662608775702	0,721271508761315
AAEL012702	2365,49096576345	0,753682875193241	0,337169023624004	0,293125743824451
AAEL013278	568,570354112753	-0,149591964693505	0,198021653210597	0,908534835045767
AAEL013281	22,2597381363468	0,0670291377492193	0,257808805373919	0,846547662042825
AAEL013279	4242,16401717756	0,443246233927582	0,204005015269721	0,715108617435198
AAEL013277	255,013773756447	0,0457702581079867	0,222599406201235	0,907924162339182
AAEL013284	24693,364526461	0,0578831289408903	0,275596690672944	0,822264873259246
AAEL022140	64478,2177276558	0,00522747948910018	0,217761742796092	0,921964416993552
AAEL015014	834,865775813803	-0,0820662818937663	0,158062415718917	0,948515357968312
AAEL013741	417,761076003719	-0,358873345645583	0,220316717991016	0,748158810449035
AAEL013744	1977,02022624187	-0,0514823314336833	0,192191745785122	0,934383864948305
AAEL019681	1067,13424912811	0,0545812033970873	0,151237727210922	0,950916945745113
AAEL024010	23,1664020139954	0,0486342171724616	0,254472132638109	0,864123688091696
AAEL011510	217,508156822307	-0,0739389103287155	0,241815291141487	0,873071638786702
AAEL015092	15,4878003353781	-0,00193808633931523	0,256376897404595	0,878850586317733
AAEL027545	86,1589105924919	-0,159361212629788	0,262316941878119	0,793616808646275
AAEL026387	471,108550402909	-0,177696719637211	0,301944167260612	0,714338509186668
AAEL002753	240,209700886094	-0,095015634858109	0,191757624497182	0,927941427531414
AAEL002737	3287,40184082868	0,113274042783742	0,180275446970821	0,933912166641622
AAEL002748	2388,78853296695	0,0910213418589968	0,15023049920225	0,950089466887243
AAEL022370	379,482273359996	-0,124409141686219	0,192220589594962	0,921343619713296
AAEL002739	317,286501730698	-0,0932868927189921	0,178559180699769	0,938140645655564
AAEL002751	243,305559931891	-0,212798242393756	0,209232275595319	0,866646601218051
AAEL018286	395,286774331928	-0,135738420323289	0,159879950310377	0,944165085231608
AAEL023679	191,032503034465	0,504466378517398	0,251878982445914	0,556476513457119
AAEL002752	368,142826970586	0,11217014295208	0,168193938081775	0,942174943744586
AAEL013904	1305,63650548089	0,140003057384135	0,201868527159367	0,906561555577491
AAEL013902	152,112086785635	-0,0398865847935075	0,205863299165912	0,926122981137078
AAEL023147	193,355032560201	0,0677439649518155	0,186930025394496	0,935727890013768
AAEL013903	609,897272967637	0,0314516309332847	0,152999388194633	0,951204889911972
AAEL025459	101,760981298399	0,156970604941554	0,231248085711841	0,851206665814223
AAEL009182	242,915810249865	0,00829162660965763	0,17820864387908	0,946436605974782
AAEL009189	2735,96236081066	-0,33907529336797	0,23679887782336	0,726328645312165
AAEL021139	51,0214280738557	-0,047939282050502	0,232056060676393	0,896032870539509
AAEL025808	309,066953124181	-0,108096444448102	0,194975161008316	0,922253857527919
AAEL009183	366,317925664264	0,322204612569254	0,23486301438936	0,74399869485342
AAEL023587	69,2482878902092	1,19239212485097	0,532562719718023	0,0844678779574655
AAEL027505	252,213152806427	0,233510775783978	0,220601103586519	0,828761985791825
AAEL009192	2808,1973761002	0,707872096425837	0,415176559190609	0,287414699352868
AAEL009185	13982,0037097844	-0,0247313285398988	0,154896353028824	0,951086466234323
AAEL025890	22,8464458607765	0,0631543227819299	0,254739711651891	0,856264221374388
AAEL009180	46,2766604153979	-0,0165643990067447	0,223715596890261	0,914391978715264
AAEL009191	63,8885269529014	0,0812324510829412	0,250222042841272	0,855432005725029
AAEL019892	1129,46434383458	-0,130451554916711	0,224593628055742	0,876393776893869
AAEL010647	36,6711137060434	-0,358321782697103	0,420025411934068	0,4621888016439
AAEL021805	413,973994590802	-0,0761417445005613	0,172307568413086	0,943588042674014
AAEL022509	104,586132011081	-0,0785225240962331	0,216000567024964	0,906860473186073
AAEL008514	641,991366507477	0,0195459950371789	0,178617917503105	0,945455326234606
AAEL012674	241,573127600791	0,134022941353453	0,180665315067989	0,930289985541592
AAEL008507	1209,71617120213	-0,294659648328832	0,219697823881792	0,794424483180062
AAEL020636	1188,49222855102	0,0108566951569788	0,215756566149873	0,922837708893938
AAEL024921	347,88574280168	-0,351942323781521	0,275614996776985	0,642144585748342
AAEL008511	187,065827104995	0,169433154685752	0,256239967987429	0,79937144774972
AAEL008509	365,199513333642	-0,0580657261863906	0,164848123514907	0,947833679838197
AAEL008517	1555,67403027345	-0,0512443884489539	0,175375503350779	0,944242320119599
AAEL020434	718,755988102349	0,0213925605371226	0,151610814414107	0,951538824818132
AAEL008510	952,012817272799	-0,0126309292121233	0,141017099163082	0,952245449080019
AAEL004291	789,577027915721	-0,0249528895797791	0,142650541657362	0,952145142717361
AAEL025518	220,322857396396	-0,0913948473476289	0,205980495736218	0,915085567303444
AAEL024204	1675,06000967995	-0,120326623263763	0,14783188966559	0,949497813509377
AAEL013853	71,6570563014824	-0,595130045305099	0,375135722752297	0,361446642252718
AAEL013852	362,579736052421	-0,0465964827905497	0,227724975758167	0,902366329788136
AAEL018267	2619,84013094298	0,152928964916245	0,17544075722007	0,931448158895816
AAEL014447	35,137353817303	-0,0808247444724759	0,238898423650356	0,874349431504553
AAEL014450	1006,63127171038	-0,0936188049732113	0,188917203793335	0,930410333437146
AAEL026039	546,184996261879	-0,194747447995967	0,211158989575143	0,871924265997842
AAEL021196	628,05841925382	-0,188257842824005	0,198421401852231	0,895326882827725
AAEL007738	454,756759228195	-0,0687557790295427	0,18660415555788	0,935806625535743
AAEL007731	786,713571586408	0,258956800534796	0,182450662090496	0,892997521880293
AAEL009031	41,1493774950632	0,0392729827108747	0,226189929035229	0,905839650683643
AAEL011168	1597,20059877623	0,0648752955383192	0,141414483508608	0,951868220148412
AAEL009036	35,033114411634	0,130444924236224	0,31226326626415	0,725331706117786
AAEL009027	341,7850156125	-0,0148659649931064	0,168404081018656	0,948837074128406
AAEL009026	1172,83135829402	-0,161677268316199	0,19293268449964	0,911679498538204
AAEL009038	1408,00196472119	0,417234981092601	0,418263408528458	0,429962258983295
AAEL001041	1854,86156353294	0,0739153770859999	0,154699721558392	0,949740006993397
AAEL013997	549,23693424068	-0,203384418625092	0,246235985609808	0,798370154508943
AAEL013991	62,678750072816	0,0677138228866933	0,225988687927953	0,897736930985779
AAEL013995	924,77707744032	-0,0351721949047944	0,168443642627113	0,947978686967799
AAEL013992	391,201277015076	0,135072958849385	0,227489906256294	0,870755985430123
AAEL013999	474,600843370792	0,0157662382336696	0,167799872290911	0,948941762951764
AAEL013994	384,59220258529	-0,0362887179444941	0,19313861599998	0,935790893867281
AAEL013993	61,9443648408672	-0,150299478302121	0,243731960170962	0,830257986836167
AAEL013996	152,870504592858	0,0215569493202142	0,180991811442462	0,944182927652525
AAEL026130	76,6339480353945	-0,061183130852511	0,228256060530553	0,896810734431549
AAEL014092	90,1304271377586	-0,155117654118792	0,243253038601098	0,828425959354241
AAEL019888	1127,05125067374	0,0289648869096551	0,150354182367051	0,951556745193515
AAEL020530	1056,92277287801	0,112572647412798	0,200883803740955	0,915359866719466
AAEL012313	456,650014137266	0,715991852956481	0,219166598071491	0,409525421210025
AAEL025983	40,7076877301191	-1,2307850355754	0,5756547401611	0,0782621632032063
AAEL012311	2325,95962060045	-0,0859657045059162	0,168704110179185	0,944337085615799
AAEL012306	299,990441163613	0,0393258949279669	0,1849321089829	0,940520926328589
AAEL012312	3618,87526628324	-0,0187523221909639	0,166168667439584	0,949228690345643
AAEL012317	912,384491212954	0,0261458928528192	0,17318073643267	0,946962481293502
AAEL012310	1492,19710441463	0,485554258408922	0,192823261219353	0,702442746787612
AAEL012307	992,192229041317	-0,231335773260099	0,182243414101679	0,903905913943909
AAEL011136	754,337796038963	0,0489153990848889	0,170315708717769	0,946594916010303
AAEL012318	349,610023597233	-0,0409621246544099	0,241431401226697	0,885343209057177
AAEL011140	665,17345206647	-0,217359928507471	0,173915406169732	0,919134527684235
AAEL014765	130,858692471983	-0,0973912824889066	0,208447025812132	0,910883477374705
AAEL014804	290,534673738531	-0,000900396880011763	0,203524200262081	0,933602329671559
AAEL013596	2707,55683697095	-0,250917644816381	0,212175735846792	0,835009809919722
AAEL013593	210,190872766728	-0,0807008925759686	0,217280393531878	0,9047616069741
AAEL026412	263,598691255518	-0,163491445227798	0,210968881466148	0,884788755643739
AAEL026491	70,0705085818104	-0,0615245079438301	0,209266953460121	0,91835337441407
AAEL021970	207,989139003011	-0,237784933900051	0,212276207288929	0,843572387262864
AAEL014883	161,377470568048	0,110445769073264	0,225126420700541	0,883560237694658
AAEL023788	0,591883248407953	0,0213151234463563	0,267917904850846	0,85258703862691
AAEL014880	200,257203534745	-0,0882759914601581	0,17894269395812	0,938525269786683
AAEL027933	131,925477855631	-0,0691890316892315	0,224455968717162	0,899521080248493
AAEL012823	882,203274229957	-0,502150342426283	0,765612996515372	0,273664109616499
AAEL012969	224,25630972583	-0,0305658525135262	0,17187171754918	0,947123038840783
AAEL019694	4868,3734075236	0,135850535869531	0,212472251429788	0,893389304145781
AAEL014889	1256,69454571235	-0,00640619649382812	0,189483592776687	0,941497080240019
AAEL014672	38,638262108562	0,0238466380247003	0,230134288539537	0,905414788812565
AAEL014844	176,577304173512	0,0363332580582154	0,2386495876235	0,890881155010935
AAEL014843	9253,68528195104	-0,0608704529913521	0,189264003733719	0,935074899500116
AAEL011708	7148,92158756974	-0,228008066316466	0,212736792314837	0,848454581453445
AAEL014842	405,381791765979	0,132330388004774	0,199248118287868	0,912094325458866
AAEL011714	147,720780347715	-0,0399079193215305	0,22173578958095	0,910868320192781
AAEL015041	520,456170159609	0,0853515142499427	0,165324146807307	0,945994982728005
AAEL022897	787,717024269929	-0,00245409890371286	0,172676838684847	0,948312222680994
AAEL015107	335,287905024517	0,0553897013931451	0,192864276761697	0,933323527335311
AAEL021056	268,887698279769	-0,377275039366827	0,365194729284914	0,502689574704312
AAEL023492	25,2526369721794	0,114716134810622	0,295485422796078	0,763007274949154
AAEL012835	1906,88780039484	0,0612318262988003	0,145072933874577	0,951597017620339
AAEL024342	465,03594741305	0,203690802927095	0,1965004103166	0,892293866435439
AAEL012832	555,016078567359	0,998678374212552	0,229243244355845	0,137030814681215
AAEL012830	929,402808788671	0,0555070199196157	0,197139772397783	0,930197126623031
AAEL011701	445,836072508095	-0,0238965933455727	0,176968837268045	0,945816287657392
AAEL011700	98,868399215835	0,151801923742736	0,256144256580455	0,807463648669833
AAEL011707	200,228148431658	-0,109845049699932	0,213348760533746	0,901206827394959
AAEL011705	235,450214189094	0,0780219056255297	0,198430857048146	0,925407888297709
AAEL011709	491,417814003549	0,067744800707574	0,159605345056614	0,948777058969066
AAEL011703	665,569224259775	0,0954845516307756	0,160718556864235	0,947005391899871
AAEL009654	1387,46489929852	0,0361489739230365	0,189571363888059	0,938300883693072
AAEL011711	7473,41354210716	-0,188529677679559	0,230211395321392	0,834175211473676
AAEL011715	246,248172346086	0,148830348691822	0,243206687882317	0,831889919171571
AAEL011702	86,1218378133157	0,0686795297159548	0,205069000061596	0,92083265002763
AAEL011710	220,486612334729	-0,0146969510913299	0,221170257253558	0,917061151127797
AAEL019709	110,523563166097	-0,221163025354575	0,251239435760701	0,777163516686225
AAEL007626	393,856651328921	1,24648114130208	0,637106965421794	0,0830740290257149
AAEL021452	497,211844419872	-0,19531229553828	0,190249567550802	0,904622944086668
AAEL007632	351,933897233762	-0,0302932921745486	0,19114682448998	0,938052891791589
AAEL007624	1164,47878484631	0,731924237160034	0,304829870339236	0,328418468473293
AAEL028180	542,05562602851	-0,0298894846250498	0,178955405501548	0,944390249784395
AAEL015042	69,8608048021536	0,0468982789174043	0,215230312659621	0,915835651248327
AAEL007631	2709,20200942129	-0,0315920583042399	0,148342286834331	0,951730776783031
AAEL010905	1119,59310570317	-0,0641177044994091	0,179932500089662	0,940689231289565
AAEL022757	2451,96377685265	-0,0721459706175915	0,150127967498332	0,950658127381266
AAEL010906	428,349380295169	-0,0998479135015222	0,18077196323569	0,935482577810724
AAEL010900	2111,62709373702	-0,096623680542271	0,176848400443597	0,938833826595112
AAEL010903	1151,54716629953	-0,0118744208368374	0,161335122570287	0,95042003148918
AAEL020957	845,109405670039	-0,0131954400027398	0,18746537955421	0,941912132022714
AAEL020696	1488,78483376706	0,0209878246718872	0,139749408142753	0,95224980068845
AAEL014904	760,384770021097	-0,208968723169304	0,269989969532766	0,751368178921797
AAEL014292	14989,9189998944	-0,0530602959345457	0,210293381924184	0,919246680395487
AAEL026229	628,323401049627	0,101258785901866	0,186125813467734	0,931492969428889
AAEL014594	25,7192681580516	-0,00589799324335764	0,230192801593385	0,910119250481246
AAEL000124	172,196607966273	-0,170135196032305	0,257368488806912	0,796967221592109
AAEL000139	15,1781532989163	-0,193296359344529	0,331837090965465	0,660800328390849
AAEL000126	605,829603594389	0,0894916103188146	0,166674482730043	0,945101028861768
AAEL000128	2037,3132403035	0,148281632960399	0,179367391446121	0,928841656742082
AAEL019865	159,967772743886	0,00551696947658484	0,178052622109987	0,946600358288131
AAEL010021	768,042323190058	-0,153718422733442	0,176740634314621	0,93008536885901
AAEL023506	107,439488542759	-0,00368509040856472	0,200798408089285	0,935050757921705
AAEL014852	370,850169815342	-0,00811477203919165	0,231297386675115	0,908037266534686
AAEL014851	1535,71658565157	-0,0967092336510204	0,13832777740516	0,951739667780118
AAEL010018	3577,3224843552	-0,340665666204571	0,294233040698268	0,618425232110273
AAEL010027	376,037811262716	-0,038341947655641	0,186559515636454	0,939685701547232
AAEL010032	2041,83496281455	0,0622385761936538	0,178320294975165	0,941802459372659
AAEL026334	15,9937534801506	-0,0404288958346701	0,253184749009495	0,869566213032924
AAEL010037	1583,67778449903	-0,152136432039538	0,251871940036632	0,814604269192293
AAEL010029	190,825962552788	-0,156174218745011	0,184472390238317	0,922219238073925
AAEL025265	613,338994436143	-0,0249627415350295	0,175724403796593	0,946249801694215
AAEL010017	3976,92690919769	0,184946504040428	0,145193480191471	0,946849509624023
AAEL024161	1799,63888287011	1,94377893164411	0,300566306173951	0,00010325684534198
AAEL014938	48,0784235390375	2,42494996364469	0,666052711761643	0,00250809181741802
AAEL020430	192,69430646766	-0,19718595637683	0,267352091822493	0,764386543032844
AAEL027479	868,301819045493	-0,250762807132877	0,227558830137954	0,805682041733148
AAEL026487	267,370048145698	-0,0506888886419586	0,169858606849967	0,946649288920562
AAEL025164	303,661061139794	0,021840517282	0,16473306905752	0,949405166843646
AAEL013688	237,906078073824	0,059123506068927	0,203427678708833	0,924667989963876
AAEL013689	286,945605947835	0,0881310492251696	0,235304895430738	0,876684557135933
AAEL023342	376,692639856711	-0,0325376058754005	0,172287546025132	0,946887220283223
AAEL026439	685,81016498511	-0,0163108320959964	0,204492299838023	0,930778042245446
AAEL013687	316,648805244257	-0,112296692700601	0,185991422628028	0,929549595228958
AAEL020311	1810,44051166591	-0,058361087657925	0,160110146312016	0,949046024224932
AAEL015142	347,466121990828	-0,0860010536869531	0,174928155608887	0,94108930330176
AAEL023494	213,667522730201	-0,123126530707764	0,192146186030684	0,921742996911718
AAEL014744	329,314610281842	-0,00465880163027222	0,160464771384832	0,950732353590093
AAEL019895	3552,43215389567	-0,232061872485507	0,149573757597263	0,939273308952357
AAEL012359	9438,19238495445	-0,0178639856502071	0,194375859502724	0,937506192831625
AAEL012369	516,140855792414	-0,0402649300544057	0,172453300485541	0,946442080564003
AAEL012360	615,394460211844	-0,0499704311081105	0,169200639688389	0,946876451270672
AAEL009445	294,525459285211	-0,00559426443765367	0,171623643641195	0,948429220889423
AAEL012361	59,3032878168231	0,191999674090581	0,268533946099665	0,7650177772171
AAEL012368	179,2338088001	0,397040593433722	0,257530047693084	0,639001184445958
AAEL020261	929,537584178174	-0,0536524266912999	0,150508104798456	0,951049912449281
AAEL012370	316,13918292997	1,00444496918747	0,450007544015948	0,133059017941577
AAEL012363	173,392050003432	0,0816956695884914	0,227229434577875	0,8912208646825
AAEL010589	761,467113718023	0,249969616386344	0,175255982001363	0,907468950265011
AAEL010588	361,357722121052	-0,084495579971482	0,189738872803254	0,931286354456396
AAEL010585	3355,67496804369	0,185455862734208	0,230259100322766	0,836246090412039
AAEL010593	854,328354722559	0,136429906490546	0,263148576455737	0,804451718075842
AAEL010581	885,510783040244	0,455480918079668	0,204027429815961	0,702944024004908
AAEL010579	25,0931880356051	0,146870206139069	0,286113887802274	0,760962421254408
AAEL010583	442,526170842807	-0,0382126001399374	0,179244707691825	0,943636584712708
AAEL015314	1071,67360665106	-0,404545010327647	0,199573927271917	0,761395819706941
AAEL023923	22,4331223274063	0,103063151809428	0,261941370806821	0,823163376621294
AAEL009217	635,341043844103	-0,0634376759301414	0,185231174694316	0,937610361219083
AAEL009227	627,427791958516	-0,320967893886518	0,204377143667595	0,809004776131111
AAEL009225	203,545917603437	-0,169342520999358	0,194344567175003	0,907239652621314
AAEL026651	350,859088394358	-0,0924778821024842	0,206297459919817	0,914531601208469
AAEL009218	128,291987503658	0,138592575607337	0,221858218451958	0,877548752662765
AAEL021011	42,3888397108462	0,0734593250385549	0,245338198386952	0,868221992698038
AAEL003354	272,165516958698	0,0244361813543721	0,180445405228263	0,94418887259237
AAEL009220	867,372219348322	0,0369500197112934	0,165589396142245	0,94857598757254
AAEL006428	150,490126572658	-0,0152080835099408	0,206807983259336	0,929187827660834
AAEL006416	376,996118148249	-0,0144355191275565	0,179857209976748	0,945335835548688
AAEL009224	485,195378208243	-0,065218269727358	0,181412064592194	0,939637066689879
AAEL028066	443,647074810326	0,918640376910652	0,4773171015807	0,162158335864833
AAEL006953	2665,98214422561	0,0325663886653457	0,170514806906732	0,947488657619147
AAEL005192	16,9949946368719	-0,013808275296721	0,267286887258233	0,858207663923026
AAEL005212	8277,6849598244	-0,0448011559751688	0,268117078657192	0,839650502779086
AAEL021372	1794,19969743046	-0,0790845053011539	0,222203119412796	0,8993280696591
AAEL026302	214,45259833239	0,15101016110223	0,295492066563625	0,740979175408944
AAEL004841	23,7393595451362	-0,042174762885574	0,237804773871391	0,890057132979824
AAEL014713	202,523623524255	-0,166737324143191	0,254725148797734	0,803205794432441
AAEL014960	905,188890914784	0,0734083886824997	0,15446430690123	0,94977372883216
AAEL014961	170,207350695757	0,0859186680552125	0,201797449713981	0,920266501215896
AAEL004861	162,780863439478	0,0266242928029777	0,208728984599844	0,926112564404556
AAEL004855	51889,4737448685	-0,147470506480236	0,227257737948601	0,865517796297246
AAEL004854	420,245329632182	0,225690162360543	0,210970044594356	0,854992227108111
AAEL004832	1187,35961488176	-0,162632653695128	0,161544865476251	0,940317695229743
AAEL004839	1763,8596241401	-0,153819873168382	0,178915629428287	0,928207977794011
AAEL004846	342,419116520493	-0,0845019397828232	0,1877373215004	0,932758839324627
AAEL004843	192,121493646795	0,0174992797901697	0,167940238494848	0,948847062984989
AAEL023530	15,9735551512165	-0,0197378668935057	0,249884760430876	0,881480280316417
AAEL004844	104,051132074957	-0,012791174152103	0,212997133591827	0,924970000947969
AAEL019740	2173,00146887593	-0,108431661083612	0,212894697819733	0,902420865855491
AAEL004852	852,450523875307	0,00663488872733994	0,159410343167348	0,950829437250533
AAEL004853	662,316693860485	-0,0020248055071348	0,211797077237902	0,92776262512414
AAEL004860	422,891051879669	-0,204819942893009	0,232932537451082	0,821600163979764
AAEL027153	516,194824816079	-0,150060154851159	0,205017651769451	0,899366731056139
AAEL020110	1277,65625794188	-0,127268168238069	0,143262463033142	0,950274180378113
AAEL004833	131,087360489621	0,117208352746828	0,246836629100696	0,841539999403653
AAEL004829	1702,73113213937	-0,0308699509709334	0,191897206004338	0,937446511716053
AAEL004835	273,306777297476	0,327542908578223	0,251392083425766	0,704437878386893
AAEL004837	333,10978159595	0,0332388455865916	0,193068176406151	0,936298257488747
AAEL027319	853,642164205706	-0,0997467128762506	0,156693135306894	0,948092056832158
AAEL014169	122,87140841864	-0,0124013521436439	0,196793366071432	0,93662184987873
AAEL014170	57,3595772520517	1,94429023495278	0,521399536685651	0,00589029836440431
AAEL014171	818,754092140046	0,665557921967314	0,258097940205344	0,408941343167284
AAEL024195	4136,21928742471	-0,191709900963088	0,183921515154905	0,914265927924572
AAEL015425	109,482626304308	-0,297881647044391	0,277648463711825	0,679402565458041
AAEL004859	3445,86342692933	0,0425003067668693	0,148953086635894	0,95147150516386
AAEL004862	441,413954215855	-0,0249436245681551	0,205838634893924	0,928443261427226
AAEL004836	26,843399206993	-0,0925196362386897	0,269965705878018	0,813881051121027
AAEL022427	77,4054963782634	-0,133284122982487	0,26243354617563	0,806541287717767
AAEL004247	762,595862251689	-0,127925450802569	0,261016523018898	0,811338799412466
AAEL014391	126,408204917948	-0,0140521536740674	0,193858167259282	0,938344441005277
AAEL013770	297,901884808814	-0,37006842897197	0,221087913384982	0,737757868697732
AAEL019674	568,774899880947	-0,243916325923158	0,22970045684372	0,805538097523935
AAEL018318	343,308102207325	0,0372096850063301	0,171688873175076	0,94680094573345
AAEL001371	606,137863386527	-0,00394785752417555	0,149631379456601	0,951938852862102
AAEL001382	480,397113095682	0,00904303477699315	0,16630855651046	0,949541580448878
AAEL004269	425,373774999098	-0,259695486558533	0,212721445666112	0,829540960446283
AAEL024632	182,351227686469	-0,444309447203563	0,361190829598317	0,463697038862438
AAEL004249	3857,2282026927	-0,572802521255694	0,187228155541088	0,626919865571204
AAEL020804	363,458982520338	0,110207924554493	0,193589614969919	0,923468783008527
AAEL014455	142,37939506214	0,346543157961051	0,279169475391742	0,63875716299701
AAEL026341	20,0988746128054	0,124060062539524	0,276366937479016	0,7874376764854
AAEL014453	50,8521434497056	-0,32507669121474	0,390945762388671	0,508364203495151
AAEL025272	74,2889199651048	0,957387958865721	0,479941639242796	0,147466202357704
AAEL014454	102,540425470378	0,68326143750309	0,336812097371644	0,339801268493691
AAEL014451	329,819276699715	0,949694581222868	0,382422219102938	0,155607713586087
AAEL014452	4294,1305639762	-0,137990574994791	0,258594644634654	0,809972771686101
AAEL019863	671,780521229771	-0,40775217701361	0,249914963268741	0,645939832887836
AAEL026706	22,9333526193688	-0,211964955939079	0,357242258875942	0,610401144465916
AAEL002043	175,089094359571	-0,0605760342242425	0,235654447710391	0,886559163046963
AAEL002049	969,183929171103	-0,175546621695327	0,257135245227937	0,793778848312299
AAEL002050	183,396856210425	-0,0712903258527834	0,191667085520762	0,931999699663131
AAEL008406	441,994602568691	-0,00889289241294532	0,182108437156906	0,944788675779122
AAEL002083	17044,3018628593	-0,172314974030021	0,153772082380292	0,943866023204313
AAEL002069	306,950648481742	-0,105204357374692	0,179676786053158	0,935506399510682
AAEL002056	277,982852532583	-0,031110718892333	0,16804551410199	0,948250969147438
AAEL024710	817,50056050609	0,172899750257508	0,164359693326455	0,936995243773023
AAEL014325	1122,75243765518	0,165769839743019	0,189923134534485	0,914125435460143
AAEL023658	190,61157046836	-0,28876894512296	0,252740152722697	0,729693667181303
AAEL013473	331,761540562124	-0,405365066970526	0,229952639762615	0,688803704970862
AAEL013471	149,296593710927	-0,109356301592429	0,194495649383857	0,922529707738314
AAEL013472	183,338751138135	0,0228729492781986	0,188764250002976	0,94019508857848
AAEL014094	512,290205422461	0,197854348508908	0,183772243998683	0,91272384980199
AAEL014099	293,087755993773	-0,0879206066059096	0,211180988562303	0,910134663431123
AAEL013470	435,723702425454	-0,127312772027589	0,167844180979401	0,940622023732321
AAEL014096	77,4405810798811	-0,0826919525773409	0,210315602831326	0,912549077273492
AAEL014098	683,861381655618	-0,2149462635146	0,20839326622014	0,867321556602822
AAEL018270	1080,8953796981	0,123148621445178	0,170144053788478	0,939650970364993
AAEL019861	2469,31873555578	0,202929230850857	0,206787226943447	0,874859357092384
AAEL014886	904,112035190442	-0,0503279787221446	0,181593511578378	0,94122146395388
AAEL021323	5160,57447164105	-0,188279966946908	0,208114999533619	0,879463472182123
AAEL020021	52,4907966791942	-0,0482746587264538	0,221066459313442	0,909357485873023
AAEL015016	1463,93172097464	-0,00559964132323079	0,154643308706555	0,951484984053251
AAEL012610	689,05094342599	0,366521260726306	0,236960032132946	0,703941580912059
AAEL027826	26,8342507744535	0,0422428832344293	0,250550709852566	0,87251603366466
AAEL012611	543,048163260183	0,197810340576962	0,199679781911833	0,889056432733019
AAEL023581	464,473406485008	-0,073558119420377	0,172173890149588	0,94382992033801
AAEL020265	1073,31388733896	-0,0721942436401867	0,165504509375765	0,946784738042591
AAEL013771	115,178508126019	0,00100212046838078	0,19731456514356	0,937773354621319
AAEL013782	170,829997411825	-0,12620282284733	0,204775139613238	0,906943166846924
AAEL013778	1646,30165348128	0,0901343383745498	0,192633105068903	0,928050260629798
AAEL012421	1798,6190852374	0,488110197953778	0,277237756267306	0,533897981661449
AAEL013876	1710,45504810746	-0,033567418322299	0,187408739542085	0,939748117040991
AAEL013871	224,608325291396	-0,00988093992295479	0,190961111566614	0,940344872914873
AAEL013875	6651,62771247416	1,36509420438128	0,23310974847722	0,0114586274958584
AAEL013872	632,682297427733	0,123067171877043	0,196814503222655	0,917139836765887
AAEL010572	179,915162528588	0,230428093506699	0,226580649612954	0,819140649053748
AAEL026040	784,270648057989	-0,15355297632747	0,18255025715906	0,925034402857007
AAEL011538	235,706828968463	-0,150591878861947	0,192771863727383	0,914864844676755
AAEL015199	800,616759598872	0,0489588220224536	0,177031130846607	0,943739459673856
AAEL011536	423,263303803196	0,260878801438913	0,203445952513937	0,849282166782361
AAEL011527	3095,34131259936	0,0139413307698139	0,150771876885129	0,951766321130001
AAEL011537	67,624111289653	0,0192326188246894	0,226691580389992	0,910686031130256
AAEL019864	733,359921481274	-0,168837328458687	0,215812965006352	0,874709808443577
AAEL000342	393,694767370309	-0,0115773400923081	0,198943453283643	0,935187323322868
AAEL024191	235,082871156642	0,026721970041943	0,180112396938679	0,944123408522701
AAEL000322	263,58622752387	-0,266674253234981	0,291014745208012	0,677455797961727
AAEL024983	1039,77842147305	-0,0173064482765653	0,267874576490479	0,85479144221353
AAEL000379	15,9430522348624	-0,0147665338974896	0,267679841202407	0,856969965103906
AAEL000356	97,678920979505	-0,0251369847638803	0,268776771406479	0,848103401106693
AAEL025221	309,061703811413	-0,0254740327854417	0,268901116897447	0,847484904530635
AAEL022783	18,9010722183844	-0,0233549920471443	0,267734617687183	0,85158568703485
AAEL027907	44,7662564867121	0,00686341305167993	0,228079143386796	0,912079577302379
AAEL000348	157,661093661373	0,184236121423006	0,273698648819566	0,760527451034315
AAEL000314	439,432821876426	-0,553252338324649	0,306380935181467	0,446192347602905
AAEL000343	2071,80932542331	-0,220520018962969	0,187505352822321	0,900323709849642
AAEL025034	21,2464949384598	-0,0140790487812865	0,242943714468286	0,892756679270537
AAEL000330	145,552978268199	0,109262884608345	0,197636761887711	0,919494798394993
AAEL024527	70,0860932626312	-0,0135020474383279	0,205001379802446	0,930860241858358
AAEL000362	169,022570377336	0,0959668142905303	0,201586832230389	0,918340651494826
AAEL000378	856,096660106652	-0,0125148629499232	0,159003174313068	0,950764757378779
AAEL000327	433,669040911275	-0,176365246342451	0,182235923052547	0,919986488824306
AAEL000372	400,599875076762	-0,452241877237449	0,274056320989637	0,56634609155844
AAEL020382	3618,96859989742	-0,0262984699431469	0,256494168571296	0,870083384558093
AAEL012974	1358,68750614754	0,24818599099681	0,320179260887744	0,640216700242054
AAEL012978	27,1256080472483	1,94472467612695	0,538148560900895	0,00736742582626836
AAEL012975	559,057054072283	-0,0603590261779809	0,17736947960502	0,942479619894321
AAEL012980	2068,87847249495	-0,212980502421976	0,258605334647018	0,76984898213356
AAEL012973	459,973771061786	-0,0333477736350828	0,183424229266065	0,942008559311582
AAEL019712	120,698503372582	0,109624111163582	0,194052773632851	0,923041686089355
AAEL025995	1270,5807323598	-0,0424899480120243	0,209905172996195	0,921672813523042
AAEL003590	1095,15815626815	0,944300445905596	0,25399967837997	0,178249922401218
AAEL003589	1628,40922338696	-0,151425174264834	0,251576553166487	0,815904932947715
AAEL021931	2665,2771243728	-0,537803316447284	0,196625886285511	0,641664565285254
AAEL020729	275,979140127062	-0,021610571611884	0,258733262489456	0,868782696803889
AAEL017560	806,961964797467	0,0158215655611097	0,172301569814478	0,947807700597848
AAEL027444	2189,40588002287	-0,143373307236605	0,183089367916097	0,926670896448147
AAEL014636	1207,48604095475	-0,0220331129511322	0,16079513348663	0,950241127417013
AAEL027860	2104,37138814386	-0,148102772360741	0,178180866576555	0,929813804497938
AAEL003594	814,264725712885	-0,315375804763712	0,273089811495639	0,674092293856631
AAEL024100	128,48736012722	0,0586950806158417	0,191302024118922	0,933962138210762
AAEL029013	1474,05146001852	0,0309248810019096	0,167795600483534	0,948296922896039
AAEL008887	4824,35331016369	-0,0429421975944495	0,204939432251142	0,926330700773596
AAEL008886	349,069796974887	-0,107680947626638	0,22799599481287	0,880725146682716
AAEL026094	151,179690177422	-0,0353156562354475	0,26600019201084	0,847971288657442
AAEL027488	9,37205509021236	-0,0104032663229411	0,25902111086111	0,87236083539498
AAEL008889	76,778867054619	0,822659056764945	0,491345086724781	0,207295930746521
AAEL021510	98,8305823237444	-0,189618147173267	0,253046297561256	0,79321059836306
AAEL022982	1120,63989835083	0,285162379771169	0,241285453179115	0,757102275776639
AAEL008878	1253,61132082664	-0,110297071755805	0,156827576021794	0,947472866319413
AAEL008879	875,417791728493	0,631794113035897	0,460543767945743	0,311350667440511
AAEL024583	4083,16043525409	-0,76945457010184	0,208611762976887	0,369164650882938
AAEL012375	747,364077621211	-0,0898837175386981	0,18315840821968	0,935211363508241
AAEL012371	1124,5422307293	-0,0905777271491085	0,193513277133891	0,927331873116071
AAEL010842	169,596369568025	0,00058760035794582	0,194103203144273	0,939539561295143
AAEL010847	262,939270651001	-0,0499328172375916	0,18686064956515	0,938293618157051
AAEL010840	3046,42585329354	-0,0619224560194763	0,181644132112394	0,939955238938115
AAEL010843	4002,86538175025	0,105188116749401	0,165529724991544	0,944171033972552
AAEL025862	14,2724539426536	-0,141006367554672	0,315890897730354	0,713409004618188
AAEL015118	3428,69996088064	-0,158911539657677	0,184353228290955	0,921696221967928
AAEL010835	984,93501647822	-0,0036063479313763	0,172105946191299	0,948383502116687
AAEL026776	70,6427332644162	0,070802443650479	0,217391479761697	0,907256068685149
AAEL010834	1352,11052139675	-0,0653012070489812	0,14540272924574	0,951475998959097
AAEL025822	640,637587499115	-0,12504915709173	0,160215108806594	0,945043452618839
AAEL010844	538,941700791143	0,129914833222086	0,158898900354066	0,945284464838997
AAEL010831	201,773652062844	-0,0162533155208694	0,168904452912958	0,948621366147454
AAEL007088	144,193200566369	-0,00627453930704468	0,213194512941277	0,926050002274386
AAEL010832	51,1869447843011	0,102849012202655	0,237597462108053	0,868155712653372
AAEL010848	2932,33685583203	-0,0178348900043927	0,266925379056762	0,856696334232482
AAEL007096	6076,97727075548	-0,0090392636310934	0,2665918055165	0,861649743556176
AAEL002358	1773,15979789963	-0,0185591880761482	0,147853651407102	0,951899147489961
AAEL018131	1102,9453626443	0,094246241407173	0,186017416380902	0,932594500293511
AAEL020878	2779,91563855345	-0,224907359294917	0,168547130758941	0,923569244167788
AAEL026606	156,476772765834	0,179299484184578	0,252521787014039	0,800741602071187
AAEL014999	1341,80682821368	0,197695452379684	0,219390383215937	0,853164947871544
AAEL020167	167,695210085134	-0,10942875298635	0,197749938389669	0,919283995541663
AAEL007092	1861,34564922821	0,0958676471810281	0,177725658816743	0,938373445063441
AAEL007090	189,749623124072	0,13447678453744	0,236797574625845	0,852917827580484
AAEL007098	28,261788104701	0,0509457577661776	0,230324268658041	0,897416666840172
AAEL007097	45494,2118828389	0,133950405705237	0,268124701505397	0,797904658047614
AAEL007100	495,171106480715	-0,000686000117715581	0,155688472113574	0,951453521656441
AAEL007084	543,123672197188	-0,165623836042185	0,203937821884748	0,895368676625205
AAEL013303	72,4056548992878	1,3393688988822	0,448779778762398	0,048826933356096
AAEL019576	870,560075288903	0,0468866095821153	0,174231426137494	0,945204362655276
AAEL024713	75,1124913776628	-0,221594570419174	0,30389651493903	0,684920944433227
AAEL022609	7561,96129288975	0,13738832904218	0,21996465259388	0,881372989500329
AAEL023651	178,406603510526	-0,163454868674206	0,262882205242264	0,789986658853666
AAEL005666	1230,92725694154	1,45634131144808	0,327729377202435	0,0159716634683853
AAEL021339	89,911917920499	-0,0293898309242179	0,238377003896161	0,893778229494999
AAEL026165	851,955977426404	0,0150610647744985	0,164879773697475	0,949677260436719
AAEL005676	61,3728071899672	0,0810858731721826	0,222112675310472	0,898548556519595
AAEL005674	208,085119226237	0,0484820787446561	0,222189470910653	0,907615758379299
AAEL014079	418,130047961611	0,517084896880357	0,277246210486346	0,512223850121989
AAEL005665	1273,89957279798	0,740846021690297	0,386772166889762	0,279504817769988
AAEL014078	5365,4416659528	2,12370862730287	0,507790009515571	0,00190426971958861
AAEL005668	13,703841640225	0,148580916180096	0,313016186956441	0,713564337608491
AAEL014386	184,390483743058	-0,0220601332678255	0,204821604601204	0,92963473629306
AAEL024500	589,776664064095	0,0313206635031016	0,153422357046769	0,951173063060527
AAEL006582	24239,2737251607	-0,525878816143058	0,193551456310905	0,6648550176665
AAEL026459	265,542194536808	0,035137434123613	0,266101466652195	0,847794780741623
AAEL020846	1605,4518702755	-0,0380841639823714	0,163359877691599	0,949154794593957
AAEL012412	221,022854336832	-0,116225118671988	0,218130885869684	0,892227424166788
AAEL006568	1710,82069357646	-0,00460541063223519	0,262023026949836	0,870436569373701
AAEL006584	20,8067039585079	0,0613376763277881	0,252796390305075	0,861210276818029
AAEL015432	5175,82171363955	-0,0221584912958912	0,263388521072165	0,861063167501355
AAEL006585	1886,80463418779	0,0553779446872193	0,267696857022118	0,834697820573332
AAEL006576	10247,6383661914	0,0586431050885092	0,262896935253044	0,842254937264016
AAEL006572	5432,95749774592	-0,135874071412717	0,221425692512668	0,879629549030613
AAEL006575	4213,36479949249	-0,0738173165444028	0,176653789823718	0,941477479109507
AAEL016992	1133,58048173559	0,0222801765549009	0,265416637389121	0,857552813661719
AAEL013976	20,0892807554189	-0,046229463608637	0,268754517236957	0,837665234270907
AAEL013972	14,6575053101899	-0,0366794410738138	0,264684373595481	0,850314714029056
AAEL013974	208,273759215436	-0,236604661540715	0,203643696699033	0,865206619645203
AAEL022180	1138,76666433995	-0,0675050090563285	0,176749006993877	0,942098269723814
AAEL009509	903,381369456951	-0,162956748608696	0,146788576815304	0,947719177302233
AAEL023413	2520,599456227	-0,246997562226461	0,185968522307664	0,89202760487469
AAEL007414	109,982094774251	0,137097694519222	0,23622725833186	0,852504108826757
AAEL019723	673,538617188575	0,0740648040381567	0,211327554863077	0,913644298334312
AAEL026357	331,942558446866	0,220758859197611	0,307907631905089	0,679982134094055
AAEL007422	345,205937985504	-0,0831837229402526	0,17827517449082	0,939469721505877
AAEL007431	384,171528601975	-0,11655631876665	0,211497367690494	0,901651774579459
AAEL007423	146,586248400346	0,0614855661416675	0,196139310355215	0,929954531674099
AAEL020689	1871,31575713572	-0,340582639690867	0,259208615405611	0,682659860387583
AAEL007432	470,730014979862	0,120896642523475	0,298988877109309	0,753232107691284
AAEL019528	862,680694028643	-0,0893684956138565	0,172436140143526	0,942219576553171
AAEL007420	494,165303643409	-0,231921558038655	0,234501235890294	0,803720727793573
AAEL023026	22,6615973627635	-0,0425247177859601	0,258663512060346	0,859461833187052
AAEL023194	93,0663854515644	-0,410775360433732	0,32858156457692	0,523885035005413
AAEL013341	701,537353677171	0,764167507747076	0,208150962973428	0,376740210164721
AAEL013347	353,798828720582	1,51700691026545	0,266878934350808	0,00481458987581981
AAEL013351	47,3645429312735	0,112381627570518	0,256033956981957	0,827749943248736
AAEL013338	15528,7536367101	-0,0102969497414848	0,239574388199265	0,898193824511389
AAEL013352	19,0086734796149	0,149896574604334	0,31333823604295	0,712942021513372
AAEL013345	2,5031878593666	0,0265675599490482	0,266511942184786	0,852421085633489
AAEL013349	12,4265347443353	1,51513417938222	1,03040581450493	0,0708996864571699
AAEL013350	8,72234235049961	1,56035359481968	1,31391447932765	0,0768922712099992
AAEL013344	1035,92951320276	0,0283193178072191	0,240473946528661	0,891130482346972
AAEL013348	7,95703296770521	0,130440732931204	0,295858325223386	0,752768732286393
AAEL010659	1771,11911420458	-0,246979456118022	0,220690121592178	0,821418017427538
AAEL022286	30325,429783699	-0,00727597822005397	0,198205945514447	0,93633695355703
AAEL010665	1370,31472726504	-0,157991995895667	0,165805307420834	0,938162545288727
AAEL010661	1426,93439390664	0,838126247991425	0,24298211076785	0,278051443049212
AAEL010671	50,1500036646092	0,917857875676855	0,438816299584422	0,168662706722619
AAEL010677	275,032844347391	0,729838793778186	0,437569809010237	0,263260595455415
AAEL010656	391,633882839176	0,0406870853383417	0,211903779804363	0,92020579576587
AAEL010669	39,4311297044448	2,65537233934085	0,688941398859365	0,00132599054320128
AAEL010663	222,983894916111	0,0817948469425621	0,166139070481653	0,945928110370599
AAEL019604	9193,19915306159	0,934429646430228	0,359858330698704	0,167854775345856
AAEL010679	541,379135566153	-0,00290561769912238	0,165350360387167	0,949979888589799
AAEL010676	204,634515859815	-0,0468435892693151	0,178904383208545	0,942992747257404
AAEL010673	699,967053710522	0,156710565136215	0,210189514330349	0,888537372318483
AAEL010655	101,019698511216	-0,23985461343179	0,282137170353724	0,709311769422069
AAEL018276	431,646226047654	-0,234411574162887	0,225089056590333	0,820009139441906
AAEL014422	188,315578028959	-0,0681023273801328	0,17716004542336	0,941828301943052
AAEL019538	388,900739009899	-0,0446409681301301	0,192818137195148	0,93488126287887
AAEL022600	1026,29228629808	2,84250685982542	0,45358776747588	3,57131365987802e-06
AAEL023007	20,2544722336094	0,132723518365485	0,280854686390902	0,775450353740912
AAEL010917	233,019226248137	-0,0872249830749141	0,222317322445879	0,896279775197478
AAEL021099	1139,86735792894	0,0558948171609665	0,202423378438075	0,926133394933012
AAEL020579	150,256214710422	-0,446547326700306	0,393635588227085	0,434364104491319
AAEL027327	29,5634714228916	0,132374837544637	0,280503280003048	0,776024303026855
AAEL012091	166,301661897241	0,011052392805063	0,18586357454206	0,942880895323956
AAEL012093	327,168263880959	0,379574498054956	0,311400407079857	0,564614792677217
AAEL012092	2377,18010984763	0,125387683600978	0,241348800366525	0,847396136642784
AAEL014840	37,8628890671546	-0,0312578496875275	0,227804431807775	0,906143196091568
AAEL023810	158,674258179305	-0,182949236664571	0,237827473313154	0,824347379241732
AAEL014627	140,267963128754	0,012839242243129	0,249391045996445	0,884126542953626
AAEL029115	81,1280624609526	2,0544851034551	0,742954475565592	0,0141440163806846
AAEL006310	47,0139304313203	-0,0826149450647742	0,229504739938594	0,887266743568096
AAEL006322	2761,6812419347	0,0775175795619721	0,139355113876343	0,951881479591892
AAEL006308	880,473789702241	0,116960704416275	0,199368148671977	0,915916677834657
AAEL006311	377,737450445387	0,0499227416612484	0,17082410065681	0,94638728426134
AAEL026069	15311,4754860663	-0,879165011086875	0,488105497676729	0,186167997086347
AAEL025672	193,969966713238	0,0650398434356331	0,190980457541768	0,933255585940337
AAEL024454	528,378381750561	0,0788483756926724	0,238780182356872	0,875097894554806
AAEL005641	454,717297692495	4,13515821902753	0,482961126362296	2,23170892341075e-12
AAEL012203	1428,46209132949	-0,441397138161231	0,326432249811865	0,504009557845955
AAEL011465	1013,1074781227	-0,00258592672709858	0,164265317442875	0,950165412538119
AAEL011466	42,7378042505179	0,0182220476862941	0,216704260509181	0,920339225950367
AAEL012202	195,747316888452	-0,0954366752559506	0,192389598608541	0,927422455041422
AAEL012195	267,226484074932	0,0776384321492136	0,177701734715279	0,940439800204346
AAEL011468	892,577365310979	0,411341512060863	0,198402849631846	0,758217727479881
AAEL020680	157,052812823957	0,0258874087912198	0,209707569021732	0,925365392688402
AAEL024291	145,776455782812	-0,0857382580587117	0,21916247546523	0,901113622951266
AAEL027091	101,146530675353	0,843104851939016	0,335197953802771	0,230675434218874
AAEL012086	4305,73756783387	0,206641026525532	0,390780462568465	0,573148342193392
AAEL018234	153,963618848096	-0,0540404081357482	0,195437874530315	0,931822755457041
AAEL012280	480,5116729985	0,893927847608349	0,202893327491615	0,245945137029851
AAEL012276	472,090410268078	-0,0637206808231146	0,166533972793699	0,946951742781795
AAEL022891	807,109729216408	0,336807865787215	0,240190311906186	0,721712145290693
AAEL012279	1278,95343087176	-0,100606970249698	0,176873819898574	0,938315409633579
AAEL012278	607,990404170467	-0,0649471367479797	0,172890646698524	0,944212639693614
AAEL012273	244,367472527872	0,267968957647622	0,207688483676023	0,834122769117487
AAEL012272	1264,23853209384	0,12583904875202	0,195721994374585	0,917776891289909
AAEL014932	9358,22445930277	-0,160420983051152	0,20603817439854	0,89403594098213
AAEL014934	112,343909830316	-0,120523736468797	0,217968740976803	0,890585019586437
AAEL014931	3454,5469351754	0,00362145861555035	0,196175582018752	0,938199010240237
AAEL019440	1739,72408190212	-0,0378647704782014	0,171296157614182	0,946903365618101
AAEL004790	687,023953257834	-0,131634456740133	0,154226106565127	0,947037529315924
AAEL004183	629,28733591789	-0,131438563360942	0,175415215263703	0,934743403311886
AAEL004151	11961,425036176	-0,0938402361174306	0,217997501020139	0,900247821655823
AAEL004191	86,5594987220412	-0,00621952889588267	0,214162075548182	0,925216276029422
AAEL004168	431,225506840238	0,038003428710056	0,162634805497804	0,949307276098488
AAEL004196	645,926683886096	-0,0230151625985334	0,180801134920201	0,944117449627655
AAEL020258	815,838474634883	-1,11358331118438	0,348017941217903	0,0880221902884277
AAEL004188	462,828231735564	-0,0703737422970699	0,25086677317057	0,860099308155052
AAEL011007	1308,06596423838	0,0289565768507788	0,210568298229257	0,924155540477416
AAEL011009	86,1220989404947	-0,343375819313672	0,399357826476131	0,488692025021374
AAEL020849	46,7485152516261	-0,275983654089293	0,434862020752511	0,494642094124806
AAEL019632	1673,57562458657	-0,00621190500835962	0,15480522393723	0,951458018782729
AAEL004171	81,6137990998047	-0,222779849237351	0,323848116928923	0,654423954529657
AAEL011172	89,7324615715521	0,10642244727867	0,248743479970658	0,84385184441563
AAEL004172	1895,44239326857	-0,0731677803118842	0,191895146885889	0,931528775699145
AAEL026111	725,067611187241	0,0468950839375825	0,197925220411208	0,93097863058572
AAEL023037	7383,82828764651	0,0501626264153286	0,202722637731569	0,926865345298938
AAEL022725	1146,21930341298	0,0039158301168073	0,165337332614419	0,949951223769982
AAEL025390	21,8715727366831	-0,171374512138727	0,300745349959491	0,720976988447587
AAEL004175	12435,4666594398	-0,0728353029781307	0,211426205194816	0,913828897617496
AAEL004176	2255,48619838509	0,117977584035695	0,171467056022918	0,939490690377746
AAEL004161	234,151098832769	0,0437088085847256	0,181062469542066	0,942225947044836
AAEL004165	155,409502726517	-0,0969278882885585	0,187648443418148	0,930887598365613
AAEL024448	44,2580021892049	0,0077768803034547	0,216257280802408	0,923007764808504
AAEL004154	315,186493403181	0,111990065807865	0,177398120937338	0,93623624584065
AAEL021611	51,2585775021267	-0,0459237363457071	0,228365583282141	0,901725543147434
AAEL000568	1058,15526261683	0,279098066201352	0,171348756072815	0,903516705262111
AAEL000594	588,269277340698	0,0452952252329924	0,155079811020711	0,950588336897146
AAEL000579	301,981450246745	-0,054199545085883	0,189651543815935	0,935720005837655
AAEL018336	206,813839868871	0,203669960223919	0,20468373081242	0,878569938215698
AAEL014972	2134,11522534686	-0,518249296000643	0,393144125272593	0,391590335010193
AAEL001168	429,907399145247	-0,337060019377556	0,196320271936562	0,816676622004088
AAEL019452	99,7851918331237	-0,549145416762058	0,373758780891083	0,388529513936322
AAEL001169	957,899738155898	-0,133122387537799	0,210482993333605	0,897175149484976
AAEL001184	252,429994071543	-0,292215396490381	0,267275930577885	0,69957075401516
AAEL025903	95,7798969159184	-0,0652544674435086	0,208009335722421	0,918758425203454
AAEL023521	2442,59420937634	0,209442476827789	0,217933906277479	0,848191348635631
AAEL020233	275,98407061773	-0,0361686684263907	0,170395296876077	0,947293232212126
AAEL020322	46,1568464464695	-0,18795033946752	0,268019110736094	0,768022215937521
AAEL024852	1785,77630569568	-0,183441697543907	0,198466335755814	0,89695275776368
AAEL022590	829,73068021739	-0,0944524544185412	0,149919378091236	0,950027590392789
AAEL007184	1162,14899357096	0,0636878495883751	0,148455970749352	0,951141194663547
AAEL007173	1621,03664113634	0,0858550904221059	0,185493809978211	0,934194343195588
AAEL026804	1641,35230062172	0,0969290383712838	0,16049244290598	0,946994670759073
AAEL024330	53,9501588559987	-0,168990977879312	0,259832307901795	0,792557341801748
AAEL010190	521,27546132872	-0,33946715383812	0,208808399357263	0,786313890634524
AAEL010975	4890,35676927193	-0,339537280672515	0,186881133285611	0,83563027267249
AAEL010968	203,286558711963	-0,0432751759329625	0,188334248742993	0,938228151252054
AAEL010966	695,267729308971	0,0699350390084561	0,164051848461958	0,947420159991299
AAEL010971	1066,05979080393	-0,212877431469019	0,263697948050335	0,76193536612254
AAEL010974	719,198241906388	-0,0617302193857434	0,189721852599709	0,934637586809212
AAEL010970	155,205566491227	-0,0671178444510071	0,194066506088652	0,930668138249415
AAEL010964	114,014624418844	-0,12871385062283	0,216359318095551	0,889987902657123
AAEL019615	69,2076093787744	-0,0329523500112663	0,233070190127138	0,89971335233976
AAEL021417	1386,29535699783	0,838714113402234	0,672258486979169	0,183808564524665
AAEL014311	921,879444103883	0,148084920570095	0,229742423813002	0,860434460536367
AAEL001268	98,532534071788	0,0790553425267608	0,208136314027022	0,91570025942499
AAEL009422	7951,54373700413	-0,072976012438106	0,146097488762354	0,951232137065049
AAEL009427	2127,01385085727	-0,210404685787695	0,15712360982004	0,936805288065684
AAEL001246	290,01144120405	0,0670434281231354	0,237593845815087	0,881774332861222
AAEL001255	407,411881022107	-0,146725208611156	0,160694437313718	0,942712292023662
AAEL001252	731,805966065324	-0,128443133937942	0,169684651623459	0,939343602447325
AAEL001273	1882,9517095657	0,0255833493220992	0,167772967782438	0,9485254728286
AAEL021982	131,629473442492	-0,0488698097305408	0,210813732237805	0,919679888729551
AAEL026075	1243,79138956687	-0,223789720611458	0,187647527357894	0,89852891402126
AAEL014832	74,0302310325482	-0,0315466019356648	0,238958583066968	0,89231599566486
AAEL014836	240,420188822314	-0,0620475136118299	0,172519501490757	0,944689605475346
AAEL001271	1474,6428809074	2,08554574418675	0,478298844499746	0,00183210325170041
AAEL024753	83,8849023671541	0,150061807405536	0,235635746115844	0,84559884778718
AAEL001261	1047,56173686299	0,134698207296179	0,239025796771241	0,846816617734616
AAEL022720	71,6998782242802	0,299695749674198	0,395063806568597	0,519779539581366
AAEL001277	1347,74554750346	-0,211494005934401	0,181842974242175	0,911245709784749
AAEL001275	1423,75536335288	0,0788396883503982	0,194845517246146	0,928148914946339
AAEL001254	2026,19299838288	-0,0684257499031226	0,152664339368549	0,950311901462191
AAEL001249	156,158601568392	0,00939507721819948	0,19916215228013	0,935307346182006
AAEL001260	173,253624586071	0,0263528329780845	0,194952699457002	0,935940034128316
AAEL017283	236,70434751133	-0,160935400631444	0,179542339120151	0,926444449482369
AAEL018194	370,948353402992	-0,0218850323719186	0,186048356017043	0,941744229554883
AAEL021578	633,836467196197	0,28081624831112	0,181698655017159	0,884075288219225
AAEL001247	815,624564043032	0,0912535026803148	0,161196366066973	0,947101687355766
AAEL022919	44,4722782071652	-0,123262811466557	0,236910776060779	0,859273234049488
AAEL001257	508,182095820713	0,210465809982039	0,263151009265723	0,76375194767575
AAEL024490	162,392710408954	-0,298058262518123	0,294831438353297	0,648736062048428
AAEL001245	987,248024029318	-0,335740138645344	0,202642489828386	0,803940595277579
AAEL015416	34,8675978758551	-0,079535391905572	0,23280962825323	0,883741024824692
AAEL026446	729,469630113163	-0,150430017073272	0,190140536585105	0,917892838065132
AAEL001250	537,405212714788	0,21972137465892	0,205438821975227	0,870372496779227
AAEL026497	814,921696748028	0,0875399967937644	0,1738189096552	0,941575353638601
AAEL001270	356,396604777376	0,0495198679242479	0,162670702468104	0,948802082387949
AAEL001281	842,46571270293	0,0724889501642054	0,174349940680746	0,942855979706559
AAEL025872	636,206434657671	-0,0117762968409633	0,185711034100159	0,942893344986798
AAEL013445	1124,21211493908	-0,169200707196542	0,168249504147345	0,934441329000501
AAEL013440	84,641419929966	0,223719861301579	0,243189900950623	0,791652362222873
AAEL020342	44,8663275951947	-0,341492681453378	0,444314135340523	0,45299193960505
AAEL025092	141,932444508627	1,85820736232878	0,564240909220923	0,0119046326372997
AAEL013441	454,917780272007	0,378105275745393	0,254066481221873	0,664432638103272
AAEL024968	7,52501085342486	-0,0239545169977301	0,257611119603048	0,869371211834858
AAEL020963	187,652511008951	0,218368505898167	0,267090858471175	0,750779972138658
AAEL022658	78,8831612367612	2,77473465929349	0,64458520280428	0,000407791400724224
AAEL027052	746,150910791526	1,08068540632171	0,395095352803718	0,106845960269523
AAEL023508	738,856270980739	0,0753561684929045	0,154709386155353	0,949682092656656
AAEL014371	30,374190382298	-0,106024361561468	0,283754354381241	0,784650019302913
AAEL019608	40,9717239474777	-0,0738573646998826	0,236549950718401	0,880941878401799
AAEL008562	1156,31169496157	-0,0782898650198294	0,189999444437854	0,932149381721623
AAEL023936	35,726903988705	0,016282813365199	0,233403553265381	0,903782415625635
AAEL008556	911,151698216259	-0,209277848682829	0,241187578019984	0,804013775485699
AAEL008561	277,618465549036	0,0334071124147472	0,179015764642487	0,944063762324388
AAEL008565	1606,53355700078	-0,0250559913738583	0,172424319578168	0,947272017979874
AAEL008569	502,48489468997	0,224684074444212	0,19242063177115	0,89014930471294
AAEL008564	2499,03220092346	-0,242257787345808	0,208028391381407	0,850613216321581
AAEL020159	23,5682626050325	-0,118169010336363	0,282376079600291	0,780696149717127
AAEL008557	751,552929250947	-0,105127115359098	0,17360765674895	0,939678758509195
AAEL008559	247,287938323603	0,136218151316391	0,237395486784134	0,850271973615918
AAEL022646	4276,4446695721	-0,282222716139287	0,339286963790293	0,589642698133527
AAEL014642	1769,74836973128	-0,102859828461122	0,170311486073614	0,941963599780604
AAEL014646	129,882152588327	0,104014882949666	0,201071971341669	0,917192210966866
AAEL014644	599,83161448165	0,0673988924484461	0,177372466238955	0,941757179582109
AAEL014641	164,705072740534	0,124333394039345	0,193978410805853	0,919778256052851
AAEL014645	207,744738678371	0,00596841102456822	0,174165755578016	0,947771286159868
AAEL014640	1457,32392803106	0,29358517079939	0,239950780305461	0,754038867268792
AAEL012380	55,0017510481345	-0,0712260196676484	0,221773579266093	0,902457189406784
AAEL021026	132,408406485765	0,926775042046272	0,279419059619851	0,191615222316356
AAEL012372	232,570805461485	-0,0210269546835952	0,201130597775122	0,932516374802585
AAEL019810	59,9738141266285	-0,0867854659212537	0,254101173938991	0,844037596092201
AAEL012377	158,504121127236	0,0348032049138965	0,217546816163354	0,916265997988303
AAEL008784	1403,32565855877	0,0533206562577327	0,237782599170111	0,886090743043677
AAEL008782	111,664063629339	0,0160494877493423	0,261555134007754	0,866578727925859
AAEL008767	29,9865051329808	0,0127068447835428	0,256967894325059	0,873956678527174
AAEL008766	97,2181388110753	-0,0526799365533761	0,207623244283756	0,921719616425953
AAEL001076	198,207502291811	-0,0436847000674254	0,199117175988535	0,93053947504419
AAEL013410	323,921826849646	0,0625355006557636	0,197873297479646	0,928472563497468
AAEL013407	5772,26476155665	-0,00706224631870469	0,130837644563135	0,952341001614828
AAEL013408	422,925571995429	-0,171776077059852	0,213630637484993	0,876829435315488
AAEL027347	36,7393020345157	-0,0238196631731738	0,243171355156789	0,88879750799911
AAEL023676	1001,5880096189	-0,0900348905588976	0,200825222926691	0,920375538594395
AAEL022867	1805,09885971097	-0,10614147355345	0,150446370993626	0,949439339346747
AAEL014029	307,496475419608	0,271743798457246	0,214979131792755	0,818011656497212
AAEL014027	261,46066073562	0,152883749778975	0,217795420491522	0,878400924579102
AAEL014024	196,203373855695	0,0662235413854828	0,206955061070831	0,919692197832993
AAEL014028	648,22119854127	-0,131320256171733	0,157969624034947	0,94560254527441
AAEL012914	1247,84037607624	-0,1376007749813	0,156547766342447	0,945726495931536
AAEL012918	2063,68423791505	-0,0843152862917394	0,190014424866697	0,931069423329168
AAEL026811	870,483676172862	-0,260571713193045	0,173869435500926	0,906160002367931
AAEL012916	754,770481370044	0,0160677781652224	0,146576659821197	0,952022460424399
AAEL009044	48,3746288602031	-0,118077840224572	0,272134740155473	0,79906441288845
AAEL009045	74,9722133996343	-0,233020409731161	0,278691971975796	0,720238028563862
AAEL009047	1258,53678271882	-0,119790938245151	0,19796514874619	0,916705208812835
AAEL009048	264,606921214258	0,0791264840153535	0,163559079768382	0,947032175786995
AAEL009051	479,744146027338	-0,0223999837142839	0,205169374759699	0,929273844800393
AAEL018168	886,659823839343	-0,125063585548273	0,175592866204387	0,935593595446896
AAEL014773	40,9224107815783	-0,0834690922976054	0,240634533785462	0,871547682753953
AAEL014774	362,1594533292	-0,155543121107853	0,201332400445967	0,902782888955424
AAEL010125	1052,09943052837	1,99526658591568	0,347890507390315	0,000256019293944128
AAEL010132	144,170476056478	-0,234263647880167	0,280571976927499	0,715262141658452
AAEL019527	36,8171406674863	0,0180730294603983	0,236695138842313	0,899655748001183
AAEL019526	641,832086560437	0,253196684195953	0,345941322740318	0,599388044011178
AAEL010128	251,24432400627	-0,0901678850454889	0,261781928106662	0,82887370277225
AAEL010127	24,1568436614045	1,86270239085403	0,763113440234735	0,0261315969999261
AAEL024269	66,4786309950963	0,0294765151668922	0,239064527458503	0,892910067912447
AAEL015527	537,870642850381	0,695763933372586	0,699199672690869	0,223680412272455
AAEL007109	137,889238538627	0,753858420312199	0,373208808043483	0,275860121522581
AAEL007106	175,987372811823	0,0598035322378092	0,201165084589942	0,926454772860869
AAEL007102	401,903908230383	-0,314538383881058	0,358816572840017	0,548050786830271
AAEL007105	49,7031368373903	0,0350569350590237	0,216500435069131	0,917218373251355
AAEL007103	1202,54024899589	-0,102879336720869	0,245772993149372	0,852046322382457
AAEL007104	105,058853898832	-0,226486078021726	0,273027906081015	0,733651883494336
AAEL028064	53,9839838954344	0,0223111070938862	0,239901446562471	0,894078771412018
AAEL009861	1705,60289622558	-0,0970477578324586	0,25229252846712	0,842017341844563
AAEL028209	24,0235788310644	0,00426120370890897	0,254606776107389	0,880371270184962
AAEL009859	9776,9799870384	-0,196469807237018	0,275587861504951	0,749237654556976
AAEL009864	722,725610873028	-0,0435642907918026	0,175572026439892	0,944875796489718
AAEL009862	267,638324773839	0,214761181426053	0,276506002444817	0,735256365892001
AAEL022139	11,4729161696059	0,119274693415071	0,289335673029201	0,770050197769929
AAEL020112	468,929424891988	0,178243913511846	0,298581166264989	0,720386130320908
AAEL009863	3467,35142740803	0,0640006376107902	0,190535485071456	0,933677962497061
AAEL009858	136,731757137804	0,0353953853708859	0,186506556188616	0,940119913996429
AAEL009857	1389,84729117914	0,188143175117579	0,194189783262709	0,901872748886643
AAEL001776	127,64549589964	-0,0357632880975998	0,217379642167305	0,916185643450626
AAEL015019	204,879048169288	-0,22857308084396	0,314499825161842	0,665906413896842
AAEL001766	146,472567308329	-0,0471507269178605	0,190348958600699	0,936244003898323
AAEL015018	228,777719785256	0,0816429225180328	0,203605596342299	0,919630614564631
AAEL001781	233,432368588414	0,0774750501810685	0,237841711075897	0,877031694213526
AAEL001767	1129,79940413873	0,0728206889908296	0,164824105870239	0,946983945279497
AAEL007800	2745,60873362872	0,0292443508636774	0,215764482556682	0,919047082218384
AAEL007811	209,776594715818	0,103353379590103	0,181891031481954	0,934227382102781
AAEL025001	104,363149244832	0,0492234708248451	0,2254304004035	0,903888290732139
AAEL001778	130,706394786397	0,00726675145367338	0,180645029063634	0,945523372377444
AAEL001752	1227,83379738716	0,0700958978466972	0,162551674046719	0,947906284312482
AAEL001754	78,5539481510567	-0,0564631282564546	0,223178873012538	0,904553461160659
AAEL001779	2227,10007501657	0,25981992905714	0,159949415572596	0,924797720423225
AAEL001759	24390,5337047899	-0,042073410450629	0,209079380438436	0,922621223361113
AAEL017164	886,91662446741	0,0142479513631661	0,1777000078296	0,946222220524343
AAEL001782	370,523089674814	0,212194022514019	0,210727744698317	0,864088465320601
AAEL001749	681,48829433248	0,0768634530346924	0,166598232744806	0,946128232449842
AAEL025977	1130,5271924481	-0,596616243636614	0,211322690552631	0,54767861432683
AAEL001751	522,184521161945	0,087678277340249	0,217217164951654	0,903124332542715
AAEL019725	461,13386289871	0,279003002598292	0,251738048172109	0,739442769512201
AAEL001787	174,716682081442	0,0343902434599135	0,185096311310408	0,940963199026448
AAEL001789	104,777815883563	0,248907185801761	0,273464845281688	0,719047587932089
AAEL001765	405,461889325124	-0,0175257052695468	0,180367437932597	0,944864196283922
AAEL001775	45,171965534148	-0,00138056700678042	0,224783248174957	0,916492834904416
AAEL001756	248,082366735308	-0,0745042925993192	0,184880415011495	0,93625176006841
AAEL001764	219,43601164577	0,103653313532462	0,188885366798963	0,928715817396618
AAEL001761	194,91418619155	-0,0746293002717834	0,191935558626758	0,931159977531157
AAEL001769	2346,21754597324	-0,152539001910837	0,138307992974067	0,950448161967512
AAEL014334	71,0397943969616	-0,242991218347569	0,282105882716251	0,705916947157965
AAEL021034	9,95288008664638	0,00682505777522037	0,259059442531094	0,873378223344979
AAEL010879	442,878462235719	0,524308716467732	0,257216325810441	0,53429100765179
AAEL010883	1202,50438248226	0,278002433547997	0,234663901299032	0,774002651907204
AAEL011765	159,941752346671	-0,013192529786887	0,206170625225683	0,930010664664637
AAEL024549	1463,84507494921	-0,165050937984611	0,214536793867457	0,878738482812828
AAEL011764	205,75648439529	-0,484499643247501	0,37026962021193	0,429407403649114
AAEL011763	402,341582032606	-0,290869046990975	0,28918782027005	0,665486642129191
AAEL011766	54,0687212736822	0,00573260475914496	0,227352253490043	0,913186513384574
AAEL011771	67,7289950190295	0,155108894632712	0,254211065663265	0,809213028345038
AAEL011768	32,2308098781513	0,183838946674666	0,31421357718681	0,690800528990163
AAEL009616	1044,72805031485	-0,0556923455472327	0,274021063938557	0,82545765134159
AAEL009610	45,9783033940069	0,0724430373557285	0,227330100892898	0,894398899709381
AAEL009601	1242,76559677963	-0,0718043919741279	0,166309919576538	0,946551337820036
AAEL009606	913,715468906724	-0,128919096969602	0,182119003899125	0,92987016316634
AAEL022010	248,4157627686	0,0606575579246844	0,197928724566876	0,928735206256765
AAEL018181	405,554711649243	-0,175613618128953	0,211039461746532	0,879960334494348
AAEL019918	305,908899492986	-0,171567231116437	0,235824804725038	0,832854139959692
AAEL025083	17,124804339628	-0,00541393716910105	0,254303163532911	0,88039856595698
AAEL009603	248,987300535599	-0,163598922343964	0,214793370095421	0,878962482899165
AAEL009611	135,481335671064	0,00691294519397114	0,179476112276357	0,946006112043109
AAEL009615	1777,80195657398	-0,0236829518579162	0,191364863646963	0,938683523977514
AAEL009614	830,550698003373	0,147916642622871	0,150547488585355	0,947340901877621
AAEL020903	1419,36708559886	-0,137030222822937	0,204005678322115	0,904657647644647
AAEL014715	2371,2031838173	-0,0610527646437275	0,187126087439836	0,936614183507655
AAEL015335	450,001369178897	0,0884342093870473	0,183237730974618	0,935323315653019
AAEL015336	218,473303868279	-0,152028244763469	0,254754412369419	0,809697196954553
AAEL009607	8387,14281568136	-0,135321172609143	0,176469566388219	0,933391330555053
AAEL009608	305,755192526839	-0,00833901276075343	0,170353118025284	0,948601207783165
AAEL009604	2514,68251357547	-0,038306922402673	0,13239652911802	0,952319318722024
AAEL009623	151,658454683905	0,340053761511254	0,292316952933006	0,621119130911374
AAEL014510	479,223226091343	-0,138159736900991	0,230129780479086	0,864894000410112
AAEL019788	1271,97817910965	-0,266993929953554	0,215919063721595	0,818890970429657
AAEL009359	140,158967016462	-0,103733190464313	0,207979449962614	0,909545231609557
AAEL024240	43,6015861349983	0,07383116835123	0,263124355096463	0,83338508168186
AAEL025613	80,8752077898646	0,774717711799466	0,353819178341831	0,269240532998393
AAEL009238	1045,33506986616	-0,393993942209376	0,193021762621866	0,783139304530604
AAEL009235	867,679773241282	-0,114952347137558	0,180714467215707	0,933306554957091
AAEL009242	343,644138881741	0,0780567395492284	0,181845409905984	0,937928146768501
AAEL009240	245,83761604224	0,700266696790906	0,409979147238974	0,293837158206877
AAEL015022	280,842799150088	0,0478078941136735	0,190249833329804	0,936205194720353
AAEL015020	39,0953323989303	1,5045497484976	0,693498411895997	0,0525568750437627
AAEL021375	287,386579169939	-0,302950568578537	0,2412020733738	0,744122997432675
AAEL026959	22,7105738807263	0,502128894790803	1,14862257618464	0,222124144190812
AAEL009244	4080,14300744681	0,279893453473376	0,344465186560031	0,583639873068665
AAEL014297	42,0829649132372	-0,123322566146675	0,245864190002502	0,840090522012856
AAEL014296	1329,79074334063	-0,0761832559814455	0,165167791274615	0,946692707597961
AAEL023217	607,496831533105	-0,0644826948974077	0,178690897713438	0,941346468497568
AAEL014990	207,177951743675	0,502691696073462	0,225338374000722	0,610683169773429
AAEL019745	1966,05169784361	0,20733538094449	0,21900432968826	0,846682257815113
AAEL014992	610,360383974918	0,00123777576308	0,145217178691011	0,95216698427705
AAEL011606	1035,71071596116	-0,0658029473768157	0,177826074047738	0,941646920484797
AAEL026354	71,5781592632851	0,04142040639513	0,222531474808803	0,909451456017501
AAEL014382	301,024032638668	1,48182529933949	0,399405104378753	0,0219845135018078
AAEL019633	42,4563354726953	0,00891662025989582	0,227370978947231	0,912358948873028
AAEL011622	340,872212135268	0,162385631384803	0,290894266305519	0,741867169126759
AAEL011621	18,8101813471474	0,0753944126269856	0,261939559150211	0,834853962461845
AAEL011612	122,546071294867	-0,0668423117879823	0,209441126080411	0,917113624813725
AAEL005103	213,275344587172	-0,0734955456495418	0,171511694003079	0,944087636077926
AAEL024486	81,7507861078077	-0,245677013363632	0,287279860282616	0,695597710124344
AAEL027061	15,3360004629109	-0,192194854868123	0,334989383311028	0,65686961229108
AAEL005127	369,324439622086	0,0281729148690803	0,1990466190266	0,932879419422059
AAEL005106	471,029600963786	-0,178364471793695	0,200514522123305	0,895660302158648
AAEL021870	40,0291303604272	0,0795916076180011	0,255561757750956	0,845005598879163
AAEL023434	68,6949795697958	0,106576322318354	0,255087506999443	0,832373409366585
AAEL020327	34,9343099179398	0,00339961690448404	0,240671064354372	0,898959299624318
AAEL005111	892,412265627466	-0,0390469612609511	0,200950034384859	0,929841995149667
AAEL023444	497,911132943814	0,0489900459217837	0,227207245743701	0,902293520180677
AAEL005118	144,780977414422	0,105166126442068	0,22140288059	0,891243436828117
AAEL005100	253,478988592936	0,114032617357799	0,21860396117253	0,892338115801449
AAEL026243	2737,36570969707	-0,0579783087994113	0,146936892189944	0,95143102352025
AAEL020071	443,09668680827	-0,0671778499088703	0,180461005477703	0,940051409283566
AAEL025595	13,3282333407355	0,0168861587190518	0,263624813235967	0,862879937765882
AAEL015304	900,232478799337	-0,0282952891328496	0,163676989153861	0,949400281286316
AAEL019679	287,049813795823	0,235611644378783	0,253396804113035	0,765958389310562
AAEL019678	168,753378465438	0,0180610112143108	0,198301905531561	0,93475965237281
AAEL005123	91,5297326725172	-0,298295633121219	0,307770930582447	0,62587795040397
AAEL023844	338,382955577521	-0,172104720583996	0,227077427866811	0,851291059821487
AAEL005113	95,8671003784254	-0,118679490238735	0,257472637156713	0,822864885540138
AAEL024268	69,9086939022324	-0,137973317134281	0,241104954373755	0,841444184829711
AAEL002353	118,641020259926	1,0733312721614	0,527331797724146	0,115143341287523
AAEL002362	189,063511239565	0,360666369826612	0,264042020819923	0,658408616133407
AAEL002347	3202,6716557633	0,283214658943155	0,425576784608491	0,4977961614574
AAEL024934	621,722384486604	0,0226073523612156	0,265815045418065	0,856185375342963
AAEL002360	3211,83711356493	0,04109091071841	0,263603412412942	0,850057905415278
AAEL002345	1747,1185374881	0,0401228700407145	0,153208098721348	0,950967466339729
AAEL002350	1147,10904554268	0,0750605192711238	0,166297519932621	0,946398252490144
AAEL002322	423,296051334111	-0,105787067131829	0,169175160972693	0,942302283520807
AAEL002324	364,112215510848	0,252615527913331	0,243876350801919	0,772240818160765
AAEL014964	132,157131509521	-0,247817809046771	0,269161616904042	0,726753734738748
AAEL012793	675,236982364634	-0,186810922145902	0,164737908341027	0,934392080265305
AAEL002329	415,742559814397	-0,0494571763220132	0,172464947553179	0,94577142896366
AAEL024787	240,623073501724	-0,133985883084402	0,196094309282365	0,915236651556101
AAEL013452	244,008715540558	0,0240876827718467	0,183186645104125	0,942986544754627
AAEL002334	3739,88927459395	-0,211874114296412	0,232628827250523	0,818074746531466
AAEL002351	737,380369818101	-0,0399151727379594	0,146772284214471	0,951775199038861
AAEL002349	757,938377669431	0,143257258824593	0,186477184853735	0,923379262250136
AAEL002341	109,550250797863	-0,340620206541818	0,313461703092927	0,586187631420944
AAEL002337	336,45972649699	0,0313968604171043	0,171851835100228	0,947091005145748
AAEL027472	345,767371056495	-0,0861374677295752	0,209091665180912	0,913028026968229
AAEL010698	3406,26756816575	-0,200674918175643	0,18150803485684	0,914726309488322
AAEL019460	2671,51258538516	-0,179708858058439	0,166330664740249	0,934309834412819
AAEL010691	2851,37673241407	0,193101296151679	0,287871316490585	0,727459399689049
AAEL015298	667,470562996283	0,745683151784382	0,374563039373844	0,283115339461301
AAEL020597	1138,20210091653	-0,0937232806077411	0,186132167097033	0,932577154709513
AAEL010697	2832,22444259343	0,0403389089401832	0,235341175111693	0,894313721453952
AAEL019551	1257,497351614	-0,218886223522306	0,250544780903241	0,780329549549071
AAEL010694	491,555238701052	-0,0666018220671593	0,173766606181566	0,94372133256568
AAEL023985	350,215291162393	-0,102110205399616	0,218516743908914	0,89650507687729
AAEL022128	987,938523032211	0,0909313386266404	0,223548734128251	0,89336761369062
AAEL011038	747,267136932181	1,69097773319621	0,326988094368301	0,00299860078797521
AAEL013380	47,1064915636448	0,448739086800288	0,455359345193193	0,390367657074281
AAEL022261	208,900317880834	-0,191325622353011	0,254549689465397	0,788294159970148
AAEL019692	85,7905733761356	0,0436039843944184	0,204792652609753	0,92634105610024
AAEL009002	28,6118791454907	0,0769714259626133	0,266437705607506	0,827239430554315
AAEL014978	25,5048153743023	-0,0782650502608378	0,275028112878475	0,812551593833084
AAEL015424	34,4085437271485	0,0406181822384364	0,244285982494276	0,881800992620503
AAEL023044	109,340226787123	-0,407865624359716	0,287745165027658	0,576478177163755
AAEL008970	53,0727623263018	-0,214413391508726	0,377006029087168	0,581385918754638
AAEL027975	75,9727638862944	-0,0577386540961836	0,224314874654309	0,903142236860303
AAEL017526	996,34175362174	-0,338527523171198	0,24430418010066	0,712003632916828
AAEL023983	37726,3342133654	-0,0752845291630875	0,208692690020123	0,916024470928212
AAEL017075	11695,104515438	-0,289268996173518	0,308062481773317	0,631540346830722
AAEL013119	495,74564010429	0,786822191646543	0,225702362955194	0,341125500816874
AAEL013128	2286,63468300228	0,0330137170264497	0,177155241348699	0,945014619185706
AAEL019537	216,079538547847	2,39632897269629	0,32879109663231	1,30426242747837e-06
AAEL013121	427,911975973352	0,0541378903070463	0,207825570028851	0,921166125202058
AAEL022750	1031,85578280478	-0,177296734998091	0,235111748860859	0,83183602599058
AAEL011238	751,949692426971	-0,0395321931839274	0,271129213685192	0,836806554049199
AAEL024936	429,800498615805	0,0205740042883095	0,205983904051551	0,928947789708127
AAEL011239	313,659680622675	0,137998661474066	0,185714459748354	0,925258941549686
AAEL020432	172,29950733378	0,0111690555959106	0,175900414552686	0,94694637189511
AAEL011242	711,256083852966	0,620191227832494	0,261080353607143	0,445133338496561
AAEL027434	224,501017845103	-0,0101717478199541	0,185926449330116	0,9429306614345
AAEL011240	2993,84900121847	-0,252294518848923	0,21221126249126	0,833912667647742
AAEL013764	55,2149146730586	-0,0187385900245102	0,233681357275043	0,90307057988246
AAEL025318	18,7698854480327	-0,0919345825140792	0,26708849978515	0,819699922830451
AAEL021173	27,6299850332294	1,59218482452655	0,734391153195765	0,0451290412721142
AAEL021609	32,2491070349634	0,193222883031326	0,335483977228864	0,655762134195701
AAEL022038	7908,9134400503	-0,00560938057074739	0,266558420706389	0,863094765628839
AAEL025990	218,718055597698	0,0818989322409408	0,230676714505897	0,886016428327757
AAEL013169	66,2937204343434	-0,00656596378352196	0,207977270094513	0,92969138277373
AAEL013167	249,844046733546	-0,117167807183512	0,210027278156351	0,903303078516535
AAEL013163	523,841648689143	1,07015267196751	0,237315428723021	0,0923209513908318
AAEL024122	56,1096446492969	0,0518460875826091	0,227966629560854	0,900494036954213
AAEL018257	196,642865309329	0,0812703461037605	0,194117165561947	0,928296390240897
AAEL024406	2632,65028857547	0,101898629721707	0,284970751528664	0,784738233927285
AAEL011178	191,281378727997	-0,250464541492705	0,260045836843288	0,742874639434365
AAEL011179	86,9916409630323	-0,391808317596909	0,400279995163281	0,459658036933101
AAEL015070	64,1486874851987	-0,0191097874234719	0,234716804320468	0,901799201149503
AAEL011174	37,0335887898598	0,391895213697127	0,771187710326256	0,307197215180128
AAEL011180	2654,96189195273	1,28800352298101	0,203818707841525	0,0146660365368981
AAEL011177	90,1222950823793	-0,148952374310121	0,264281792920717	0,796021070956922
AAEL027354	105,345302620137	0,291711905447781	0,310330491786899	0,627179439671246
AAEL010377	33,8930168182483	0,886980783386228	0,666187063061579	0,161337456719054
AAEL010388	195,677295138064	-0,0833740166013505	0,174209042041424	0,941867022794894
AAEL010387	379,735171157825	-0,0562870239207503	0,190593341563269	0,934727146154838
AAEL010379	719,579024121596	0,471228329379202	0,399055752749447	0,418166108306474
AAEL026131	17,2776169635656	0,118739017640713	0,2988221964677	0,754840398863154
AAEL017311	8,40118398257962	-0,134407524227171	0,315009347754718	0,719346140795884
AAEL010378	249,826001518769	0,443593030313194	0,245475582300687	0,623512936027598
AAEL010366	1516,42001306815	-0,116088427132219	0,260454556000154	0,81870325980269
AAEL010381	38,1503671797455	-0,0832013964196559	0,239884713383976	0,872422959988029
AAEL010386	130,14790609995	0,0663642980221208	0,197753486286209	0,92796123984884
AAEL010376	79,5667499783523	0,0135925160199268	0,205788469736536	0,930299257847284
AAEL010368	683,466824496992	0,06932631548629	0,178976288597442	0,940642201986681
AAEL010373	1148,05707187604	0,0843896603838016	0,183893300867491	0,935442835847478
AAEL010371	212,344302064405	0,229995763083003	0,211122181755153	0,851501626943955
AAEL017071	559,761873155843	1,28065215971044	0,283731207848482	0,033743288449772
AAEL010389	131,289473087687	0,491302921305921	0,32528839043793	0,47258796191726
AAEL010384	299,097631085511	0,365446530507832	0,308181491190335	0,577138454590469
AAEL010382	2086,91222092241	-0,289049942750034	0,269582567121885	0,698028228431647
AAEL010370	187,722269481372	-0,164919154711924	0,198181535658972	0,903764747108321
AAEL026787	722,244319835528	-0,234650997219806	0,189564814093333	0,890812958389543
AAEL010374	164,323933033653	0,060145934293522	0,191371521022706	0,933652770706504
AAEL024525	376,692072880595	0,252129874073214	0,233500038920052	0,793291967914282
AAEL010375	19,7677629785653	0,204847714581771	0,391001987231637	0,573483207754723
AAEL021016	389,982167003658	0,787935563433254	0,274019544352816	0,303708762965969
AAEL009661	245,859553120176	0,26656154724686	0,258492299007536	0,73445653271335
AAEL022876	66,0269924801621	-0,131420297837929	0,239743290258143	0,847129211860273
AAEL001840	387,437780721948	0,0563492688038561	0,208880032801976	0,919900876963928
AAEL001844	279,799978738508	0,537268568001405	0,363475463446062	0,403046343051696
AAEL001839	38,8194839078901	-0,289778956043341	0,442364216492265	0,483096935875757
AAEL001863	31157,6481955027	-0,300416937073668	0,326173649023213	0,596993707070138
AAEL000081	1984,7506099062	-0,148489950775802	0,175421073168639	0,932193280537573
AAEL011221	1388,84824813992	0,382063339478484	0,191807043010454	0,796416365776796
AAEL000049	371,260823363474	0,937454464127069	0,34570963036469	0,167047516103774
AAEL004073	214,056129834931	-0,00393974439931951	0,164735281092197	0,950060927556801
AAEL025520	156,271892706849	-0,127026299492361	0,195587737122715	0,917531036254627
AAEL008824	27,9779617828865	-0,0572104806450654	0,242548235306489	0,87808984153066
AAEL013204	296,943210735127	0,0267227432688794	0,196513059657784	0,934792126231127
AAEL013208	290,799596559111	0,0800271803540215	0,18616997496223	0,934506879086414
AAEL013207	427,256647186394	0,113415292963113	0,183313555552396	0,931725043078247
AAEL012507	785,157995585115	-0,0574863280827345	0,166909080286001	0,947192312285006
AAEL013203	3150,05006802991	-0,138567592824891	0,147773885090415	0,948681746479692
AAEL013211	870,307832586968	-0,0869540754751547	0,185419745396412	0,934070151125281
AAEL013209	77,7926328817875	-0,13489624727156	0,234485646827695	0,858169309822006
AAEL022674	57,9357165871461	0,141274005180859	0,248759108159872	0,825805364426246
AAEL012014	871,198156347093	3,21953711348247	0,342593018049594	3,92573021893478e-12
AAEL020057	721,243089984676	-4,20481743936732e-05	0,222287897500424	0,919022063054774
AAEL012016	1514,48315913315	0,0492061180875185	0,155510563957119	0,950358972415241
AAEL012019	1100,73434786755	-0,0105151737497921	0,146091732502634	0,952092641502575
AAEL012015	921,417790921796	-0,132616665253337	0,17763396019908	0,932905201774498
AAEL012020	278,563354997381	-0,068468905708377	0,176352321666437	0,942245050094236
AAEL012013	15,9517143173523	0,185549989217295	0,339336309449497	0,654647682207509
AAEL012018	1438,02590321374	-0,0398856569572143	0,184925299496235	0,940480390910094
AAEL026118	724,461222834492	0,049655476801347	0,191452601127246	0,935107060368923
AAEL011453	76,607361843663	0,618995806218552	0,512256840002373	0,298086073117903
AAEL011455	239,994137588137	1,64508646513137	0,642723157585988	0,0333237092493477
AAEL017270	26,4619836236847	-0,224300726420902	0,346725809279432	0,616791202272258
AAEL023894	174,662501762049	0,0744648086272974	0,202082386895138	0,922564051449579
AAEL021095	91,5078661366623	-0,0986390319906622	0,232804251715483	0,876422916562686
AAEL029020	234,971115755262	0,563113705085311	0,589545581072788	0,2959685799205
AAEL026474	905,561692474697	-0,120987957617493	0,178495275252905	0,934086737144344
AAEL011872	225,432955226561	0,0418639466171826	0,213720283032922	0,918276977381754
AAEL011870	14042,6140450382	-0,195625821198988	0,202272840051957	0,88566834121861
AAEL011871	8763,22218581728	-0,207082395987831	0,199379290519673	0,885768011361925
AAEL011873	1674,82892959048	-0,00520688338071522	0,139273570777622	0,95230629951352
AAEL011877	265,043155016231	-0,341459159942488	0,264622864545228	0,672283747116782
AAEL027465	2308,77750504741	-0,101808960537187	0,159190897087425	0,94714437309648
AAEL023512	952,016553674263	-0,134120849086161	0,207315919662894	0,901559408008833
AAEL012187	1034,61210569468	-0,14395599629566	0,173074348907382	0,934645738721737
AAEL012180	208,718441610616	0,0984992850418992	0,194077964286206	0,925354761220061
AAEL022729	2160,18585648182	-0,129467635369591	0,14147882415797	0,950569692745565
AAEL012185	329,444433730119	-0,182100653814812	0,207231956510498	0,883249006236779
AAEL012184	374,372891011499	1,81632731605141	0,386868902202877	0,00308057124275533
AAEL024914	5200,2173458343	0,0246690106816969	0,187617213574925	0,940595098043118
AAEL013143	847,322739538584	-0,082117079678459	0,161727810482602	0,947504439427034
AAEL013144	3331,11793105812	-0,0462115502015377	0,18312606229562	0,940809822285687
AAEL013140	388,214023890555	0,0243850947961768	0,208559813596264	0,926619553738241
AAEL013139	3520,81978532171	0,232067898322017	0,250510208151071	0,772437924648522
AAEL013142	792,736127073124	-0,0794746063209854	0,175022164404627	0,941815383527308
AAEL019986	2004,7154785849	0,190962899469727	0,264753276381819	0,771449018152149
AAEL023490	119,538507274867	-0,843348210369778	0,550084307865253	0,194721168272895
AAEL011937	30,6961343179518	0,24204782134085	0,350646184766695	0,60027920255667
AAEL013509	954,762274424004	0,021255915070862	0,141270682641554	0,952201889332762
AAEL013511	23,6339965434289	-0,105363730442109	0,264930166688316	0,816740637681929
AAEL020073	7926,37279829288	-0,119464225210924	0,186863496565814	0,927772581864252
AAEL021878	226,407464320921	0,192516742844962	0,236884542225745	0,820991563655282
AAEL027674	1528,38263166329	-0,201892717980426	0,308539738135163	0,688986274483854
AAEL015285	15,6109246879175	-0,0345000882645306	0,251972954938455	0,873255767198756
AAEL024717	162,649425972096	0,872636534912481	0,331098482169712	0,212792539126023
AAEL009829	370,141008175813	0,215266428238072	0,195995364089048	0,887701512149969
AAEL009828	272,566406658967	0,0824919386170921	0,16919351105705	0,944437421639571
AAEL022990	247,895219194919	0,130762506187637	0,193582941249296	0,918607002941638
AAEL009833	228,037260086869	-0,0325254259106598	0,198147781883731	0,932888015740843
AAEL021171	443,32888670759	0,0119514426915732	0,162562855312291	0,950208030485819
AAEL015066	297,879465430195	-0,00611030052743873	0,169455615002456	0,948936787485499
AAEL015065	5585,74957122113	0,011332942283614	0,164530801419723	0,949841036938112
AAEL003125	1051,12699114452	0,267540327910194	0,206865186285237	0,83675576088976
AAEL003113	74,9285491672438	0,295465206155457	0,347682653746542	0,571128750714442
AAEL024598	3822,67393437861	-0,460287528252119	0,176667662488272	0,771349660906928
AAEL003112	90,0642622054943	-0,0472963511228966	0,268620998222944	0,837312754583239
AAEL003117	289,159378090191	-0,26198532840639	0,233660604568159	0,785791225314796
AAEL003116	15688,6478596516	-0,0404714563347164	0,192552680666034	0,935617335252088
AAEL025258	406,847418088981	0,0230618202153077	0,181965045416952	0,943666881087308
AAEL026095	12,625373320352	-0,14695266585617	0,305454364059632	0,726470486221598
AAEL022136	2094,38482096369	0,817370235365701	0,458728373734792	0,218241622541106
AAEL011854	99,2627894753628	-0,040429791934587	0,193668508874157	0,934873169618251
AAEL027572	194,269752478678	0,168394382331551	0,249344512853805	0,810316125260445
AAEL021703	729,124266625326	0,0323774918059197	0,183845505741322	0,941899250816934
AAEL021140	2020,79035189925	0,1228136546208	0,180150454453631	0,932585828617271
AAEL001946	2528,41570713733	-0,124924746385685	0,155050524522276	0,947155033769849
AAEL029085	1067,77769822706	-0,404158210821256	0,222531261619461	0,704932522990004
AAEL001916	3631,70965114309	-0,0446901160713819	0,138165385710169	0,95219316784555
AAEL001932	45,2364628014551	-0,162052652138519	0,259926021630032	0,796731505507531
AAEL020528	1171,96489179329	-0,0512623187021499	0,171155819459823	0,946150376834846
AAEL001940	812,436142122083	-0,0167098542230586	0,17678360840929	0,946403734921788
AAEL001954	532,033404959475	0,0944742243320282	0,197323952656234	0,923086867996574
AAEL001929	84,7307238017951	1,61449942888461	0,306009198605098	0,00428130211662535
AAEL001925	867,61304528509	-0,151472543803583	0,230601575022438	0,856735488423745
AAEL001943	199,082768606107	-0,138707481226554	0,200389512814602	0,908821283080169
AAEL001931	198,839839366378	-0,0770551032932575	0,208336911122759	0,915970608946711
AAEL001922	277,267144804415	-0,0596477525162597	0,192266010893675	0,933110749760133
AAEL001917	575,503705902648	-0,156882459247924	0,230220839002162	0,854104603069599
AAEL001935	1129,58480769935	0,46836306238245	0,242972082244603	0,606986446721501
AAEL026920	248,343516842849	-0,178149276255759	0,207117823754199	0,884990993994663
AAEL011216	1597,50253318471	0,19944385604252	0,174152592005628	0,923502299389912
AAEL011209	844,116767780504	0,0988123174961059	0,162514656968541	0,946194611034188
AAEL011210	49,3984132922242	0,0820368633748563	0,250007233020778	0,855392136121262
AAEL011212	330,608512377041	-0,301016181183209	0,277439747869991	0,677259835919175
AAEL011217	94,1144382490565	0,106499228077963	0,216033581956347	0,89848960621321
AAEL026220	3085,3131750981	-0,285450838548563	0,206518673209645	0,8266113524073
AAEL025652	22,3508035182489	0,0317180138714463	0,248590931837871	0,8790741729976
AAEL011211	78,3604877299352	-0,148144350822836	0,234326194055327	0,849498453283534
AAEL024063	121,649993749966	0,0442953018149619	0,209955370417917	0,921225378970274
AAEL011939	80,5949979144366	0,170682737235731	0,259229611179814	0,792802794055596
AAEL001930	1262,71099917612	1,03130316648206	0,206887717742096	0,112871979454984
AAEL001919	1208,55005510522	0,0916905128633312	0,175918627373425	0,939927704997882
AAEL001934	112,540155288435	-0,0220203586141913	0,203623317058415	0,930548681106879
AAEL022405	132,799720888448	0,133159575621272	0,205955100027487	0,903587704671006
AAEL014289	154,706362031856	-0,117591625708136	0,187775845435256	0,927301628878115
AAEL014291	115,479855672712	0,0091658646519357	0,229681373323289	0,909840910702251
AAEL003978	60,0211297167961	0,753256499842228	0,460787402270879	0,247458550216958
AAEL023471	285,255690849541	-0,450485277760744	0,50301032231217	0,366608485024231
AAEL003739	205,994040024103	-0,196442504433037	0,227215246764413	0,835990060965163
AAEL003723	386,919548827448	1,09110983271218	0,693482939368035	0,11590442592858
AAEL003731	2412,42913451282	-0,125442990550189	0,188309310560959	0,925333489194928
AAEL020019	94,2763865278822	-0,145905529521995	0,275623906529042	0,776879798802918
AAEL020018	739,62257051492	-0,131871584883309	0,182547359713584	0,928995927391177
AAEL027453	146,823504589292	0,0118558680173553	0,239296849032553	0,898055202612691
AAEL014362	204,570762057759	-0,259801446730068	0,266030251315016	0,724902262848571
AAEL022689	2046,62499734568	-0,220844051611375	0,214477455319884	0,849152096747159
AAEL003736	279,320501623982	0,0410528991811119	0,192455738094121	0,935585678287569
AAEL003735	203,836294436684	-0,281667312071848	0,25365530062915	0,733382590488406
AAEL003730	202,412392429454	-0,191247088379948	0,224607448799609	0,844822143875889
AAEL003709	389,574292824538	0,170589472855636	0,228611739050481	0,848323079169403
AAEL003713	305,631386329981	0,786648341190253	0,313190210389228	0,284549198900051
AAEL003729	219,788210828753	0,0955760140464376	0,172090938923144	0,941698859074286
AAEL027402	9316,18995511841	0,376581854273248	0,271188964352232	0,630522955702638
AAEL024398	114,760517631976	-0,0253907606851482	0,20928153014041	0,925830198081913
AAEL003708	115,65711400381	0,190738547117835	0,238595005166198	0,818452374310386
AAEL015450	1434,04434529028	-0,0965802029146416	0,217834348510618	0,899559593607191
AAEL003722	69,0890617988019	-0,0284600378399373	0,214128465326194	0,920676861529309
AAEL003737	157,150158097539	0,915556083577479	0,368434402022124	0,179839964031516
AAEL003740	67,674257237344	1,78936683141509	0,416520123418554	0,00493880464381812
AAEL003738	60,5013273822385	1,17719876538703	0,725648209275487	0,101699480794673
AAEL003728	224,776377424187	2,50527957127903	0,411601932583234	1,49977241816523e-05
AAEL008773	1287,62538455131	-0,196120632747804	0,239927582536869	0,81241760682877
AAEL008770	773,463760350979	0,34332943178499	0,214123583516421	0,772929203087593
AAEL008783	385,76282477171	0,02986846698321	0,173924873842245	0,946524065317667
AAEL008768	2331,1198282816	-0,0371071434005889	0,159391634586165	0,950032355569565
AAEL008777	1277,51833884838	-0,184024223062673	0,193324969824839	0,90416948884668
AAEL019961	404,338663171694	0,123303915778925	0,21686539052451	0,891356157211061
AAEL025361	1051,65393965134	0,267009498666215	0,190899852407523	0,873744178759688
AAEL027632	342,19525931226	1,59134412432617	0,366302308259451	0,00948260557761059
AAEL013494	331,947566681232	0,0821183186879667	0,176137546608234	0,9408632610247
AAEL019879	127,637028236803	0,0261112946158459	0,195804848586196	0,935299358489
AAEL013495	274,611201830845	0,0911743256830267	0,169811534310863	0,943411374690014
AAEL013503	80,3311815282184	-0,58248261885264	0,338353637083948	0,393420828497641
AAEL013501	97,936633867168	-0,461406621104033	0,414937965635357	0,41069022022328
AAEL013496	236,229465602511	-0,503335712754009	0,437419607427779	0,377988969856637
AAEL013492	1140,53906678191	0,0237215199778892	0,261340129073399	0,863806024849085
AAEL015115	93,2855326749964	0,050182198809381	0,233203887590986	0,893864272437276
AAEL015116	322,620435745691	-0,0242534782122607	0,228148951910498	0,907338061958889
AAEL013216	40,3805985291714	-0,234176473249187	0,373073260027418	0,575151560359052
AAEL025437	655,71163602558	-0,0918936466463757	0,243110718275982	0,863735231448616
AAEL010082	37,9635277538501	-0,0353772196282444	0,23455470442817	0,896770084420261
AAEL010078	911,91778393412	-0,06901347954066	0,159838915909714	0,948631439401251
AAEL010085	290,773036349256	-0,0921246101271106	0,209088162955609	0,911515457911822
AAEL010090	194,403401620571	-0,0756927261754737	0,206123022103382	0,918327924609586
AAEL022493	94,0987742674506	0,151949631677882	0,213201531599053	0,885867507911831
AAEL010094	6178,65266897299	0,0694091187792838	0,20969287098237	0,916292748613181
AAEL010087	713,719246812822	0,267595261215646	0,167809439131796	0,912694769565737
AAEL010088	72,057617789788	0,0845316189378982	0,215315021307294	0,906109565477863
AAEL010083	105,387195135786	0,0931058498564945	0,217520229865089	0,900926685575536
AAEL010081	868,445804677304	-0,0903266328546574	0,223317226280168	0,893907241681371
AAEL024003	870,969449753969	-0,151212974690955	0,178898131536658	0,928696417983973
AAEL010086	953,163577317755	-0,089460570533162	0,240292007226349	0,869468785224229
AAEL022068	198,741447413111	-0,0322729092710985	0,187062931678486	0,940140434891135
AAEL021532	184,205561305057	-0,237875236235089	0,239496696238598	0,789818627907154
AAEL021784	525,579776106212	-0,0218806956390164	0,145282400385693	0,952044414089434
AAEL011667	160,354776013236	0,0595871936646008	0,200069763782807	0,927341948938142
AAEL023618	225,41369644272	0,129483516607724	0,233154771896245	0,86352240915566
AAEL024200	60,7531691222872	-0,054556161125239	0,237442971956712	0,88618967876419
AAEL020488	503,188696256884	-0,413610747384185	0,374517973831929	0,473074170034707
AAEL025217	608,541863524512	1,58996079497293	0,387702019140971	0,0116823944814322
AAEL027936	669,361248564476	0,110247014024929	0,242084504768326	0,856027424090791
AAEL009677	810,41488057461	0,101557634322448	0,178800769930626	0,936797666010368
AAEL012162	234,642041601658	-0,0271963257191076	0,194634169134075	0,936041678917402
AAEL012161	1868,9355252213	0,0254663720725398	0,145742983067033	0,951978492737847
AAEL012178	142,496191077579	-0,0677130088773476	0,214360991088598	0,91188740011564
AAEL012176	154,527643045908	0,0186363706576332	0,189547007917273	0,9402428287531
AAEL009798	113,897009284916	0,101190782246503	0,244803711914098	0,855312330874266
AAEL024021	52,5900581946971	0,0694445938772665	0,22215189689059	0,902511624070062
AAEL012171	2474,93453355356	-0,0720415782165718	0,160389863351231	0,948368244506778
AAEL012167	469,483627233862	-0,0497214590157111	0,161747398140207	0,949001393007092
AAEL012172	804,048936251226	0,190112611893042	0,194023092209585	0,901374153489197
AAEL012169	469,281695403957	0,137517207547978	0,186369312386407	0,924808511129475
AAEL019488	1005,49357851752	-0,160086860465004	0,159273987999591	0,942059856413019
AAEL012175	27235,9711991176	-0,25367194131916	0,224918408692789	0,808586913694581
AAEL012168	591,299025196994	-0,111846119979362	0,207012759589744	0,908166188780967
AAEL001363	207,993476824943	0,034982888662099	0,197379084398993	0,933025258008853
AAEL001367	243,797266553649	-0,153282418229096	0,230703433159883	0,854911979751309
AAEL001359	349,815502948912	0,0856962670748484	0,184884103165133	0,934613118865626
AAEL001378	930,251632383108	0,664433476646038	0,471924521959574	0,289561972428042
AAEL001389	1444,5245043252	-0,0137538890550349	0,172553236669578	0,947844064294191
AAEL024345	69,3411681686791	-0,760280655104904	0,608495010822759	0,215916225593853
AAEL027034	809,662835082581	0,102603709713099	0,167571022814766	0,943490707329847
AAEL001366	149,910089428113	-0,0355944134195941	0,200215851603085	0,930996808262369
AAEL019977	3139,53930029427	-0,185257670985126	0,184155272708108	0,915632400057274
AAEL019669	4121,75633685366	-0,311088732136286	0,36212289243046	0,546184394975239
AAEL001370	96,3070743773976	-0,136255307276952	0,207861355199644	0,900133772509974
AAEL001361	1839,32651222767	-0,124900687466759	0,180087829513845	0,932333375836661
AAEL001360	1802,31859951568	-0,0459355690580097	0,159934620646784	0,94961920132119
AAEL001390	2258,36378557385	-0,259580157222812	0,232529236353713	0,79032191746986
AAEL017563	1104,97835602545	0,0547373317977341	0,206604430486563	0,922299968891016
AAEL017536	10050,6084503473	0,88985079876749	0,555508699355862	0,172675034008661
AAEL001392	771,37168221076	3,82948606847179	1,72861055730827	0,00890304946463987
AAEL001387	259,575902336306	-0,115835789079113	0,188278682973957	0,92719051763508
AAEL001381	506,827587352416	0,254570345294359	0,189258827134884	0,882568933827646
AAEL001379	1232,4204688858	-0,139125489597358	0,183923038463654	0,926732412948575
AAEL001385	744,590161533911	0,743305497374303	0,202720702573897	0,401856555790117
AAEL001372	2206,33022748849	-0,178098659065541	0,190206894906126	0,910334551857589
AAEL001374	29,3073932487329	-0,217291424394531	0,310148329727768	0,678820978251929
AAEL003560	141,271741080929	-0,307919544130962	0,313591822435484	0,610964772427565
AAEL023947	7,32820010108406	0,110259170177646	0,299735404956641	0,758328713900979
AAEL027054	539,153508960812	-0,229224309912067	0,192416310639304	0,887773648048179
AAEL003552	610,630411158215	0,0467831748962716	0,193075847731479	0,934416713878398
AAEL003555	625,709904740494	-0,199167400211657	0,249693815729779	0,794021433219637
AAEL018303	22,8461100822633	-0,159442377177123	0,290759691734077	0,744371242888187
AAEL003554	617,998335707172	-0,0605248619824031	0,157337280188551	0,949643408892537
AAEL003551	449,442583580326	0,102630756611635	0,200210062121623	0,918200437257935
AAEL011981	889,725524335006	0,017443074404168	0,185564659117307	0,942454352896278
AAEL011973	657,721839886756	-0,0749694877479341	0,187924606526268	0,934028649536745
AAEL014237	233,671806662214	-0,135081078912483	0,19546414730374	0,915740922673729
AAEL001455	309,357235805478	-0,141856001947654	0,179172648212432	0,93016922068942
AAEL022698	767,95811653721	-0,0117257027217022	0,146970763500367	0,952035635034806
AAEL018237	2789,8172395814	-0,232234423004881	0,189300307756434	0,892558818543401
AAEL001458	36,1177104453538	-0,130700143430853	0,264357769073824	0,805249571058721
AAEL018236	94,1416768069283	0,110715275604558	0,233512928508523	0,871390119638565
AAEL027494	5357,51180363651	-0,247705762064466	0,221734657697995	0,818577903386207
AAEL024636	26,8432403739528	-0,101219258058433	0,253405653295919	0,837363202357146
AAEL015060	58,7625829861949	0,0286114663848451	0,218374089292979	0,916810991244599
AAEL015059	104,619966084393	0,00656527716261343	0,197794425853363	0,936759528139049
AAEL015062	217,430004387119	0,00243382371013573	0,18121679361313	0,945692747261726
AAEL015061	514,371984471447	-0,0549458158501081	0,181881042538337	0,940547919281352
AAEL011171	460,781159923356	-0,0507434456390559	0,153150765611742	0,950723087529131
AAEL011173	29,6194675060809	-0,11946965351171	0,288110784651089	0,771548289323459
AAEL019667	128,146223319649	0,110443269948398	0,199337076083277	0,917479089846172
AAEL003089	326,844312597479	-0,0712963061011463	0,170001851686743	0,945112529636402
AAEL003090	536,747335949549	-0,225931543939373	0,211122631495557	0,854710972901992
AAEL003083	897,746806234962	-0,0517390438196352	0,159640521771442	0,949419817856694
AAEL020717	93,6524341874039	0,882233463848352	0,571419743920621	0,175069886643745
AAEL003056	880,074324204141	0,760139787943605	0,309721052356022	0,30440811159667
AAEL003066	7757,00552849761	3,61179416741217	0,289283546778442	7,91175973240834e-21
AAEL003064	1396,30482294319	0,434601897240833	0,16579851702793	0,821235499681014
AAEL018290	174,441348465762	-0,209337277252439	0,275165294579249	0,741106398424353
AAEL003051	45,082210513147	0,0698562049254552	0,227855905127566	0,894526410209587
AAEL003088	270,335424829643	-0,0526456527505095	0,177907959363923	0,942949301376138
AAEL003067	1148,04105709957	-0,424914410318465	0,248966321061351	0,632299871926435
AAEL003065	546,400165124246	-0,0620108713522244	0,163084387372388	0,948143425400886
AAEL003055	618,826272714212	-0,0951984790772179	0,16689981133796	0,944396150646091
AAEL003052	67,3480116201199	0,0890143535218803	0,253981553204143	0,843291929709472
AAEL003059	101,472910673756	0,0847625966024596	0,210324316055525	0,911976201540372
AAEL019720	1897,14621262236	-1,03983782668885	0,262160365978173	0,112115045324466
AAEL003077	177,103653567421	0,0465812443354821	0,177725493572247	0,943612324140295
AAEL003063	508,936665216276	0,0954075833096615	0,187706874927929	0,931087553222852
AAEL003071	2019,34355195544	-0,191485883251756	0,241918434304564	0,811542014612103
AAEL003075	476,936886738779	0,347854155561359	0,25936225026753	0,676079148328044
AAEL017085	627,281341890849	0,272258678894784	0,235607417092893	0,775546213420023
AAEL026670	133,363797601949	-0,0937476400975578	0,251603971425481	0,845097163833696
AAEL003076	1471,19206347238	-0,0733994508608562	0,235867311126289	0,881934111371157
AAEL003058	104,867779225618	0,144995810940037	0,282382407043359	0,767304005371927
AAEL003091	97,6251764552455	-0,141143017837218	0,249546052731675	0,824758060540991
AAEL019432	27,4866428404778	0,0143963097400853	0,234756153673999	0,903034711631028
AAEL002367	61,4067379454266	-0,236879408679894	0,308639148974959	0,67066066264809
AAEL002385	388,20057490683	-0,0725974273861642	0,208919130189677	0,916346198626988
AAEL002378	386,286418239997	-0,25810910641435	0,323082704163862	0,629756530853647
AAEL002391	19,3088822967709	0,0479346935272431	0,245166537660506	0,877720140792695
AAEL002373	47,8466597221685	-0,075809366672728	0,253299576016612	0,851711598969648
AAEL024216	97,8442489837616	-0,576500762597819	0,388045404142548	0,365967562136168
AAEL002397	507,57961082012	-0,0315053903877864	0,187839963124292	0,939734258097439
AAEL002394	76,3789704913901	-0,256438861924087	0,280892402357647	0,699229306092425
AAEL002371	238,375328318743	-0,0459959495043772	0,184156116636722	0,940290492770609
AAEL002392	1137,40686257591	-0,229596628650025	0,181692325280898	0,905346454932423
AAEL021600	280,560073907038	0,121932207012043	0,216147878725455	0,893128435399378
AAEL002404	1374,91215226713	-0,0146664995195735	0,260069686799048	0,869306081823862
AAEL000953	268,032505560386	0,0775653453998949	0,181923230325998	0,937950197089812
AAEL000933	148,841431716546	0,217078535961758	0,230086104716235	0,820070856131264
AAEL021733	1650,17844821221	-0,0137870443618124	0,168822135678517	0,948792075954832
AAEL018160	356,111189555832	0,0334887007563004	0,173832611601817	0,946365334332027
AAEL008641	448,765081579767	-0,124745198837461	0,228964276258873	0,872547028059954
AAEL008638	227,174883486724	0,144054099810781	0,177935484665302	0,930787185186235
AAEL008645	2125,57304863366	0,0897713892220635	0,178043631171023	0,938933619647041
AAEL008636	296,275935873324	0,0903438392951516	0,187279672938802	0,932237122590579
AAEL019868	678,481504370953	0,233539821776635	0,367039283935186	0,582354776351786
AAEL008647	32,9211133606726	-0,0951494990004316	0,248699845109347	0,850143606132062
AAEL008643	417,458475090501	0,057249193113391	0,162538905882426	0,948469791860607
AAEL008639	1241,55504307107	0,0582324739192845	0,205729460627025	0,922426493592243
AAEL003497	3052,72517468744	-0,0693512021776987	0,175549696043685	0,942536389594813
AAEL003493	532,176692096234	0,199747621204178	0,189683431275	0,904011517671517
AAEL003492	1675,55385796183	0,329415812274596	0,231401691740294	0,745850722940873
AAEL003505	987,782220587476	0,737510044195521	0,278895966549396	0,34046370547243
AAEL019773	86,3058769345034	-0,15889140142371	0,248766466744732	0,817314775816053
AAEL003494	1847,03040641679	0,0223357260847085	0,178851138754163	0,945152744429198
AAEL007527	53,3550044846863	0,0632380314861211	0,240233603736019	0,879380261949524
AAEL007525	290,227002708727	0,256456040648223	0,22264365215428	0,810999132997804
AAEL007521	1951,45425800678	0,0227984571444747	0,186939042041903	0,941168670914032
AAEL007532	180,803972798522	-0,0354665141628474	0,19079517828423	0,937580634274744
AAEL007526	2373,91211315987	-0,140431603217676	0,232119906311211	0,859687486330638
AAEL013645	78,300313847621	0,0174581694844927	0,197183090908094	0,935609423928416
AAEL013648	98,1123796401596	0,149136383035109	0,218275311252188	0,879269136189495
AAEL011953	556,868913877706	-0,090757987382738	0,179479232219347	0,937825037711396
AAEL013649	621,006196091797	-0,0349382509384567	0,267176236398822	0,846006911358362
AAEL011957	12,5680170134825	-0,0108378889232412	0,250523410441285	0,883352934554192
AAEL011951	1006,12839747774	-0,0332069554467729	0,269466103508984	0,843338742310069
AAEL011954	88,80071089717	-0,0868740349317874	0,286231144784582	0,791404187628656
AAEL011950	154,83418033976	0,0792451625076554	0,180635783015602	0,938561308336144
AAEL019646	1323,12798065344	-0,247633392955106	0,208902050248675	0,845051394864084
AAEL011952	349,60954137771	0,0458363955303401	0,175328023429231	0,944782857939508
AAEL011949	933,241867568046	0,111893407653541	0,197949166947117	0,918429628770467
AAEL027408	5890,25092750617	-0,405905317625736	0,206948035295625	0,740596763754356
AAEL012476	367,608114157899	0,0210657282820247	0,170468792510311	0,948071480897746
AAEL012473	543,779759197299	0,0187085860549188	0,18592296183341	0,942162178845878
AAEL012471	1231,07060026016	0,303875795394682	0,226935877542033	0,7730272045985
AAEL025560	38,6299707092305	0,078758668914014	0,229012563207691	0,889570683317308
AAEL027145	31,7559548746385	-0,0759504742254558	0,245557776611942	0,866782140885037
AAEL012478	44,7172484908242	0,082343090204221	0,236207080017827	0,87789104993486
AAEL021573	465,322660160214	0,0382620536334051	0,171282343550284	0,946881836322765
AAEL012472	432,950476650967	-0,0732092782494975	0,19764108068878	0,927007964861078
AAEL027557	82,5393117257675	-0,0498275823093025	0,20607878811073	0,92411160567178
AAEL012475	633,997107363824	0,166940232856113	0,193004072190784	0,909933881948075
AAEL007764	488,492732759129	-0,30187970501425	0,213781155170394	0,802614003161821
AAEL007763	924,152689659133	0,0728154055269598	0,158998349531146	0,948696819394541
AAEL023449	10,9336110967277	0,055554480037878	0,270409783640419	0,830969025800075
AAEL022376	15,8483147847907	0,0631429963031141	0,256371097137234	0,852876560059884
AAEL007771	24288,7684840732	-0,049502883632894	0,207631578091305	0,922437975409445
AAEL007765	2575,61548051159	1,93955002199795	0,289910002529463	6,2884691371971e-05
AAEL007773	337,426330833444	0,439659760972692	0,251263546471223	0,615143404885322
AAEL007767	767,257384928142	-0,143528975855375	0,213251006260791	0,889009445176249
AAEL007770	286,894767468551	0,744201079317133	0,281866579848834	0,331116441249833
AAEL007768	122,349192194294	0,181098255425215	0,22480253049809	0,850698284373525
AAEL006265	120,107830774798	-0,132918498654308	0,230788553226384	0,866135863053455
AAEL006267	264,700112784038	-0,0160276889568238	0,189000875638152	0,940769679808891
AAEL006280	37,109874092529	-0,0966608355558341	0,259465648397489	0,829762227162448
AAEL019849	378,166508594507	-0,567597057061897	0,213235388114459	0,571804056156115
AAEL019850	42,6831080281995	-0,178888874138527	0,281057646013159	0,749951830284482
AAEL006279	907,236816122405	0,141439485809726	0,232225015340143	0,858894514633249
AAEL006277	244,132654621966	0,10041338804699	0,219879571896784	0,895347783899479
AAEL006275	365,567279384554	0,470451012494387	0,300815324296264	0,517283876734383
AAEL006262	337,687298073338	0,116489374149376	0,206995016245664	0,90697620322591
AAEL006274	200,163604186286	0,203902976915939	0,239960312066327	0,808377297833469
AAEL022795	124,435349434311	-0,0603156338659487	0,221639391908507	0,905329356038706
AAEL006264	971,897103506638	-0,00994376453012427	0,16580622111462	0,949648247615506
AAEL006270	143,153747253983	0,0824749869825981	0,233131019937844	0,882410868347103
AAEL006269	111,02069724578	-0,146871590601037	0,270890318201719	0,78456173325411
AAEL006271	2382,49739994444	0,145311158867047	0,2197913997628	0,878287987243978
AAEL018114	201,280259759733	-0,0852364463963007	0,187347745210056	0,932896609858023
AAEL006283	122,410965524466	-0,0399881304639347	0,20034128485186	0,930225010263289
AAEL007319	27,9316926003433	0,00758194361114401	0,241489337124292	0,896566353084019
AAEL020489	101,110029088652	0,261465041974151	0,284679835096845	0,690258421429645
AAEL007313	148,055614761682	0,122584519216687	0,200380172241187	0,913516034929062
AAEL007322	774,912283268499	0,271571291833341	0,208478044861418	0,831295195037427
AAEL026055	64,6382523857381	-0,0398304686194553	0,207085631215412	0,925012947840467
AAEL007316	145,869589682204	-0,107048251947349	0,216112165437036	0,898253118582205
AAEL007321	179,89740636639	0,0555914978703835	0,210519790246588	0,918391519403117
AAEL007317	91,6189693978583	-0,102330737876939	0,22100846239311	0,89301936306433
AAEL014959	1626,52495827165	-0,0289011436568605	0,155079516263085	0,95095828851409
AAEL014957	681,585752737284	-0,0455536006528392	0,170811343760472	0,946632988676251
AAEL014958	890,913919423591	-0,110729242850139	0,262035005884589	0,818640603293744
AAEL007502	216,321451650564	-0,209309798199545	0,192366123943132	0,896586762378094
AAEL007505	136,851901531727	-0,356286515463027	0,297891838503005	0,599685542308659
AAEL019846	262,240370093665	0,077126047090982	0,177473351767397	0,940648925024217
AAEL007033	801,173451621514	0,102782363880184	0,225198114478117	0,886337760795705
AAEL010118	364,014292434915	-0,0541179692307285	0,193426554562312	0,933076579263374
AAEL022135	565,183339838672	-0,113203000496133	0,193770213652404	0,922346025594224
AAEL011435	307,29561645291	-0,117734875570856	0,208305835868614	0,905003299565133
AAEL011442	339,255731269427	0,0267021975881828	0,169476867636036	0,948076626410474
AAEL011441	809,971396972214	-0,00258787622348286	0,160615477780644	0,9507555035037
AAEL011436	623,382448578016	-0,28933226460932	0,360602878313668	0,557912831745288
AAEL011433	349,145955060415	-0,0199072834225477	0,171181827915125	0,947958021039532
AAEL023286	155,737807404358	-0,10562818482785	0,207711732804538	0,90942015428475
AAEL019651	922,070667696854	-0,0705995518009902	0,186114069531469	0,93593220191526
AAEL018217	806,948526821823	-0,203251175200128	0,206103403151918	0,875808085983825
AAEL014596	139,076133533686	0,179866527926319	0,261803588287766	0,782060165128571
AAEL011280	567,06328273033	-0,0850909266466505	0,179707805092182	0,938416900023552
AAEL011276	1198,13728271619	-0,108907913707878	0,166882207996209	0,943190517264507
AAEL011277	539,376809218891	-0,0904324294131928	0,176304017694432	0,939810403489693
AAEL011273	1018,45845830559	-0,112157805819751	0,172076290373923	0,939831137031774
AAEL020739	1610,27729756867	0,62902675960549	0,196569223081906	0,543926578127101
AAEL020969	24,9217190611352	-0,0853432794381168	0,251534946533032	0,849671036436553
AAEL011271	935,03704276978	0,359915065096614	0,308214254730492	0,579761779986756
AAEL024576	68,4525836330747	0,0285891396512716	0,213487555753688	0,921094902911212
AAEL011285	248,751519776717	0,0801217180830167	0,177315378137037	0,940405932301065
AAEL022149	31,8603791492661	-0,0785415649219577	0,242149569861405	0,871137213417255
AAEL011274	937,731927325315	0,17663204253636	0,238186659596734	0,826324355066275
AAEL011283	230,294592714533	0,00901719561886707	0,205285358764903	0,931403289703963
AAEL011282	996,954553256356	-0,14687676717269	0,245155744105173	0,829485554039489
AAEL011281	528,39056042515	0,0991143177642006	0,180350901043289	0,935979166487244
AAEL011278	355,768388068609	-0,189637498575951	0,22579581754757	0,843432283805391
AAEL011279	453,581315609624	0,0386092470526317	0,191198787879357	0,936889009502355
AAEL025431	254,072201160179	0,00744505151129121	0,183151540881966	0,94436072667945
AAEL000248	776,965004085511	0,0510305309269198	0,157914731389758	0,949850637658206
AAEL000221	489,984758090287	0,0381379009515539	0,151098120872623	0,951300122003942
AAEL000246	634,307672038226	-0,0876193514208211	0,175792789076131	0,940426257663448
AAEL020535	121,228252408546	-0,0543885794324223	0,218044670896798	0,911275762970292
AAEL000226	341,552624290661	-0,0998120174719202	0,178211926556382	0,937461442678876
AAEL000235	857,321927546446	-0,123472178944728	0,170819190158112	0,939216956744276
AAEL000234	897,91566167579	0,179575910190016	0,23033578952147	0,839552392094379
AAEL000256	1097,38177883526	-0,269724284343906	0,29658496321503	0,667782693278014
AAEL000227	954,333762128529	-0,117897652272426	0,180063211632148	0,933357446190919
AAEL024346	576,382492134208	0,177891232963381	0,214491316469567	0,873347631447421
AAEL000245	332,293323821809	0,0400183887816564	0,199185503305976	0,931114730188845
AAEL025179	24,7482455203243	0,212410439789883	0,3201874629057	0,667367499869854
AAEL000255	96,825909382849	-0,0311358422832062	0,205197996166327	0,927981041275482
AAEL000240	503,2057604863	-0,00475443905511252	0,165675208400764	0,949831432541344
AAEL023209	203,849928706418	-0,157840876493624	0,20839678132907	0,891153092010634
AAEL014339	124,034858513681	0,317346858550561	0,259003435256601	0,697683370209377
AAEL014340	98,0447315348723	-0,0517836568974411	0,221312514121453	0,907762101547318
AAEL021255	2601,21314458002	-0,264838842227643	0,200008245105089	0,856106442990277
AAEL009212	2763,28307113968	-0,112270431896353	0,150918722449558	0,949075734996797
AAEL022573	684,799113594384	-0,0381988691506451	0,16882588954582	0,947666964362346
AAEL025499	76,5071454071274	-0,0107765163881044	0,240418045623883	0,896973014910643
AAEL026441	27,7897680841559	0,173943903778016	0,299296293509997	0,721565417746318
AAEL011222	476,618467232661	-0,171805825165169	0,186129825516495	0,916850590432663
AAEL025277	60,2951789361473	0,000565795087239496	0,23354647307355	0,907403552360833
AAEL022617	46,5115212159889	0,0885752498041016	0,230649188763048	0,883586098823531
AAEL018152	238,017682033593	0,028120222063428	0,199360485750743	0,932724308258117
AAEL008066	372,417838225003	-0,0731461057657463	0,205065789156872	0,919998704155008
AAEL008064	353,978465836594	0,089175303619691	0,179541341324947	0,938045567730048
AAEL020885	16,1416350909006	-0,0360584046781723	0,25801336489367	0,863841394000616
AAEL008068	601,104613129036	-0,0561874837613223	0,163841170750317	0,948215170828728
AAEL008067	301,627218219492	-0,0654655544362949	0,172349780905398	0,944419741575191
AAEL028195	10,6967805746392	0,0817939429632027	0,26568407758278	0,826209290611036
AAEL008058	722,106520395151	-0,350271574697302	0,27021559177698	0,655539814385679
AAEL023659	9,02709430462464	0,0847507828675458	0,269105270075326	0,81994738093672
AAEL008070	165,66370764376	-0,0615790529522056	0,201017996878321	0,926299617317833
AAEL008073	1465,14513598915	-0,199580713890926	0,277880012455023	0,742497759439655
AAEL008063	155,117568587419	-0,11883370191535	0,231194018817427	0,871610600175803
AAEL019657	468,421743822326	0,0286309472801236	0,181027358985974	0,943642646594296
AAEL008055	82,2063742327431	0,0544715397516412	0,227534959431623	0,900171817851937
AAEL008069	376,428479842697	0,193966892876255	0,255541109473229	0,785353725851561
AAEL008056	143,981982812388	-0,0331887388069995	0,193516594803827	0,935994806047689
AAEL008061	296,950521009758	0,0335459737451387	0,188552540357072	0,939153435370325
AAEL008062	254,144199552075	0,00778710571537127	0,172453979364583	0,948163944372181
AAEL011325	529,516489455485	-0,331823783287071	0,287341815431879	0,636546605445704
AAEL011323	1318,83523774205	-0,180081125337811	0,173740072060022	0,927931517286624
AAEL026443	447,825414652519	0,0201647046305832	0,177997714591348	0,945687118402453
AAEL014302	156,736526130697	0,318180359632096	0,439123074550327	0,470146364833426
AAEL026290	205,207846070363	3,52714029298123	1,16750165628444	0,00242658142145065
AAEL014303	225,479533698562	-0,102174317975808	0,215005436041392	0,901522412791201
AAEL011109	597,144860088439	-0,289805119152114	0,216518656657669	0,804159973197612
AAEL018211	3849,16296260869	0,0902603940570252	0,225330388308065	0,890790207239441
AAEL021035	523,210673402726	-0,279521605009813	0,213957009820356	0,814735161173458
AAEL021533	289,599327870089	-0,503568962693293	0,234956456066658	0,588705905233361
AAEL011106	1985,16952118446	-0,0968328465385494	0,221286823625516	0,89448394091368
AAEL011103	367,651894774182	-0,0302318911269694	0,158018175009147	0,950494975229301
AAEL023393	81,0443121839021	-0,143707265703145	0,228360404332186	0,865379673046248
AAEL011099	680,045595056175	-0,0993267625488704	0,184515666538522	0,932845012114383
AAEL016986	302,179489098856	-0,0240634630880933	0,190521764192026	0,93912516101356
AAEL011102	1861,51521628267	0,0369815019560735	0,176031834999989	0,945210092016938
AAEL011097	386,409733660669	0,0661200716804795	0,160775532566312	0,948535583715266
AAEL011096	200,952925151311	-0,0992048066470584	0,227492808989726	0,884280035615336
AAEL011105	1467,60990342596	0,0511821897289957	0,187875329170891	0,937439043560886
AAEL019777	1771,41283543157	-0,185994182569472	0,215387384883058	0,868453449867081
AAEL019778	581,053393151485	-0,130729840547128	0,217264357425285	0,887484547559583
AAEL011098	26,741774768938	-0,0576117652349195	0,242646709461536	0,877777163605865
AAEL011090	1055,54401941595	-0,0563010036719498	0,177181058294205	0,942961721240823
AAEL011101	769,472989520257	-0,150453281405822	0,170446888504367	0,935656862728107
AAEL011092	1440,72286057813	-0,0731801307309708	0,183154755708935	0,937706778546486
AAEL011093	221,138319447637	-0,0755149784053336	0,173459968603663	0,943036127018569
AAEL011095	248,641407369126	0,0286278832545448	0,198662342312655	0,93304237383724
AAEL012151	624,997834233708	-0,162672356391575	0,168009013657424	0,935641057563294
AAEL026906	172,825485218652	-0,00665983871663729	0,202106255035264	0,93376179714519
AAEL025922	886,198064159772	-0,0773115280517052	0,142451186855561	0,951623828725767
AAEL012147	1173,5524727621	-0,150679334659117	0,209632108568234	0,892183083780357
AAEL013897	460,316125980449	0,0283263457429582	0,152549736224978	0,951318219320144
AAEL024709	602,229517326738	0,135501251722279	0,181597582211091	0,92913994989892
AAEL013900	114,672592103205	-0,0262090627051621	0,194599787553319	0,936181886526937
AAEL023361	22,4983202988018	-0,0045694218000107	0,240234376533587	0,899153725185276
AAEL021579	484,336713175496	-0,138123102492907	0,164988539501133	0,941056170225583
AAEL015100	1824,95049143273	0,286386090467913	0,233207011036326	0,771944524455043
AAEL015099	1080,50692576539	-0,00397652826308056	0,15931364663371	0,950921542828006
AAEL021748	1476,78126622872	-0,124364581634074	0,215771334162471	0,892712773211884
AAEL007366	291,338809404681	0,0238419660863393	0,177133314125243	0,945760202682067
AAEL007382	1045,66645171061	0,0801268138264543	0,14972297449285	0,950532362201347
AAEL007375	1788,27539143931	0,0859203881092884	0,164693981981746	0,946271846268821
AAEL007370	688,139941164978	0,373329523902436	0,239564043525743	0,693660989246408
AAEL007367	123,017203887215	-0,0533658239736801	0,206979064095439	0,92219614130454
AAEL007378	125,218427706049	-0,00365031778350725	0,191971958762932	0,940419484083318
AAEL007368	297,317436583515	0,134277377665653	0,170202440373558	0,938366196607398
AAEL007374	982,419696545778	0,414586348183809	0,211837930688332	0,722151414406914
AAEL007372	69,9909254132818	-0,0377061550223949	0,226658782886928	0,905738032222008
AAEL027688	548,624185547461	-0,12206182008852	0,158001087295352	0,946337871632551
AAEL007381	10,6352275583228	0,115350694064605	0,296624356512074	0,761070917847299
AAEL007371	1623,82602437368	1,41029191782086	0,3580375594738	0,0257689192818757
AAEL026367	26,2223351289046	-0,173018667165553	0,306597195862796	0,709631039684937
AAEL018153	122,616745161331	-0,170051724226939	0,260407814551299	0,79082281311142
AAEL008263	128,500431539945	0,0807762669775329	0,216859144971648	0,905243768840428
AAEL008262	123,21495320451	-0,261387463799484	0,273377354708766	0,711059206160105
AAEL014566	76,4465364044281	-0,280825985399066	0,271927532109673	0,699058290593347
AAEL014564	712,42935907861	0,248511775308855	0,196085270015508	0,873317024815452
AAEL014562	19110,8740944223	-0,0423190654036095	0,207666486608007	0,9241774888095
AAEL011087	463,824653985405	0,0262768698677986	0,192897408220885	0,937356776008144
AAEL011085	827,478712616752	0,0147266340960535	0,186817944851938	0,942066262170547
AAEL011083	636,936782982864	-0,286765423237376	0,223790306226822	0,790739496294623
AAEL011084	1089,33728440201	-0,0848532763150719	0,152538358626158	0,949778542544081
AAEL011088	557,746887929956	-0,0178566264965709	0,181477521207977	0,944289743167484
AAEL011082	291,063170314469	-0,0750950599446629	0,18158856932388	0,938474744732408
AAEL011081	738,473624737313	0,13839676907933	0,169264358733568	0,938395180206276
AAEL011086	159,241873238012	-0,0638146473207861	0,185240037146422	0,937521095321343
AAEL006476	256,659797011955	-0,0634992930870397	0,185403455843647	0,937453978088541
AAEL021433	63,3631802337907	-0,0168714514307307	0,214147045158056	0,923165808821722
AAEL012545	1503,02711139699	0,148399021913678	0,243051675961426	0,832426959348492
AAEL012546	1144,4110358745	-0,015281216350941	0,214140346631046	0,92355809484177
AAEL019691	204,467225536806	-0,0485167526900461	0,187622497793758	0,937986912832324
AAEL012547	673,059499765248	-0,0586340273038748	0,18448366260116	0,938712209969768
AAEL012548	211,815638768242	0,0932951086548209	0,20107757347959	0,919568936785381
AAEL014345	947,962910599854	0,228139811154263	0,191901974545733	0,88947753798033
AAEL014355	138,088819248095	0,167012808756462	0,250643101931248	0,809074244081083
AAEL014348	270,225592986826	2,57148384810586	0,375495483527375	1,77470950184642e-06
AAEL014347	409,330797958674	0,035044766646773	0,209007505822083	0,924396275550491
AAEL018273	1428,15634374169	-0,0192999959134025	0,155654304919754	0,951113845766154
AAEL014349	583,713306339481	2,03806296158716	0,571403739816967	0,00574514994513685
AAEL014350	134,134366585179	1,24131262995106	0,611685874036157	0,0796465853845925
AAEL014354	149,190894845321	0,670117463652979	0,377063069031448	0,325037845244713
AAEL008664	859,20756370424	0,153763582207533	0,158123130047318	0,94340526295205
AAEL008673	450,3802688394	0,141474214557385	0,16764229069768	0,939103937996337
AAEL019772	597,829044348412	-0,344144142144909	0,221146599484576	0,758106641673352
AAEL008668	46,4933107903013	0,292243291492247	0,329420733898326	0,598194087054162
AAEL008672	4572,29901107838	0,326128047383944	0,300760095857933	0,618153866583528
AAEL008671	716,812911281233	0,716472862408055	0,19615065446752	0,443005375401401
AAEL028132	279,543083325424	-0,206808789336244	0,216071069461104	0,85519245769602
AAEL014041	998,851112133472	-0,366007353905164	0,192693419601499	0,805393941003908
AAEL013353	5154,01423075232	0,246797665510444	0,211976232392594	0,838265950495034
AAEL013359	22656,0348932763	-0,108816741296956	0,206247086354297	0,910319207396667
AAEL013356	1566,75685754246	-0,244101639962157	0,165524811701528	0,921882987087514
AAEL013355	781,580770586723	-0,0662844146770887	0,20410861991606	0,922288446178185
AAEL020307	1069,02589464255	-0,180082741284949	0,246249505379579	0,809766164618925
AAEL008854	3490,82879154242	-0,207036327725832	0,171982035226505	0,924122594143847
AAEL008839	158,396470967809	-0,0539583642413316	0,209967782683711	0,919408130704828
AAEL008833	429,465597850901	-0,134929576771036	0,182437361990979	0,928618714639183
AAEL008838	83,9616375255676	0,0467607714420001	0,209583806335654	0,921047349856298
AAEL008853	1304,63254051792	0,0645326424288104	0,194116292965906	0,931078489468279
AAEL019603	496,715524286889	-0,0466366089035867	0,198096031918198	0,93089671239131
AAEL026390	812,362432494418	0,136801875870488	0,219855970394591	0,881720977289571
AAEL008841	448,758422765678	0,109616859423801	0,194470269511564	0,922472400478368
AAEL018032	4186,67261909298	0,114386053577905	0,18243754282854	0,932202053485629
AAEL008844	16166,646367225	-0,500128065992084	0,292970655136364	0,503130125449588
AAEL022773	628,387878449616	-0,0287151170574114	0,175002619259572	0,946260826242267
AAEL008848	9348,6822216255	-0,103191197682136	0,195685913252016	0,922723920354418
AAEL008843	1042,44750217373	-0,130034223527068	0,189853188126508	0,922655486006841
AAEL020844	11,8613239987933	0,0121058564554003	0,25588274181295	0,875483585781794
AAEL008849	3122,46765799899	0,00470249859084001	0,199495410521334	0,935767281902261
AAEL008850	164,368662047881	-0,125546908662319	0,206550074744493	0,904934369762812
AAEL020800	2658,84841721076	-0,126537838212459	0,230990832397972	0,86874984626594
AAEL008837	1069,71187535135	-0,00397478539493872	0,152776142538743	0,951712984957309
AAEL024545	148,138105832174	-0,0387961825567268	0,175864108457829	0,945141260502778
AAEL008847	64,8014295452295	-0,101151278187953	0,214838805323326	0,902147574772772
AAEL008842	222,506182790198	-0,0662708191236973	0,204844144834087	0,921485040956146
AAEL007026	278,446978068262	0,0637448209555179	0,185667555581913	0,937221688675883
AAEL007023	2632,59180804418	0,0359410947413303	0,138536689561473	0,952219322764207
AAEL006987	56,3320572168506	1,52477600894423	0,608063433113817	0,0401143486851698
AAEL006990	573,192717973174	2,08591775823623	0,351058933242815	0,000135663191091513
AAEL006991	25,6399861775069	-0,10008303139419	0,255152675024693	0,834489172219625
AAEL007018	56,9957026943961	0,250477166845389	0,355790474017124	0,58713550286828
AAEL007015	1164,00336446441	0,0728891374174389	0,145075249259666	0,951367917657639
AAEL019591	257,043133960347	0,10069057854948	0,213505808072554	0,903729390617314
AAEL021741	442,54126295074	0,0101923326350123	0,15653670141813	0,951195800760447
AAEL006238	85,6601515703375	-0,076668831935018	0,225498685779859	0,895514692725529
AAEL006235	887,097724115693	-0,10928600714824	0,163498669354865	0,944881594762361
AAEL006241	96,3032319837553	-0,0479801892029076	0,231959841860299	0,896156469590273
AAEL019771	771,616251267029	-0,0661629205993095	0,180485038184863	0,940147272064243
AAEL027493	95,7727048487572	0,336966198171819	0,382440170387235	0,510086499529838
AAEL002651	558,791256006068	-0,0527753693947979	0,151095068316704	0,950981226639114
AAEL002646	1015,25774892556	-0,0154482735810401	0,149658119150086	0,951832825880681
AAEL023510	250,235838360364	-0,0353561631747855	0,188815687527495	0,938840965485331
AAEL002652	6619,88500661744	-0,0314133166226	0,140936882656631	0,95216261756026
AAEL019572	122,499070710838	-0,0786422530700535	0,217989440925987	0,904449046814188
AAEL002636	247,977136381191	-0,0757387038854662	0,164633101496567	0,946860289561249
AAEL002647	241,565491125565	-0,0517913357470328	0,185290630226464	0,93903308760772
AAEL002645	921,412170851187	0,110695380860067	0,170584042913518	0,94088994422641
AAEL002642	57,5575191710285	-0,223846588501525	0,30664262552599	0,680174858273724
AAEL002639	1593,55261796451	0,0729503661143848	0,224594520133141	0,897856515376238
AAEL002633	85,7136595349121	0,0389521798422468	0,222966664089242	0,909576447004565
AAEL002638	664,90719423202	-0,264252776478706	0,327787950137283	0,619237096900107
AAEL008692	569,159908398035	0,345278917163542	0,225778302150412	0,746217943860401
AAEL019532	1956,67057249099	-0,160758822340371	0,16387492478749	0,939111013979399
AAEL015202	468,484020666026	0,226358802261789	0,214228999255858	0,845916416610336
AAEL023511	328,51097378887	0,028303039896124	0,172612460036451	0,947021465481625
AAEL013541	624,67395804533	0,00884804434272543	0,193369158668632	0,93916049985615
AAEL013530	2854,06436057665	-0,0400260780684849	0,158141521397032	0,950160672706767
AAEL013538	1611,54611030679	-0,159383061872704	0,19457268042481	0,910273142492171
AAEL013537	2174,15258001449	0,141726997212332	0,148461904499656	0,948337702210511
AAEL013540	325,610261723123	-0,107808934516402	0,168354203717392	0,942517478816115
AAEL013534	1600,68499268382	-0,00618815137954011	0,138122087430277	0,952314979775688
AAEL013532	191,756762362156	-0,0757183798921596	0,219606486695193	0,903552218029077
AAEL013533	11593,6580411162	-0,209297742762357	0,277914960265048	0,736447184974547
AAEL013531	346,103091376098	-0,0734984888277672	0,172378603144786	0,943769645585319
AAEL013539	511,428962189391	-0,139271900157978	0,207693118957515	0,899231286106292
AAEL013535	5775,18533905808	-0,0378753572971809	0,176727181385306	0,944823557087818
AAEL009423	1029,68738203742	0,836419414735258	0,313552741192795	0,244433787967744
AAEL009420	230,770258618069	-0,20658018352107	0,22904422588872	0,827125572604724
AAEL009432	237,857712534606	0,0601388420673563	0,192014903854529	0,933213052214058
AAEL009428	1248,44974090939	-0,122360794476766	0,157652971519347	0,946469436732363
AAEL009424	645,187728977395	-0,0221429062058259	0,180403717745025	0,94437844430291
AAEL009429	233,73863771874	-0,0039221061145986	0,169902713141077	0,948911895601785
AAEL009430	3441,55746880551	-0,22828024473229	0,268138320107513	0,741614068372818
AAEL009421	65,0685773606812	0,0541886373485884	0,21977862354339	0,909247607284402
AAEL021559	27,741192026699	-0,051876310797645	0,250007378698002	0,869728270386821
AAEL009431	364,789980499462	-0,0867886777437139	0,193661943086337	0,927832264721593
AAEL019782	48,880193920946	-0,270526434521117	0,31008430912546	0,642862184688779
AAEL008190	189,116790023388	-0,00801553058489862	0,219934077802956	0,919618286577019
AAEL021886	147,561090378498	-0,110670185248358	0,24307928748665	0,853452208007366
AAEL017177	79,517195443895	-0,850601555494296	0,592231657218434	0,189288748910697
AAEL007558	1522,46900892095	-0,138121898363951	0,175346645911382	0,933795271691844
AAEL007560	541,144470594305	-0,203458920862591	0,179311138306195	0,916466212007112
AAEL007563	1555,4421885539	-0,221468314302402	0,181045109905815	0,90894801829782
AAEL007562	678,591611602411	0,0115277912392034	0,215707378176254	0,92267831091924
AAEL017290	956,596833253412	-0,0620843292319842	0,171588561798365	0,94514700306705
AAEL007566	210,78221707641	0,122179043477348	0,177219084625378	0,934848877761822
AAEL007564	73,3925954374495	-0,160001953735695	0,234382684168893	0,84277514227973
AAEL007568	364,158532368438	-0,12620608162835	0,199697135874429	0,913358750274829
AAEL007565	2367,73642162178	-0,374024467595283	0,244936571181075	0,683794293721729
AAEL007559	66,5019664266028	-0,0504531441043229	0,207583695065908	0,922230781317124
AAEL007682	3069,54416688668	-0,256800207300262	0,190317531187717	0,879905329800875
AAEL025880	65,670018977344	-0,126714840145138	0,241585043923369	0,846232685044043
AAEL007693	342,686097078314	1,41908233240653	0,298260593448459	0,0151885656514002
AAEL007691	926,577390697559	0,241531703754565	0,183180952456974	0,898939815843251
AAEL007694	790,26643316365	0,185119297316237	0,159681508171223	0,93871937727453
AAEL007692	1202,67283341864	-0,0813405055428813	0,169774825763871	0,944271968980852
AAEL007679	340,321402112086	-0,0246374106493887	0,181659721574444	0,943697144909877
AAEL015557	201,605783728617	-0,0645177966306716	0,211343894055856	0,915768009728018
AAEL007681	4470,59666826878	-0,0688846792670082	0,179857301770758	0,940222378014316
AAEL007685	1212,53999017906	-0,196960023438404	0,168716277439909	0,929111192153725
AAEL018144	1156,69997147891	0,0243511413000672	0,166723666757034	0,948862038958808
AAEL007690	1064,9271641396	-0,20652829174705	0,184291566557983	0,909373161103837
AAEL007684	21,0229792117769	-0,0258565766459953	0,243070393246887	0,888061267613015
AAEL007680	508,928856286415	-0,17001495724038	0,246761209422377	0,814078849965639
AAEL007686	307,625056719267	0,151083338380857	0,27910288062294	0,769546501199335
AAEL007683	360,488968625026	-0,214723716940657	0,173224261632626	0,920508402213415
AAEL007687	501,297543647134	0,0129869895342391	0,168384975454163	0,948906914312577
AAEL019819	1624,50391024298	-0,209806865485479	0,182822489592437	0,910426508476565
AAEL012904	3605,39070453698	0,0421522374645999	0,175375287151203	0,945054977526835
AAEL012906	165,675235266226	-0,147660565036194	0,211974941180265	0,889360885123582
AAEL019658	3158,49765185298	-0,37417788919636	0,232854949199733	0,707219487124255
AAEL024015	74,0306137564062	-0,114096469649993	0,249869729048401	0,837211765181805
AAEL006646	502,95727622	0,0250957885824032	0,160228530885648	0,9502458519586
AAEL006654	182,812383860482	-0,136904614807534	0,216571936312497	0,88643626834368
AAEL006660	117,017788498125	0,040649551549346	0,235117577820229	0,894420172852956
AAEL006649	192,820121062389	0,0203582587881061	0,218729261636593	0,918110959068689
AAEL021857	13,8187307639609	0,0394797820528579	0,258047228961946	0,862086440024656
AAEL013070	60,9410520053767	0,138872561903527	0,275725732975867	0,780787610838672
AAEL013072	476,054453617141	-0,0530872610873963	0,156613866176332	0,950056167828274
AAEL013068	2984,03406987982	-0,0291917604316857	0,169937397373242	0,947818095398454
AAEL013069	37796,1559862311	-0,0549307284939639	0,217444825888739	0,911709258795078
AAEL013071	1890,56549326913	0,063628092099488	0,159485125645915	0,948976564085542
AAEL013074	3336,43932070474	0,970879572033459	0,233974553688074	0,154791417560949
AAEL003151	376,05064692462	-0,0987878504200331	0,170706552825627	0,942194080531567
AAEL003157	339,83893568914	0,0448285347715188	0,188679971319585	0,937751178413602
AAEL025740	230,694127188368	0,0577973694782399	0,20550233586134	0,922849069320885
AAEL007291	388,178419359357	-0,0247251349716034	0,186598659353408	0,941142238815636
AAEL023666	383,309056458226	-0,15964058182629	0,207855124940348	0,89140117998159
AAEL003174	175,551868303477	0,0728369276513657	0,188360721804339	0,934020342948618
AAEL003171	126,719906037937	0,0157584603719117	0,182646636707345	0,94394408709264
AAEL003162	1372,79323529316	-0,179329081721293	0,185292817388785	0,915903184239284
AAEL019702	109,655661417052	-0,0423353489840609	0,217142712922564	0,915044269015544
AAEL024144	632,10892444539	-0,235003212968633	0,279527816759553	0,717394305493587
AAEL004148	1424,52590600219	-0,0299057539055242	0,191256491050345	0,93802358515069
AAEL003534	2219,10603146883	0,121541189639435	0,194983570785244	0,919383334225176
AAEL003524	1353,67607784226	-0,0113403131720811	0,207090378486868	0,929615833845189
AAEL028078	13,111922027613	-0,0527631960076154	0,266970837669536	0,837564681555566
AAEL003536	518,256898762508	-0,0761342446267922	0,164742710955551	0,94681714355463
AAEL003539	851,472653667502	-0,0933455352083534	0,153887108140172	0,949174521152047
AAEL003530	32279,6850130095	-0,0305407582967513	0,21271823583828	0,921461506071377
AAEL003510	377,963041501034	-0,115431262871097	0,179875482012559	0,933878810226705
AAEL003528	671,951822918527	-0,0460465364879544	0,158505664995978	0,949927311311613
AAEL003546	401,397670849754	-0,0452943152216016	0,193497107002308	0,934359206649357
AAEL003522	138,80897832924	-0,0476218987622832	0,205002673773931	0,925386646543088
AAEL003529	317,94639472372	-0,215063008273093	0,201162923147634	0,879601901314699
AAEL020688	45,976208704159	0,194675561268252	0,359689767979198	0,617337435847121
AAEL003550	1282,06728007288	-0,0753286512638742	0,178100419238314	0,940460102475257
AAEL026564	193,037233473508	-0,0153343625245772	0,183981765377628	0,943417485108091
AAEL022995	252,589999244329	-0,469762362343051	0,364946620161295	0,444602503091749
AAEL024675	2241,66716113705	-0,193984943626119	0,299020139808172	0,709471488163918
AAEL003527	43,3556345791197	-0,033257609925945	0,232436674133312	0,900475140469249
AAEL003516	41,6072125637363	-0,0979150701655341	0,246717784691475	0,853082666705466
AAEL003515	58,8373089561884	-0,0266845663757732	0,234580064989866	0,899732539091464
AAEL003519	544,85328330379	0,0465179769019464	0,166315538567126	0,948009655104349
AAEL003543	242,385152725424	0,031056734211505	0,192723137633174	0,936881407630158
AAEL021782	675,597252651597	-0,104807664276453	0,18607669266899	0,930814599523181
AAEL014899	253,828204895165	0,0454411191594674	0,214847568328865	0,916506139991826
AAEL014900	602,57766402604	-0,0862177245820866	0,174071814647477	0,941562322620402
AAEL005388	187,024474324506	-0,0177912394639734	0,172980699126527	0,947535974601473
AAEL005391	1290,49197801526	0,494208036829685	0,210915525723498	0,653975619367037
AAEL005390	955,716562607772	-0,0314632765782171	0,158280126955246	0,950396565014338
AAEL027436	1313,57669236116	-0,0401307623428086	0,167301527430049	0,948050888644581
AAEL005395	511,521812336448	0,0266373637621116	0,210796706168109	0,924407181751138
AAEL005386	56,8645345825248	-0,18114740939485	0,278568071445762	0,753000637299372
AAEL019640	1168,48279670997	0,00400978125062906	0,167339427648222	0,949507546056142
AAEL005383	1124,34479021229	-0,103983626696286	0,203384616145154	0,914809484642332
AAEL005379	195,28932986328	-0,116584417905684	0,179473953389905	0,934012034268435
AAEL005392	319,463838835881	-0,163692318797556	0,207745376962409	0,88977968768322
AAEL018340	700,097831023803	-0,134394834722936	0,208395758165736	0,900019462301046
AAEL013042	298,920954787156	-0,13249041101575	0,213828337145222	0,892624853163885
AAEL019602	273,217743410583	0,116145996694145	0,20561363667184	0,908868850097943
AAEL013040	198,597780363366	0,235059528659485	0,308089993254796	0,671879379131999
AAEL004938	610,002927098504	-0,0583916085282451	0,206701651971854	0,921355424270698
AAEL004921	11,4641870216009	0,0161621474836014	0,252145181447572	0,87954656780355
AAEL004920	1641,99811463707	-0,164661098930406	0,226549832167391	0,857977228157893
AAEL004930	5346,52745040131	-0,25840443618075	0,282004470363712	0,695947278529292
AAEL016998	45,1273914473692	0,00868929360633437	0,250799507585849	0,883663613379421
AAEL021008	130,516273958008	-0,136722347342676	0,294192296133114	0,752070407544565
AAEL004918	1825,75247766962	-0,103574106889205	0,230318432875017	0,878766528122913
AAEL019472	218,375114876965	-0,0176124209267078	0,213203763813542	0,923924313515569
AAEL004931	755,259860229018	1,08962039909498	0,310178585769444	0,0937595731359731
AAEL004923	118,00978359453	1,12798576595469	0,400165443934277	0,0901565323996875
AAEL004919	106,275617194455	-0,0490148510594283	0,214859109032991	0,915754468377819
AAEL004935	107,928546228001	0,375275074585904	0,427710742879254	0,446720580537579
AAEL004936	1338,66374550903	0,0598801838084908	0,172788855240404	0,944777038873669
AAEL019916	769,647474401201	-0,14007634523873	0,198284277448229	0,911290781932398
AAEL001500	57,5749882903409	0,127932066375913	0,224825827335781	0,877060534155396
AAEL026751	2850,82249524204	0,595910274314189	0,244286906151989	0,492369086886307
AAEL001473	1074,12728383144	-0,0239507770339327	0,156156500247287	0,95091234780094
AAEL001503	3240,38920430483	-0,298372712065655	0,284315312266275	0,669433292430766
AAEL001495	3838,48947374447	-0,00783672785991195	0,141924473483721	0,952241096678368
AAEL001485	204,274357159556	0,174913191983691	0,254762953124043	0,798910543970985
AAEL001498	347,603070564884	2,35481532720943	0,388332726896294	2,89812943790518e-05
AAEL001472	535,470019805732	-0,0496983627067208	0,168267670100187	0,947208272695917
AAEL001501	555,439150281483	0,443784109781334	0,174838168194858	0,789481757133506
AAEL001506	382,954400016751	-0,264041478321304	0,301916696990345	0,662946160568177
AAEL001479	2139,36117766912	-0,151350820974186	0,209736335394874	0,891625735680849
AAEL001484	6869,58997204924	-0,0794394918126503	0,198376834074308	0,925226946974889
AAEL001505	386,876572947082	0,0192830785904496	0,168306191864631	0,94864150870592
AAEL001475	74,4228831514532	0,018476881692535	0,205165132852381	0,929917059633339
AAEL001480	1331,66303846093	1,01085947136339	0,335621157308435	0,128308343305931
AAEL001490	1137,81205427795	-0,310592014166163	0,247123712818423	0,726186662738243
AAEL018240	226,029759032872	0,143879819669863	0,220454870238849	0,877748658842571
AAEL001483	37,2063744263975	-0,072297219408325	0,239270679340633	0,876858370153139
AAEL001492	592,292345520591	0,0199822713823923	0,159418872711907	0,950551034518947
AAEL017082	1653,53083674421	0,0165435093232212	0,181105847634425	0,944560867846095
AAEL001487	1910,09480045442	-0,00555932862418672	0,266316660111623	0,863593423667913
AAEL022126	47,6324294542581	-0,0848899846928077	0,241465282240139	0,86953375325593
AAEL001474	38,9935278951281	-0,0163574440019994	0,224795338242009	0,913373072509619
AAEL001497	728,002871734623	0,00469546855064803	0,175801892921151	0,947356772610169
AAEL001476	735,472785487807	0,0347405446372811	0,189655510900541	0,93838793686224
AAEL019550	1563,03466164836	-0,0537040011857787	0,195035136377702	0,93215816603117
AAEL001493	201,491816026011	0,073536317914938	0,203131822008045	0,921625954627018
AAEL001478	232,454799421362	-0,147914562249276	0,193066942661041	0,915168043575306
AAEL001496	977,69211151862	-0,154318956157028	0,145649851350374	0,948500178222214
AAEL020990	51,6553479653372	0,0016413514405054	0,230423164227995	0,911064962355428
AAEL010139	1222,81560359578	-0,048957442096047	0,267888576911676	0,837765663005809
AAEL010138	222,833676042875	0,0182645951973727	0,179353605429067	0,945261602407883
AAEL010136	197,083631829676	-0,0576857012380767	0,183467898205191	0,939329556770022
AAEL010141	259,183832326347	-0,139293714971209	0,223248919413447	0,874889224061006
AAEL010135	320,218757563374	0,0478436562120746	0,173655864482028	0,94536433317322
AAEL010146	5612,14620292311	-0,140143440444549	0,25069066772601	0,823757359089336
AAEL010149	12,0964592226732	0,0173878166186317	0,255417695130572	0,874289167148908
AAEL010143	2570,16798775785	-0,114112465878995	0,177487047479414	0,93586162572155
AAEL010150	87,8500750353224	-0,0135047686552721	0,207103191655954	0,92922608331514
AAEL010147	834,79457309982	-0,71668288072218	0,276406987262425	0,354262163262016
AAEL010142	93,1454164958452	0,0221651864814547	0,219957216008492	0,916638958082669
AAEL010148	2918,52600328129	-0,207944677252952	0,19027441742742	0,900626111878911
AAEL010140	26,6346146996559	-0,0235410794695974	0,240702782852853	0,892580839104278
AAEL010145	5999,28636860649	-0,384535758836813	0,267038569800135	0,631032315123071
AAEL022782	67,0224757139461	-0,0548072504715389	0,213187666923811	0,916131988043434
AAEL010137	188,298458725694	-0,240182960064987	0,366511930798935	0,579108764020532
AAEL000757	387,094245476925	-0,045156712935598	0,215869475199078	0,915591631975208
AAEL011375	10,8924988609902	0,00736127875096538	0,249640404202837	0,885593474378353
AAEL011369	967,008525728463	-0,0920215069544424	0,200148387122512	0,920604752181274
AAEL011376	513,365403339694	-0,157681332623035	0,158474124464997	0,942806083205571
AAEL018216	35,6184063975471	0,010897313266642	0,223720401267458	0,91549635308469
AAEL011371	1133,21791609222	0,25010394104862	0,233979898793832	0,793697859782413
AAEL011370	205,822422864992	0,156063994520563	0,215385558272093	0,881103911517145
AAEL011368	100,723772681826	-0,051554868330359	0,223922174424706	0,90503772700309
AAEL007139	444,851995434828	0,0522683765930042	0,178974701468986	0,942466989169375
AAEL007128	754,983504277662	0,0679433554128809	0,212255485269929	0,914069109484166
AAEL007131	140,591610469098	0,00820836100540806	0,21459826764527	0,924559538871556
AAEL007136	1068,93670521527	0,596962013465255	0,254290512063082	0,479316744240024
AAEL007126	467,186361846341	-0,131560249617669	0,211556541734235	0,896218159009099
AAEL007138	71,3718313209198	-0,149628515330747	0,263284955856756	0,797826867914088
AAEL007129	46,4552974855688	0,00391840880627375	0,218831651359048	0,921213535343243
AAEL009266	499,508333229904	-0,0670875919703634	0,156074895157312	0,949686923948659
AAEL009269	227,889971120521	0,0857349555986865	0,239070491062531	0,872670855177127
AAEL009259	697,740323753982	-0,0922650659810339	0,147049237230653	0,950639535869475
AAEL009268	101,488340825899	-0,221254675631821	0,234864420481226	0,808237299401684
AAEL009263	749,243911894586	-0,0417507153296412	0,239122268758686	0,888013433436028
AAEL009257	3888,6442004888	0,0301331498181398	0,183409093929234	0,942346720046333
AAEL022163	147,942413448141	-0,00909321403949878	0,213675764970494	0,925066562373185
AAEL009265	2056,47017865309	-0,159934241002138	0,209389930393494	0,888513663269557
AAEL009262	665,23692959683	0,0475030357068926	0,188257851735191	0,937684554853358
AAEL009253	89,3761900203804	-0,0885004703744027	0,225674561796751	0,890994626999865
AAEL009264	457,278746162596	-0,477822960592282	0,316098238446796	0,49099614943788
AAEL024792	124,221560209373	-0,361012730096642	0,291995103338437	0,607559352514416
AAEL014981	35,7001995923415	0,0273451003746369	0,225522307419044	0,909732201420584
AAEL009055	1170,63320474415	1,94008699420326	0,28675243981926	5,71533003951561e-05
AAEL009057	1010,1007304452	-0,0350111688033229	0,209663834723835	0,923724993963812
AAEL009058	50,2850604643671	0,127326880055831	0,241889991916756	0,84564429466601
AAEL009066	1600,08720512706	-0,0798075053374738	0,187886516648578	0,933315042226112
AAEL009061	2328,29314145771	-0,238650459855484	0,25163917909058	0,766994841416653
AAEL009067	725,840418294097	-0,087503516459418	0,15130437858605	0,949984662867798
AAEL009062	98,8377736984625	0,0861686428784847	0,223553153294086	0,895054407385236
AAEL020855	95,3552461703619	0,164471912731377	0,240859620344861	0,828032261218443
AAEL017513	2515,13432556431	2,40413967637496	0,451910213293527	0,000119166380652408
AAEL009059	475,876129859196	0,603430920954818	0,276785979751803	0,440326841105932
AAEL009068	1468,22843939771	-0,0420117915248684	0,156174311034522	0,950476260542845
AAEL019641	775,297366052473	0,0196582924876738	0,219626655157773	0,91756995316518
AAEL013371	83,1485827562444	-0,437743782445407	0,359071804896378	0,473559387801951
AAEL005339	920,508269145282	0,111311110952224	0,185587278805668	0,930104019997065
AAEL005330	25,6442429525463	0,149514364615387	0,294012187365216	0,744989759319709
AAEL005336	1567,43782413058	0,533273878402597	0,55188121355162	0,320928856208849
AAEL019854	1946,66445170711	-0,033707753913858	0,160740926710425	0,949893795456328
AAEL005313	200,813706564359	-0,122680701608791	0,209763935481326	0,901982864233583
AAEL005341	476,105751050475	-0,150809771673799	0,248078102204387	0,822924664286178
AAEL024106	333,742885345396	-0,132011120133362	0,198387401004994	0,91334442330366
AAEL007821	304,572315616253	0,144391217606769	0,206752900781614	0,898705423174711
AAEL007827	871,671135459384	-0,0457565097919285	0,165980873816682	0,948107478085476
AAEL019596	1259,93155630453	-0,122840603804618	0,214668005931718	0,894886024232126
AAEL007818	193639,8017496	-0,0327059240595358	0,26051896669155	0,861136761136078
AAEL007823	2735,22740484921	-0,0434715461105866	0,149069489637492	0,951449023696812
AAEL007826	2227,01600586159	0,0635499589724726	0,174370759680358	0,943715287600223
AAEL008331	703,370047576042	-0,0317189397639126	0,16861712472937	0,948066334365096
AAEL018154	39,6751433247999	-0,128825814668643	0,252457144784662	0,8256316801132
AAEL008320	581,578213421016	-0,191703738413532	0,194966097638465	0,899386050629811
AAEL008322	70,9500802440807	-0,11497545967639	0,278302816874428	0,789143804785613
AAEL008330	809,096992793623	0,880779071911492	0,319413858697907	0,209656580158685
AAEL008319	1219,48754867375	-0,0126610009586166	0,151228462357171	0,951735222691034
AAEL008324	344,562684581132	-0,165855357409293	0,183844035764187	0,920700868880531
AAEL008323	139,598401561063	-0,0610589665930871	0,215926798923369	0,911857759824421
AAEL008329	21771,1039907697	-0,105827706161004	0,203479257962676	0,914251899365056
AAEL019748	2159,03311648148	0,0772110220435368	0,163223376083744	0,947266711753227
AAEL001871	100,721996605005	-0,0231546608333602	0,207143846466223	0,927852137097016
AAEL001838	411,504992011716	0,0170885519270461	0,175384237325753	0,94677392742775
AAEL001852	1862,27823667326	-0,0589951874250522	0,202150074537414	0,925777671035201
AAEL001850	126,57981857051	0,0988545004927789	0,208644689287192	0,910150071095942
AAEL001877	28,5857315256965	-0,166065330079449	0,281218160822835	0,757772776638539
AAEL001874	422,672599622893	-0,0259807384623024	0,179387352316997	0,944537396591221
AAEL022304	1456,73982062701	-0,0514018108962405	0,165339519136826	0,948045738029218
AAEL001857	49,838445822594	-0,0528513743558456	0,236620135202367	0,887629283589204
AAEL001847	2047,95667043278	-0,365491299837685	0,26556304088937	0,651033245062718
AAEL001851	1255,55244034979	0,256052899580209	0,208856702512329	0,839601462390192
AAEL001843	516,174609189822	-0,163415487185992	0,204955981261452	0,894505179833089
AAEL017186	366,524575164815	0,0967354274278871	0,215802968672485	0,902275300810621
AAEL001865	1500,92146091821	-0,102361530013534	0,172200553333793	0,940883275683651
AAEL024923	46,9470740922128	-0,0830758929826577	0,231290413970981	0,884687369632796
AAEL001864	2129,08541438282	-0,493610136784298	0,24174233795975	0,584279595113704
AAEL001859	631,51744727394	0,0881723226116308	0,180153777306421	0,937721585537912
AAEL001876	763,596185496988	-0,228861029828308	0,159396088599021	0,931742829791468
AAEL018707	57,1876534432558	0,110707911298768	0,22063703910945	0,890264302412985
AAEL001837	605,793358972439	-0,0137616768970463	0,260937653180645	0,868519431275815
AAEL001878	32,1946370734163	0,015351517055438	0,244049039376002	0,890562173374128
AAEL001867	109,750005609884	-0,109804590680954	0,241811027613118	0,85712585701459
AAEL025051	1844,75406554438	-0,0387752908827017	0,150426513620126	0,951363403820414
AAEL001853	921,756518682209	-0,0427308809408662	0,145781207737945	0,951801813167412
AAEL026104	1726,51609353316	-0,0994970552641789	0,146238548905323	0,950602310783665
AAEL001845	780,479985809361	0,00887805795482255	0,161539896706155	0,950480940540864
AAEL001856	744,328112709733	0,0280007827869105	0,144342535452167	0,952057576647321
AAEL001875	479,043121285682	-0,102920840985348	0,158222269804922	0,947430709716992
AAEL021066	61,4540269171147	-0,281176293959488	0,346472852634989	0,579435498647375
AAEL001869	3506,02896455606	-0,0227039471077169	0,171345959437558	0,947745244721867
AAEL004302	53,5093158416999	-0,154182038934797	0,257267609298583	0,80510498887497
AAEL004284	1696,19980169272	-0,0252514506489309	0,175132230994424	0,946453026385864
AAEL025458	64,6683638832134	0,00439322528629497	0,224407784440082	0,916239230266446
AAEL026110	172,566952340211	-0,0707610041236292	0,184167762459181	0,937289305089527
AAEL007114	1372,71859783254	0,218506903499664	0,213986240418153	0,85237953898374
AAEL026349	28,684620834444	0,0125215236618916	0,238020589506918	0,899674956795806
AAEL014771	776,158076351759	0,154779640098316	0,147933927417724	0,947823291246215
AAEL013776	813,128844775387	-0,0221865831674233	0,155164068811365	0,951118406041722
AAEL013774	5483,00964526125	2,69429125998641	0,218010304399204	3,81139378338569e-16
AAEL014589	161,365835809126	0,221869223253939	0,211066190828259	0,857900249927449
AAEL011074	929,405465916234	-0,117823288062308	0,169311151427353	0,940849910388036
AAEL015300	316,03053978423	-0,0976024283060618	0,192719424647745	0,926773366645635
AAEL011070	902,671860949146	0,644247657225739	0,204884298766559	0,510943532296724
AAEL011071	151,735285184171	-0,185303429416822	0,213099206458312	0,872608971683705
AAEL011078	211,932795616157	-0,109536255149783	0,218858812215742	0,893497624255526
AAEL011069	1146,42074349143	-0,208054094219023	0,242267609101669	0,803058177242996
AAEL028058	216,569358483721	-0,0124567241900321	0,266496847966466	0,860061969674769
AAEL010644	268,056242685651	-0,0642263003365471	0,236607987919925	0,883844080121984
AAEL010642	266,824322805863	0,100755782655131	0,219467066406364	0,895639525654307
AAEL010634	267,815861212883	0,39083896094357	0,505061324698427	0,387914416181207
AAEL010637	121,462879182811	-0,0848540486501483	0,202432751588066	0,920023123634223
AAEL010633	259,954804455818	-0,0858041924920959	0,185435719188586	0,934260387851754
AAEL010641	1354,90423264517	-0,0817547406719326	0,150534474843431	0,950297762764094
AAEL023212	305,25241555511	-0,15506260088923	0,26425608711978	0,792311307030005
AAEL010635	311,344829893505	-0,0879528644366996	0,174335904750002	0,941267580201388
AAEL003982	71,9733871118744	-0,0834242768936197	0,241896433513237	0,869436276956162
AAEL004976	1962,35831697254	0,0790373927506207	0,238188631007818	0,875896293000047
AAEL004970	328,158807426714	-0,263970407714532	0,19816247268131	0,861283714857183
AAEL004995	173,919953483696	-0,00770170245654548	0,176863014711235	0,946838725312281
AAEL004981	1607,12101259644	0,13155683071445	0,163001474164924	0,942998948410787
AAEL004979	50,7297136103304	-0,0137918648139059	0,229750799490144	0,908326834208477
AAEL004987	1748,16302011067	-0,589995106018102	0,315128319820835	0,411271226138242
AAEL004986	1319,89377770158	-0,0480291455252048	0,18068677203177	0,941976452472751
AAEL004983	466,684325023729	-0,0724373083180964	0,151708393608589	0,95036367460593
AAEL004982	92,9150182373916	-0,122732122998364	0,235777604637088	0,861832035726949
AAEL004978	12188,3143542825	-0,174515581266929	0,147611230941527	0,946681859555381
AAEL004997	731,890501051993	-0,165006873759577	0,218278003094806	0,872763567966504
AAEL004977	1926,26602129742	-0,0261752191024105	0,166816061727954	0,948731955119572
AAEL004985	1266,84068376543	-0,210673897341876	0,190296864318844	0,89959807746165
AAEL004988	4161,88088223551	-0,0960459756905058	0,204850122565103	0,915154308654824
AAEL004989	926,415898705499	-0,147531733194332	0,150882451777443	0,947234851952404
AAEL004973	1638,86702598312	-0,237788061184067	0,268252758694485	0,735521912645665
AAEL004984	1749,99521625026	-0,08439024972753	0,148324117128064	0,950644185060753
AAEL004972	1010,34123169649	-0,0505280896632124	0,192082936886184	0,9345314265885
AAEL004991	24,2357452881038	-0,0242435867702429	0,237914335974624	0,895867613527611
AAEL004974	140,569173710128	-0,0318560889097353	0,215945145162327	0,918289720146062
AAEL018103	1072,16353674573	0,0999120573892417	0,282886786753538	0,789734511220107
AAEL004980	1850,75239982943	-0,0559584634453881	0,176118782900018	0,94356981784651
AAEL004990	128,025370010272	0,0707531374882498	0,219189943706667	0,905295139719333
AAEL000576	38,0613802466899	-0,00206262192734116	0,232653607639529	0,908069531015713
AAEL000571	44,7816499882703	-0,119217727963292	0,262248938150244	0,813417883945068
AAEL000589	1572,90187503455	-0,0181566937637144	0,16468484649632	0,949575568990839
AAEL000580	32,4202839653437	0,0516028409122648	0,244480742041215	0,877118173476404
AAEL000578	77,984400218845	0,0935042346548436	0,234993835290031	0,875068127057174
AAEL023684	728,724528808914	-0,16097519574289	0,184962241435257	0,920580686589689
AAEL000584	999,782693435986	-0,0277253412383597	0,166939302308532	0,948606248857051
AAEL000604	2963,08497971814	-0,244575465472489	0,235224517790929	0,7949060682525
AAEL000622	1607,16473172381	-0,201111675736231	0,215665541819401	0,859912416266417
AAEL022339	59,1143362073509	0,0693760146312049	0,238556727484289	0,879518881966325
AAEL018022	430,269794139902	0,114233882397453	0,172316378083962	0,939399720184557
AAEL000629	386,140638992806	0,0126663586165917	0,217229301473068	0,920963993977789
AAEL018348	1617,32547030528	0,0156395626708566	0,173658655019499	0,947414883540437
AAEL026987	21,0144732515673	-0,104861288855014	0,262912932839027	0,820440270180909
AAEL012449	146,408690556622	-0,0535393946113186	0,235876517528273	0,888632107768081
AAEL012450	29,2144274702582	-0,111797539216493	0,248187061988433	0,841969736959098
AAEL005286	426,372027993819	0,0415582676254698	0,22114156550608	0,911110218178698
AAEL005284	1084,98971656347	-0,0743052532255849	0,185212783713638	0,936026062257263
AAEL005285	71,0007241628623	0,0326863660559801	0,209597444807917	0,924287040222544
AAEL017262	1107,96826852658	-0,761419669043446	0,377374289309698	0,266264895917216
AAEL004761	76,0325734275985	-0,049453034469403	0,220767852482439	0,909388830914269
AAEL004784	162,083609389804	0,383715753870139	0,323614963317216	0,54693260824211
AAEL004755	825,209617336634	0,072572390685269	0,196384966138323	0,928020611490983
AAEL004783	6191,1130852454	-0,276451432390862	0,19113104794982	0,869044911499274
AAEL004738	1499,21350342818	-0,142571059387638	0,185190630215936	0,924905488320904
AAEL004744	125,148257677995	0,124736650887093	0,216271980996007	0,891782373045195
AAEL004779	82,3830550064129	-0,111831122944181	0,233725475611687	0,870532559723723
AAEL020972	60,8159313008603	-0,306316129877784	0,373051045535786	0,535857831208136
AAEL018329	136,088807330858	-0,202188539046194	0,278387721437621	0,739700085906636
AAEL004774	666,668836716621	-0,0911415009981049	0,179295835976834	0,937906080769904
AAEL004740	144,648818131543	-0,0438513810744321	0,213061146962786	0,918493065356316
AAEL004757	633,274920067372	-0,163869483743064	0,179319329560751	0,92609172212544
AAEL004756	318,11816845083	-0,0970104699160882	0,175764391459882	0,939364658773837
AAEL004763	297,472515551879	0,00794258852985454	0,155721542675802	0,951327262935337
AAEL004743	1695,20835884747	0,115449093730262	0,165728879531057	0,943141203518073
AAEL004775	87,2364888571695	-0,00441702397515256	0,218223693256763	0,921684519494588
AAEL004777	63,8683657632881	0,0699309324287071	0,224327542330257	0,899405362788576
AAEL004768	688,446589291956	-0,117200865644795	0,198524294779728	0,91673167963131
AAEL004739	5114,29600269631	-0,0746090564167696	0,230548491327943	0,888750300915595
AAEL004778	27,1362232173343	-0,0357478368488397	0,24902564452206	0,876510253203089
AAEL004773	472,777440132551	-0,158245486816358	0,165687359273966	0,938242711454839
AAEL019638	63,1409642219835	-0,220988759957648	0,327218125232517	0,648504713665991
AAEL007452	1863,37564681445	-0,147241530877453	0,179118648214283	0,929159108770421
AAEL007444	4249,96174278191	-0,0998051331641478	0,168534011561653	0,943227446475621
AAEL007441	1645,28851584655	0,0946197042528234	0,171504310150501	0,942187703010094
AAEL007443	183,697990202406	-0,06357936931494	0,199404092477359	0,927200632688769
AAEL007439	1342,88172035006	0,111532958684348	0,222321389643798	0,887145376809377
AAEL007442	641,493964667479	0,0326209594886137	0,171040790912648	0,94728793025457
AAEL007451	1053,68805011122	0,0224440114947352	0,154854863719888	0,951163962047143
AAEL007447	1452,84920359459	-0,236136358023266	0,218462135903142	0,831620108968621
AAEL007449	2696,19843788524	-0,0819807925524732	0,162142375443732	0,947372633779164
AAEL019609	854,005937770588	-0,0413895441262653	0,220053276034834	0,912197424196681
AAEL007445	141,071277455987	0,0487236993560379	0,190454706819155	0,93595569281106
AAEL007446	91,9383322075674	-0,101927609370872	0,205620807460532	0,912854471538923
AAEL007450	117,115145077009	1,17820373806984	0,454340908273149	0,0803367902888512
AAEL007453	18,8446376205808	-0,0678335682607676	0,259167072361981	0,844269166141482
AAEL004283	103,839448351275	-0,0882609599921842	0,223044945040336	0,895033388992893
AAEL004294	3502,86059283954	-0,414951409970262	0,247825289912501	0,644761964570553
AAEL004301	232,857173643852	-0,0061036439923231	0,221276641744293	0,918682784551206
AAEL004287	869,764207985918	0,0790003572184739	0,148021941147871	0,950792498148261
AAEL004276	58,7562498740293	0,234310184953504	0,270052145168647	0,734188850513
AAEL004282	242,493363680595	0,0510301163359109	0,195487339814695	0,932210824163856
AAEL004290	431,72401552661	-0,321588353359888	0,208796537953797	0,800665971537988
AAEL019535	608,412268315425	-0,26842839613334	0,259768460968067	0,730246556773641
AAEL004295	64,6315030400473	-0,0441903548065931	0,228284907568019	0,902384515244855
AAEL004273	102,392927469571	-0,156696646902281	0,303679378149718	0,723750536469512
AAEL004299	25,4486882293178	-0,514589376469968	0,611417231158632	0,309970948924245
AAEL004288	847,058570111002	0,0687429353675743	0,175876865482727	0,942448032677982
AAEL004300	804,178554221167	-0,0107560434556553	0,165444084857573	0,949701412259733
AAEL004297	14184,0797736118	-0,242350384772553	0,299146556073838	0,680559629208465
AAEL018319	1530,82153569219	-0,145834286925127	0,149376073892454	0,947870007355419
AAEL004277	70,6333375166677	0,423757031545816	0,55460173655389	0,356218349639375
AAEL004278	3586,91559824249	-0,121153064204157	0,241560785064471	0,850100768024882
AAEL005737	123,961054954919	-0,0588518585317987	0,195070761514886	0,931268329024749
AAEL026217	27817,0293206397	-0,39628694746562	0,160481320986852	0,866544765377107
AAEL005738	303,640302603012	0,0202625267034084	0,182009168456299	0,943878047182067
AAEL005736	2025,8138341312	-0,123229938028244	0,161409581527049	0,944607750809459
AAEL005747	185,132612570715	0,00226224510368787	0,185261564359548	0,943920090569915
AAEL018351	422,301172218749	-0,117997298576485	0,174475472765273	0,937565760177077
AAEL016973	586,331896575415	-0,189875148528009	0,211170988643025	0,873500443610176
AAEL012629	1131,89790534195	0,100050553609896	0,223509095762101	0,889895459856088
AAEL025570	2569,66353912332	0,820781460732655	0,22136785100256	0,314782729323528
AAEL018341	537,306497839464	0,115513506640596	0,163669755367623	0,944135322501145
AAEL023549	32,7851160144589	-0,0779698633105056	0,247797235743203	0,861977524316186
AAEL005451	17276,4172045531	-0,0355963721236588	0,203626094415533	0,928413935340134
AAEL005458	3212,9087558122	-0,00432083093384081	0,217810848373987	0,922057272141383
AAEL005457	1632,64272650451	0,284486377136712	0,19445779056707	0,856657158625768
AAEL005445	273,433361707873	-0,0870311352418886	0,18674286460009	0,933016696812938
AAEL005449	57,8556566178628	0,0221821219365993	0,2230169214144	0,91375799134853
AAEL005450	195,321193923754	0,0518148956313324	0,180211221493217	0,941860572899652
AAEL019553	748,82558011081	-0,130102017614468	0,201817139429007	0,909607640864079
AAEL005453	1914,32525042362	-0,19126662941259	0,198517668998643	0,893950176160046
AAEL026406	230,376760229483	-0,226984500630171	0,205281762551104	0,867220748816809
AAEL005446	1300,07012036603	-0,0570626940125971	0,191788868855463	0,93382035540774
AAEL005460	2734,16898534852	-0,133845247374176	0,304321062270796	0,736710366190607
AAEL016984	20444,2173372363	-0,133411380008662	0,181373254775573	0,929729096454957
AAEL005455	3603,46843182641	-0,135584287080022	0,218765315284176	0,883534365076921
AAEL005454	1019,38375189459	-0,0235386162863474	0,141283636295024	0,95218880590831
AAEL019966	64,5139344129456	-0,2745173705214	0,311330622039147	0,637286147043318
AAEL017224	1222,50673825566	-0,174814173037055	0,166904585774018	0,934580466431124
AAEL001647	1081,62189860195	-0,118086670922348	0,188007779469731	0,927058765718581
AAEL001656	1189,16903151383	0,290252188558112	0,291869349597913	0,66101612946104
AAEL019611	431,90962980031	-0,0501595212845993	0,174789694752804	0,944642861028035
AAEL001654	14,6284762903902	1,20713970399404	1,08613182530528	0,108322627735952
AAEL001650	150,241922284653	4,20293733079319	0,55429719684129	2,0734929014903e-10
AAEL001641	1345,9445419061	0,247936901841387	0,28555737923161	0,696991304681166
AAEL001639	265,536699743529	-1,04597873958039	1,05251918075709	0,126722858619749
AAEL001670	453,779073940728	0,0476152780290599	0,166557754432813	0,947864820808084
AAEL024228	8554,41808055023	-0,18450756489017	0,213601372148404	0,872142922850874
AAEL001655	738,594241698779	-0,214069088831009	0,230284612272573	0,821539489535927
AAEL001644	35,8413179120256	0,0641238284353246	0,2300644127609	0,893454322620952
AAEL001657	264,453904784243	-0,0936696193065266	0,176984910237038	0,939096860368468
AAEL001666	6663,4836000848	-0,00108415697735763	0,215984704389568	0,924657158887228
AAEL022190	514,709715257217	-0,0520430277838272	0,156105171611671	0,950170151468019
AAEL001651	488,40736439713	-0,24171150846778	0,171179077537565	0,915957132654699
AAEL001646	156,368855451679	1,36914616426746	0,346996475715264	0,0305462817830355
AAEL001635	521,871482004947	0,0976812335181041	0,171530843548767	0,941841214623667
AAEL019827	1047,32096738528	-0,193704336091554	0,192027305129522	0,903052649073254
AAEL001649	781,000673295765	0,165707674278141	0,149727313357477	0,946485837023577
AAEL001653	156,451510327493	-0,0432116312239887	0,208042822749191	0,923602672640726
AAEL017363	5434,52228690992	-0,15200132846549	0,160538210979367	0,942251414970376
AAEL001638	479,594070134235	-0,0249289702640845	0,164998610930292	0,949263101572931
AAEL001636	4146,55110577234	-0,133603241287647	0,174043200583031	0,935426925349862
AAEL001645	183,004776871098	0,000600476352329651	0,195576191575553	0,938883763856971
AAEL001642	475,320818455124	0,0731027657360722	0,195627252990776	0,928501841580473
AAEL028051	541,676612078347	-0,0220527144690198	0,268443086655759	0,850783255587785
AAEL001672	20,73149995456	-2,20616669651299	0,8518822612939	0,0144052386518536
AAEL001667	6483,25398014658	4,32113985741281	0,246594724115669	6,03216526813566e-42
AAEL027346	77,8573110152971	-0,00463169788028061	0,199642960190326	0,935688449781296
AAEL029032	912,658587277222	-0,0420283507971253	0,272054697495884	0,833543708613401
AAEL011996	51,345977371395	0,112715749477767	0,228157577592024	0,878316241230277
AAEL011993	185,352479917407	-0,159988562292462	0,19589271292392	0,908004979410702
AAEL011991	147,120371424245	0,160114339905255	0,291621537452494	0,742119777324522
AAEL011989	2057,49615190937	-0,294880946990261	0,18094439623562	0,8791299409464
AAEL011995	597,298374097562	-0,0544790646631423	0,166559591221091	0,947520211751626
AAEL018230	467,035998168811	0,289060598192559	0,229446501806598	0,776690252308228
AAEL011987	41,6740246640855	-0,0548603147372441	0,235640122336667	0,888323627162596
AAEL011988	331,228384944491	0,0563244045538891	0,162197910486941	0,94859112266803
AAEL011992	1420,46470706657	0,0628449400793464	0,190270025952916	0,93410331482074
AAEL000944	2931,46115569366	-0,0467624689426396	0,144772246779265	0,951841679326889
AAEL000964	65,957392425205	-0,109984622164337	0,244980713222394	0,849238835051083
AAEL019541	42,1553322018428	-0,0413301956356413	0,220429686899429	0,911872582462358
AAEL023871	25,7739020666489	0,0180911929084196	0,256309415184329	0,873194450394625
AAEL012932	593,0746249741	-0,026864579644216	0,211842568399621	0,923334423295463
AAEL002370	1218,76140122612	-0,145158248638255	0,155515482758443	0,945557331821531
AAEL002401	864,204391169886	0,147648831327283	0,161846720725841	0,941944310062815
AAEL002372	20115,420938674	-0,0812790747418995	0,201051204469848	0,922010872200639
AAEL023701	404,004422288411	-0,0502307342652167	0,155337795019913	0,950368375905883
AAEL002406	1376,55413791483	1,78761400566776	0,370084347872974	0,00275290221960694
AAEL002377	1506,4012209142	-0,00518896971877843	0,169150605825242	0,949050978427532
AAEL002386	864,721147743115	-0,0289107432224475	0,152416033090472	0,951331783483026
AAEL002369	1201,13327062809	-0,263515175181189	0,203026703118241	0,848235284202512
AAEL002399	3599,40890126793	-0,0787358449883888	0,15282504387876	0,94996556028542
AAEL002384	256,444662043624	-0,285444958222259	0,253736806175661	0,730108547474417
AAEL002390	451,833479791945	-0,151023292607807	0,239089023986067	0,837916073446061
AAEL023902	1790,05510614776	-0,225926978691161	0,199095008241055	0,878203146533404
AAEL029030	420,763516539843	-0,0615376489989501	0,277836004408475	0,817060046793061
AAEL002375	407,065632265417	-0,152511219986132	0,201553754959289	0,903392204460743
AAEL002402	388,877805217599	0,152813874262661	0,202401954594179	0,902311732757671
AAEL022204	43,5458610009673	-0,066317587670592	0,235548883273255	0,884636609700095
AAEL002374	278,965539588049	-0,100806999430077	0,195254177056804	0,92381370921065
AAEL010765	8290,5678962915	0,516600254004077	0,316445600241835	0,461684530364744
AAEL010783	2087,47927256606	-0,0740144361648515	0,224951969328758	0,897033738620571
AAEL010764	728,617785039225	-0,0171640689551067	0,255988259790088	0,87368333295595
AAEL010782	2529,8854872347	0,0525617358759302	0,215562096657129	0,914307986076519
AAEL010775	2,59633505786929	0,0261679127650183	0,263665515023312	0,858475564249409
AAEL010776	794,722362389203	-0,170834510322048	0,287807355316528	0,742623507470391
AAEL010779	11,6997083746564	0,194020406425334	0,336922824359419	0,652170756269673
AAEL010766	1473,38681423281	0,0540862981897617	0,198905419927545	0,928986305073317
AAEL010771	132,143326365118	0,0757673384010554	0,215276834207676	0,908406946384067
AAEL010781	889,612403298548	-0,0734101010496354	0,179742668486118	0,939692642987179
AAEL010768	265,05875160441	0,115055703049866	0,181991492310814	0,932438068009388
AAEL010770	170,03269576178	-0,192240770928955	0,230782966180059	0,831943777857169
AAEL021858	32,4750506051778	-0,0415220683522018	0,260886446445055	0,855750173329654
AAEL010777	7197,0906832026	0,75980761312044	0,216221454863589	0,371071496407025
AAEL010778	681,686273945948	0,256827842214849	0,176975914040249	0,903106421609963
AAEL010773	1102,74638989905	0,86815880704975	0,543121631429783	0,184596500988852
AAEL010769	1446,15108914353	2,55172556126392	0,370743694832815	1,54364090362073e-06
AAEL014138	308,561331845088	1,43681487725525	0,43131323397157	0,0329130047983598
AAEL022822	82,2268431941875	1,43366483471883	0,368820005799133	0,0236823613182225
AAEL014139	211,761565899721	0,0522762531082577	0,215922515672508	0,913956235614151
AAEL014137	150,66369241256	1,1503683060708	0,387694199974316	0,0823928266656637
AAEL014140	162,121816772897	0,061083212804052	0,216753578113486	0,910989433513695
AAEL014141	656,433778650126	0,958340821745724	0,362397995375152	0,152350882623901
AAEL013936	3763,07819739598	0,192284629501178	0,270653923884901	0,761503925034989
AAEL013935	123,309827167124	0,268830729735961	0,236307972412591	0,776119678889048
AAEL017012	7798,03988568722	-0,0382365418297586	0,200530813196815	0,930364094989771
AAEL010728	611,702108709083	0,0779485443990745	0,183073300607346	0,937101121006758
AAEL025231	32,0458656695802	-0,0379785831514832	0,247410719778917	0,878231439908048
AAEL010730	203,707240420958	-0,070909375578996	0,200322564911613	0,925109398832556
AAEL010727	590,121507047772	0,200804820829838	0,18082734018009	0,915428164962185
AAEL019662	426,910191367913	-0,0451257835539901	0,162226931569573	0,949125176028845
AAEL017069	361,818279470749	-0,0139674139041947	0,266264317718294	0,85972502476953
AAEL001159	881,128599940181	-0,0679785999786284	0,184501297203845	0,937491283231437
AAEL001154	636,554159591903	-0,0432502653622074	0,171239540213159	0,946622116312022
AAEL001190	795,526124366401	0,784414879044016	0,210395238939794	0,353609108683886
AAEL001166	435,669950519389	0,158835563988532	0,169177160740424	0,935267387982684
AAEL001177	459,363415050461	0,0363995449137357	0,190760869327838	0,937476366515628
AAEL001156	14,8434483405144	-0,009983685048942	0,250223331473506	0,884023988147659
AAEL001170	349,952372641289	0,0203438242054266	0,177288020317936	0,945911366396625
AAEL001192	31,4463185669878	0,0629277701922513	0,242536569094919	0,875660795529745
AAEL001171	891,011766886745	-0,185163726635505	0,229147690469214	0,838614322821401
AAEL019565	1669,29177531314	0,00192713956199765	0,154447472725417	0,951565700412066
AAEL001155	54,5305637759869	0,0188339206292625	0,225190661097848	0,912270918235135
AAEL025423	129,560604914794	0,0281751283819073	0,202830529114464	0,930206423645529
AAEL001152	320,167330730983	0,210734664493086	0,215998958921876	0,852793955698288
AAEL001185	285,685687286088	0,0776190049064736	0,206691406057388	0,917492082581425
AAEL001194	53337,6532275374	-0,15344213555936	0,292170555443717	0,745605323182793
AAEL001183	406,950836880413	-0,0374309981610424	0,186640152884247	0,939768893509129
AAEL024653	1706,00106983813	-0,0849520496522364	0,190957113216201	0,930234299860374
AAEL001187	1026,55734703309	-0,115903641857972	0,151348478233876	0,948782065609516
AAEL026141	16,5884104183658	-0,0988621799469118	0,274505688976309	0,804669957711985
AAEL001173	558,035442397666	0,0878299372460524	0,237645530047261	0,873622428522271
AAEL001176	3181,35784515381	-0,0319746590619774	0,199969587555293	0,931875935330203
AAEL001191	279,843229568798	-0,0427828827354573	0,17774370525174	0,943908084602604
AAEL001162	48,8839709828603	0,00589034400293157	0,215801069101751	0,923869051533291
AAEL001181	107,621725659907	-0,0382299250905086	0,208604428131714	0,924100614016511
AAEL017023	2952,91183135942	0,166734130750305	0,339901071515012	0,665276357594995
AAEL001163	191,085569594658	0,223323172477735	0,338953154607496	0,628472221090665
AAEL001164	1451,80476891598	-0,150576844072249	0,183864801788277	0,924494318223462
AAEL001175	352,354536282617	-0,0246552791258586	0,169151819588988	0,948261188149569
AAEL001167	114,504889600439	-0,0654830397501845	0,195998928657691	0,929359653233932
AAEL004520	1884,43582684393	-0,08030404855182	0,154050612508687	0,949638569239493
AAEL001189	599,721276694782	-0,0286810146107031	0,267083280103909	0,84975717974487
AAEL004516	906,661511588538	-0,00172730020868345	0,265854294245566	0,865964747988522
AAEL004533	142,194426992373	-0,133194274645817	0,210015247433163	0,89783660405612
AAEL004522	3752,61228649251	1,34612156925518	0,357385584832345	0,0350213210832461
AAEL004517	430,984546931199	0,122854471888215	0,218945281244694	0,887821687217917
AAEL004515	174,736913697286	0,126635464413094	0,217838886983072	0,888204525413074
AAEL004521	898,871837613806	-0,152151820462358	0,186904423825473	0,920592721208641
AAEL004532	872,101039153784	0,0364095268543699	0,200159222191949	0,930951346107953
AAEL004529	264,162951763521	-0,069426178881925	0,197626492967558	0,927652919546048
AAEL004527	443,442244407748	-0,0739782751483708	0,185484540587803	0,93589301210567
AAEL004511	231,014411545448	0,0793918348860287	0,225138993466588	0,895138396869804
AAEL004526	381,76855311158	-0,151087934364994	0,21160604112594	0,888466214898368
AAEL004513	804,23650789669	0,935368442231815	0,307159519560823	0,176660180038614
AAEL004512	46,2087533379389	-0,0349773676731739	0,220649948353057	0,913229636768258
AAEL004519	78,2588321942763	0,0602593431296893	0,22532875039987	0,901038932688213
AAEL004534	2087,17653769519	-0,00272434885615311	0,146568796745363	0,952118906501748
AAEL004523	3420,31402437638	0,0471471605024325	0,159094794038654	0,949754464753088
AAEL007278	98,7484044892097	-0,104174691514467	0,21578867688153	0,899809212775587
AAEL007275	291,767890448434	0,12075468363385	0,190523713622752	0,924276099327274
AAEL007273	133,283140110639	-0,0184341877109727	0,204501716677552	0,93044728001009
AAEL013950	863,036927366375	-0,152233976464993	0,23267819639223	0,850910531221465
AAEL007279	427,923078308595	0,103716080873344	0,184434945053924	0,932350847056863
AAEL007271	7786,09315080644	-0,0863703196047279	0,221736527593389	0,897376492758761
AAEL027808	338,912013022963	0,0602929899399159	0,205522553750284	0,922126768629017
AAEL023524	119,704284894169	-0,0179720871599607	0,225078947319793	0,912621984134214
AAEL027580	751,828229847411	0,266741513730625	0,207553090336324	0,835372313924757
AAEL019653	34,4669724649516	-0,0453119506043527	0,239273337011138	0,886828597917613
AAEL015345	99,3604111808592	-0,926847906453687	0,420564689859696	0,162978667494554
AAEL012960	3392,48831213421	-0,0959877958792401	0,198199946196446	0,921637674606262
AAEL010538	1038,30628882288	-0,100620226112753	0,200375723318255	0,918543743633953
AAEL027554	1146,72908993896	-0,211988665948558	0,250373642400266	0,784384946404825
AAEL010543	650,915660077644	0,175279145370526	0,189987304878596	0,911470613783673
AAEL010533	430,224570257862	-0,0511860321412121	0,156078074554473	0,950217491243734
AAEL010541	245,526803129282	-0,261693438600291	0,221901362362944	0,809489995276571
AAEL010536	263,732598220233	-0,0188069150658586	0,179169652892396	0,945295888894419
AAEL010540	177,364483564692	-0,0451809627561962	0,253663879277396	0,866984934699927
AAEL022033	673,548059046384	-0,025139704728187	0,259753908244622	0,865724451291364
AAEL013799	284,599336387025	0,065127057840525	0,200943579235225	0,925630198740563
AAEL027661	34,6634715565739	-0,075602715786689	0,246665926357398	0,865033121016869
AAEL003861	939,34520250921	-0,422202727630697	0,279494439116272	0,577797171111326
AAEL003675	8801,45444863936	-0,121704372239755	0,19210213666775	0,922103616906541
AAEL003648	186,452955093987	0,138720684111746	0,248869408273069	0,826725887081269
AAEL003664	1589,11499398879	-0,169405811741502	0,153729270226247	0,944105528023876
AAEL003676	1106,95545860972	-0,238637102289509	0,304683629171143	0,673089821936763
AAEL003674	230,186283769677	-0,123536465566419	0,174889250214232	0,936437343666853
AAEL003700	193,968845661578	-0,0189900045752953	0,175386338751851	0,946698129964076
AAEL003679	152,679504030411	0,00613217676250334	0,191787236269681	0,940304097099044
AAEL003657	188,471122294065	-0,08111764246926	0,201682701343942	0,921402607091131
AAEL015682	474,551858512055	0,00290245217263061	0,23372013208227	0,906893568276001
AAEL003669	154,634583135754	-0,0351867538202329	0,247942909509925	0,878682353260023
AAEL026460	218,278781680587	-0,00306025959278986	0,234233631537173	0,906394659988189
AAEL003689	166,983702639399	-0,196942185712763	0,328317463128837	0,66379709035489
AAEL019637	669,179770432545	0,00279848995619303	0,258354578317642	0,875305870755396
AAEL018305	147,824747636004	-0,0761823206777669	0,178434219924521	0,940236013395121
AAEL003690	125,314521557045	-0,00577640321535048	0,197592839067717	0,936980089349988
AAEL003677	143,718834207628	-0,115917035599955	0,205437352431304	0,909231888596433
AAEL003651	374,038959200324	0,0795035492675679	0,172409563485097	0,943178196848942
AAEL003692	62,0768792449187	0,028862597425542	0,225125522347487	0,909809877632322
AAEL003656	893,842094823269	1,03730987418193	0,73933079134645	0,125141871617681
AAEL029034	263,568439012245	-0,317366608295686	0,265246429890402	0,686781516710256
AAEL029031	575,65778436472	0,315044825343347	0,461727467046251	0,453508731188088
AAEL020484	1661,56138383856	-0,198868472522177	0,265461825026076	0,766270271004995
AAEL003682	510,834440884603	0,0102952305146397	0,169513641179031	0,948736970580563
AAEL003701	457,175019580206	0,083923584157278	0,175190971102005	0,941201677670976
AAEL003691	97,7435563312227	0,000745659038568272	0,208610333044969	0,930178525145866
AAEL003704	275,952411721237	-0,0160075384637322	0,18729654288054	0,941653417868715
AAEL003681	139,722663028899	0,130237872436427	0,241699709767551	0,844500051472019
AAEL027777	174,023619331325	0,280454540294429	0,2244128641963	0,793859773112402
AAEL003684	390,540788364259	-0,0448619078630133	0,181821395843319	0,94164042165365
AAEL003666	755,946977421833	0,475303922364377	0,288450761501075	0,529136295991629
AAEL028202	79,3166268692242	0,234468615909245	0,311829986130769	0,66674281830743
AAEL003695	185,816366365989	0,144774578215018	0,224277408785653	0,87183032724228
AAEL003680	422,232157750871	-0,0144216964324882	0,177648074775364	0,946244287723769
AAEL003683	126,106467487664	-0,0318086429633928	0,219760436636332	0,914823331398252
AAEL003654	353,983527760892	-0,0175144961303753	0,174934953575674	0,946892603152379
AAEL003678	1173,4669171611	-0,1254490061036	0,161114652076888	0,944508029560023
AAEL013544	609,45155903133	-0,245515447983102	0,189532564732083	0,886065982229473
AAEL007197	1350,80862084851	0,0960204194465334	0,194290955875761	0,925661849256552
AAEL007191	957,013716004573	1,27157649562493	0,367721735687509	0,0498947274310123
AAEL025597	2602,75669080845	-0,387675592333358	0,260479181516339	0,641904735906988
AAEL007189	1300,6504227191	-0,155939553014416	0,149456442591217	0,947202953631014
AAEL007196	756,591859202015	0,111094761010894	0,212211865312097	0,902493485931655
AAEL024884	61,7468100962015	0,035396290920311	0,213255663417914	0,920047528217687
AAEL023387	33,1565888962154	-0,126258199175163	0,27497072240827	0,788464635325723
AAEL010881	429,111402595538	-0,113607561836544	0,176378393374233	0,936820526662444
AAEL021860	91,8217163829604	0,0420810640080221	0,204660918007514	0,926722167366554
AAEL023279	892,588071267622	-0,0178613604055884	0,183433188783809	0,943454119923023
AAEL019489	38,9773476321904	0,0570831631088724	0,227910803027569	0,898587818708131
AAEL008693	568,135689068323	-0,306770096651171	0,192875931266224	0,844130306378931
AAEL008686	2511,99855925352	-0,0294098433463451	0,194418402465376	0,9358851683898
AAEL008696	789,774385074087	-0,0884298209586925	0,167030794395877	0,944991530646242
AAEL008687	1549,75571396464	-0,0343132575188948	0,136010915762867	0,952297616090582
AAEL021798	1544,71256445498	0,00551127599724947	0,156441206196709	0,951268419302809
AAEL013011	249,70214702584	0,059531768178157	0,176362753254635	0,943085623118644
AAEL008697	6910,64904928552	-0,0982426190599208	0,168935455537882	0,943153539979222
AAEL026502	18,3457069041599	0,0435058431704985	0,258751955990822	0,858856530675882
AAEL019952	481,225406321149	1,48950995725143	0,535695037267332	0,037234230262572
AAEL005170	8732,25329306375	-0,0890908885975367	0,176211210667033	0,940065122762514
AAEL014457	495,129702897138	-0,0307302728895125	0,190173311002049	0,938539690278659
AAEL014326	397,379075001554	0,0978250145127581	0,180634982847462	0,935947864426675
AAEL012522	212,772303668698	1,90554092963794	0,351238194820295	0,000864725640531208
AAEL012520	178,730174897951	-0,323679142365042	0,228150192565902	0,757549685128791
AAEL012523	261,20021223394	-0,10770146274266	0,200263629544009	0,917126732862535
AAEL012525	142,961937784798	0,0508380160748004	0,185604809843813	0,938990498186645
AAEL012518	1963,86069050983	-0,506928412917323	0,44336374884126	0,371704809566174
AAEL024339	51,4694674959886	-0,62744079252455	0,7197779337915	0,242913600571188
AAEL027107	36,7351203105197	-0,0913120667319864	0,268165037903129	0,818137793033013
AAEL012519	1348,17478011431	-0,102394304579619	0,15138343987153	0,949346477817055
AAEL014215	2054,41545186435	-0,0468604756082184	0,168487829164276	0,947298533103214
AAEL014216	174,472464419958	-0,190102461541215	0,192724735010143	0,903231659317432
AAEL004933	74,0928113090185	0,998103817879483	0,510918025276004	0,134655678292158
AAEL013367	61,7278337451735	-0,185606675321672	0,273493812555532	0,75976243412631
AAEL019516	1979,49107626583	-0,00162963768361208	0,169682176184472	0,949095522936565
AAEL013639	343,691049837808	0,0642280013737739	0,187491066846152	0,935845921002077
AAEL013643	554,26416346153	-0,168527118507756	0,179849920271122	0,924581254060279
AAEL013640	114,22258013548	-1,04891191932639	0,389034527512518	0,117423913947297
AAEL014799	1459,29797088463	-0,00405616252246944	0,140029128796145	0,952301958197255
AAEL013636	471,272611598064	-0,261118594842665	0,211530973324404	0,831077888817225
AAEL014797	583,371870879511	-0,0566554063691767	0,179137558736799	0,941937877307094
AAEL013635	770,196515036256	-0,255505440376032	0,184667006049309	0,890333185588474
AAEL013637	1043,7324583302	0,0929348392503881	0,242621379459883	0,864194078857329
AAEL012378	711,1854453844	0,026891720046128	0,145838231791305	0,951956478660993
AAEL028080	33,0818093158236	-0,0241228040306384	0,233310189269555	0,902019514467713
AAEL009433	10,7575879336889	-0,0926987659980029	0,28731105687352	0,785616438115184
AAEL026633	4189,0839238918	-0,0814609845093398	0,173859118835409	0,942264140514979
AAEL006674	3735,53371464386	0,691415130666435	0,427475130540349	0,292412442050083
AAEL006682	645,108583418041	0,127935979019195	0,191904141936435	0,920952071627382
AAEL014561	58716,3667525741	-0,0178768359308686	0,255540380709587	0,874047531315502
AAEL025303	45804,6766156698	0,0466007403812388	0,245518075393477	0,877691609433269
AAEL021735	16224,0183927087	0,00280867767186854	0,262318876004218	0,870724114652558
AAEL006663	1059,75921862853	0,133799164447091	0,185102652972004	0,926701667604295
AAEL028011	127,895276256091	-0,0590094615135955	0,198488871387022	0,92856032590722
AAEL006685	1028,3573112492	0,0240796059322995	0,165806742067947	0,949115295504084
AAEL006675	818,511891335983	-0,226746717218857	0,16721366593886	0,924624646963074
AAEL022611	1503,89423784904	-0,0110112739580302	0,178658410292711	0,946045028549123
AAEL006679	14,9910154511329	0,0719126979968124	0,261528789725216	0,837614973480473
AAEL006684	2184,65476749901	-0,0214487269617466	0,160150197951215	0,950344860496233
AAEL006666	437,482784809189	0,223562762252194	0,227847486489604	0,820808174988712
AAEL006677	786,260400087938	-0,0420181786510468	0,148204758545682	0,951574652320307
AAEL019893	228,793968292538	0,0712720758621216	0,207925065587515	0,917815576578355
AAEL006678	258,099060103569	0,132811367838373	0,209274735025718	0,89921190705916
AAEL006669	653,842482159991	-0,105901982846892	0,199264663378169	0,918455015249059
AAEL006676	440,405484702724	0,118240079312965	0,202470951262271	0,912109068669372
AAEL006672	57,998363810195	0,103301257459666	0,240055329194121	0,863770637338872
AAEL006668	639,134591146056	-0,188255061346691	0,239122107668148	0,818828443394292
AAEL006667	1012,30391185735	-0,167278731530218	0,206652128350931	0,890195332690309
AAEL014734	693,390789556967	-0,0446982261008787	0,211053844532627	0,920144997829683
AAEL014732	1913,03768128692	0,139339886312406	0,148224860456888	0,94850523913206
AAEL014735	247,13401667202	-0,0912617238427224	0,18440073887881	0,934186078282026
AAEL014733	1456,88439640725	-0,159422101356581	0,140947275197435	0,949599818500202
AAEL010640	1735,05584434453	0,904389308963881	0,35734521171461	0,193162105690354
AAEL007556	902,306631871882	-0,259766715761079	0,17120864403652	0,910502995062216
AAEL007544	921,120274342528	-0,168365674870249	0,15138223791162	0,945489370541585
AAEL007555	1521,57354447865	0,978343618340338	0,336411718285027	0,145012862741411
AAEL007554	460,300023816197	-0,0351289815035251	0,178457557585932	0,944194816265992
AAEL022162	2398,71911367505	-0,143938137770494	0,163839498596487	0,941095925447626
AAEL015493	374,787526319833	1,12134387059619	0,229651158463812	0,0664405836406571
AAEL007542	1548,12928606015	-0,18992210553881	0,271810074874839	0,760418461224537
AAEL007548	4053,59311873484	-0,0771401698708804	0,136616565031316	0,952061962561084
AAEL007536	708,280379196133	0,420477368469328	0,202826203967578	0,738408441905334
AAEL007546	2485,73961229582	0,735098577741571	0,183709372353142	0,442471271750028
AAEL007541	371,853971420945	0,177858542724884	0,182549722076826	0,919296426261633
AAEL027182	45,6445945674874	0,196402699749138	0,302856410068467	0,700421079796668
AAEL007549	1615,58545416553	0,0975432144057434	0,168712852934327	0,943350197845131
AAEL012671	12486,0365750067	0,0579056827097129	0,14426993551358	0,95174411205051
AAEL012585	32065,680122067	-0,115610338336446	0,207576000853067	0,906578212423378
AAEL018244	4559,55653533194	-0,177979067342145	0,145255817825463	0,947330316071904
AAEL012586	461,55149461872	-0,0746812877638966	0,152897803449998	0,950098972749998
AAEL012588	1049,33150428062	0,0631156573065356	0,155736253759812	0,949908164886681
AAEL019421	420,135476137867	-0,145845956291665	0,172744046232892	0,934596796723612
AAEL014343	108,82630841138	-0,0983043209794272	0,227794336405446	0,884152153328715
AAEL024986	5995,33044229798	-0,00677339401768339	0,266162162282156	0,863273275469438
AAEL008449	1237,87648749896	0,0376607518269463	0,265995054480771	0,846367832968205
AAEL017350	3046,31603052863	-0,0215740321530603	0,267143747998562	0,854185744432276
AAEL021072	42,7703858562787	1,87207804693364	0,471308319922145	0,00560071387622182
AAEL022727	30,9252525147529	-0,0943807598585938	0,243594380037277	0,861686240321692
AAEL011295	235,469046904184	0,0715053631281813	0,207093335577405	0,918302458937414
AAEL022570	4868,47463966637	1,25520509796911	0,220860420278007	0,0254150687227249
AAEL020078	32,5582160297221	1,89127344429216	0,659558781701734	0,018365443797852
AAEL020583	243,496533285707	-0,109645173076307	0,202543792562807	0,914377991377679
AAEL008443	369,845066174744	-0,119712821434537	0,173840408355531	0,937802898331589
AAEL017403	77216,1687679476	0,0195136884025507	0,245322387531403	0,887193954854203
AAEL026426	3413,35439867171	0,0654350568377341	0,275344049467673	0,818765873144361
AAEL023868	189,683176485542	0,0814281244493812	0,28132717908586	0,802539780008122
AAEL013027	68385,9484820333	-0,0229752667249878	0,246805138108567	0,884228916573629
AAEL029026	11604,7894175989	-0,00469645064220686	0,26164381376941	0,87101038733905
AAEL025795	10,7617453453158	-0,159668951191792	0,33553664291331	0,673692024355041
AAEL022460	206,335565413948	-0,00882313317387076	0,184245368689227	0,943817875727195
AAEL014484	744,97103813713	0,739883190787832	0,202640529293721	0,405414928928601
AAEL011318	29,802441495536	-0,0440824513216567	0,237429139727875	0,889849180178992
AAEL011319	3378,87135224465	-0,0619196432977408	0,221167120409196	0,905397714590147
AAEL011317	924,768590040417	0,0445705146400422	0,180118571354242	0,94261819272622
AAEL014205	24,6974258355011	-0,0350876366933179	0,241588993663324	0,887023748585005
AAEL011313	91,4484194049185	0,0689822870260418	0,24282887152537	0,873408800477394
AAEL011314	1248,33171232228	-0,0120107384666625	0,154428904000429	0,951394983096241
AAEL014207	412,606517101655	0,0386342203525662	0,184845606149435	0,940675801951922
AAEL023753	356,721360909962	1,04945001112629	0,462312502460124	0,11895766147807
AAEL023678	85,6730403712354	0,768791868470277	0,512022175831035	0,226792810336079
AAEL013952	2274,50872800289	0,000158750310309238	0,144869238408654	0,952184443175023
AAEL014868	751,310955861066	0,0721538322053108	0,165904422137818	0,946687284128508
AAEL012284	167,68817889364	-0,0641860934588218	0,214878069401443	0,91212380693548
AAEL025202	1369,40741615041	-0,103266705730439	0,147585818610652	0,950193832604751
AAEL014557	388,834827548397	0,0149903746772237	0,177248785408133	0,946348860086458
AAEL014556	439,267582237752	-0,358966493772276	0,258406919001117	0,671676857861628
AAEL027148	153,369882404203	0,135021516386584	0,227799397953036	0,870147743085414
AAEL023141	71,0754168432797	-0,0697195013628322	0,211130778034119	0,914837173655388
AAEL009938	13,9297082394318	0,0600591505783234	0,25726554942981	0,852752618721577
AAEL009935	6,9870411654296	0,166913340746467	0,331123922530398	0,676670557330291
AAEL009945	141,142796279926	-0,0804035574625512	0,244371197862886	0,866815982764414
AAEL019859	359,825196667111	0,154475126911278	0,211029260266434	0,887869685299427
AAEL009936	184,186048743939	0,292782349679422	0,25545479545744	0,723025878596479
AAEL009944	178,946393637029	-0,188138443540852	0,203352300450152	0,886975023933816
AAEL025223	1222,05738208797	-0,106353655583163	0,169299543118918	0,942168561999617
AAEL013015	36,885246144336	-0,0981990564210611	0,246254910023284	0,854023371334976
AAEL009946	2077,26670415344	-0,126540002744587	0,177021788343558	0,934367428141209
AAEL024326	72,9399678357525	-0,13473917788398	0,223106499571216	0,877002840738119
AAEL020720	252,189641934281	-0,0933138324668737	0,241822195711024	0,865310505034448
AAEL013625	35368,9481022674	-0,0314467420770538	0,193251391343028	0,936452760204967
AAEL022666	170,386242415816	-0,0078731427706856	0,196085987539974	0,937691964512708
AAEL013624	211,161009864847	-0,0175767859804889	0,181261422618708	0,944366633807968
AAEL013626	296,293261579336	-0,150900406516858	0,194552452854742	0,912680222180332
AAEL013631	667,966122556477	-0,111687092194894	0,162958100145626	0,944910567838436
AAEL013014	354,627296314523	-0,153681479808984	0,193827386807503	0,912796465725581
AAEL012229	172,396215911567	-0,135684851391791	0,213966638434414	0,891039949758319
AAEL002388	1869,94109934844	0,0383522574379632	0,199633730638814	0,931005893510992
AAEL012226	196,922231276795	0,0594762398772688	0,17574367028027	0,943399149893777
AAEL019430	960,530392981165	0,0594445074312833	0,226944643615642	0,899289378557751
AAEL012227	2486,45771238041	-0,166622780417741	0,196439439504979	0,90544891878129
AAEL015110	1181,46544079888	0,33955413373612	0,315928259410692	0,583319362647665
AAEL012839	53,8394520373777	-0,0794083268412829	0,226563220188814	0,893215533285466
AAEL012841	654,198398375979	-0,0562300030052022	0,177342667463096	0,942899567783313
AAEL022917	28,1913555533364	-0,00414704566609024	0,236716192004146	0,903481166353664
AAEL012840	1032,06140490168	-0,355764077832125	0,243775076182548	0,698544127753655
AAEL012843	414,823074115786	0,0131666920616553	0,173671935831324	0,947562224986096
AAEL025801	968,468538712388	-0,14484948634882	0,167285409665241	0,938919383437424
AAEL013063	1425,9328096885	-0,0400846105471683	0,195165724384577	0,93389549264199
AAEL013065	425,833481207272	0,140315555675609	0,18569787106084	0,924894725430955
AAEL019552	512,237068802456	0,149930476732414	0,184455837883844	0,923979495334025
AAEL018254	2140,30214699046	-0,0350914570234781	0,14912874009628	0,951592546213196
AAEL013061	158,946614311283	0,00688149278183428	0,175353146485167	0,947388485393254
AAEL013059	53,0446025268944	0,0686437877991688	0,234766257884322	0,884965752990904
AAEL011496	189,877806567618	0,118199226193986	0,205476217628416	0,908278699612474
AAEL011488	66,2089272094206	-0,0406278245107	0,209170935839968	0,922928498748203
AAEL005692	2952,37980599515	-0,157529147532573	0,195174133056297	0,909980295720876
AAEL005700	27,4984394039357	0,135020912446306	0,265052805909086	0,802391167000874
AAEL005704	1067,24983437149	0,0615912255954199	0,17734235167927	0,942397420909443
AAEL005708	93,7988933348869	-0,0599825093232639	0,228921376415463	0,896300297683435
AAEL020486	234,951570979656	0,0700634828693469	0,225742537586403	0,897275919764174
AAEL021232	569,803143865687	0,115446767626183	0,168220028472189	0,941783062371876
AAEL005535	288,620317788287	0,41344030961109	0,318197374548087	0,533110355662128
AAEL005701	202,976109456897	0,0413532414101386	0,180585443140181	0,942693496861913
AAEL005677	132,151008555921	-0,00960698943519954	0,208784633552353	0,92866729906168
AAEL005690	459,639458991019	-0,110448123697891	0,184557532327227	0,93113283626088
AAEL017053	1069,46774605474	-0,00414159451016718	0,160000906448621	0,95080173812603
AAEL005539	188,325770744806	-0,0722608117123713	0,198010005193543	0,926844925570463
AAEL005536	3387,38497181312	1,12961207370735	0,221305012465396	0,0639528622161787
AAEL012528	201,219832463539	0,482179912179236	0,277700812174596	0,537414868963469
AAEL014739	85,5212907338356	0,0703299327227666	0,202859015908238	0,922712523040734
AAEL012526	71,0946493191163	-0,0747029477987008	0,21976213288666	0,903640885722111
AAEL025344	79,6874284658264	-0,0783466898622222	0,229684102392707	0,888655766475708
AAEL015007	884,847404062755	0,281475858300425	0,211340683530038	0,819637952105875
AAEL013087	295,812949417612	0,0508967298990279	0,184160849674524	0,939657919800957
AAEL015002	40,7243616893048	-0,194737402589561	0,297998026765913	0,711217026561819
AAEL013098	1779,73372784705	0,00556269047223537	0,169851782508078	0,948877006166217
AAEL015006	25450,9518045458	-0,0565686053758946	0,204960519680828	0,923747192137078
AAEL015003	102,432856807992	-0,262709619717088	0,24009843291481	0,77341837736497
AAEL015005	190,017689454042	-0,0456193109538895	0,197338556461043	0,931716146245306
AAEL013092	1516,3664191543	0,385753782483655	0,190907803719976	0,79570372802467
AAEL013088	37,8575023632274	-0,06418271687018	0,235943191211492	0,88491523780355
AAEL013103	202,77087185587	0,0298928709885932	0,188457362032888	0,939525606232859
AAEL013090	256,250506911875	0,0765982680271046	0,208502535326254	0,915849166522022
AAEL027164	1056,85908624322	0,0130863967297417	0,195521836546829	0,937341795020323
AAEL013585	1420,49339734687	-0,0161029506080084	0,266031001436273	0,859008344166855
AAEL010435	39,9520503536023	1,25382765253173	3,31317858842958	0,123572279804782
AAEL019470	576,596039626747	5,89894636192492	1,38222462797376	2,40091978379668e-05
AAEL013127	1,67462503889343	0,0354357667241509	0,269447772964992	0,842112465690675
AAEL009165	214,918158751587	4,01549441230728	1,10430731270476	0,000472682235819525
AAEL013118	745,540221967553	2,4082779842388	1,44350868371071	0,0345933716145616
AAEL020299	91,2590047633577	-0,16701668071331	0,233017126022149	0,841252208043671
AAEL006904	898,743035207875	0,235096316382731	0,193542815220557	0,883637786656417
AAEL006900	107,67315010813	0,0250041323528987	0,224281958528057	0,911753861608936
AAEL006903	33,6387635104232	1,98914970056686	1,35113650362812	0,0509659060520701
AAEL023374	56,1547328761729	-0,11148750885651	0,243371792970262	0,852129767426887
AAEL006909	373,152685507993	-0,00864648407061771	0,214950277775231	0,924188458213038
AAEL006899	552,029581021013	-0,105645165774561	0,166227156736752	0,943823898678213
AAEL006902	647,055172981012	0,0367537373143732	0,182968910465996	0,941925007518145
AAEL008910	31,2746568728295	0,00730945393088479	0,243540855861102	0,894164328510372
AAEL006905	657,68888682306	0,0934343357657884	0,152801704353146	0,949370948116899
AAEL006908	286,401440249619	0,130063249202891	0,182939200989596	0,928967052611452
AAEL019690	914,430967204538	-0,0143985356699175	0,167203391831808	0,949189306028501
AAEL023632	267,811998749029	0,136528647401986	0,221411982754468	0,87943574818311
AAEL010290	1095,79896921689	-0,294867893658005	0,254799339422863	0,722589326334953
AAEL010291	57,4150717047878	-0,071399905397561	0,237272912335849	0,880697999730022
AAEL010294	370,379213816074	-0,0652201707936507	0,183315112213541	0,938604498860375
AAEL010284	509,579262146804	0,0488443736467252	0,20383869161775	0,926216599734723
AAEL010287	112,826363395871	-0,247838370965658	0,242568818475855	0,777352262964815
AAEL010296	1196,4244415344	-0,103404821991188	0,202636419753705	0,91568669628546
AAEL010283	76,9442100590231	-0,0373201756147266	0,211172490585841	0,921520316851832
AAEL010286	58,9152281865676	-0,191020215642156	0,253658090962073	0,791072369170864
AAEL027623	154,999700939947	0,111793166400344	0,19509691746346	0,921260888497057
AAEL015394	93,6998694671967	-0,281861803823099	0,262995125273844	0,715721727133953
AAEL020044	76,8333235517104	-0,0868769443686223	0,219243146337556	0,900739040349315
AAEL022970	863,685286819728	-0,00238230692915671	0,149496242036898	0,951960883090891
AAEL009140	167,796651040413	-0,237201716483682	0,226499566416668	0,814865868784371
AAEL009147	368,759496631091	-0,0620980976132316	0,165410814298413	0,947435982992461
AAEL020968	17,2433687096268	-0,00548792882728765	0,249490749157486	0,886510037083149
AAEL009142	3913,00088923021	0,0997086469858588	0,22683527260691	0,885091847396274
AAEL009148	247,991994065129	0,851704499976039	0,310858117500978	0,233757348835313
AAEL027204	153,322369903445	-0,267771592542415	0,228104038149302	0,794343998890746
AAEL007318	120,454420976467	-0,00574454912464164	0,200695732217673	0,934865074345637
AAEL014050	194,951552222753	0,107647857911736	0,202054577579104	0,915250359841777
AAEL007315	466,483721479259	0,0486593911849953	0,17758711315052	0,943515072642001
AAEL017545	2330,11994142777	-0,0848996069489465	0,181985647761888	0,936904207754772
AAEL007312	426,799752793292	-0,0347064288651288	0,200480904341944	0,930960443330283
AAEL009723	61,995073518087	-0,0420049621635053	0,221340116729845	0,910807639881037
AAEL022380	48,1441997488681	-0,0454983187599446	0,262738489836261	0,849195478374794
AAEL020446	1148,65161880528	-0,0670927408299419	0,172418927861512	0,944260113220893
AAEL007573	454,068997043607	-0,110684082939987	0,200740283618021	0,91598408091775
AAEL020170	30,0014646190288	-0,0213431591470054	0,230340840920109	0,90590727472768
AAEL019744	29,7247340870716	-0,0432640322587741	0,232699584901758	0,896607163636917
AAEL007349	1320,86836443108	1,44317684825558	0,246286488072861	0,0066119167303984
AAEL007342	2208,29837820684	1,08508982167143	0,231111721436974	0,0837694410379957
AAEL007344	1202,74839492517	4,25301121633037	0,225480407508906	1,74927442114656e-47
AAEL020651	3879,2028981935	-0,0274370502569077	0,151638978580653	0,951435524815561
AAEL013769	270,792543660036	0,0461714086277462	0,167231235832532	0,947750455086751
AAEL013768	700,029893366742	0,230438929682776	0,216640882099828	0,83806620586634
AAEL025362	1703,50180440732	-0,115470287018046	0,236015845777083	0,865067856444889
AAEL007329	1624,89398345761	-0,00775649384583608	0,169076446647669	0,948971595399813
AAEL007332	459,570577313543	0,273072571296724	0,216597737639758	0,813152183899316
AAEL025775	138,656063433728	0,003517712060751	0,1839023934206	0,944348908658347
AAEL026700	544,197128372251	0,0111717936103676	0,178349483242871	0,946172503022163
AAEL007328	1041,8702104571	-0,204138376607147	0,164775913996153	0,931537721419227
AAEL022309	148,71138349672	-0,453846953174822	0,330757210121437	0,490536877697264
AAEL019714	845,778482965389	0,101202180379047	0,148896667002697	0,95000852059358
AAEL015275	207,43945322033	0,0542302549101188	0,195689439260815	0,931635970292373
AAEL011193	497,320846827615	-0,00956186167997041	0,234706597589333	0,904081791320824
AAEL019808	52,7123493612382	-0,281863239468209	0,335475174998928	0,595483421378496
AAEL019818	47,0519163220508	-0,0672879665739861	0,239716565835432	0,87862617175546
AAEL014662	254,602413188309	-0,0357984199625094	0,262593250771914	0,855471853336387
AAEL011677	183,177634531611	0,0786883024702276	0,219237601935737	0,90321378803317
AAEL019722	356,280433167027	0,0621601724838881	0,19994448123402	0,927028293692628
AAEL019652	2874,46115622898	-0,264138702486753	0,166441129492779	0,915482724255949
AAEL019466	1300,92847840545	-0,0367205639658419	0,206756414102304	0,925935029468845
AAEL014536	499,850313531797	0,0218616315487574	0,161617888102653	0,950103724323654
AAEL020761	482,864593118259	-0,0604145182935269	0,185095197288368	0,938111422004653
AAEL006276	98,3063784873019	1,80106634608344	0,560122116879396	0,0133595087397734
AAEL014539	21,9121101221775	1,43450270560277	0,928032828262831	0,0728541362696197
AAEL014541	600,012857808221	2,76580102091439	0,369154332770785	5,6021340614701e-08
AAEL014537	506,137693132075	1,81983283897537	0,585208990911617	0,0157090182745182
AAEL014949	708,151798589391	0,0934590019065741	0,198315824592044	0,922045677332644
AAEL023874	16,209105032853	0,0080520962956059	0,250880722590468	0,88376680577531
AAEL013004	371,363832899166	-0,091221787837793	0,261337280310838	0,829152359525114
AAEL013001	97,4230736577825	-0,231972700006358	0,306150394299077	0,674690874817582
AAEL013002	1234,88885424326	0,0744763982004271	0,163070611078427	0,947509697921841
AAEL013006	125,391128221221	-0,128223862329386	0,207178440460575	0,90353446490943
AAEL013003	225,443340862954	0,0441123967798703	0,180206322531233	0,942611908447305
AAEL013005	777,689185360123	0,280247872153996	0,279034206708065	0,687519836782943
AAEL014486	468,686504551372	-0,171529122156419	0,185999654951906	0,917034889365212
AAEL019605	1567,3780301354	-0,0105184133800906	0,152077507787096	0,951672905354335
AAEL013276	48,3037282359003	-0,650378321366969	0,508125193406777	0,285980317122276
AAEL020740	49,4772162400868	-0,0556007183455741	0,223105266627529	0,904865339903299
AAEL013272	18364,2382472432	-0,0491689508387277	0,203585526184895	0,926372104620752
AAEL017204	2206,86206104969	-0,0112022729555969	0,167706199144709	0,949199157835018
AAEL013275	2687,82563499629	-0,248997655985172	0,198402241521811	0,86901219189326
AAEL013271	229,624534229236	0,0315654793840569	0,175696854752942	0,945782650599103
AAEL022402	49,1588869886318	-0,0439663507283464	0,238274475976507	0,888584760181023
AAEL023047	92,6144746928236	0,00115740337236152	0,243804626395802	0,895597947819846
AAEL026371	204,807155567496	0,04075770825461	0,186180966897591	0,939602279457927
AAEL014534	624,491330782618	-0,0970662168324201	0,168673801539546	0,943441913590142
AAEL014533	615,748532303132	-0,0988433397072819	0,163569432992293	0,945732116632247
AAEL013467	443,478835981953	-0,0661432141371737	0,183130015785877	0,938618882210674
AAEL013466	2697,22518856827	-0,071208789000397	0,173595119808367	0,943374684449033
AAEL007959	1537,36514476077	-0,309351215037582	0,309805811819919	0,614867450990794
AAEL019715	1929,54524119512	0,017953128343713	0,146036052414195	0,952040024963871
AAEL007955	35,8103700721775	-0,096366950572552	0,260944512680313	0,826954504504156
AAEL007962	1730,32882521556	0,062544875210452	0,175882548061587	0,943042318738556
AAEL007946	175,260737356155	0,0823650200327827	0,194793014316713	0,927752665638681
AAEL007947	739,935698397332	-0,0557080964857408	0,169401095745039	0,94651314852224
AAEL007952	75,0236228788055	-0,340081862322432	0,437152927878957	0,458130397723202
AAEL020769	174,509286580704	0,197702058879093	0,238971258299011	0,813218679718223
AAEL023187	8788,05407842951	1,4434870494535	0,471894263229897	0,0363309023867199
AAEL007963	4633,02443704492	1,35036078708302	0,453936838797385	0,0456592817461861
AAEL014824	101,424428118697	-0,0744763274704947	0,205265495875078	0,919544239162317
AAEL007945	4478,71491667993	-0,0654218678509237	0,178254246807456	0,941484014278895
AAEL007944	915,082815685353	0,125522781556268	0,174660199153634	0,93627501726026
AAEL026310	140,095505849334	0,00724377596501357	0,201729616665114	0,933978778611677
AAEL013939	583,530507163144	-0,0139151524631878	0,1699005581377	0,94849005341762
AAEL013700	300,280900068931	-0,0236547658274575	0,173305288147643	0,947064280736154
AAEL019852	1224,60058285745	-0,363733737621728	0,17525415830314	0,848673246469502
AAEL011394	1178,17100359172	0,0560018422708908	0,147937851051958	0,951345340089274
AAEL014003	1006,30876516731	-0,0786738683302997	0,193146613506191	0,929454752079434
AAEL011397	34,9265591471367	0,0919446132814836	0,262762244150221	0,826151701301728
AAEL014002	343,033939133149	0,0346743172622683	0,16531961355978	0,948762033173109
AAEL020747	564,004467169181	0,226053217109715	0,247344341084703	0,781516586198201
AAEL003935	295,02008816888	-0,126751952991538	0,212087571863264	0,897094390851339
AAEL003923	1494,95754501107	-0,0155439002502496	0,159898776123197	0,950592995737682
AAEL003926	235,673130403385	-0,0625294047750578	0,179621970434247	0,941003079713656
AAEL019599	2047,89425069007	0,410439493800703	0,257260574509463	0,6287297681621
AAEL003925	31,2066951015567	-0,186326778356214	0,301404141699901	0,710426200287366
AAEL003934	1443,41174973925	0,249034529069837	0,185471230687602	0,892005357000403
AAEL019680	1249,97024639046	-0,378992739308041	0,191427408388332	0,799906512773457
AAEL019480	1091,94296771803	-0,162728982121478	0,169705401534956	0,934342757485037
AAEL003060	205258,484665526	0,207848908158173	0,300816398213593	0,69681779406368
AAEL003084	599,740184873329	0,143184510772547	0,234615967584594	0,852337968974041
AAEL014187	530,949569440788	-0,0439422202883676	0,166262892469128	0,948128025508735
AAEL014183	529,469511180361	0,146064040348597	0,194500478240305	0,913998598042603
AAEL014180	659,418407729838	0,0153707460806843	0,186629484632721	0,942104666990879
AAEL017419	10523,3759730487	-0,299405632021087	0,250312752546327	0,727036423368637
AAEL022726	231,664683589113	-0,48561121419764	0,213842833301168	0,656205910807495
AAEL019985	124,50164912176	-0,567906875187476	0,287695237203499	0,45710857605555
AAEL012023	641,457401411673	0,0228472694785805	0,150184875893693	0,951668447957673
AAEL027210	29,6990658246991	-0,114283218342816	0,295697500808732	0,762900512313149
AAEL002055	1868,29082069023	-0,039743985721793	0,174696046923168	0,945551674854694
AAEL002085	0,191453838562681	-0,00980456971173943	0,267093405347729	0,860322921424709
AAEL002075	123,616477837493	-0,0522235937942352	0,219197485844262	0,910533553141527
AAEL002061	1668,78140963079	-0,0493090323334686	0,159935739411636	0,949449094442108
AAEL002079	126,331388656333	0,134507873152069	0,223824152490436	0,876013707625355
AAEL002068	2268,26820714315	-0,0494327849115314	0,168450863560276	0,947149703970766
AAEL028141	438,430021545471	-0,0264918857727495	0,196339172880387	0,934986292520983
AAEL002080	403,166460886949	-0,14323892070807	0,172586806079304	0,935123128858363
AAEL002065	362,120323187033	0,125711830678046	0,178608214485183	0,933221563295526
AAEL002070	616,779844494786	-0,651084220259137	0,297248044094839	0,383580324991738
AAEL025674	29,6166068902882	-0,169285660199484	0,310950012425598	0,703609798578004
AAEL002051	812,588136077186	0,37018147732178	0,304491457379589	0,578453898871301
AAEL002057	32,3093601494614	-0,128567711668458	0,267238965105509	0,802093275099454
AAEL008435	171,752739896165	0,0439476388986177	0,188620042778434	0,937898721950359
AAEL024714	150,881214469292	0,00522676667181531	0,220834944749729	0,919333695464635
AAEL008434	1973,27748684519	0,00673372522799228	0,135084237808714	0,952336666614066
AAEL023274	26,4254035605645	-0,0399236840993893	0,260377749744315	0,858015685996347
AAEL022051	2839,79064514606	-0,0996743877395416	0,168910668081467	0,943048509112668
AAEL009586	683,266049649475	-0,101448684495914	0,209655130064727	0,907859406394578
AAEL009590	341,731023434083	0,0590226949795681	0,204020166701918	0,924210387501193
AAEL009589	170,189544756982	0,104481743545026	0,2037459751756	0,914321996292694
AAEL009592	47,8844554527323	-0,22495542938447	0,351116194033966	0,611245964366395
AAEL009588	535,629361720778	0,0389067251312425	0,263544805569363	0,851417471643861
AAEL009593	97,9845507791129	-0,0626218074227724	0,222200483933918	0,903993933170492
AAEL000224	32,9479752321656	0,0300765217623009	0,263341599526572	0,857436624145286
AAEL027037	27,8921112135078	-0,295336191105676	0,420638382992799	0,49689823071562
AAEL010262	520,041666356933	-0,169546751207976	0,22133145942057	0,865552282957963
AAEL028124	168,537482355695	0,124415391171736	0,218095740115377	0,888844675044537
AAEL010270	137,345366170608	2,18390534989417	0,656574432042061	0,00618194296824375
AAEL010264	10,540875369814	0,204373740677735	0,377396512634331	0,587765015033241
AAEL025416	214,351583023312	0,0175215891281936	0,195962191278317	0,936545102619445
AAEL010261	41,5314566858279	-0,192208959819784	0,272393263499639	0,757995456005195
AAEL010260	1013,65004419994	-0,0308970516136477	0,177992193943944	0,944829366354712
AAEL022986	29,824643557742	-0,0636612007469482	0,24554965534567	0,871798983690377
AAEL006299	489,709767452845	-0,00960428138570859	0,162459473949939	0,950288332494347
AAEL010269	688,088494765526	-0,178694992701584	0,202860845639779	0,891983099956482
AAEL006285	143,585060470974	-0,0968335470856043	0,189282520614997	0,929511688586018
AAEL006286	106,335148747547	-0,0159989054407886	0,214909579402146	0,922495333553222
AAEL006298	270,279636120068	-0,0675417688798324	0,208632063265474	0,917918559629472
AAEL006300	277,727914668371	0,125890940630906	0,181994760245125	0,930557884729607
AAEL007185	285,716967664879	0,121374334946351	0,169935148052541	0,940071977149569
AAEL007187	2043,36288349823	-0,123726716718419	0,177808629710638	0,934202606033586
AAEL007180	209,599080343791	-0,449242007236029	0,305678630175143	0,525512109461217
AAEL021429	1199,13697343371	-0,0924494781694842	0,157857302241601	0,94811261646724
AAEL005970	1592,14021559604	-0,147127161508526	0,167954898483362	0,938147947256558
AAEL005968	339,563318375306	0,0357963933185779	0,190229688061468	0,937891361386445
AAEL005958	291,579329666855	0,0490793844273495	0,204581946109265	0,925482139292484
AAEL005967	10,5170393025808	0,00790757940998504	0,255504476099278	0,877577350707956
AAEL005965	220,389508679179	0,411852104872358	0,259946510707791	0,622452665660907
AAEL008593	281,83471929312	0,0492490976228365	0,182223322129688	0,940976498578205
AAEL018159	2125,43158953999	-0,302190879078106	0,203410281087128	0,823816538861059
AAEL008608	754,441052191238	-0,119462882323614	0,145358625612522	0,950117973616842
AAEL008595	2729,36051098518	0,0239338302860799	0,194351011031727	0,936736623315893
AAEL017101	269,279091140339	0,112368719643508	0,180926987296225	0,933534955536759
AAEL008592	381,267585309822	-0,187706318483272	0,195332921621731	0,900380550290827
AAEL008590	1621,91306405185	0,0558152655733411	0,160122885956725	0,949204082305773
AAEL008601	981,420074225137	0,0998117681403913	0,143148003806432	0,951054484659947
AAEL008605	245,657526443367	-0,019399190293847	0,213643026032565	0,923109439064387
AAEL008594	704,02498665034	0,0759657070160694	0,207600099861404	0,916942842120707
AAEL008610	1223,61048955559	0,0658678845429862	0,21028376404856	0,916479525576884
AAEL008600	351,532845824528	-0,117265550667695	0,266340148336025	0,80795668994715
AAEL008599	158,54553063009	-0,0324427700834356	0,245171956242645	0,883170938426877
AAEL008609	280,643126488678	-0,136087968186014	0,220528540552931	0,88102295002505
AAEL008598	15,6495089675176	0,0205334885409364	0,253323679357995	0,875866904582914
AAEL008602	159,179108018708	-0,0286778481354248	0,215242381783716	0,919716804727898
AAEL008607	23599,1933817552	3,10672383568551	0,538901284879199	8,67952812159464e-06
AAEL014754	1000,19188441503	3,86116317255126	0,470372781083893	5,75218054415071e-11
AAEL008591	1042,87988934531	0,0263698271658401	0,168853211116511	0,948266296137306
AAEL008596	472,651569375024	0,228930036967148	0,282176850506686	0,716332215400966
AAEL023100	52,54646297558	0,0595673822933112	0,217836002034309	0,910072979907338
AAEL013798	52,5608366017255	0,298483821513305	0,496625231917004	0,436542898317664
AAEL012553	1556,8969289849	-0,176498819342416	0,147263199512208	0,946665579210577
AAEL012556	969,716420332945	-0,0199678789667258	0,210492366421586	0,92580919618621
AAEL019989	74,6153494463792	-0,077294922406421	0,228554948703805	0,890767446604759
AAEL019791	32,009214111241	-0,0117904017224852	0,232108441251309	0,906444791209976
AAEL012897	23733,8585598164	-0,305272586892964	0,243860210120873	0,73762738655467
AAEL012902	127,13607469666	2,57818798690305	0,683265228420713	0,00153153870850404
AAEL014419	400,729830906193	0,191920458644872	0,241898978865654	0,811203079327068
AAEL024660	16,0637518127322	0,081700412071994	0,260877903297476	0,833437990799231
AAEL003235	1914,85058984284	-0,253585567015513	0,249305706013894	0,762793654277714
AAEL003255	58,1841120207374	0,31053571161864	0,444880308263493	0,468177722022816
AAEL003259	274,937758374154	-0,0687891229127215	0,213963825959253	0,912005762264938
AAEL003216	48,577236628896	-0,238552882977315	0,319182635837428	0,650117906365546
AAEL026088	372,372282975834	0,0235659243082694	0,18129422185806	0,943926091626457
AAEL003246	351,687881842817	0,176019075901185	0,192249593716828	0,907875603915231
AAEL003269	42,9125789168365	0,0968413188182241	0,237730871904273	0,870468581935783
AAEL028088	266,442534717886	0,792537315392959	0,328147882802943	0,267011109511624
AAEL003264	132,905712325891	0,0647736858743708	0,214712325169353	0,91216799209585
AAEL010545	141,425438176043	-0,127493857981728	0,202848947755538	0,909058623005602
AAEL023803	30,0753336303955	-0,127478554139088	0,308571595151986	0,732571458339729
AAEL020835	29,5281009244471	0,139544923599872	0,283542854987661	0,768939165226892
AAEL003270	107,182097187093	-0,100723881629948	0,215573984359603	0,901094960955284
AAEL003245	598,784172815022	-0,0287492689175287	0,193517720538398	0,936660153934086
AAEL003282	462,56554374279	-0,126886938674983	0,202041811700933	0,910380553751987
AAEL010546	383,108660601029	0,0666019651375467	0,157889669002851	0,949282744196518
AAEL003244	76,5488188863427	-0,18997863040836	0,256343680710281	0,786139949029727
AAEL003273	259,130488735123	-0,11263691633914	0,180002622602532	0,934243889118976
AAEL003210	2001,70838197272	0,0116694259311158	0,140185205204688	0,95227154683988
AAEL021846	1379,18780985185	-0,0170232709686254	0,17669233243676	0,946409216232059
AAEL003234	7411,04210074976	-0,0312874264482056	0,192885139521687	0,936744260100213
AAEL019826	2812,65344598493	0,291565605812627	0,161724044431622	0,913601586147205
AAEL019825	3170,21853258485	-0,140666464906782	0,172201616007463	0,935798760665207
AAEL000370	1935,88181029667	0,0032831098927215	0,170404334183215	0,948832078237047
AAEL000335	2526,9694009893	-0,0730313125631437	0,188041609501685	0,934235636646693
AAEL026000	35,8878321904741	-0,190461428810773	0,303110325801962	0,703277284549989
AAEL000304	981,160735057431	0,823317732186536	0,32726448081608	0,24821541006031
AAEL000311	5323,9688836047	2,62791727132594	0,585724544301102	0,000365959442177207
AAEL000377	1695,58087372248	-0,00650558129961587	0,266349447558216	0,862951621890737
AAEL000344	675,70612225427	-0,00702947841479835	0,266672343777417	0,862303756905685
AAEL000316	586,706543488374	0,935983428017351	0,182363974319357	0,205719260142448
AAEL000312	13,9139632141752	0,0569313395340476	0,251828270255868	0,86485917559471
AAEL000324	84,2816297221234	0,112313560591161	0,224582362171804	0,88371523243614
AAEL022289	8,96460576735742	0,0991500719167432	0,279390861217748	0,796810138479224
AAEL000315	482,614175223836	0,0125070340582275	0,180439753044414	0,945232997487569
AAEL000337	161,171526101077	0,0927302815239199	0,217597195824914	0,900964129555531
AAEL000305	50,3901085683435	0,1863764885169	0,260878713074929	0,780421312319746
AAEL021602	672,863950485441	1,02532521129725	0,524122993026522	0,125932069504668
AAEL000328	3053,92506991532	0,0174712395138666	0,197507951711894	0,935315331903146
AAEL000354	269,084636156502	0,0250774314495121	0,206869595173163	0,927782535860406
AAEL018293	1654,93590813863	-0,228079100854939	0,147182619316863	0,941503611032771
AAEL000341	33,0742992459034	0,25223994147002	0,34824171405327	0,597594766983749
AAEL000308	44,7138139204876	0,657497240127479	0,585002342627651	0,255735889311903
AAEL029004	756,278565963692	-0,0390774646935734	0,179453500655836	0,943478516789468
AAEL000334	48,1492520259988	-0,0076138056614846	0,213006815780875	0,925924559666494
AAEL000332	238,291044489116	0,0176357661431934	0,185569043668899	0,942441711071239
AAEL020848	504,50502660462	-0,0543470341865769	0,195732617319458	0,931591346691756
AAEL019833	3183,54832373282	-0,288868608362331	0,280568475339842	0,68094348018415
AAEL005367	930,655790862677	-0,0656240007880958	0,142747317609788	0,951779636767851
AAEL005363	99,6065841325925	0,535277589446801	0,499295265208654	0,338472334404116
AAEL005345	45,8777603311564	0,122489627120319	0,236447575219958	0,860915746161469
AAEL005347	490,979522536718	-0,0733789559189709	0,175350015688126	0,942283218319661
AAEL005368	815,441788904318	-0,024338636280676	0,154799002872205	0,951122965466572
AAEL005355	274,809059134181	-0,08095249859698	0,169565374007924	0,94437253968232
AAEL005350	24,0523677690794	-0,234458339097828	0,362047500509579	0,589018648793499
AAEL019606	2260,21782923731	-0,147314586936508	0,167084533462723	0,938726542903137
AAEL001242	527,733608074737	-0,004254514435169	0,167088329371058	0,949556152575836
AAEL001235	191,403154475477	0,341798904189804	0,272245112602495	0,657970233495524
AAEL001243	55,5962612251031	-0,0618635486500499	0,240285098360541	0,879795169189079
AAEL001238	785,882808138563	-0,114263722051702	0,21132023825552	0,902692635128711
AAEL022844	956,245957247991	0,278733125248788	0,186190520553334	0,876597466653654
AAEL001233	31,0150584901062	0,0303335097523888	0,238127051654213	0,893821268385288
AAEL001240	24,9484927408802	-0,127036251324476	0,280056217247775	0,780145795759824
AAEL013154	39,4666308345203	-0,0214901460479659	0,22832107712358	0,907843203177608
AAEL013151	344,569538006923	-0,0772851971179655	0,178965017166436	0,939720392776904
AAEL013150	333,308838102459	0,066220042936164	0,184643965420488	0,937625214076118
AAEL001809	57,4781710809397	0,244309847800562	0,314938470825694	0,654199932318897
AAEL001797	145,958639702129	0,186494711830158	0,223415649264285	0,850442789351496
AAEL001810	1286,37894048864	-0,003095709419996	0,156734303377593	0,951282011227483
AAEL001819	401,910320938989	-0,0145956599292669	0,15323130049003	0,951489475352629
AAEL001830	751,214628637476	0,206406106452143	0,186166091479505	0,906727857303629
AAEL019959	49,9624080731062	0,155232345324853	0,331807182017781	0,682849459930686
AAEL019958	22,8458662866518	0,324550655281769	0,466338680964477	0,44407077841386
AAEL001794	3650,27110778152	1,31007259196256	0,687029174247906	0,0741853063748009
AAEL001816	477,347598779448	-0,0220713988084265	0,201116373469012	0,932411925347496
AAEL018042	165,962323138005	-0,0528226083367697	0,209839978901941	0,919753686813509
AAEL018041	45,8185348237389	0,14544220809187	0,254377953936108	0,813484191480403
AAEL001803	320,043722444234	0,11990152969585	0,221955180765209	0,884839381828693
AAEL001817	138,068250731429	0,0380038166684646	0,190291956639435	0,937595501286994
AAEL021826	1112,63562874056	-0,121190493783586	0,166818068795735	0,941970026838332
AAEL001807	88,9179085745982	-0,00645327319127325	0,200436809740769	0,934954011810365
AAEL018278	916,962837474565	-0,0866707996913376	0,181793782725872	0,936790042116273
AAEL001805	97,6498865507331	0,0412131444425465	0,205778595223158	0,925976879099463
AAEL001831	363,6356488853	-0,0511406924315723	0,171491439233851	0,946000547958995
AAEL001800	367,535208373899	-0,0209572450685474	0,159068241863901	0,95057901657974
AAEL001818	297,181134330232	0,562015426201879	0,44676920053779	0,347701415900766
AAEL001835	278,827549382684	-0,112731123419549	0,2439336508185	0,849929170547118
AAEL001799	167,336773710477	-0,0457990454725382	0,213902070744409	0,917427077965271
AAEL001813	529,429302398955	-0,352675598866922	0,366796743534624	0,517701485178942
AAEL001815	870,411889971458	-0,27299602107027	0,30943087298263	0,641183239033775
AAEL022251	27,9799901512253	0,263652872042151	0,392850860422459	0,539348035373321
AAEL001796	350,860005912897	0,100030450243461	0,207700831810028	0,911095138018747
AAEL001811	241,237246848909	-0,119641650381605	0,184702909141013	0,929321541870159
AAEL001827	342,970357862394	-0,0116715607302304	0,166135105131886	0,9494832076523
AAEL001812	354,565084675887	-0,0481927901919565	0,203223490375675	0,926804051889851
AAEL001808	1876,06480991455	-0,0145203691046628	0,192796571445731	0,938912262843216
AAEL001798	4922,3878300116	-0,0986889741370169	0,203606450173509	0,915781546726842
AAEL001795	390,372870281532	-0,133554559593608	0,254893902278222	0,819451783781457
AAEL001832	649,842151114625	0,0743882603978267	0,17220913935146	0,943775678881039
AAEL001833	149,541236476213	0,292270140193316	0,292070581473653	0,658845916947328
AAEL004732	82,2074663482755	-0,369618312187527	0,38058152259577	0,4928251573543
AAEL004719	369,426733968542	0,384671090025284	0,203110137287703	0,767919885877033
AAEL023948	168,030668057778	-0,0979377989776406	0,294217817158367	0,772536350220045
AAEL004727	556,718513754619	0,110236060822648	0,174440555834137	0,93864762870333
AAEL004715	1733,01585723316	-0,255910223965687	0,305723884241692	0,661661889736874
AAEL004716	3419,9220955206	-0,216072871736995	0,236920749705156	0,807251571324342
AAEL004718	146,472966389262	0,0939316304122582	0,225879651898391	0,888347417100517
AAEL004710	691,856366996869	0,283032695751065	0,252056940393258	0,736183480536827
AAEL023352	22,7409069168343	-0,0955035535514504	0,266726239170388	0,818389544760052
AAEL004726	108,233259715022	-0,214472444418685	0,239440352818393	0,80423299085888
AAEL028037	3386,22256994357	0,0326431998461977	0,146070434434308	0,951890315163025
AAEL004717	46,1098395078962	-0,0924937815958019	0,240529200878138	0,867889925116459
AAEL004731	352,246057902336	-0,267179813479707	0,263615648123326	0,724327592484858
AAEL004734	554,855455971814	-0,134279803803473	0,181723459454301	0,929245195647383
AAEL004713	477,47711413885	0,0173748747153747	0,200098062682332	0,933644369189906
AAEL004724	50,0334706228855	0,215637027068962	0,278731893542212	0,729555094764568
AAEL004709	1378,68185955617	0,0776723825314644	0,162573370052524	0,947483394907643
AAEL004728	391,102381287353	0,15424252491409	0,245818767371719	0,824640917912981
AAEL025094	28,2897056851286	-0,109548079725342	0,260206611502663	0,822565385268927
AAEL004730	82,1904281903467	-0,646336909907322	0,377023348213947	0,339137294584815
AAEL004729	151,764554959962	-0,845227320077556	0,310616841312292	0,239863158476833
AAEL004725	601,711901061327	-0,00485094508232982	0,174174023275692	0,947828486059359
AAEL004733	979,007467225844	0,355362010167418	0,172926043893556	0,862736344430566
AAEL009951	786,417206251304	-0,0780347951488539	0,229016247463092	0,889802861587935
AAEL009948	1096,96279089939	-0,0293193293301299	0,222298136292825	0,912810974415044
AAEL025572	147,376893726153	0,0320988342483243	0,185587895860352	0,940929923911131
AAEL010154	128,674027456237	0,184527861215611	0,270285402979623	0,766062441831784
AAEL019583	3349,44443606282	-0,0748269499885399	0,232595849698926	0,885842650025424
AAEL005649	31,6917685155594	-0,0987267293405947	0,252616911161617	0,840285313753609
AAEL010151	378,967861674448	-0,099662812343698	0,230184667829833	0,880453120155336
AAEL018346	83,2255354540032	-0,0013044290265437	0,236853487049663	0,903853024910855
AAEL005645	89,1428677504694	-0,0210032320366309	0,198305939810151	0,934400293525528
AAEL005662	2243,01960338084	0,197654760932714	0,178393241861888	0,918959447441992
AAEL005651	3455,80248913666	-0,091300483323803	0,169223284331505	0,943709241336056
AAEL005648	19,3858896083806	-0,122112517986697	0,270645355376529	0,799677548796086
AAEL005660	146,164178394164	-0,128650177424132	0,218356760837534	0,886926257312957
AAEL005643	1110,31321717147	-0,217095012100844	0,164827815447704	0,928889938274363
AAEL005663	261,880025243625	-0,127566379164491	0,197992466048386	0,914878673445459
AAEL005653	755,764578032523	-0,0114954879191453	0,185250890203692	0,943128861701433
AAEL005646	546,858863566536	-0,145386187561226	0,174685179241179	0,933144885381835
AAEL005655	868,062617059436	0,167578975791698	0,206120892614406	0,89090386830449
AAEL005656	5425,64883836583	-0,452520428082192	0,404649030316189	0,423822878073291
AAEL005659	289,420197547735	0,0192247334772733	0,174513020084924	0,946940999920764
AAEL018347	210,220120835333	0,00481747584823727	0,185623384759229	0,943575894097274
AAEL014102	48,545583221137	-0,136226983193786	0,244308114748864	0,835836058778332
AAEL010866	247,249966341103	0,881733893965536	0,293191024199057	0,219783873110425
AAEL010867	1514,09080508079	1,0949899463062	0,465023000059172	0,106109531526354
AAEL010868	49,0222370438732	-0,273720212235846	0,387095034911126	0,540117156972184
AAEL012266	761,455412861484	-0,125764926656498	0,213610211205252	0,895389561033513
AAEL012262	2357,76965505618	0,0505247296875794	0,182240813293802	0,940843232808968
AAEL012267	1099,64497341184	0,380426612518619	0,259059872796635	0,651716636014362
AAEL012264	301,336635689331	-0,0290940808204927	0,196925242966145	0,934268634113882
AAEL012268	43,5133264328374	1,68492338087798	0,983660722970685	0,0547118223654557
AAEL012261	368,448229388645	0,0920999499290029	0,173932565854173	0,941022999859045
AAEL012265	1299,67562855507	-0,00705608219862466	0,177646044135557	0,946654720122811
AAEL012263	173,478383305955	-0,075840509204928	0,192093680170993	0,93083286368618
AAEL007670	136,344454437081	-0,184450872591869	0,241988029126481	0,815451778588473
AAEL014653	61,6700534224892	-0,0929787277319244	0,234275230837613	0,876364623478797
AAEL012929	873,978037596422	-0,218253987607966	0,178571695323841	0,913444612736861
AAEL012930	2154,34899698536	-0,169511488149657	0,20303362341518	0,895201300882391
AAEL004325	49726,2299420214	-0,0207422952869066	0,193938484280059	0,937409153099668
AAEL004308	871,801578971215	0,303397671801493	0,185207706315343	0,866442773931224
AAEL004319	1019,58311060648	0,217456110619194	0,215074748992139	0,850229208906868
AAEL004307	2389,47029452275	-0,0152497677084087	0,165149071652514	0,949590121495822
AAEL004313	917,989499354348	0,232852138135714	0,257031548135498	0,761719841155064
AAEL020587	64,0058741644063	0,0180827360423339	0,216103807741574	0,920928216135974
AAEL018320	2756,26752851306	-0,0110368336747347	0,152754961572405	0,951605957956935
AAEL004305	1185,09659948042	-0,220807765832645	0,192005083418806	0,892734730734718
AAEL013174	194,851972794507	0,0179157892042136	0,180032144728372	0,944962642690652
AAEL013172	833,368126547627	-0,0994073835414777	0,169444876215453	0,942793595462445
AAEL013176	443,513845816836	-0,259852414739345	0,20595587690795	0,84399119956979
AAEL013177	124,423944206586	0,0477572499559597	0,211097589553241	0,919642938772263
AAEL027111	1306,65413834381	-0,104069252466582	0,146405908909949	0,950401260086228
AAEL013171	1396,74896737405	0,326162617530564	0,253213424024084	0,702107622772591
AAEL025171	814,132570554811	-0,0768037910441624	0,180058091714686	0,939181683474692
AAEL013170	1317,33953052072	0,303151126656267	0,154985998914054	0,918884180778817
AAEL001901	60,4845521953023	-0,00705727033988798	0,238747902877071	0,900437325958373
AAEL001887	3187,49774755908	0,494473439054195	0,398873222862138	0,402451555660799
AAEL001899	46,513166902753	-0,0577684695833982	0,236786828284179	0,885966831332918
AAEL001893	83,3989761495782	0,00141992945495213	0,218188290502666	0,922369033479333
AAEL001896	3518,23350954002	-0,341715960700663	0,208655677122775	0,78544136661344
AAEL001910	880,49471177941	-0,143036204456904	0,185703380847885	0,92425420804846
AAEL001906	1610,06598617129	-0,3474558170997	0,210097469971448	0,778104074925165
AAEL001902	67,3888995646408	-0,00998128929645564	0,222373535441937	0,916995465531035
AAEL001915	542,932281077617	-0,205910424689621	0,200038841078548	0,885192524113722
AAEL001913	1119,53841999869	0,0121705999818109	0,186925586266782	0,942289574786477
AAEL001905	30,4766905780365	-0,227220446868959	0,334522321118774	0,632552351630124
AAEL001904	1365,44792171061	0,0806319190792775	0,173198835256155	0,942680959901106
AAEL001881	42,3168269843394	0,132274088456509	0,25789891967775	0,814210483664898
AAEL001891	400,989120249791	-0,14449506063053	0,230278371432212	0,861393726395628
AAEL001898	4148,184758699	-0,151785480375884	0,167081961266002	0,938118730505587
AAEL001900	154,677508317341	-0,353102946937768	0,3152297754357	0,574818665880866
AAEL001912	33,2070996177781	-0,177111537292506	0,276612467492061	0,75910282113879
AAEL019902	1707,02438111525	3,23137317920733	0,909050445587583	0,0011534553593357
AAEL019903	1554,56578017834	3,65009875101181	0,54133636872788	3,53575143128781e-08
AAEL001897	446,563812866858	2,62937459568401	0,481266090514939	3,86706079035956e-05
AAEL001882	110,02263524572	1,29002904851099	0,377086484983315	0,0461887330420321
AAEL001888	760,814557934606	0,118545124759998	0,237830684089963	0,860248463006805
AAEL001914	900,629227407962	0,0815597963686737	0,192122299096925	0,929776181703259
AAEL017030	2966,52240580399	-0,0209776936617753	0,171743757352387	0,947703524363081
AAEL001879	314,015872093115	-0,0764762952265323	0,18488579753659	0,935971343840664
AAEL001883	302,416173457953	-0,034582359795554	0,18637800982227	0,940283688280976
AAEL001886	164,303057068379	-0,0425273626156508	0,198099191068986	0,931662716520027
AAEL001894	71,2565777109334	-0,0794860498630872	0,239117104670878	0,874559902677185
AAEL001364	28,668931257678	0,234636936791059	0,377063974046711	0,572813066909881
AAEL001368	136,246381279445	-0,256574747510019	0,257195534374	0,744247180264964
AAEL008501	191,770899408539	0,16178395543913	0,236917942969985	0,836399324833647
AAEL008500	11357,477626851	-0,186921753041632	0,227923421029562	0,84018797721631
AAEL008505	110,65157980403	-0,0680540754828542	0,213239800804895	0,913013590417991
AAEL008492	394,506227803691	-0,000469576950186699	0,201441233173529	0,935058807109093
AAEL008497	479,149559853317	0,831887891472843	0,259661411577729	0,272929666587803
AAEL008496	51,3285283769012	-0,2953140112257	0,320196176723305	0,60926922412869
AAEL008493	71,2261016155703	0,0674294641280655	0,219464979196309	0,905924165571999
AAEL025921	1227,78823328488	-0,0165575628007275	0,18915798534913	0,940615294598561
AAEL008502	740,536134744866	-0,0952038802269933	0,176209076612728	0,939294414101679
AAEL008495	324,432465085549	-0,257593800764308	0,252942350380131	0,752187064241608
AAEL018228	129,565554316616	-0,015672518516721	0,219338182153861	0,918505740836114
AAEL011890	2125,12990846281	-0,0564347602705057	0,160829712035988	0,948946737448532
AAEL020097	2633,66289211018	0,127379922744028	0,300081375223258	0,747917816631945
AAEL011882	13,5104167068058	0,0532068545318194	0,257382035877771	0,8564216544402
AAEL011887	96,0693738370806	-0,0314345512572554	0,211348202748641	0,922701122364613
AAEL011881	1275,45469313199	-0,0251186151766412	0,159170865721541	0,950424722120028
AAEL010116	645,068710872022	0,0725518963527255	0,152188805740412	0,950278898645413
AAEL010120	81,5592325066133	-0,156886281649951	0,222163574778886	0,869954476126965
AAEL010119	154,557283989093	0,0262169243923888	0,200207824396121	0,932455485219019
AAEL019711	775,44598954558	-0,0873030433039771	0,190384873353533	0,930317795061159
AAEL010123	721,044922941821	0,294638165866492	0,234263225532771	0,765227446292496
AAEL009760	3159,55961811753	-0,550842855380918	0,504575838272563	0,329764058939022
AAEL009761	182,454830599064	-0,0385932239196961	0,200496252192233	0,930354839926501
AAEL022003	55,7539422867052	-0,198269347175162	0,272295486218685	0,754153690067018
AAEL006962	1460,87967157512	1,70860863928172	0,467746006648191	0,0121282139027037
AAEL006971	1448,83428723677	5,50494793309672	1,15435390524483	9,21252331818996e-06
AAEL006968	3422,8992370562	0,483432995044734	0,188317009707731	0,718448594800251
AAEL006969	35,9129865180238	0,41380697751033	0,473057898354617	0,394637331309908
AAEL006964	318,46347937966	0,0373494080979361	0,19289696442187	0,935814488479562
AAEL006983	334,242100112146	0,0432903354441305	0,214667798086086	0,917205294175502
AAEL006977	2824,85862163957	0,0290958147873682	0,152961166942017	0,951236675299074
AAEL006966	706,713269604515	0,313370464929708	0,207097761948825	0,808026919378562
AAEL006980	40,2431801731234	0,580418572523842	1,07120792722431	0,214358493450038
AAEL026917	217,056992451293	-0,0155742151049125	0,247925159650384	0,885242796398454
AAEL006982	140,1922147821	0,66137550659898	0,283577249296657	0,385441722464675
AAEL006978	903,985056656344	1,35517132431184	0,302273268315056	0,0240275758045938
AAEL006965	78,7691865395731	-0,0470197606535502	0,196622127312016	0,932026162111168
AAEL006972	388,273856645403	-0,0933064107301675	0,197030869991735	0,923680558824679
AAEL006963	421,202640859607	-0,151602297601525	0,183731055082826	0,924418084805702
AAEL006973	484,891788318472	-0,234940332276178	0,191231555085644	0,88746038864378
AAEL006976	2980,51401601614	-0,330672091139166	0,21167575440783	0,786226954631906
AAEL013253	1098,93052683942	-0,0210151410166738	0,152161064569408	0,951493965820516
AAEL013258	588,288968487924	-0,155861628230264	0,204876394329994	0,897356393916159
AAEL013260	125,263355739754	-0,0600719856762557	0,18557906846287	0,937817659669488
AAEL013254	44,1092005886526	-0,0144570908707002	0,224420115063434	0,914083197902296
AAEL013249	1931,43951209786	-0,22267061933094	0,230587752936527	0,815581478134741
AAEL013256	507,832900559636	0,0764794780057809	0,196416509677783	0,927432505762357
AAEL016989	204,831750793274	-0,11056245059202	0,20112483293837	0,915550824481869
AAEL013261	140,50036952501	-0,026188375564861	0,195809101145711	0,935291368823256
AAEL013257	28,3219819652069	0,00428836497086808	0,245085619101821	0,893172002084615
AAEL013251	94,1570334314169	-0,296385536692891	0,323182762673852	0,60380604318759
AAEL013248	286,637408376995	0,0397761737683565	0,194867459943737	0,934152997856823
AAEL013250	481,393324583468	-0,155121206019534	0,185621556090193	0,921201688154457
AAEL013252	834,603175066297	0,196263661974176	0,158600708071025	0,93786190167437
AAEL019487	1539,34973000094	0,35738719353015	0,175930429699652	0,852462608906348
AAEL014280	64,1870758266867	0,130270462090555	0,242214685005838	0,843619032857317
AAEL014283	178,817592318167	-0,0184183573215023	0,210704329809482	0,925903611179397
AAEL014286	605,061542661356	-0,0903105951360369	0,17393690457753	0,941247824959042
AAEL014287	305,327263164098	0,258286011524367	0,250704471512997	0,756315348439405
AAEL014282	429,702996140085	0,0447469708383588	0,187026736800918	0,938826686038168
AAEL014281	343,743661023623	-0,03189590791918	0,168869410559264	0,948004496308957
AAEL003331	74,9081692711672	0,0907749788991996	0,232430821704478	0,880480378612499
AAEL017156	771,606124607901	-0,195980001598333	0,174921326543633	0,923479958398189
AAEL003344	375,985198448283	0,0216765357917107	0,174644318869728	0,946757703267406
AAEL003326	1739,84832166237	-0,0171979333675748	0,177699816010105	0,94596713935749
AAEL003343	615,83697001259	0,189643492355565	0,254046521711383	0,791238410290962
AAEL003336	318,004776980116	0,272590325906208	0,256634544708861	0,733920637013072
AAEL019427	400,47441308668	-0,179273080405116	0,234595414577502	0,831782098358379
AAEL003351	19,7867063616903	0,0906981723081999	0,269136362408373	0,817187498957664
AAEL003345	10854,9722036091	0,233809046153958	0,280006949513556	0,717243059178359
AAEL003342	115,316623209446	0,00966605228471363	0,191816331572118	0,939913928556274
AAEL019883	5675,52613849374	0,352166800380189	0,227598195169963	0,736841759614272
AAEL003356	119,092066711298	0,0310810551041531	0,21453429715303	0,919839613393615
AAEL026782	1225,46925692732	0,0222802987310132	0,155833822178325	0,951004143316619
AAEL025736	118,796777930388	0,116024134854593	0,208848656200655	0,904830787371561
AAEL010243	566,342835716581	0,124852597394128	0,155108577601711	0,947139041146665
AAEL015255	835,317860382192	-0,0895294803429148	0,1508277637319	0,950013289407719
AAEL010226	681,708105172555	-0,117920726603901	0,184928949172705	0,929426249321176
AAEL010239	95,7344736384233	-0,101381468032669	0,210316680609607	0,907124577283201
AAEL021307	2617,7582619636	-0,186852949220694	0,18917778113324	0,908837144268778
AAEL010235	1556,76288099835	-0,347427757353714	0,331850688184509	0,55611596962217
AAEL010228	1544,95121199609	-0,422952368427869	0,307430440248716	0,540500749785637
AAEL010242	635,578328978204	-0,280251307198785	0,283321788942202	0,681899272219612
AAEL027483	1083,91063759518	-0,0132077002062408	0,182618724708471	0,944111489461516
AAEL010227	329,689929185955	0,219581264896978	0,198095776125699	0,882595236820681
AAEL010230	2326,59501725489	-0,044872520698237	0,18895490051574	0,937550878988962
AAEL010240	614,044149390481	-0,0668626258685466	0,206753478286732	0,919729102522585
AAEL010229	1318,42971041418	0,0756004867334831	0,212105406933673	0,912300281418981
AAEL020186	234,340063430657	-0,110564132374017	0,189827394233012	0,926875550888989
AAEL010343	1254,59896220765	-0,165617949647515	0,179367156362486	0,925587956105051
AAEL010345	1036,69500783821	0,00467401006038744	0,167526038697039	0,94943446038706
AAEL010341	676,90987140698	-0,0410642814905945	0,165655307829849	0,948378417248758
AAEL010348	357,772008454629	0,188428913587613	0,175029012891193	0,925023676883645
AAEL010347	80,0635305337493	-0,229284967260329	0,282043283804025	0,716484427053255
AAEL010336	311,851348231233	-0,157769284060912	0,171190609660575	0,933937161875786
AAEL024597	89,0202850737315	-0,194689521184349	0,230872152561489	0,830477402349111
AAEL010342	534,715340187253	-0,066156699395511	0,192467998963411	0,932166948066467
AAEL010340	2674,15757379655	-0,0535567597949302	0,146187234324856	0,951610426886845
AAEL010349	256,026876805424	-0,146357449410347	0,185875092040678	0,923311984133374
AAEL010339	284,664544722599	-0,0187157500267059	0,19717108906219	0,935387114774807
AAEL010333	154,734661032405	-0,0900850808142034	0,195490428380086	0,92573559580391
AAEL017368	3261,80757401102	-0,223048449931365	0,187473647961244	0,899270021851059
AAEL010337	1107,87411317912	0,000325439890117277	0,193405176524947	0,940044550190534
AAEL010344	643,014531821532	-0,0212344068858778	0,256906707331345	0,871579149121665
AAEL010338	368,662361619823	-0,197155099687594	0,246108837782092	0,802316777248105
AAEL010334	181,216023785439	-0,118574567025974	0,196919266687316	0,918059740756222
AAEL026269	157,432160102159	-0,0728604837864456	0,211619973311579	0,913615828236095
AAEL009338	196,370362318308	-0,0460729666137699	0,193223780682934	0,934408504729635
AAEL009334	109,611053707323	0,0194668685561422	0,200682026023329	0,932965283641567
AAEL025355	48,4134448469852	0,629083945675022	0,678277900789886	0,2519733547526
AAEL028168	231,738456956653	0,0218250413625602	0,196517933063244	0,935411007008069
AAEL009345	1913,10794091258	0,0321806316783779	0,160869436113686	0,949912952865483
AAEL017371	153,482673021918	0,215042250730679	0,213001498280028	0,857707439179155
AAEL009340	229,496692262196	-0,0772033877948184	0,184088029261938	0,936498964982699
AAEL026761	48,3155781515088	-0,0155910782692859	0,227914958045447	0,910180870580716
AAEL023681	18971,0510827433	-0,0419096760172758	0,197923488677637	0,931858217926236
AAEL009342	364,988592712383	0,0438996096442166	0,174659071026841	0,94526731980663
AAEL012125	630,51656179097	0,260335313805686	0,164436674825172	0,918997028424103
AAEL012114	596,758686174492	-0,254969809767107	0,192779413892803	0,875719753578099
AAEL018232	168,68879406493	-0,199669603245229	0,236655347403617	0,817378348066108
AAEL012117	3098,34299737545	-0,143068060062249	0,168727075058759	0,938191720690807
AAEL012113	2315,25832217324	0,142158683808841	0,189137532570963	0,920556606405001
AAEL012126	132,240422110665	0,06577680527036	0,202920947338136	0,923780465183777
AAEL012119	204,435670023094	-0,0614280503648018	0,239157785420957	0,881533853073984
AAEL014064	918,523919721004	1,14041454929843	0,168448737264716	0,041603467068713
AAEL014070	372,903509672141	0,0378912358799314	0,179744112492336	0,943429701986312
AAEL012122	1188,79510951154	0,118641950984549	0,176072654169937	0,936228485894693
AAEL014068	675,884426942898	0,145817163188337	0,179952714838792	0,928773952353107
AAEL012120	829,967819234746	0,0119612063546057	0,168403268852488	0,948951710976085
AAEL014071	1086,23115345612	-0,277076400005377	0,190217027729107	0,870596474372365
AAEL014066	166,33493589143	-0,0569478319816116	0,233322206572018	0,891265999610233
AAEL014076	40,5591985583914	0,0304175428400163	0,228301515208525	0,905805802209046
AAEL014622	1894,15100166316	-0,118291573155052	0,18931084653168	0,925861678642215
AAEL014069	59,4390186946111	0,135605253153112	0,248635231514441	0,829041005568409
AAEL019800	77,2766660166407	-0,182534149678423	0,263084023604521	0,778384705051082
AAEL007120	80,3226566931616	-0,122758825355454	0,275870434950526	0,788974421491206
AAEL022306	676,743121126274	-0,0435659295099153	0,270500435569632	0,835887424901813
AAEL014238	3764,58187778119	0,0735250904495831	0,161876080593085	0,94792699134236
AAEL010731	883,701290000287	0,800485916823495	0,214599463255976	0,337808123805116
AAEL010732	353,19254663555	-0,16434824037662	0,191068118281996	0,913244001710637
AAEL010743	1356,36980265984	0,095189267029759	0,191147576900857	0,928325812688711
AAEL010733	195,913076273654	-0,0512858822145996	0,205875139993665	0,923968465375087
AAEL010742	1553,4172370828	-0,266318780851779	0,240729340723383	0,770451590313314
AAEL010738	1864,81007817278	0,0885474063554358	0,165719219859436	0,945613836906113
AAEL010739	25,3353066533578	0,0182337283129974	0,242820607054969	0,891423677381907
AAEL000599	34,5536388768295	-0,229591158606842	0,317183071262923	0,66015127903355
AAEL000618	63,2689433355931	-0,00656010270756521	0,23433055254323	0,905312250969499
AAEL000596	1168,12395918626	-0,215784568082034	0,213366227514633	0,856066944381296
AAEL018350	1831,90626063573	-0,0361392452587423	0,15693642324509	0,950518348706335
AAEL020192	571,868868265923	2,06331627079065	0,661958699553643	0,0100681706780975
AAEL000597	512,845550107976	-0,120528542383823	0,209762611680191	0,902728756747067
AAEL023243	223,617567022188	-0,0824059998545894	0,212970451312909	0,909498368096657
AAEL000605	283,383500566669	0,326161459167951	0,267748035264334	0,676867215493738
AAEL001196	106,850097933551	-0,107756792309968	0,247258850739833	0,84573510834181
AAEL018183	28,0232843581196	-0,310770223151581	0,395977982513429	0,511797723484631
AAEL001208	30,5781352593554	-0,14336249582542	0,278599578814067	0,773613467463487
AAEL001218	3699,25440298355	-0,0897881763012659	0,190717780037102	0,929521169070472
AAEL001211	475,610448020569	0,0844069921365696	0,208948802032023	0,913658526348689
AAEL001200	224,994343293912	-0,0797006854274498	0,1869390747134	0,934045256440151
AAEL001204	1994,60464291354	0,0595212755330364	0,146264814052571	0,951480491922151
AAEL001207	238,909278395873	-0,151304193549905	0,19682932685131	0,909701093463908
AAEL001198	921,776460408504	-0,0259279581987909	0,20180176838161	0,931376339984927
AAEL001201	508,314010615688	-0,184505822784724	0,194371796704971	0,90285497161578
AAEL001210	1252,07690253084	-0,0207765451002568	0,173153350408393	0,947277323138768
AAEL001215	1345,56529503524	-0,112386554609946	0,184823437725707	0,930530266540604
AAEL001216	6024,6293833569	-0,0033683134974834	0,184413764473749	0,944147231400093
AAEL001205	1200,37849630056	0,0592975438211763	0,174688586673823	0,943902079691004
AAEL001206	4511,73343590363	0,0869257835691244	0,178502225955907	0,939011800332213
AAEL001203	77,4896208696543	-0,10462513711684	0,219219264080825	0,894632434132738
AAEL001223	318,58681715574	0,0776698330355428	0,180585828783068	0,938819543813906
AAEL001202	88,9871495308206	0,0888390485380478	0,229228446003605	0,885543508689667
AAEL001209	3087,08557808917	-0,301694812553748	0,271743066790075	0,686039846283374
AAEL001212	1226,551531476	0,231652510184774	0,162149116751156	0,928511595616219
AAEL001220	908,769246221728	-0,765462493854714	0,5469049499927	0,221342508893039
AAEL006419	221,385083819909	-0,0645173171114482	0,176230476329577	0,942687229067109
AAEL026470	570,747404138502	-0,202668823563973	0,234041236632052	0,820624410870323
AAEL006412	1871,70737823905	-0,166840796582176	0,150798860090651	0,945894612049536
AAEL006413	303,439919748281	-0,130638503270449	0,192068878205054	0,920132827123771
AAEL006400	798,331432298967	-0,0202266032048732	0,172015217133837	0,947651280137711
AAEL006409	486,737219562639	0,143908188171255	0,177896632862193	0,930869363100062
AAEL006407	262,769094969946	0,0570987521961476	0,210231598818615	0,918366093370436
AAEL027614	28,8088594139618	0,253295594927683	0,392787239353482	0,545433755736506
AAEL026494	498,28027468021	-0,02960631698476	0,197133898076913	0,93403695403363
AAEL006401	173,019639068099	0,098599042653338	0,228144779304265	0,883508480955712
AAEL006415	2044,49545813798	0,029687241839519	0,171386793465893	0,947362060728691
AAEL006425	13616,7655480014	-0,0516769982393151	0,217495863265833	0,912402897994634
AAEL019461	1162,5628008778	-0,395297424327502	0,180626954753938	0,812014496497492
AAEL006420	918,254511786824	0,136938038020368	0,168501861393919	0,939118088318291
AAEL024812	940,858171231471	-0,135957660828989	0,175862582428517	0,933728288731096
AAEL021029	116,125240255333	0,0929392846383715	0,214990528022474	0,904029095733217
AAEL006424	152,187928585864	0,076833289785233	0,243028456038805	0,870404540989945
AAEL006417	2642,25209541338	-0,316238075265165	0,219506504203407	0,779315088239852
AAEL006406	673,539114896748	-0,283413487203728	0,313323462659878	0,627956117466628
AAEL006423	727,136473930011	-0,13888389161175	0,234594998844214	0,85507238578277
AAEL024303	589,572830547367	-0,193697207431421	0,198439345354924	0,89319377212085
AAEL026563	3988,87302645904	-0,00924387013263837	0,266884506170867	0,861026341443168
AAEL010041	57,7776624728375	-0,144207180819083	0,233695405476302	0,853982721521037
AAEL010042	587,222725461449	-0,162726845312635	0,191660538958199	0,912941335732924
AAEL010040	10,2209200547617	0,013921117365573	0,253227735093977	0,878990424752022
AAEL010043	220,946586395754	-0,164873353913176	0,201994683795812	0,898371499906408
AAEL010681	539,874854041115	0,0590557177682362	0,189861835922239	0,934937859431566
AAEL010680	31,4552851193292	0,110695681001156	0,273461490435016	0,800892692838333
AAEL010689	830,98727050128	-0,0870870444779066	0,159808634311404	0,947812898515769
AAEL010684	1762,11633075213	-0,115671367519931	0,271176579279607	0,8022423322416
AAEL010688	135,019045530797	0,199993239451697	0,260624912188091	0,773222959130067
AAEL010682	22,9296700507679	0,116615865903665	0,264489365542172	0,811067163992047
AAEL008961	180,588270195093	-0,0181931595740546	0,180479588986324	0,944742098706277
AAEL019495	121,820353314619	-0,112974674697898	0,223822287947033	0,884534955704772
AAEL009129	1553,30648965583	0,459352664744328	0,239229164586139	0,621653644112549
AAEL009131	362,364268377726	-1,42961547902237	0,560045789955764	0,046716805292615
AAEL009130	154,983678291573	-0,184404049539291	0,275959434626886	0,755976538344315
AAEL009123	271,443236334922	-0,253760209412523	0,283197433117235	0,697510648119187
AAEL009127	664,660949862908	1,46353532426286	0,337197761518382	0,0170299789107787
AAEL009125	277,857392378728	0,100195924390698	0,243433791339847	0,858742456133683
AAEL017297	254,359062867596	-0,0577586646597022	0,211674821417566	0,916956004227128
AAEL009117	89,1655323813394	0,0317631881907668	0,222682138572282	0,911828099591388
AAEL009128	406,932126908002	0,39974768820142	0,263774661942997	0,625354803562211
AAEL009132	275,691261439687	-0,147512096039592	0,211717755023587	0,889941700659892
AAEL009120	64,4799782254934	0,0550202862818207	0,221274145739467	0,907075171858259
AAEL009124	316,036492013718	0,972858833855533	0,289547003614655	0,148281839637368
AAEL009126	238,60076775293	0,0837545213908565	0,1832095492855	0,93608848318701
AAEL017556	13,2177437632722	0,210910669764253	0,382049836724876	0,577468045608622
AAEL009121	103,570307769475	0,152409721366625	0,261182497908821	0,800134954480248
AAEL007143	103,186312667828	-0,0459749386473319	0,212027381529005	0,919072085928408
AAEL007146	120,986143950566	-0,221164814167239	0,247499348293669	0,783941713983529
AAEL007147	22,7911594239893	-0,0947464297168159	0,271478454554926	0,810178932463719
AAEL028228	148,383338194161	-0,264619489394267	0,43141695484565	0,502248259650231
AAEL019762	611,805023691103	0,0401928470893312	0,15765528172844	0,950260020201827
AAEL007241	129,52664241821	-0,170769783252256	0,20347092995738	0,894100173647922
AAEL007226	235,284487641121	-0,942728523415795	0,479491038474836	0,153977535145274
AAEL007235	1450,02011214987	-0,422460880427123	0,229589540954398	0,676276527691556
AAEL007236	3135,31578607741	0,245045565944598	0,220034758041788	0,823875679028273
AAEL007238	235,220499304272	1,57006120011643	0,267751928124592	0,00267157301139328
AAEL007246	225,321237984286	0,532121146330052	0,271069591432597	0,507498962249957
AAEL007228	415,503341024483	0,104160067386504	0,199291364377572	0,918821351687843
AAEL023227	38,7871222912028	0,054562124877135	0,230531161878216	0,895784787878648
AAEL007237	210,727621709131	-0,136579104788945	0,177364882197038	0,932542436746789
AAEL007230	223,754275255355	0,0782129397398806	0,195326309636602	0,927921604315648
AAEL018136	40,4293961729457	-0,258228996396637	0,314134678653893	0,644998071605788
AAEL007244	148,965780381382	-0,187641000797293	0,230630667888948	0,83375474255845
AAEL007245	1391,91743934702	-0,186154285934871	0,199075002798746	0,895117412092496
AAEL007224	91,3960797464024	-0,0351606508848544	0,220330853566905	0,913544570815124
AAEL023798	19,924710040854	-0,0474821466374908	0,25437153654761	0,864789472092106
AAEL007229	599,206007063438	0,160533311989841	0,181431476465035	0,924743720402165
AAEL007225	30,6862785402626	0,122437269152886	0,279526945944642	0,78296018793673
AAEL007243	601,671802769916	-0,0697177575711034	0,202853391201463	0,922917161700828
AAEL007234	2388,26950583869	-0,245910532148745	0,208997170805817	0,845689714842974
AAEL027249	1822,9121474682	-0,0379678684025885	0,165798270782206	0,948484989522285
AAEL007239	301,484633559136	-0,0147444390667652	0,176183833725861	0,946676433878243
AAEL007227	189,928857585518	-0,0939905930412526	0,209146436434429	0,911019660436387
AAEL007240	1312,26841834752	-0,145620839224834	0,197340304055805	0,910837990358635
AAEL012057	2972,30737899878	-0,15727904209001	0,21550859395995	0,880343961952199
AAEL001960	509,193626811015	0,714429748588022	0,343474417612767	0,317519086570408
AAEL002005	15,7240603042682	0,834513909016488	0,940118798470621	0,163797349352249
AAEL002031	952,355781090857	0,110670929676701	0,177070356686034	0,93675189504105
AAEL001992	3969,54238555491	-0,0931617634582447	0,183672696369543	0,934433126012994
AAEL027350	155,319069158915	-0,0249861249285324	0,190814222078871	0,938869504390106
AAEL019890	247,759411720344	-0,092627191655883	0,18952865910979	0,930029355675366
AAEL020031	168,269289544844	-0,245133286955431	0,229313873208322	0,805610096131145
AAEL019891	181,214638198448	-0,115385238872889	0,206914986960089	0,907305282038604
AAEL001997	226,854418837206	-0,0176548926684062	0,205000734658391	0,930243586984194
AAEL019889	119,694467258631	-0,111969714503936	0,192389215042246	0,924319843948691
AAEL001984	308,875508706901	-0,065421304242033	0,164392058756287	0,947572717786185
AAEL001974	307,307464944626	0,0226404941986118	0,198790988174377	0,933811996281284
AAEL002039	36,5296928917709	-0,0946974126660091	0,265182233785067	0,821660797150402
AAEL001998	3407,13490253234	0,282838714945099	0,197674787718526	0,848279194395158
AAEL001978	123,879681470536	-0,0054483173052213	0,186258532680217	0,943184357724642
AAEL002011	68,2536028009085	-0,0185863119049117	0,217648892850861	0,919556589869502
AAEL001965	13296,6074675794	3,18554796149242	0,426151774442558	8,55990196483194e-09
AAEL002023	11175,6449458225	1,58490739586955	0,436234502708139	0,0191747996916848
AAEL001963	332,94611796753	-0,399911985614878	0,246488084634641	0,662091048974924
AAEL019813	496,601317274688	-0,253410561061717	0,202340418166478	0,858245997285383
AAEL001985	87,2504565856459	0,279625914889013	0,310703010585782	0,634809507543276
AAEL001969	2064,82181850181	0,582251030969174	0,230541211165224	0,527933506386018
AAEL002009	364,114650287692	0,108007287990396	0,17825679523675	0,93615856129566
AAEL001988	9,56470185667633	0,263652719124505	0,486191856864098	0,45864047536708
AAEL002007	4,66814850864794	0,0601469478220471	0,27477258713136	0,822445301797649
AAEL002022	52,7004397181798	0,319501918488885	0,625152241315606	0,364681875245384
AAEL001964	9341,88005302145	1,57899471991827	0,431160278129176	0,0189055360244099
AAEL002012	733,952791549041	-0,0218105721097211	0,168291756894687	0,948560843562708
AAEL001962	440,04650905043	0,310042175008309	0,193142860974025	0,840866857029272
AAEL024814	660,425999819757	-0,12192768849684	0,182194941773916	0,931105673582173
AAEL002010	270,089905019228	-0,013592165804057	0,166345139906266	0,949356268774949
AAEL019559	2254,91409655603	-0,177252957882405	0,181116505231976	0,920880461935448
AAEL002036	3435,43919766126	-0,109798633279442	0,158972217453742	0,946741469213299
AAEL002016	905,083046365958	-0,139929078996068	0,169391774733703	0,938126037280671
AAEL022098	617,264697476785	-0,0704994259619953	0,154960643031792	0,949768914197366
AAEL002006	428,806010122482	-0,0283567359961278	0,17814508419261	0,944939510471337
AAEL001972	173,3974847069	-0,0104832680793778	0,177525459521825	0,946507688452921
AAEL001982	242,318778472704	0,0564359299172819	0,162500827989853	0,948510299047327
AAEL001976	239,544419169275	-0,219710600372556	0,224133126467624	0,82965166555561
AAEL001958	274,949572022533	0,0158764462431975	0,169852982287791	0,948419068162644
AAEL018281	608,387175458512	0,115410109785061	0,1806413300279	0,933289573936214
AAEL001986	224,271249936473	0,102309536483637	0,204328000333373	0,914167631515971
AAEL001959	1358,06031879029	0,345694974448428	0,200937131038365	0,801194195373551
AAEL001968	1735,89053706576	-0,00248277384164386	0,184237884646014	0,944319341629851
AAEL001971	241,962991487555	0,0122883909189046	0,164371486448046	0,949845837757611
AAEL002019	248,789650065722	-0,198946905044558	0,179463853453835	0,917556984943261
AAEL025245	672,579331151701	-0,343589449579844	0,190701689721184	0,824816573353749
AAEL019588	193,701373259382	-0,329578695187946	0,304611050125013	0,609552790384911
AAEL011624	291,131331848619	-0,00522264528705202	0,242948185359359	0,895493858229298
AAEL019482	10205,6328616115	-0,359926800614725	0,244188800726848	0,694720379237744
AAEL013879	166,976723020357	0,134608369376116	0,194736913428383	0,916532737454185
AAEL013877	1531,18045182077	0,10903331079208	0,203792261986387	0,913085725290657
AAEL024274	110,983037155533	0,129026171924622	0,257370854738603	0,817632197697238
AAEL002220	17,2607513814346	-0,160993189920407	0,308295633494288	0,71387450193377
AAEL002215	593,386276506833	-0,0937534182320302	0,18256189631981	0,935115095608453
AAEL002184	915,973543749389	0,304016680606396	0,20832489681963	0,811270963765575
AAEL002194	2814,35810542268	3,49806874581366	0,57108924162922	6,31745036041032e-07
AAEL002217	28,8683391587529	0,18018957063737	0,3377616427827	0,659934388331107
AAEL002242	67,5128647258655	1,81711105329298	0,467156270532987	0,00752126600564297
AAEL025380	311,567505430368	-0,0654663213046166	0,17725678069344	0,942047040647379
AAEL002192	19,4743325988033	0,0218579273381105	0,239431912795821	0,894780510180582
AAEL002196	533,501892057086	-0,0396090522299988	0,262486781163075	0,853493153505302
AAEL002185	1140,95254549126	-0,209440681352154	0,219384357737117	0,845188620999318
AAEL026304	414,930082601211	0,942696227351081	0,534487014023544	0,151534682598164
AAEL017402	13,2337475076757	0,173379232295261	0,327607948802433	0,678237320761756
AAEL025608	18,3109081726511	0,266231299038255	0,411159040363311	0,523476820101158
AAEL021930	6,25015214161834	0,025955995639652	0,259061842459955	0,866306542818141
AAEL020593	9,93291574646389	0,0109754303543508	0,256298800822024	0,875216822927259
AAEL002231	68,900781553947	-0,340906635143462	0,330643662298785	0,565308841095424
AAEL019554	50,1521502881829	0,04327158790347	0,232941499326822	0,896402788425322
AAEL002228	2884,71846652966	-0,23400469497922	0,193238434996848	0,884661995246363
AAEL022506	1283,69897710112	-0,276037850171766	0,247832016771338	0,749833080192435
AAEL029069	117,404377141567	0,00625851184680531	0,198049196767867	0,936606515281783
AAEL023112	101,835318013336	1,06294290873133	0,67118626217809	0,122026385737507
AAEL002195	331,990359293301	-0,120798100625229	0,180938242270745	0,932324636842068
AAEL002234	94,7675418192323	-0,299271665218131	0,267249536064796	0,6948962464801
AAEL002186	310,277112915378	-0,231980030334275	0,229282912120124	0,812283428605246
AAEL002235	1858,2655758393	0,00447091232073244	0,190351637531747	0,941234647412719
AAEL002221	299,071248712897	0,0475205652368316	0,188061397420884	0,937810279876471
AAEL002198	172,180835330773	0,132325588405059	0,21825950129577	0,885568496976315
AAEL019753	2351,23536523279	-0,12704522531219	0,183010435366136	0,929445253718429
AAEL002232	210,512982384386	-0,170704442973402	0,224583485724911	0,85843735462653
AAEL019793	7093,14555276664	-0,206602853580402	0,258707822210666	0,772831117619896
AAEL002182	963,120479333951	-0,269558562835344	0,245009441885919	0,760745133380395
AAEL002209	86,8849948185538	-0,135110165063009	0,215851627926761	0,887917642324934
AAEL025216	838,965675794645	-0,0290901228261639	0,17531929958569	0,946094981702552
AAEL002244	45,8219903369982	-0,100180898504713	0,262904458890905	0,822805066390197
AAEL002214	1366,15744975301	0,0806526205943919	0,15676329408412	0,948931811049453
AAEL002183	746,35524958277	0,324481605758589	0,271232978428175	0,672485593169491
AAEL002216	689,683432462628	-0,0420787379722887	0,173333640074848	0,945922530197914
AAEL002238	499,814669950862	-0,12381355343877	0,178733685028759	0,933450545357787
AAEL002190	996,291607745311	-0,307609694238394	0,301488516203434	0,630012347146427
AAEL002225	268,933516848567	0,119769408881585	0,21943565839208	0,888394966575519
AAEL002219	307,399918771402	0,171973487145601	0,21450619529541	0,875454001781366
AAEL002240	1334,43745633093	0,0997761814880565	0,1945372473579	0,92476532971415
AAEL002179	202,36607267849	-0,127497654793016	0,208541770201186	0,902129300941392
AAEL002207	599,618709002182	-0,00950353005596394	0,159490540202997	0,950760130876021
AAEL002222	171,10640012888	0,213303619102693	0,211376976369589	0,862050153863985
AAEL020440	144,351628611896	-0,00697566511292468	0,215334195811586	0,92416651623156
AAEL024939	144,189487855946	-0,0567322030166388	0,2193777347631	0,908916367526932
AAEL007975	129,86762374824	0,0466015745684556	0,197149228265509	0,931707247093444
AAEL024380	37,4570112878361	-0,0592738596439514	0,247733429807762	0,870244161444944
AAEL007979	1785,33000343522	-0,105276105791373	0,169337435908934	0,942276860452441
AAEL007971	1233,17588615873	-0,166382563978129	0,197491427321019	0,904187009115793
AAEL025229	25,3323679815938	-0,0243046948843143	0,246086546082033	0,884763425852947
AAEL027921	100,171841322362	-0,0991867397422472	0,229220786314032	0,882066930805348
AAEL007982	269,25112384287	0,0174945508857207	0,179302649441909	0,945330132456028
AAEL022218	48,212091101026	-0,0458819360314233	0,220541870152873	0,910670806719768
AAEL026701	116,679600047968	-0,0404901045767307	0,201639147103561	0,929082411059186
AAEL007970	107,155348002978	0,0184682373433061	0,210428100741763	0,926154213720062
AAEL007974	180,203471429515	-0,137935889022753	0,219890044572317	0,881319271269328
AAEL026156	13,9282116185913	0,0189888884450197	0,258987140500148	0,869240886823552
AAEL020637	68,5939465919868	-0,0304885070607848	0,211211247930811	0,923143270838913
AAEL007981	42,9022647866338	-0,0869662989008795	0,245805370968324	0,861357075242405
AAEL024367	237,276266350806	-0,244383307607022	0,214959265649671	0,832907385930132
AAEL024902	87,1605849752024	0,00177735944181962	0,19931836341813	0,936321480772458
AAEL027551	456,934886030288	-0,181619592987385	0,193438761713335	0,904709655662261
AAEL027341	93,8849626933814	-0,0201491582138059	0,215778607165139	0,92080872240029
AAEL007977	157,034485277895	0,013070888617615	0,19408579482778	0,938322670039248
AAEL023057	125,7849411406	0,0133982959654497	0,215174127913567	0,922860426403496
AAEL028026	93,986485479389	-0,0157026798168668	0,215970858981189	0,921473275276562
AAEL007983	57,5403385401654	-0,0734943109725055	0,219447181621056	0,904257026198221
AAEL019649	99,4538150505911	0,276598486387893	0,363162673853104	0,563569456645443
AAEL019650	1286,92310273655	0,0991685258348736	0,211914238699678	0,906075910768997
AAEL026517	109,401251745152	0,2689484372671	0,306614687953332	0,649658485676107
AAEL007969	204,44246450034	1,94058851830241	0,432621783193767	0,00227334125287458
AAEL021995	28,2559624680395	0,00644405456242142	0,238761221383454	0,900569551267026
AAEL017460	400,735309400202	-0,872784153687826	0,364523644699798	0,20493328457303
AAEL017451	4154,98851174615	-0,0475497631448952	0,170985456192633	0,946480371376514
AAEL019785	1153,88341547588	-0,0957925182112972	0,172790745015673	0,941307050857394
AAEL002669	303,817070133631	0,00960647534969154	0,231425347559876	0,907452609450911
AAEL002658	693,819950845201	-0,179954623631239	0,285903366058662	0,739956908389306
AAEL019950	1478,22515705234	0,0747224792824341	0,208479331103955	0,916319482153866
AAEL002678	363,586083952561	0,44251389412962	0,230032610251253	0,65906415542723
AAEL002655	334,710002975757	2,42431572729354	1,19153179591535	0,0229945766296193
AAEL002672	90,0057193700474	0,189481234847768	0,272392275131137	0,75932309111418
AAEL002665	360,942290513523	0,0708119017339582	0,223191546575515	0,900644951127356
AAEL002661	31,3419423645704	3,79499279240619	0,70975187468103	7,13875109682532e-06
AAEL002675	765,705281091973	-0,240725708515836	0,36554268925005	0,580087545212367
AAEL002670	10,9564662928897	0,110746163080532	0,293587602250325	0,767714954333186
AAEL002680	86,868306914996	0,571165264016229	0,403994024712401	0,358183732457701
AAEL002668	465,203164164965	0,682730226052517	0,273667838331712	0,381100665132236
AAEL002656	215,872862519985	-0,378845557985812	0,316170071889403	0,555393123963601
AAEL002662	432,781711886447	0,0747340575011911	0,279501023697985	0,807322315492578
AAEL002673	360,495796086883	-0,00617785050770561	0,223451250525329	0,916797783133981
AAEL019904	64,3661521825022	-0,238932574718565	0,303632635873125	0,673892282026699
AAEL005753	653,766868247477	-0,206128532487595	0,223306820006284	0,838415436676443
AAEL005748	1057,53448582055	3,14257783607991	0,520747905475444	2,60024574445263e-06
AAEL005763	1428,20012942039	1,07413469490569	0,426048169958027	0,109076384674666
AAEL005752	868,984910542971	-0,0737595013161017	0,277416597546976	0,810862924216545
AAEL024595	9,89961922709904	-0,0292944677573025	0,259230458145566	0,864754593366072
AAEL005749	763,424120460391	0,0699251736207902	0,24451870194178	0,870978641849001
AAEL005754	220,315878333397	0,219902169319164	0,229189253155577	0,82025575260403
AAEL018352	89,3899970963358	-0,101168433428262	0,23109685672036	0,878372709896917
AAEL022772	39,2558907875712	0,14935014915922	0,285619931060201	0,759872020223932
AAEL005762	255,485148526921	0,154285297105857	0,224652707757474	0,867052395551613
AAEL005759	146,763535124336	-0,0889394931801565	0,289741849314878	0,783674900499559
AAEL019523	6354,79052403224	-0,210236342144999	0,249359046340873	0,787006844820014
AAEL005735	116,152303048558	0,0738023638577056	0,21222903448988	0,912665669946424
AAEL005730	614,322511766483	-0,0857697380198029	0,184934173007381	0,934564127981865
AAEL005739	624,539335768793	2,01473722193443	0,284960807611329	2,19265661907527e-05
AAEL005744	2560,34636802559	-0,215220268950067	0,281324219265145	0,726044537097892
AAEL005732	219,727555235795	-0,0244534563294743	0,179316558745609	0,944753750340371
AAEL005728	1892,68566053258	0,0137889658041692	0,154457463196678	0,951349857279862
AAEL005731	1883,60881833937	0,0103813716915266	0,160401167297209	0,950630234858773
AAEL005734	1450,12978868085	-0,0732719379624998	0,186228049011456	0,935363204859246
AAEL005742	431,448114231256	0,178130965381719	0,214036375943247	0,873804965974173
AAEL006447	1308,56155630329	-0,193653445284004	0,182292480999795	0,915605225711607
AAEL006449	1682,16769388373	-0,152639152665612	0,169444433600465	0,936080687232904
AAEL006435	471,75278660921	0,0426984031014949	0,167867076694638	0,947729607390373
AAEL006438	342,871636634464	0,191504471055655	0,193994061318575	0,900851712641107
AAEL006441	926,457424196842	0,469568354402025	0,169869441673321	0,780604612230245
AAEL006437	351,114305227544	-0,0880854521531154	0,187356183531924	0,932507683012312
AAEL006432	124,518894201199	0,223211116116083	0,275711358474923	0,730797184961967
AAEL006451	466,021960276101	-0,0508540244872392	0,19601526209749	0,931920188558996
AAEL006433	2868,81953762228	0,0810322781084915	0,156790210119838	0,948896948819424
AAEL006436	1304,24555004701	0,00286580570778276	0,186081136111357	0,943539416951983
AAEL006445	154,781368748611	0,10549678670156	0,223092281175113	0,888299827091226
AAEL006450	372,891464494467	0,055444576136824	0,175827783704682	0,943733418602082
AAEL006446	8659,7501720302	0,129662713423832	0,226886225394207	0,873469910618866
AAEL006439	1187,1751013983	-0,279548829612081	0,219259749532902	0,804960193096496
AAEL006452	94,4305553330245	0,276173468679577	0,248121914156142	0,749356962903829
AAEL006434	755,546795593342	0,341530991248926	0,320440586496012	0,575815804111295
AAEL021964	12,0838548842864	0,11938591264005	0,295075296493828	0,761611931988924
AAEL017229	94,9767655480233	-0,0211443743953021	0,224317484672996	0,91265111286209
AAEL001729	254,67750602429	-0,107850830811768	0,203197521728529	0,914012709586545
AAEL001706	532,541315109127	0,0153069094471736	0,18423434148202	0,943301161049928
AAEL001716	1111,80734014599	-0,135218616069561	0,16357105313861	0,942321336130874
AAEL001724	129,408589281526	-0,106593329646111	0,200735803011072	0,916890151950808
AAEL001719	338,038653923776	-0,131732050719784	0,188791342670021	0,923613808968078
AAEL019616	1176,45019148641	-0,0900539866063912	0,196674777160316	0,924722098674508
AAEL001710	1073,31148832773	-0,0568539968159807	0,181913100735512	0,940338080814334
AAEL001707	189,280862683561	0,223620498634839	0,255166026283715	0,769748242533173
AAEL027566	491,249864975935	-0,0776762656097734	0,188099088975435	0,933484335143256
AAEL001715	4579,28155244074	0,018737212873216	0,184771099617079	0,942724815283753
AAEL001717	192,298983439374	-0,0557969485102015	0,187769571552701	0,936919398688944
AAEL001709	1745,75126388243	-0,0730334587099657	0,160647388719419	0,948271403116566
AAEL001725	980,922930656895	-0,239447029285857	0,179903283911365	0,904536074617562
AAEL001708	564,665328725225	-0,0789455984698677	0,22920025249894	0,889173727812594
AAEL019708	705,835213477889	0,839028149449814	0,659151308182336	0,185382511880179
AAEL009745	150,447370968747	0,234789160778348	0,257377480067384	0,758882148720469
AAEL005027	208,658067140085	-0,0464393060624613	0,203380358406714	0,926967273202825
AAEL005019	192,418791572448	-0,0225807024162307	0,194980309669838	0,936514351647809
AAEL005040	374,857822862498	0,345112983386499	0,238479719295036	0,718898076693005
AAEL005023	820,888295480403	0,114412131974545	0,148624450869489	0,9495464387599
AAEL005042	170,818118824338	0,0268469123081868	0,204899551355678	0,928880287209784
AAEL005018	272,645815478269	-0,164671368359044	0,181720719986546	0,923491130524947
AAEL005037	1678,30435560724	-0,0368671546578055	0,156246613220417	0,950616276768641
AAEL005025	1206,62611607337	-0,114301173266973	0,163648892066144	0,944295665377083
AAEL005028	185,290678968211	0,0519341655006213	0,180602020788823	0,94156883885603
AAEL005033	125,492207382378	0,0106354639279014	0,188150490696568	0,941795995142052
AAEL005041	584,682459699168	-0,0961336705509276	0,182490247190533	0,934800239645125
AAEL028100	117,152056829344	0,0771559528886368	0,206680483821989	0,91768648383943
AAEL005035	371,838462647201	0,0755283092516922	0,161696875782901	0,947859633228601
AAEL005038	3280,82556140429	0,0598104043384566	0,160244238548643	0,948956683534707
AAEL005016	295,938618229651	-0,0580856282263222	0,180865054917973	0,94080313565188
AAEL005022	1536,20034041374	-0,0882796687568755	0,167866501570383	0,944590178993462
AAEL005031	167,949375971803	-0,0287387774208784	0,178777556333059	0,9446253114841
AAEL005020	240,962244625536	-0,0183035995871188	0,188663151683206	0,940736186129211
AAEL027186	139,727989877324	-0,0763995679163395	0,198421458858721	0,925746119083243
AAEL005017	1544,16198319853	0,221033539065498	0,227605695287908	0,822685306902917
AAEL005013	4617,02095130519	-0,15901301375928	0,251946506628336	0,810726519561205
AAEL005044	409,786867145798	-0,13799087584187	0,247470426270856	0,829982921262852
AAEL005043	471,924531788158	0,0662145558795332	0,188785964440794	0,934653888601151
AAEL005026	74,1592536416487	-0,116912961575347	0,271641892331591	0,800817175766168
AAEL005045	158,071143941055	0,74951919540047	0,463111034725807	0,248970334913838
AAEL005030	54,2302733290949	-0,132353730224708	0,244571216221239	0,837413619003619
AAEL005014	223,724339954393	-0,137764705314689	0,181767262185241	0,928677008011087
AAEL005029	230,512504367137	-0,0599403765566285	0,200091153908511	0,927251165832683
AAEL020793	96,2865858066866	1,57411811751257	0,450034429353515	0,0203458276312507
AAEL005046	1430,55556972523	-0,161997934396144	0,154323393407272	0,944549134702387
AAEL005036	140,371790851923	0,0230130626669753	0,194382164017832	0,93682814320531
AAEL005032	5070,96775657215	-0,164068182215561	0,259570632272404	0,79617937293941
AAEL015293	199,374005118289	-0,035769385358202	0,198496712917763	0,932280907989297
AAEL022457	135,793271961088	0,00739632988498245	0,201161004071927	0,934375647573872
AAEL022794	70,6912191740522	0,0494096811774902	0,21283334299797	0,917789790431833
AAEL026244	144,083752101856	-0,0901809535820842	0,205979407606564	0,915332516536565
AAEL023699	1006,21614484301	0,00631877105670078	0,217315586428576	0,922138339330648
AAEL014031	752,557932665012	-0,128477826522381	0,180105348223853	0,931778375432313
AAEL019574	764,567517525204	-0,0209234259567708	0,185695298233627	0,942053449238782
AAEL010500	121,735547673485	0,612182400066512	0,410282287804708	0,341785755623228
AAEL010492	92,2142575807396	0,069319827102731	0,205152256309365	0,920616779508725
AAEL010502	1416,96540177397	-0,087780862341735	0,205732519714663	0,916158824326822
AAEL026037	8,83552026932041	0,0429947365843534	0,262273995749057	0,851795421703477
AAEL010491	931,343178017331	-0,116620175377392	0,164588692014579	0,943654766446631
AAEL010496	821,663295227644	0,210982706080043	0,167563406618439	0,927662906546926
AAEL022478	1119,1996956728	-0,177484250548166	0,178993431114948	0,923412857064761
AAEL010498	194,835545981179	-0,0900253752472823	0,192686012497432	0,928030497251749
AAEL010494	148,512351028377	-0,102508294026135	0,199374044188673	0,919171946513849
AAEL020015	522,318363026294	0,0867141683743932	0,201112092179302	0,920820688021408
AAEL020014	88,6900181185965	0,0241813540919807	0,19353454737222	0,937214166739416
AAEL020013	315,68918996035	-0,0559624319238146	0,157847341435004	0,949715892229014
AAEL020012	150,855803535643	-0,140790644816678	0,21987827024119	0,88007019303468
AAEL018195	211,162829566857	-0,098276153540586	0,197760426129394	0,921543816513566
AAEL010488	581,284784388542	-0,0456714311377652	0,188294933564054	0,937876635022904
AAEL023325	22,9737901225121	0,0872451418115252	0,273507109971935	0,81065824353131
AAEL001315	408,684718744039	-0,0621166056864041	0,163837202271673	0,947942510814877
AAEL001312	236,687301149406	0,062053635904108	0,188524086618947	0,935339277241937
AAEL025530	13,9908656266694	0,020836140456071	0,255321944562019	0,873439362898065
AAEL001308	700,48363824616	-0,0928243180135944	0,189692154265812	0,929851387002223
AAEL025053	57,7598669230716	-0,0160940013869044	0,230090208954113	0,907321674895231
AAEL001318	190,937015431086	-0,0229560856078638	0,266573398369694	0,854590102084796
AAEL001301	54,0225248458753	0,0275358657761779	0,250931609869167	0,876742549237446
AAEL001307	789,698930285411	0,107252111550268	0,295162755653713	0,76668486111967
AAEL001293	1153,21457250045	1,20740020097002	0,335595645429482	0,0621815597153603
AAEL001316	142,571430433783	0,148753807569769	0,234395733520964	0,848847724960447
AAEL001305	105,82124272666	-0,111605188090169	0,255778509374258	0,82848205529003
AAEL001295	225,754077880549	-0,498587506306312	0,420794374306378	0,384821893820324
AAEL001306	1546,67730374443	-0,32432748976565	0,280444010851603	0,656427416358374
AAEL026057	81,9622470533107	-0,171548346568094	0,288749729174222	0,740213226987672
AAEL001287	512,026842799685	0,119732834142229	0,20770642764877	0,905226632831105
AAEL001294	287,336167756027	0,73447204512776	0,237934384126113	0,372968399294594
AAEL001323	968,472960406752	-0,59410509831771	0,547451894098048	0,297381597169235
AAEL024618	3069,21345024744	0,0185248497047809	0,137116439218237	0,952310640039592
AAEL001304	622,59242402347	-0,107833581283692	0,198670294769943	0,918644911392272
AAEL011900	537,10541211312	0,047784488145453	0,183452031151307	0,940446569166155
AAEL021608	115,253200064828	0,908808800792729	0,450990211220044	0,174272687401466
AAEL011897	87,9204587231253	0,0953066233201799	0,200192329884575	0,919974269762997
AAEL011903	142,045412752709	-0,0705997419292858	0,208502321367071	0,917257585698757
AAEL011901	138,547304192668	-0,140579186332417	0,27037064452488	0,788634837076655
AAEL011898	657,06068323504	0,248804741230221	0,175179605571989	0,908021125805638
AAEL025558	7,87690887482456	-0,106036567918234	0,284508834891419	0,783407430848596
AAEL021359	257,174064032316	-0,0487128500968097	0,199591580262646	0,929302470763837
AAEL013417	165,257566523268	0,33949430062956	0,408066280088074	0,485438478067411
AAEL021679	596,516875556346	0,0614397990491686	0,191647582823922	0,933298065527394
AAEL004488	128,923610261973	-0,0383402830025271	0,212266328576102	0,920327114374908
AAEL020737	16,9326810405294	-0,000856742897165868	0,242542148488026	0,897296050123321
AAEL004509	99,6825037388369	0,114675386066586	0,201633321698423	0,914055016445914
AAEL022219	492,114407215857	0,0376809834160574	0,192356496248541	0,93610406939206
AAEL004486	167,028717607756	0,0483468738172571	0,198974138391583	0,929860776340818
AAEL004507	154,712103966347	0,0778827281183807	0,181689455204606	0,938096799822615
AAEL004493	1908,02907677464	-0,181195383362321	0,258839481666233	0,786400755724259
AAEL004490	748,968891707687	-0,0635913145984045	0,152703660135594	0,950466897892494
AAEL026154	265,187275969797	0,0674849119257809	0,220879652859119	0,904239531522322
AAEL004500	74905,1021540258	-0,102823760454837	0,207996391078143	0,909778823192846
AAEL020284	23,3872450793229	-0,0349425960316932	0,246745390291786	0,880425849276139
AAEL004492	593,441934512193	0,0478316706318319	0,187775016397092	0,937979573160224
AAEL004496	1707,82953123162	0,110002444321933	0,151520585717161	0,948986498554734
AAEL023756	2295,97168715095	-0,0637947041499063	0,148600302409158	0,95110928463963
AAEL004497	670,468681040227	0,101045562596801	0,171105861294744	0,941666408296774
AAEL004485	1234,16557254706	0,177825571171521	0,141858008062081	0,94843936962025
AAEL019568	33240,866914464	-0,0588698285277809	0,21593087986688	0,912314955644232
AAEL004502	142,388384153864	0,0105123172337427	0,221537188078712	0,917802685527269
AAEL017374	644,461966309261	-0,234301350944633	0,239513049425316	0,792229166007818
AAEL021355	23,262498917958	0,148130858957442	0,301932104790519	0,73148235493122
AAEL008630	412,365270744897	-0,0098610423779271	0,172101951949717	0,948158816151835
AAEL008623	75,9302904653434	0,0209914283795157	0,208851507001461	0,926926536151163
AAEL025351	13,6066970601466	-0,105089090545626	0,281635652280501	0,788379432084328
AAEL008621	524,741041554458	0,203391331071239	0,237447605041172	0,812952413984182
AAEL008622	41,2411544007614	2,93185969998858	0,611665792321545	9,57671956218882e-05
AAEL008634	1756,56828681387	-0,16914220591864	0,158587411485084	0,941412047042242
AAEL008635	1536,67845562861	1,12006325222367	0,427948555126946	0,095913560518669
AAEL027367	1048,00029987971	-0,0892348229809927	0,19090990705131	0,92947374113184
AAEL019463	721,952453562225	0,648315472714599	0,367094722722489	0,345732079939036
AAEL008625	176,578037317257	-0,108878834614888	0,197718330211177	0,919507164280467
AAEL008628	51,4237576044253	0,71406927896588	0,448453043646919	0,269980107580596
AAEL008632	567,917270363021	0,0499056742596992	0,203994123696263	0,925851188091668
AAEL008624	1074,18537317231	-0,123061749939969	0,168905873028052	0,940473629634959
AAEL026976	154,486038647641	0,113220346932714	0,205735122731027	0,909592046625209
AAEL018117	2898,32185360801	0,456669323970688	0,222638520245327	0,663584708204617
AAEL019474	7010,87628888905	-0,103838308026505	0,196353207646242	0,921766363436448
AAEL000715	79,8222302578863	-0,181275659824809	0,277997403787671	0,754383014772161
AAEL000689	36,0719491228998	0,0677735281336978	0,238241429784105	0,880616484700298
AAEL000705	77,8991757846514	0,027708583086643	0,21896513481239	0,916372898052497
AAEL000690	35,2210627657773	-0,152517946829148	0,281658410479766	0,764912803550019
AAEL000687	210,651879278945	0,595397758858393	0,28807666561951	0,433817061446298
AAEL000698	279,750381287408	0,00159208455475995	0,228227633852305	0,913315755145116
AAEL000682	2321,3449989534	-0,0757539703669413	0,176462382779308	0,941366157470334
AAEL000701	366,988936057973	0,0482999546565133	0,173113086372039	0,945579947939045
AAEL000697	88,5873008899777	-0,0339474079028848	0,216396863133608	0,917621785282037
AAEL000692	164,037125365022	0,0645552524740416	0,19475218012456	0,930576284659315
AAEL000709	4617,81869343309	0,285805186769379	0,21622233025269	0,80668376119808
AAEL000703	9784,69706854051	-0,316802038111486	0,425789051238568	0,482626699622291
AAEL000713	3418,3552236514	-0,404125496922605	0,16280531871456	0,853738346951487
AAEL000706	2010,43499356877	0,286852311599591	0,160232143578952	0,916903330759691
AAEL000704	384,650713356973	-0,267852436454767	0,245974117728988	0,75943307696326
AAEL000716	666,527998996256	0,0487687924639832	0,176169517205316	0,944069732673867
AAEL026540	282,952454163457	-0,176270986624986	0,231092095811414	0,839992948590921
AAEL019578	664,145503120849	-0,13001890043865	0,163776858175891	0,942768603609753
AAEL020638	1429,33101396132	-0,0402957961602705	0,147582521232828	0,951663989738689
AAEL000707	504,040178575995	-0,152112705566504	0,164460267388896	0,93971345772387
AAEL000699	162,799686913473	-0,0794055648606591	0,210601307887789	0,913071307885676
AAEL000720	86,4269144086249	0,161859091573866	0,248827025771308	0,81506158449892
AAEL000719	1230,48121133508	-0,217365498445542	0,176220901971656	0,916412915258657
AAEL000685	271,221680946624	0,149816138536279	0,17676830262475	0,930750598924381
AAEL000679	631,292140622841	0,0554438743308712	0,16255227474689	0,948555793577104
AAEL000708	224,81513918957	-0,113685275533184	0,196187508926499	0,919913118442939
AAEL000714	513,774139416714	-0,0430446252816762	0,210615576351739	0,920904346243078
AAEL000717	31,8314215911594	-0,060462770612493	0,232172223588362	0,891692921467595
AAEL007849	66,2878595680748	0,14130856209003	0,231992892260965	0,859386454212653
AAEL007848	1000,44688199013	0,0680638239664229	0,158228286087449	0,949164659786714
AAEL007862	372,077001780005	0,0548001404736666	0,167454723146115	0,947160362494055
AAEL019689	66,0296609834764	0,0410700627849595	0,226900913034347	0,904431622212399
AAEL007842	698,5150862599	0,24651232666335	0,235739734617349	0,791982353741086
AAEL007845	2824,04560234703	0,032258026349639	0,1914297325667	0,93758806866623
AAEL007865	896,381611268227	-0,105965246049428	0,175995827400566	0,938220868575803
AAEL024022	603,485239099565	-0,0876203873309954	0,190376517018272	0,930252871636056
AAEL007855	219,851393864816	0,0536407782151122	0,216255704742263	0,913387390011561
AAEL007858	584,394166339167	-0,0923244312897261	0,182636792717062	0,935243389361605
AAEL007857	780,285296856004	-0,127994246437222	0,199974844660472	0,912461428304979
AAEL007863	1078,32378192747	-0,197822408528761	0,216253739365821	0,860657005260507
AAEL021145	3307,93812714923	-0,182014369207828	0,174583033382089	0,926855136859846
AAEL007854	577,640968267063	-0,0608921544284027	0,171603608693596	0,945227272915566
AAEL028221	116,097558030061	0,0351175653250822	0,210062323018778	0,923323205355875
AAEL027090	140,146365277528	-0,230169095937373	0,237087034218886	0,80036287849691
AAEL025868	773,591426440735	-0,0893069243133291	0,167300872065742	0,944800307781239
AAEL007853	236,413571689595	-0,165549217505655	0,210584718043746	0,884484061510978
AAEL007850	232,632868151839	-0,0168543637369249	0,169527434629084	0,948459655103487
AAEL007844	17,5187304601667	-0,101023351003357	0,282763977404446	0,788804765848542
AAEL021610	98,6967616648198	-0,0733836283496199	0,262238309006088	0,835423970421792
AAEL026638	42,1071932852894	-0,0244417207171278	0,257958020478294	0,868815530922392
AAEL003355	896,150433193669	-0,0464061252870763	0,223907926097511	0,906511549395615
AAEL003352	2491,99513007231	-0,0782910343804328	0,208880437881633	0,915140569288307
AAEL003347	936,793819787337	0,304110871464362	0,257788385595817	0,710108661512519
AAEL003346	296,034948070064	-0,0223932043680699	0,183698360823249	0,942905789223806
AAEL003332	399,826508289204	0,0169834692070864	0,18571973917298	0,942410082195022
AAEL020615	505,899317296826	-0,302841964360457	0,195861740237288	0,839060033303848
AAEL006609	1374,76759088613	-0,17237018754126	0,224160161212012	0,858360873604515
AAEL006628	323,670935925346	0,0213707259023504	0,197243984370376	0,93503465355952
AAEL021388	50,8837058939443	-0,0942751016160639	0,243843374349628	0,861320404754086
AAEL006610	884,664365587715	-0,118247886063458	0,195235768043666	0,919827349433799
AAEL006602	301,306465168116	0,0186191145553005	0,201301856995015	0,932732944349024
AAEL006605	118,290407173462	-0,238172379757364	0,264509036309729	0,742245895036877
AAEL006620	62,0553816246232	0,0147600402577598	0,22064785888593	0,917699411358941
AAEL006603	77,7685059167248	0,242961741721569	0,353660011510103	0,595180010705315
AAEL006624	177,566322787803	-0,590226563757382	0,260886215755448	0,475491009371506
AAEL006607	420,392615702037	-0,701053282085881	0,229091716735611	0,411851637201319
AAEL006630	214,850328985931	-0,164512544510795	0,250356826198107	0,810589918518683
AAEL006617	504,110646024808	-0,0565529349354528	0,230264903303146	0,895618740876725
AAEL019914	1629,38133200351	0,152720179343656	0,155977132432484	0,944619459163156
AAEL023253	166,781389710778	-0,142932685238439	0,207253878029178	0,898430587387229
AAEL006601	98,5800474686701	0,0129519037705732	0,207555565619548	0,928976680147102
AAEL020303	627,648581649848	0,527046414420194	0,28599284150154	0,491454686004619
AAEL027007	58,6599897483789	0,0894574279156513	0,224946417782795	0,891849364830743
AAEL006615	23,874354618675	-0,099931685063324	0,258357575226738	0,830148067034235
AAEL019764	237,075490234644	0,00126587156454039	0,162026712258927	0,950611622317852
AAEL006625	300,109436038313	-0,178270976172706	0,227882986769103	0,845462346955316
AAEL020287	106,130990076915	-0,122677843114258	0,220839521785745	0,885368284807547
AAEL006614	162,185399809169	0,0277772094063978	0,183899271768989	0,942314986659092
AAEL023251	138,425055657898	-0,148513526272449	0,226764588592993	0,865930472510521
AAEL025405	20,913106702979	0,0306298684791869	0,251872353637743	0,874529878503163
AAEL021979	213,78280430993	-0,0307954477820801	0,194517210245653	0,935577759181572
AAEL006611	835,800147638152	0,386382476632433	0,216227267878109	0,734723677530755
AAEL006619	323,461762841729	-0,00639277263108759	0,184071111049068	0,944045843625772
AAEL014970	148,72777739756	-0,105124172084833	0,202904061650085	0,91505803957326
AAEL018280	2124,16561837404	-0,124778578228094	0,189945839202737	0,923935356286821
AAEL014495	147,500777971371	0,0718108547676913	0,199404974055217	0,925756639380692
AAEL014709	1669,56917974865	-0,11646881825363	0,183663373565047	0,930805463824101
AAEL024141	4529,18930296051	-0,116565981049175	0,175474952842443	0,937048226907002
AAEL014492	255,8056241916	0,0516203905064013	0,202643616016409	0,92671191891874
AAEL014497	234,246931670977	-0,0395584329044348	0,179703948201065	0,943288888583764
AAEL014493	245,233691594415	-0,275580636252408	0,258705918357843	0,727177555808765
AAEL002683	1776,37496553787	0,267743957052488	0,279842124104384	0,694191563586069
AAEL022091	1506,08885750295	-0,118290032959076	0,182957424010236	0,931096614593809
AAEL002688	603,87778473403	-0,0817766736111782	0,171849202535934	0,943245893082686
AAEL002687	1976,53363683785	0,0445552792083932	0,188368322231657	0,938016254157285
AAEL023252	188,56807169497	-0,0476381260613485	0,17854517992007	0,943110338927405
AAEL002684	103,24147420112	-0,150222916863485	0,222082063490117	0,872917789778855
AAEL002686	140,695097429713	0,0349363180730175	0,242400212102317	0,886115493094692
AAEL002694	510,655269288358	0,413321274153079	0,193327209993521	0,768837638378581
AAEL002692	144,643994898366	-0,145586336771961	0,198099509223829	0,90976328795271
AAEL002690	40,1016449453215	0,0488035015085632	0,234218590501197	0,8929538127485
AAEL002693	1347,23732131142	0,215803544414452	0,243538412725858	0,795941827587627
AAEL006507	188,520780901249	0,353354402928361	0,271638087745325	0,648273054466093
AAEL006515	111,484379382064	0,256766310147579	0,257784752660856	0,743375433652187
AAEL006522	488,085183550158	-0,279646820877986	0,258541858973098	0,725474564268316
AAEL006511	16545,5451982618	-0,110819547323484	0,214101277298559	0,899962209057888
AAEL006519	1704,60992243391	-0,0524622475575429	0,155196902562296	0,950316612574169
AAEL006508	113,173019247193	-0,0536635880366934	0,197242160627518	0,9304195737591
AAEL006521	161,383016262485	-0,00102548248435629	0,178909148217521	0,946578582518948
AAEL021828	799,835083048486	-0,062060196476202	0,1514660249358	0,950704544946937
AAEL026852	1034,91196130014	-0,0200831859984837	0,146123526484383	0,952004883014776
AAEL006516	2467,1852174205	-0,0296555739015534	0,160533013269001	0,950051407192355
AAEL006532	150,162892985525	-0,0684929436390781	0,186392882212857	0,936018251067017
AAEL006509	4463,06916167863	-0,0060798553068355	0,188234108426002	0,942206831354294
AAEL006520	1482,94930374408	-0,050156723263903	0,1690834027947	0,946914123722588
AAEL006526	717,50236868182	-0,024651746428803	0,226722777985553	0,909105942814841
AAEL006535	413,634375805475	-0,267909396625344	0,215040044572797	0,820378806346359
AAEL006533	32,5632227202565	3,14843472811932	0,727003001320369	0,000181954508811064
AAEL006525	647,639517137962	0,0256340768803627	0,177542998999423	0,945443968680507
AAEL006510	2211,59046795838	-0,206915377899505	0,171010587564603	0,925087986726211
AAEL025578	981,138413869296	-0,159263783897466	0,169477111067536	0,935018541209172
AAEL006514	1951,95586432263	0,2091655095338	0,248244557427203	0,790489147766148
AAEL006523	418,212682207213	0,00101511258881264	0,201341516660172	0,935042706738762
AAEL027724	43,9555742922215	-0,0462820497280433	0,2557473141004	0,86284406760254
AAEL017445	168,371877609684	-0,208980299789956	0,238175968970976	0,808935258048364
AAEL007704	509,825212893616	0,503562195154207	0,231396551012714	0,597294441951239
AAEL007697	268,797924765759	-0,0487290691929129	0,179761023932518	0,94240375224804
AAEL007702	4050,27769779591	-0,051662253668907	0,183720233227891	0,939879459792154
AAEL007710	581,603808742356	0,0273956021121135	0,150849926230365	0,951516405695664
AAEL007699	24607,600953031	-0,0646309707238655	0,194959865864369	0,930401090660635
AAEL007698	1978,66558383235	0,00861234521779947	0,175623202368326	0,947176342220639
AAEL007707	7247,55562702516	-0,154830610515468	0,208460311380521	0,892492702762371
AAEL007705	4524,2692528186	-0,24153297714082	0,193580486648803	0,881076936598235
AAEL007701	1055,19679382507	0,041795466147497	0,165467468318465	0,948388585982971
AAEL007696	2384,05931525373	-0,10450097296513	0,169899275349073	0,942014976416015
AAEL007703	3878,93435107735	0,191737357036624	0,32211418935563	0,674889914472896
AAEL020317	175,923639392849	-0,0258153247344106	0,199615905237874	0,932827795229236
AAEL022793	333,807338891754	0,0395700514709507	0,161729315578629	0,949410051457637
AAEL025006	48,1117200182649	-0,0783535955220146	0,250031632807793	0,85782318828683
AAEL006004	537,701921060135	-0,229457890311656	0,223813831226614	0,824875047290379
AAEL006002	1439,56064932805	0,513375376294679	0,244165554534068	0,564962101087727
AAEL020457	312,905344299439	-0,0439902407258164	0,185448668004228	0,939699582829559
AAEL006010	335,010498106341	-0,0532464442465909	0,199484415545481	0,928754584572521
AAEL006001	376,449022293024	0,313260969870417	0,197950692481424	0,828088613950668
AAEL019719	721,560616904346	-0,0338645512695943	0,26320322864287	0,855112431873011
AAEL026797	46,8479109666971	0,168457978664933	0,282277009972026	0,754497518091782
AAEL019718	1327,57723513774	-0,155438752552628	0,269372686769903	0,782511098733416
AAEL006012	2713,0747969789	0,025441978897743	0,16915156836614	0,948225403972685
AAEL006011	3383,94849252533	0,575176018653597	0,251508663655077	0,498692149338676
AAEL006006	1303,34185105105	0,0961578736239043	0,21069771137721	0,908101772867423
AAEL006009	96,2417628642628	-0,0633025679265173	0,214470166231814	0,912839977319377
AAEL027232	192,618958743764	0,0418650572755197	0,18439495935898	0,940554663691898
AAEL019477	1802,33285861524	-0,186389497883587	0,169460074972514	0,930474964207083
AAEL021895	37,8384269564874	0,171309620891364	0,316737378555149	0,693838053771982
AAEL004457	8558,85240705041	-0,166165403632183	0,176167746886301	0,928316007889217
AAEL004469	1604,08489695752	0,0363980621782367	0,176413990771693	0,945066497602093
AAEL017010	1117,93109236192	-0,0947855560345039	0,181861376468091	0,935403044893794
AAEL021012	155,971708482955	-0,127305623667661	0,201639843921264	0,910777268744839
AAEL018148	344,016092395673	0,0927388286680063	0,207495018928395	0,913143347118809
AAEL007895	369,394531142573	-0,0418495632725406	0,178034993430496	0,943841959785594
AAEL007891	390,418827932577	-0,00133401647031379	0,191090092520785	0,941129013857807
AAEL017155	82,0426380818124	0,0133612705976588	0,213285770178856	0,924689642778399
AAEL007896	67,0878293018177	0,0886850101059165	0,215825503316242	0,904274514486748
AAEL007899	129,411472046303	-0,234839789888311	0,238136734170255	0,795146016065247
AAEL007902	92,5070310964508	0,226274327325853	0,307948859857568	0,675683684825491
AAEL007903	20,554799710349	-0,0918159180379556	0,263041878494263	0,825863182595136
AAEL007913	89,7072964052309	-0,222539709413405	0,26251400377979	0,75687795348835
AAEL025391	3732,9033629642	-0,149559170418428	0,263744803455235	0,797045671893771
AAEL025410	884,468380939267	-0,286032976341565	0,371295192154978	0,549534361734822
AAEL007910	184,898703870482	0,371338294177785	0,315178495543044	0,565655055606402
AAEL007900	88,2135228952577	0,239834380375032	0,278577834454064	0,714954926118183
AAEL007907	77,8317343620072	-0,0583303384280914	0,214752493094133	0,913814725691386
AAEL007893	332,12993430078	0,303387181252146	0,201515524124693	0,826381830173987
AAEL017212	2087,57552044605	0,0542085499780489	0,159646166229429	0,949326884539558
AAEL007897	97,9505137702448	-0,0438079388767625	0,229649011751869	0,900720236752432
AAEL007914	265,970740852723	-0,0374001320384167	0,215616601235925	0,917647676905267
AAEL027275	174,676249196492	0,0391188404710893	0,187153194478021	0,939280345632469
AAEL023005	87,3928078695782	0,21756946057623	0,250033065870725	0,781607369394651
AAEL000459	114,839661880235	0,120374522174219	0,257011563448268	0,82274520689199
AAEL027749	129,892600981602	-0,114015835143071	0,199765904211123	0,916172236032862
AAEL025881	21,08682085448	-0,0094089505591848	0,24824522919025	0,886901858268318
AAEL000502	38,1956030976211	-0,0473489472179164	0,245333114342387	0,877605935403361
AAEL000749	603,84489209999	-0,312325113984077	0,240119185091678	0,739184948108235
AAEL024591	165,361959463011	0,107156711946287	0,222830978665589	0,887893668941626
AAEL001289	571,437859111713	-0,0341345365257802	0,2449863110188	0,882752807941647
AAEL017258	190,340795619303	0,541917409192613	0,673360256520527	0,283833142422777
AAEL002815	146,984554479777	0,116972140007357	0,26143921389176	0,816996254146551
AAEL002908	853,082260873162	3,38329122937942	2,11784857639708	0,0275675993625457
AAEL003188	166,299160397915	0,0206760808873472	0,195449205415185	0,9364219196469
AAEL023595	147,184316383974	-0,0846673692802936	0,25216320810832	0,848585856145161
AAEL003192	195,031445831764	0,360355850903526	0,266198336263622	0,655094317662985
AAEL027839	185,794133101428	0,0383548419961488	0,203242251617626	0,928266943628582
AAEL003202	64,9261607901352	-0,0412375602005747	0,216950001736631	0,915387199248765
AAEL003541	44,3733690059083	0,0240331339960059	0,233432211492086	0,901909481471403
AAEL004489	644,865797355732	-0,126448301082887	0,192576150388771	0,920568648322371
AAEL004503	14960,3913167069	-0,0268836320802454	0,205229361692164	0,928599262336198
AAEL004793	195,361092233198	-0,0686523009250293	0,206491150601217	0,919605954806888
AAEL005245	157,166959177864	-0,0587799254659029	0,203885298387444	0,924352619263401
AAEL005399	24,0747301382281	0,0141709213443491	0,246008537363945	0,887965558359886
AAEL005433	42,6215681899197	0,0510123043499087	0,223968683417073	0,905140859769793
AAEL005525	635,405293114158	0,0290068116510444	0,209323494317617	0,925152186346177
AAEL020051	33,8412292471226	0,079460549909615	0,233408690436632	0,882936107535665
AAEL024830	48,7114731389126	-0,320190208386698	0,36555226002879	0,536247981503768
AAEL024040	41,1533754526604	-0,10039647007602	0,254579256358376	0,83547559451944
AAEL005821	629,719826141451	0,264996528889782	0,2839527875064	0,689350776238461
AAEL005866	90,6075358253583	-0,0243891018259953	0,237288234317438	0,89664794201229
AAEL005877	108,013185930447	-0,085370929241536	0,217922348138799	0,902962895467377
AAEL005892	107,88522317023	-0,0673820794080735	0,20448180844051	0,92161423114181
AAEL005893	164,783116549553	-0,0959765274096442	0,216551655652125	0,901392710305739
AAEL005939	289,171296776979	0,177494896144749	0,231040656249656	0,839158746551644
AAEL023240	76,0148925847032	0,294231049195081	0,329952173176589	0,594571802029443
AAEL006081	108,014446296194	0,223936260329989	0,246157563440985	0,784914448180809
AAEL025772	79,7492517128896	0,479011779915555	0,331019735875097	0,476452115402015
AAEL006772	128,076406286893	0,0180016025545521	0,210173990979868	0,926434123205673
AAEL007010	1643,75334883175	-0,104595537818928	0,261517726282058	0,823103758821509
AAEL007017	327,937621311515	0,0907681300163429	0,194701159186697	0,926320342535001
AAEL007077	395,589096967645	-0,0856886018934652	0,185915988283157	0,93388715248665
AAEL020187	26,7209457506629	0,0943681117625005	0,245194018031915	0,858513753246251
AAEL007080	46,5838475597704	-0,19536516754009	0,308770577187621	0,692415946931341
AAEL022092	21,2139089407326	-0,165828734164696	0,301557047534712	0,722443502957963
AAEL007572	36,0037452504603	-0,047752281109541	0,22286412580239	0,907141034091609
AAEL021474	76,1623318523464	0,0594253909823452	0,201103555829169	0,926588713589101
AAEL007747	157,113599545718	-0,164486250677525	0,257578804208039	0,799753928358133
AAEL027458	147,036183058145	-0,0835054181431974	0,199498426048869	0,923356849330593
AAEL025230	150,612083360539	-0,245398519295965	0,239918451074479	0,783852848172138
AAEL007880	331,701695934392	2,29325947663209	0,461767257815173	0,000326532759212131
AAEL008395	167,939359500743	-0,102589532620385	0,233900494695537	0,873530961884828
AAEL008404	57,997653408162	2,79643899329319	0,422968485876261	1,12089282806286e-06
AAEL008412	1126,23715221031	-0,159966272310299	0,230070387096286	0,852213118420794
AAEL008454	213,155767860273	0,499438898010243	0,379081547380088	0,417596541612636
AAEL009166	1,905890103815	0,0529216867808213	0,273199652279225	0,827693368673286
AAEL021090	81,3181059955559	0,4081123137418	0,333604759890476	0,521429380027607
AAEL027062	89,2368918104707	-0,0480663756122747	0,209713612544281	0,920772803831966
AAEL023559	300,788724738659	1,88610400831597	0,420228808373785	0,00316197242532921
AAEL009314	42,2302445070166	-0,016232231414677	0,220708201817488	0,917244519010767
AAEL009339	281,273026211221	-0,470978620785462	0,303319942003051	0,513073984310415
AAEL009825	54,8231766352821	-0,12987392646239	0,25154327259636	0,826554028389605
AAEL028097	55,164253975636	0,237493490019025	0,290954401629343	0,69436803962028
AAEL009987	90,6439470441335	-0,348106126923011	0,336246681924178	0,551010830790635
AAEL024964	43,3185625137993	0,135003785302819	0,260815210037935	0,808307323908908
AAEL020197	220,136349647956	0,0563596670456473	0,194249157548923	0,932289658279875
AAEL022585	30,1098880401089	0,0517822289603561	0,250138365353393	0,869631084218305
AAEL010461	135,485238626348	0,519560504581718	0,288172508490905	0,495094735068897
AAEL022530	97,7066407168791	-0,17000330464693	0,260361287299111	0,790906064129902
AAEL028163	104,773357213853	-0,048945703148938	0,211359506131439	0,919084581992582
AAEL010946	48,4635090818132	-0,261977917075946	0,417697091826985	0,518534616886969
AAEL011025	878,074476779046	-0,0184999007768386	0,188047458976586	0,941016361305398
AAEL021629	46,2248630552482	-0,052023454741257	0,234268094356266	0,891670535462018
AAEL024423	229,826821078937	0,137068075853722	0,17682853583354	0,932810569514428
AAEL024731	28,0922564287533	0,0648596676179667	0,239584737300204	0,879712416072371
AAEL011521	14,615128975258	-0,011269429291248	0,262871586890683	0,866476788380533
AAEL021346	22,9967902897087	0,0702155579584182	0,250547677768485	0,860878841985981
AAEL011751	389,529027689471	-0,0367312925978566	0,227002601646061	0,905551161091469
AAEL025082	454,274966088547	0,00597061912973064	0,215976244793386	0,923713890030297
AAEL024358	436,477511358737	0,338234845769332	0,237455058155599	0,725617275422118
AAEL011754	77,3368932660808	0,185449633845622	0,268097499017085	0,769141959928277
AAEL022346	88,1415783381255	-0,0414978047615163	0,202788637877368	0,928119347066813
AAEL019493	115,028667767399	0,271577511371764	0,244305455317219	0,760853826780969
AAEL011756	475,635866148229	0,767758763105452	0,389066468257525	0,260256756246411
AAEL012339	170,189864603752	-0,0415123443613825	0,253049769530595	0,869208264970636
AAEL024512	40,0862742472965	-0,073236749289288	0,25285305054971	0,854630414608982
AAEL013135	99,3455313354172	-0,399786720081285	0,276377621319273	0,602637018889321
AAEL014054	406,357252081739	0,264961835614848	0,270641207578415	0,713097844314759
AAEL022665	18,0489206502023	-0,00894418025299766	0,24858625473112	0,886583710091828
AAEL015119	10,6525053146531	-0,0179376603449455	0,252737783020389	0,877976325592183
AAEL014936	21,5711321637781	-0,0580274697607659	0,252120048072508	0,863876744792333
AAEL018658	933,444903594129	0,346347674135502	0,311653222119574	0,585235588565391
AAEL018662	16314,4119950155	0,0704416081050897	0,235534929180143	0,883196972627617
AAEL018668	37,0339445879809	0,02485787891456	0,242248849321749	0,889733310625303
AAEL018669	12449,8135382407	0,0186329422889248	0,223768103288924	0,913843064884876
AAEL018678	750,398196480052	0,000512016412666648	0,226162412734893	0,915400858895286
AAEL018680	6086,69775571896	0,116638206349363	0,229590574376088	0,87431930655428
AAEL018681	38,8044538679647	0,102823832961361	0,249853396295397	0,843665650625575
AAEL018684	33,2168398032167	0,112925974284614	0,244817166898932	0,847262790899325
AAEL018685	30861,5754237237	0,0119882320065743	0,223422666838491	0,915537213216058
AAEL018687	587,554105318191	0,0586925202147713	0,214232975257625	0,914195739194145
AAEL018689	1532,48180615794	0,552182105778299	0,385953362610036	0,381721358490158
AAEL024104	48,6837324650205	-0,0192731113349671	0,233683891063942	0,902944924809238
AAEL020026	293,729896851418	0,11219106524048	0,234567888071422	0,868946703653367
AAEL023577	16,6448854716664	0,262676988302056	0,484074996998059	0,460672812206808
AAEL028771	45,6326005244588	-0,00644524309151322	0,254820964640349	0,879352499684207
AAEL028730	198,428833358607	-0,0180051838145906	0,262487494908315	0,86443987396964
AAEL020133	30,6362768479045	0,137735545680211	0,271898271418168	0,78752363568552
AAEL020135	35,8522934876841	0,179777070887207	0,348513419982525	0,64333900214334
AAEL026139	36,1366797667777	0,0216309196284851	0,258412917206195	0,869077614788589
AAEL020171	588,891340398644	-0,0242409293219894	0,267491410137746	0,851627681391343
AAEL020194	34,3185541605255	-0,0664332184252574	0,231681319442226	0,890172323524725
AAEL022058	56,4228719971568	-0,112328817922526	0,238842874403305	0,861503563858581
AAEL020239	32,5662471860487	0,00824583678336168	0,232084073191499	0,907173930220912
AAEL022363	426,418829693354	-0,0700086671395378	0,191204320379488	0,932464190456703
AAEL023483	40,2691887247151	0,137720778440031	0,245990805099179	0,832587404822965
AAEL020314	440,225603263359	0,425082198120887	0,446361123962014	0,407181934700755
AAEL027806	18,5626921145279	0,158136990841512	0,326663329458734	0,686966422326867
AAEL025224	99,7397740959032	0,211233240994114	0,242059738546652	0,801494793972857
AAEL027508	10,6856883455463	-0,0191757158003663	0,264499250049763	0,860471600665076
AAEL020316	76,0757491636969	-0,104233784574166	0,211120582901016	0,905483024135452
AAEL023255	191,900483563676	-0,0589826004415977	0,233092269778117	0,890744676484166
AAEL020358	21,3278037798473	-0,010305334604184	0,247332014164483	0,887532834307141
AAEL027351	14,5937933967075	0,20900544905748	0,362343038504231	0,605835711726162
AAEL025146	338,207203888308	0,0793256627390305	0,230740772076745	0,886853028575505
AAEL021335	12,7832866098351	0,0878261105357333	0,263908944897591	0,826266841849657
AAEL020429	30,4198302522244	-0,324609824601578	0,416081565418333	0,486834575557009
AAEL025170	714,554835728572	0,0758225906970793	0,233602790931708	0,883998321114494
AAEL020462	339,013354199245	0,000752394935935197	0,266314484993375	0,865586751929014
AAEL020494	29,8792780868922	-0,152059315594874	0,306384881020303	0,722734995752378
AAEL020524	1969,06790495089	0,0748291428909507	0,239268427919019	0,875955028099372
AAEL024300	65,765089337963	-0,0375845413444727	0,237619389837218	0,892138706901035
AAEL020590	13,3017753844721	-0,102887511356113	0,284497742254041	0,785090374208947
AAEL020591	64,9820133538993	-0,165285724229643	0,247847668014577	0,81493115336035
AAEL025189	45,9001805894247	-0,240685191634628	0,326263645990222	0,637039937860219
AAEL025287	20,0586248432047	0,097898042241155	0,267156105394223	0,816548456222368
AAEL025330	196,327107875336	-0,0511032421403963	0,245514886701652	0,875749211648973
AAEL020853	87,1210122717845	0,0771124151777686	0,264317648333339	0,830750878626913
AAEL020913	64,3764734774023	0,0142765037281792	0,220823577394722	0,917595877373673
AAEL024119	49,6051258957841	-0,529063057215845	0,475924592700039	0,348358837868374
AAEL020986	175,634193227221	-0,00435863757457565	0,199956673521564	0,935458738506649
AAEL020987	452,255515138921	-0,0667174286351454	0,184953406062967	0,937304311184079
AAEL023842	80,8003341238479	-0,161530895454864	0,261136373426004	0,794585262801999
AAEL021515	242,312445350116	-0,269370770273234	0,227328724517626	0,795305671096156
AAEL020994	28,3924735143451	-0,153576570414838	0,283980545240661	0,760636341235102
AAEL021010	44,3407648621103	0,462771202240133	0,44289476467598	0,390978303672869
AAEL021023	17,5398664924495	0,0392367144894191	0,244935505877102	0,881453475798973
AAEL021091	49,8830141598175	0,00246481641974857	0,255863178490933	0,879296936813696
AAEL021134	315,443715243466	-0,00604162075187237	0,197917634236532	0,936728984687392
AAEL021185	23,831382841537	-0,113796469863633	0,259224793552085	0,82232505659865
AAEL022167	36,8717115658758	0,0294588171543705	0,238611411992543	0,893410985783528
AAEL021447	161,043964120592	-0,102829835248583	0,208835925354062	0,908646445086317
AAEL026175	806,995782854199	0,237040762181196	0,346680891191888	0,608985233556906
AAEL025324	26,0485567909067	0,0792481253795862	0,266041884531382	0,826783097714466
AAEL026215	849,262293150767	-0,120878759135315	0,220051835522602	0,887072431304689
AAEL021190	7,63511952402283	0,0282382878582332	0,264490190069222	0,855829496645329
AAEL025481	10,980739659331	-0,143281889759828	0,318690183731426	0,707543325496907
AAEL025213	67,4098072632548	0,397252157965796	0,431126164984694	0,432720410345191
AAEL025874	35,1587516169065	-0,021054060059781	0,246639127355713	0,885117033120194
AAEL021382	15,8362356495327	-0,0602131404387407	0,262222679295387	0,842822263679119
AAEL021422	286,390106442385	-0,181954056469701	0,288416260794633	0,734322757749758
AAEL021453	310,969907887689	0,0944654911094611	0,229771918223275	0,882674075220515
AAEL021584	165,687805629169	-0,169419669876398	0,230348215055885	0,845416793065752
AAEL022067	529,818823785237	-0,15040017188252	0,155898526620843	0,944904775660207
AAEL021624	9,16075027958128	-0,00917165147611034	0,255204620089051	0,877462878316863
AAEL022327	50,0604219522096	0,017686180046053	0,2143977777972	0,92263264761491
AAEL021694	99,2817149915584	0,130029873039796	0,289887264657256	0,763963857045074
AAEL024747	760,196424472851	-0,0947714449745383	0,181018918519125	0,936072889376697
AAEL021742	44,2539448639186	-0,0464714812469111	0,227168072664949	0,902980859475555
AAEL025856	638,98660506504	-0,0677848281206936	0,272226916199159	0,823222954262062
AAEL021755	241,28654469434	-0,151415860357709	0,260342077445861	0,801794485863351
AAEL021758	16,224698938632	0,0628101271398871	0,269124948199831	0,829817454344073
AAEL022632	764,849360124123	-0,0039277178503702	0,190371925733711	0,941287322163057
AAEL024321	573,715216183652	-0,141089947867999	0,16152760966579	0,942831042343204
AAEL021767	142,803917951289	-0,253210942226084	0,312660705603128	0,650804857131073
AAEL027301	31,4818019728867	-0,17558219347597	0,29212469546462	0,731755450033482
AAEL021847	279,103298762261	0,152793537328171	0,262575302572868	0,797358869814745
AAEL021891	19,2306079312106	-0,309462259209492	0,471059367876304	0,447774927303749
AAEL025939	76,5472917721971	-0,102036705822677	0,236020546349053	0,87104211724191
AAEL021894	2541,66871660201	0,0605306195580807	0,225411099889846	0,900870466502245
AAEL025383	15,684876816174	-0,0215096279444607	0,242588244400207	0,890424895545566
AAEL021915	136,628852366449	-0,135683494798231	0,233381014392516	0,859762543140655
AAEL021923	209,394323879889	0,137591053169518	0,269504496755398	0,792884483145729
AAEL021993	19,0450194806364	-0,0266536493607104	0,268639748656601	0,847173764170793
AAEL022169	146,873641378299	-0,0105702278689708	0,186274659502127	0,942737333069849
AAEL027987	19,6005240609775	-0,0133188918207035	0,260419473817011	0,869338654949615
AAEL022013	127,114521963546	-0,156975228012616	0,235348928508496	0,842491819564445
AAEL025680	1746,03497104363	-0,118447212374074	0,159369358998572	0,945972710328185
AAEL022056	71,1128368897016	-0,0676922193666231	0,240777359731022	0,87648115471277
AAEL024516	281,864925704859	-0,0642022213906785	0,218163034074919	0,90808565476819
AAEL022318	31,1481616752564	0,046919585333093	0,237720297666083	0,888228366074082
AAEL022078	188,196202916185	0,235502230179782	0,297364639878968	0,686225588058303
AAEL027948	51,623266694937	0,176408963565079	0,270293533181228	0,770251067940288
AAEL022155	67,3895708702562	4,09314828402146	0,552438632056167	5,37575749201972e-10
AAEL022278	15,8033087538387	0,119684960524049	0,283310578859062	0,778478091040076
AAEL022406	392,550721172798	0,194881198481491	0,216605263111748	0,861613227572672
AAEL022410	3,23432258823355	0,0892283799206646	0,286168223864345	0,79015442120736
AAEL022415	85,8649059367442	0,0182875106536469	0,211139886592259	0,925535085285549
AAEL027130	17,4052640968092	-0,14266270545566	0,29021375287963	0,755409778344258
AAEL022508	40,7591950228746	-0,144076556531546	0,269057982859756	0,789397370483881
AAEL027028	114,647729886773	1,91598386492883	0,36372665283302	0,00096541007796947
AAEL026022	14,0604663733977	-0,0305307957629255	0,256468763620707	0,868552397200491
AAEL023712	403,329161775623	-0,0818939990932677	0,182178825843733	0,937161462672691
AAEL022623	2,07973177354541	0,0373447866802039	0,266589704612381	0,845871129396608
AAEL022651	29,1499152431415	0,164245894564197	0,284438061071322	0,752652616224693
AAEL023762	151,57485617397	0,0667055478846681	0,195284677910838	0,929747938128395
AAEL022749	28,6227176841037	-0,110503905889031	0,27498472648601	0,798215224481952
AAEL027643	32,5702664391551	-0,0137928285030523	0,228441697016472	0,910057545798589
AAEL022827	195,019382404047	0,145532103717888	0,185372875568776	0,924023583187979
AAEL022893	189,427419080645	0,0331084641037234	0,219735000463515	0,914573399210242
AAEL022923	115,741981349563	0,0751131285519214	0,20634053382362	0,91821320389929
AAEL022981	41,8377217623241	0,291668907504072	0,34746751388032	0,573817725053759
AAEL022991	33,5066234364152	-0,0596043573920937	0,236134326972275	0,886214385869188
AAEL023074	32,0933563114367	0,016209747530993	0,238205035515036	0,898075028845013
AAEL023099	37,7084334240771	-0,106420066017063	0,248764703336828	0,843805337465472
AAEL025187	1756,99217448429	-0,0209792994935579	0,220422106700211	0,916426245819987
AAEL023176	32,6652268900203	0,0568587815793341	0,240472727067068	0,881399830402875
AAEL027984	25,6886687052611	-0,10048880855579	0,253216154746402	0,838116188217184
AAEL023294	5922,68271225872	-0,0064419653968448	0,174297185622027	0,9476983046336
AAEL023412	57,4180191236316	0,252006518717579	0,307756679550259	0,660367908173606
AAEL023468	69,0629429341171	0,218574044664365	0,316136066638384	0,670456723724119
AAEL023558	92,0284385739993	0,0577177113605597	0,238749981595778	0,883222995229548
AAEL023576	192,810860257257	0,23847006943368	0,240706219674943	0,786660927092085
AAEL023604	146,27955998985	0,138256887918676	0,229186447233787	0,866374693034449
AAEL023795	17,7942275476119	0,161686656717101	0,310332609787424	0,710901213579658
AAEL023647	453,494408133349	0,0210989697201592	0,184077490292904	0,942837278724263
AAEL023702	150,705360248609	0,00110515498130636	0,24230323092987	0,897617066435895
AAEL023741	40,8967076526498	-0,0181086925039103	0,240241446336428	0,894970283279584
AAEL023742	7,92320595834971	0,0215958797317625	0,255740061024403	0,872856145912475
AAEL027720	16,9903765353137	0,208010061257943	0,352785046344004	0,619506970673246
AAEL023749	223,361148996152	-0,149598964062253	0,247374695349413	0,824464911582465
AAEL023941	161,342557086294	0,456399578663269	0,435563021415643	0,397058549252186
AAEL024051	46,965103320126	0,262078501251928	0,308120448420381	0,65284976703777
AAEL025205	13,185323977478	1,69154217052931	1,11853382066199	0,0616074537127691
AAEL024089	56,554442849089	-0,286642885046478	0,367710882332367	0,551378802065044
AAEL024101	182,697390175521	-0,0919215618569808	0,196964348376543	0,924078621151465
AAEL024180	24,5705395903387	0,0507378827767534	0,253366926436489	0,864928807415116
AAEL024254	29,5414906602039	-0,0187135632460991	0,231244111698082	0,905585192743857
AAEL024286	9,91242177029153	-0,0270205081157581	0,26349679479115	0,858399124449205
AAEL024298	94,0479579749013	0,139131157899252	0,21609998053549	0,886288442932867
AAEL027600	41,0796179559581	0,0644790954824293	0,232093035958158	0,890287273079667
AAEL024387	3310,64982482384	0,103017982566158	0,232015753907085	0,875837502241041
AAEL024393	12,269576077546	2,02700821708728	1,18607537085009	0,039630239946767
AAEL024451	114,737568103609	0,092129477714108	0,211786161496147	0,907907981887042
AAEL024494	61,4136043762723	-0,363953884221876	0,358681648840889	0,520605911517609
AAEL024696	38,4331195534544	-0,0161851413486359	0,239565991899269	0,896382306482661
AAEL024722	48,1210653012556	-0,0783289735343627	0,248719070274967	0,860136626701742
AAEL024761	39,4426684516225	-0,0132628864168484	0,235719430537029	0,902348137556534
AAEL024775	112,321405008605	-0,946590502385086	0,517461300112638	0,150721470165784
AAEL026967	1598,04784119516	-0,136331731251812	0,190064777863382	0,920940145681084
AAEL024815	40,4656206435822	0,0165609393310683	0,231231384954467	0,906176802628235
AAEL024871	258,545080038012	-0,123169465924833	0,186838379383175	0,927129768244379
AAEL025133	343,957619074608	-0,0552187377900533	0,243420847812619	0,877319486484632
AAEL025151	72,724388463029	-0,0265765602687366	0,225315988753904	0,910257777007074
AAEL026623	31,1662090401223	-0,0732180459001362	0,245746393246683	0,867623064632919
AAEL025314	26,172295819146	-0,200291456134318	0,314701011922226	0,682089751565803
AAEL025336	34,878206383778	0,0342358750343753	0,233808749540388	0,89813446130418
AAEL026650	216,358438620695	0,0431062487020067	0,217939858870668	0,914026816500299
AAEL025379	316,896974969241	0,294217603313784	0,217574286162122	0,799830249642921
AAEL025421	148,185475026945	-0,123374113696604	0,215806144489098	0,893063018704682
AAEL025466	61,8606923835151	-0,0778792441083111	0,251297683711779	0,854871822737739
AAEL025684	23,7509126463635	-0,0477679985413417	0,241495212211251	0,882857620748027
AAEL026536	128,753706656592	0,0719076195844782	0,21045831134536	0,91501671450225
AAEL025779	93,3807217365745	-0,0804539229902446	0,202885299699937	0,920460139500808
AAEL026904	1113,40234582871	-0,0810194403169697	0,21391555443838	0,908614584304569
AAEL025999	1287,63494260042	-0,000334623113893499	0,260245241258495	0,873896037252528
AAEL026150	43,6125188635984	0,288483424587394	0,362653602316474	0,555030848009535
AAEL026159	159,445805531558	0,224611549984093	0,26971614806731	0,741233500049818
AAEL026177	26,9897535738119	-0,0387590757926014	0,253274009401104	0,869986727188928
AAEL026380	172,041887946888	0,0315521251002558	0,178345854756092	0,944543266267934
AAEL026634	1602,15711868525	-0,0619143990822502	0,195688197283021	0,930308527686864
AAEL026895	177,612895215331	0,0347865316159713	0,208014992233783	0,925194924998995
AAEL027396	492,639585869008	-0,0998199002810046	0,189484676977132	0,9288995867205
AAEL027008	139,647285588653	0,0682420603134379	0,230287363953125	0,891580898833877
AAEL027046	133,560203850538	-0,0507936033131357	0,207111161190262	0,922735314307342
AAEL027184	163,438479741676	0,0127787018689694	0,194558915599883	0,938074853590205
AAEL027335	394,553636028052	-0,0593119720729973	0,242250930912358	0,87763450674877
AAEL027715	18,5867906118163	-0,166900234566907	0,30317564144393	0,719495177321615
AAEL027973	151,819053965303	-0,00257558895343827	0,189553418412429	0,941879918293094
AAEL028215	151,449555313213	0,0815841899685073	0,207153072097023	0,916118563459038
AAEL028022	70,4520761439174	0,0304096139360798	0,220770567850498	0,914097281702704
AAEL028862	176,876125171503	1,36770084786065	0,433031666968619	0,0406074415015757
AAEL028739	112,5005734945	0,0685644406818822	0,2599532889604	0,842633608377353
