	baseMean	log2FoldChange	lfcSE	svalue
AAEL005567	1959,85274455192	1,01853172657764	0,16886257527146	0,128052802370589
AAEL023046	52,9652217533244	-0,282548153801266	0,469857222614501	0,558905595714862
AAEL001114	421,516994057077	0,0723609127670784	0,176442628746012	0,861996922562756
AAEL001141	1679,14789930696	-0,181852565349771	0,272167120349934	0,790990896479744
AAEL001119	403,953938898323	-0,469682121888966	0,217759196752728	0,735472293408549
AAEL001142	965,651102940863	0,0396666039928503	0,260612267619273	0,828455937628113
AAEL001127	60,1929264934989	-0,110601003159034	0,340393569437894	0,755156831478234
AAEL001105	319,131112236796	0,354884868912952	0,253107865922149	0,748375771761725
AAEL018173	279,230291510088	-0,279175400617521	0,199501255883023	0,825452283165761
AAEL001143	87,3349688059356	-0,00219880072520927	0,388039501950706	0,750897714686306
AAEL001144	477,979462081748	0,502567693348088	0,174269732886409	0,778829920693724
AAEL001134	11580,4224889313	-0,516881379648974	0,310078639653365	0,565161368440237
AAEL001109	589,434370394334	0,180875678097527	0,251217263818476	0,807919264412418
AAEL001129	1206,55490085894	-0,238746583378838	0,220510360063609	0,818110430604029
AAEL001128	955,792050978884	0,975156759724507	0,367356652198597	0,162074552083238
AAEL020525	3499,75385095102	0,0777562552623199	0,193270770708414	0,856464369237621
AAEL001126	2446,97832897822	-0,322920487304548	0,144285971981965	0,855429911705188
AAEL001132	873,307899326011	0,496428538132861	0,226529569088928	0,70611778188778
AAEL006317	817,349941424711	0,0246310395563415	0,2475267491252	0,837998032711931
AAEL006323	33893,6912563769	5,32734110540972	0,651093023008048	1,37956690293061e-12
AAEL006321	919,83289998663	0,657081597730479	0,293947382042329	0,452593058911687
AAEL006315	2681,98210996028	0,366036295102494	0,186878955872525	0,81506004038452
AAEL006313	154,504928154061	-0,23182257116664	0,230864703604112	0,811689444394349
AAEL006309	568,165840586304	-0,140766653795481	0,249883563996977	0,817453839770276
AAEL006314	127,411775937546	0,247010687443435	0,361822841988019	0,683138181495427
AAEL006320	1142,84016988104	-0,418181807643253	0,340920813669487	0,599451396746433
AAEL011779	69,5417157477066	0,0602470404935295	0,377311938626963	0,741497498721174
AAEL021848	78,1726236304439	-0,449478826806223	0,306393857786938	0,62302100763818
AAEL011780	653,526013011751	-0,52127118060123	0,203488446470942	0,72436817782544
AAEL011784	49,1580101854769	-0,427954222763268	0,396453927561725	0,535128131654567
AAEL011776	1100,01945278109	0,210773471234073	0,264423743665366	0,789437339424167
AAEL011781	536,814582415665	0,171682771089842	0,171692070028333	0,857220110322913
AAEL011777	25,1224582974781	1,89058419398389	0,943553161854816	0,0318505505079608
AAEL011782	209,566068440916	-0,233415167874928	0,239027498035705	0,804414752213994
AAEL011778	2009,81387263949	0,0543589818686164	0,223501901426434	0,846085012826584
AAEL018221	10,7081049398172	-0,105433723189347	0,441264993764932	0,673048767477203
AAEL006845	194,644895061947	0,281457046143911	0,238170811954347	0,79190641698151
AAEL006847	1356,51375621	-0,380034466183881	0,22752058148179	0,766950339019159
AAEL006838	278,981237130274	-0,0584721659774127	0,25211986311094	0,830382232713341
AAEL027698	60,447096618029	0,0994298583215135	0,347243486704776	0,753208434427773
AAEL006843	806,636067561432	-0,182123462585558	0,248017156035456	0,809810469054101
AAEL006848	166,759883370242	0,210456004682315	0,232997768463075	0,814849959623831
AAEL006834	13066,3169480074	0,624684431023913	0,165306077242974	0,713062999030308
AAEL006844	7,25084213163672	-0,0234889555915129	0,499944367938504	0,659621848106581
AAEL006836	4479,04850029459	0,067822938172212	0,234776449132298	0,839066042885185
AAEL006833	6926,97116722948	0,326859172707654	0,184157408305436	0,827181345377802
AAEL006835	482,943509576891	0,215707565930304	0,236383502138744	0,811034777171356
AAEL018125	29,8352811101767	-0,706627664935926	0,60380008715984	0,261405597514899
AAEL008256	406,982618327881	-0,315170433882847	0,177754958799825	0,834651434722593
AAEL006839	419,42731654315	-0,162128301648051	0,18330413770082	0,853433072939024
AAEL008258	294,214616008622	-0,103127301940587	0,187126179381762	0,85680123940759
AAEL008243	287,880448790247	0,371536944897214	0,214028578078781	0,785608978540375
AAEL027150	113,299869470111	0,0261233119253134	0,311436815770582	0,799723686800653
AAEL008255	155,256247871291	0,154505028534742	0,292121330354168	0,782029631665026
AAEL008242	657,800372463662	-0,206181831266906	0,348358416151772	0,714307810571876
AAEL008248	2427,70217439321	0,0118172566584823	0,239697116237704	0,843385591979219
AAEL008249	255,025305434422	0,170523501352812	0,315386095415461	0,757432494323609
AAEL008250	121,928424428565	-0,163468032674444	0,283942018456145	0,786292598619797
AAEL008244	1281,322422399	-0,380527290196176	0,286184175863814	0,696511412287523
AAEL008253	128,622922369177	0,203734802179816	0,226344300478732	0,820953475874011
AAEL008247	1135,19097274771	-0,387696639918562	0,263082105485888	0,721364193586655
AAEL008257	2774,21961019535	-0,623573335025771	0,427874593362462	0,37479814403385
AAEL022337	100,770356582921	-0,064497795641037	0,339669093033192	0,769416499192504
AAEL008252	29,0395555785061	-0,119371074020784	0,368280067775862	0,729906649045757
AAEL009375	716,459750405838	-0,208060789136013	0,17199171083326	0,853930150217865
AAEL009374	194,01781943471	-0,240203352399993	0,27387028337083	0,771268831636147
AAEL009380	518,274682944774	-0,593502225319754	0,382593498833586	0,423961334740404
AAEL009384	27,2316032792544	3,14278216713652	0,742568536910941	0,000187150159276348
AAEL009379	223,701585204026	0,290503588666418	0,275732938918856	0,751188792118568
AAEL009382	899,740739605102	0,0195439484011731	0,18074524723761	0,863259813303821
AAEL009372	1915,15404251751	-0,141723288091586	0,22264137464058	0,83468875481418
AAEL009377	1376,72031104837	-0,166658312973739	0,360094258419729	0,719031201205354
AAEL009381	3333,56929571946	-0,60062986574756	0,352749040810919	0,44390919258196
AAEL009373	343,981142466144	0,0919568011988148	0,255782400755608	0,822471298953575
AAEL009383	270,830222824937	0,0843204114283484	0,17684108861958	0,861146344715158
AAEL008163	357,047336920617	-0,413704194332344	0,254953011082696	0,717032360268912
AAEL008169	196,623485509105	0,446831326064168	0,30020664916392	0,635252425038699
AAEL019828	1952,24385245515	0,40904529658708	0,265490823519754	0,70685456809028
AAEL008184	485,755305092135	0,0981209257760045	0,172837384117403	0,86165794496205
AAEL008164	333,658163650239	-0,507655007823936	0,487664684033467	0,407428330261516
AAEL027968	1376,33072096955	1,91523457898355	0,330950990676625	0,000264062580605616
AAEL008167	3890,97678241407	0,0376767741279396	0,215112491585596	0,851546047527556
AAEL008174	164,342547152142	-0,0085636691692042	0,211200172965515	0,855444183052737
AAEL008154	1061,56893011104	-0,0516109265775319	0,227019593801974	0,844812828436267
AAEL025367	759,026911779918	0,476823765225031	0,400284981350277	0,495911154761841
AAEL008170	140,655882557449	0,122082548472153	0,316077631308375	0,771656993187972
AAEL008181	627,789116880057	0,232297617114758	0,191093416243204	0,840451010018121
AAEL024456	1423,408125854	0,0558759025106215	0,311406393172091	0,793250542941174
AAEL008156	48,8405700183004	0,664534108109969	0,455441991216533	0,330021919215425
AAEL008153	580,640413479111	1,03351811009667	0,270452339327985	0,124180920929275
AAEL008151	64,9618572952498	0,0964818293104226	0,287550898703516	0,800484720705738
AAEL008165	61,2567422813703	0,499664541527762	0,384492568078283	0,494544842044352
AAEL008186	99,4018450978036	1,56107045877588	0,455818165822737	0,0183205061301316
AAEL008157	210,624573726048	2,59642215291881	0,396408113794011	2,17265159775501e-06
AAEL008175	102,459773439267	0,303685372458612	0,356417921350582	0,65977078320549
AAEL008183	176,558719440909	-0,298004783738416	0,247721291190486	0,776758050502892
AAEL024090	146,989063646647	-0,203390365562525	0,24465646575129	0,807516377835648
AAEL008177	364,494758069407	-0,194631530344555	0,240518734505808	0,812627210283999
AAEL008185	703,695433468715	0,430941119117801	0,265694794559388	0,692726977376849
AAEL008160	2275,70168490268	0,365243566331709	0,214184061387436	0,787738905835965
AAEL008152	818,749552670729	-0,313159281595472	0,1918132274768	0,823963768257022
AAEL008182	654,778732788873	-0,680112500027337	0,228727889745236	0,521929761380958
AAEL027985	196,456361469389	-0,602753887224711	0,305412387859742	0,494088035690482
AAEL008166	7755,98546278308	-0,0173613295119874	0,181341843862682	0,863132006819915
AAEL008179	862,508459606399	-0,3086975977614	0,192590268801819	0,824322466926928
AAEL008178	266,610620956726	-0,0843345452532298	0,270351526317758	0,814779827418368
AAEL008161	193,260267537028	-0,25452818287272	0,242247383578893	0,796509357623473
AAEL027438	633,890725644308	-0,550726297977476	0,233581849153728	0,654257814582198
AAEL008171	3013,708994531	-0,271141984571926	0,245642014234479	0,788105107455043
AAEL013963	645,464632734015	0,23592178872384	0,236863608606534	0,805631157216999
AAEL013966	3440,0231807329	-0,0713195147907648	0,153828504455211	0,865938784096458
AAEL013965	563,51277919734	-0,267604998080469	0,159396416153086	0,853769700329361
AAEL013967	2503,77879756202	-0,319863437138985	0,183891258526282	0,829036388953583
AAEL013964	431,906859286041	0,156336924900704	0,233725817693301	0,825264984823464
AAEL013968	1569,67594166214	0,264592654182306	0,205311223748323	0,824006043605546
AAEL013962	619,331360846171	-0,194433174339424	0,181934657966303	0,850637543191985
AAEL010063	4380,28188397861	0,470356059222808	0,143168519422089	0,829096212261867
AAEL010065	5505,58910864932	0,184918043830572	0,20235827500123	0,840693969495066
AAEL010066	366,007924651559	0,0937178437594218	0,179590431490999	0,859964556374603
AAEL010054	251,739949097079	-0,00481569462230229	0,202767542705234	0,858366322188345
AAEL021632	22,7904185016705	-0,344007573319138	0,578452359489369	0,444804832564446
AAEL010061	367,564106407248	-0,364842170575461	0,355279284453153	0,620663922024727
AAEL010057	638,62095972735	0,154648390732	0,216992130864087	0,836186225646543
AAEL010060	1104,86619360186	-0,147018250058614	0,16732654543604	0,860458296050111
AAEL010059	5182,81671948828	0,104413253991178	0,158286339980086	0,864512337072177
AAEL010062	140,328862880225	-0,707443955611683	0,304960143040683	0,396128604299491
AAEL010064	30,5915913101657	-0,182601169398165	0,443203117100113	0,635928652779874
AAEL000575	1701,44653645271	-0,00536098291353507	0,302671214079739	0,809390635163761
AAEL000593	328,31680446796	0,18060919662002	0,299965558087001	0,767608043893361
AAEL000564	1963,90495469665	-0,189749657508956	0,223785384681371	0,825659925059464
AAEL000581	630,955743982858	-0,419945340397477	0,264691676743194	0,699915528316499
AAEL019671	1932,53884538306	-0,526027902337859	0,232435577332643	0,674976845897808
AAEL000590	771,22064770121	-0,309582714913481	0,240357693554774	0,780343116547531
AAEL000566	310,589090775622	2,85007954526777	0,561758629803834	3,69096230198339e-05
AAEL000583	353,7544642921	0,0546476495264061	0,246736605549221	0,833939152069912
AAEL000574	1297,78939273856	-0,0715977530736154	0,218920513313531	0,846472272878954
AAEL000572	1339,17205610485	-0,44814902473318	0,183251822544027	0,791582452246885
AAEL000569	252,189757439621	-0,214036874686363	0,315920287571381	0,741184430833686
AAEL000585	40,9065093877345	0,0325200704826711	0,423560445876672	0,71516779786998
AAEL000595	53,4590725802538	0,876828158953104	0,398573371957922	0,218796442485113
AAEL010396	680,34474324265	4,97673703642808	1,16400126972454	2,35123002657295e-05
AAEL010393	532,549035584352	5,74643365246164	0,565550535184484	1,74001791058043e-18
AAEL010397	17,3160643499731	0,215615008733613	0,429076704734093	0,631663096814582
AAEL010395	58,6192534032228	0,546793304363307	0,355940080243225	0,485103119919348
AAEL010398	108,760976500575	0,302860263829196	0,353913013387622	0,663089974102274
AAEL008117	129,033289184379	1,60154501993335	0,465211463883664	0,0145199663297325
AAEL019814	1184,78733106011	0,121157757903915	0,186404070286781	0,855714804447065
AAEL008115	68,9608615293401	-0,0708058774445952	0,325972539787455	0,778365367592423
AAEL008103	58571,4773430003	0,413401081116529	0,23086124578514	0,747609690053515
AAEL008100	1186,71203581372	0,116457372014362	0,170087991704561	0,861422291012771
AAEL008102	581,547499242222	-0,485549933643288	0,227123361355248	0,712409590893182
AAEL008105	2461,56889837578	-0,0532489225752312	0,252075230024003	0,83110570829944
AAEL023164	32,7499221369088	-0,125490497935127	0,447969290623225	0,659323592320728
AAEL017345	19940,4797738924	4,59153193041981	0,377134801914089	6,05088823691404e-23
AAEL008106	20594,1984348974	5,17365104328165	0,4274829518054	3,96512196750617e-24
AAEL017145	7,95508078386305	0,30721400905273	0,594038070502653	0,452067084266084
AAEL017381	32,5489307014177	-0,357003339380796	0,391955806659166	0,584755227868498
AAEL017144	46079,6787923124	4,05945826483325	0,437507987107273	8,83813519442724e-14
AAEL025531	811,500239032291	7,62270533865013	0,667459483499226	8,88174752240582e-25
AAEL021929	5188,20213161344	6,13098913188536	0,551776115833554	4,16975979534699e-22
AAEL025126	5558,17466922113	6,79679106429979	0,692605685094327	2,2729933963704e-18
AAEL017380	6521,94013241626	8,93463116449733	0,57529092617396	1,1871085127417e-44
AAEL026300	672,567198289817	7,58695236301786	0,747781644633131	5,50269281864273e-20
AAEL008099	1855,54403750545	0,686529918565967	0,166370801162751	0,645717272754958
AAEL008108	439,690651274731	0,391560341251018	0,336100796485068	0,626240306633777
AAEL008111	94,0316010312097	-0,0868019241091626	0,342408063075154	0,761174883863274
AAEL008116	344,89038185652	-0,360933845471098	0,302388507683377	0,688728704824335
AAEL008112	289,523405274348	-0,193735341611927	0,202827642942259	0,83917207158696
AAEL008107	4582,61513111711	-0,317961834017717	0,18358818606786	0,829593125198076
AAEL019807	224,987718240817	-0,0768484027504883	0,260723013880778	0,821910530476767
AAEL006491	153,051207084612	-0,0994928317101031	0,224378946917713	0,840346658048036
AAEL006482	63,3445563452122	0,110084692495906	0,355803098489512	0,743360555076323
AAEL006501	142,964469998994	0,112742697841028	0,264468443921627	0,812890045565179
AAEL018048	78,4046131581076	-0,355563917592294	0,278247792030093	0,719344414572583
AAEL006502	384,880028260104	0,183527287465024	0,197327188869287	0,843836493444262
AAEL018051	1045,29514159717	-0,407587687057372	0,180732372107037	0,808794808407771
AAEL006480	3019,27899084294	0,850003761795746	0,226380943323665	0,306918895044081
AAEL006490	30,7774180746486	0,423082379037374	0,472096613308244	0,469938523025755
AAEL006492	77,31528278241	-0,0380422942584748	0,277662384202818	0,81867272268716
AAEL006496	79,8535791482151	0,493303224490969	0,550588063894615	0,386859375562734
AAEL006488	535,088629516054	-0,0323224375628905	0,235138018257588	0,843184355628184
AAEL006479	323,415377157205	1,91182413795797	0,461251608796948	0,00286887873716335
AAEL006486	339,641292649316	0,0936834421976905	0,293684472271723	0,79721060863986
AAEL006483	1692,20766970223	0,137426135770276	0,337045744850505	0,749474493797944
AAEL026555	481,697951104912	2,87661537728217	1,71049384885752	0,0238019612757472
AAEL006485	1396,56784548195	0,0961055096304189	0,231884182516249	0,836369223843976
AAEL006481	45,2624910073565	0,303513949955044	0,403275021632401	0,60434144013572
AAEL006487	159,263284882989	-0,483532302414967	0,266374313944056	0,657373915909443
AAEL019970	195,035580210123	-0,729230111850146	0,511641158501654	0,275088518090393
AAEL007603	248,696005471874	0,430662274489334	0,279280205701998	0,674771243859514
AAEL007601	290,274346641204	0,0393334566302332	0,490366733314575	0,660957691435745
AAEL009847	157,958862103622	-0,763218582382916	0,896905842753279	0,20935903145817
AAEL009848	14,474788493176	-0,326666806491067	0,50030932311518	0,507338732662081
AAEL023271	58,8354500390562	0,103930825521067	0,464156839286077	0,655632396834602
AAEL017022	10018,2152286419	0,987916851762579	0,369695644765684	0,156118096737598
AAEL009844	685,936622113349	-0,0196560653725012	0,376979247589418	0,754064451802614
AAEL009852	1004,47167965545	1,29419486565135	0,410910585178784	0,0487255532827847
AAEL009837	312,08967841196	1,67932612454252	0,386024604312248	0,00485026614035852
AAEL009836	79,3138836954924	1,21530431973083	0,373130846474832	0,0651077700006433
AAEL009839	967,206041777327	-0,281972159816582	0,157526759317419	0,852976898519177
AAEL009849	2,32414100579761	-0,0476642882912797	0,521772515406592	0,630971852115366
AAEL009846	203,423207373529	-0,102690138125883	0,351841607887262	0,748587783336118
AAEL009835	17,1823691730793	0,298857354136482	0,474908174945435	0,54478286718506
AAEL009842	680,857248058605	0,320122749587987	0,222918442887584	0,794549061064367
AAEL009850	239,388399308674	3,14865124500565	0,489652560693405	3,47790390963983e-07
AAEL009853	81,101791985291	1,52929425286422	0,548746553888992	0,0310893722364275
AAEL009851	726,262601993082	-0,469646100305273	0,212039396170003	0,743404594264176
AAEL009843	1763,93827457089	1,60986142776478	0,339563670978023	0,00459145895744427
AAEL009838	2110,52643845147	-1,10039048391302	0,167163904766994	0,0619243565148767
AAEL005625	73,6205895281099	3,71725409809674	1,26988732632226	0,00188793251521284
AAEL005621	66,2059356446916	2,82666151972733	1,19919103697754	0,00875990467957882
AAEL024390	2,80914845908721	-0,144987499876896	0,551978573951911	0,562700792074194
AAEL005619	124,538552280427	0,356525157084883	0,316732755712204	0,673739730578805
AAEL005618	1878,19544345159	1,65135902644682	0,189537724638886	2,15494239106497e-05
AAEL011653	669,727317681665	-0,368059865547235	0,237870455877756	0,760133567290615
AAEL011651	365,714407939044	0,236749654254092	0,222248017381356	0,817271883784594
AAEL011662	215,205500004448	-0,203385199559816	0,43708300713799	0,630365032033493
AAEL011658	1499,27532180969	0,460414240382955	0,289252731852856	0,640679391895148
AAEL011654	49,5169726164093	-0,894466345244623	0,52387540026283	0,194596747924697
AAEL011650	2328,44336765782	0,167646662240266	0,177140655102593	0,855486980199876
AAEL011665	894,392282579745	0,425217697711479	0,223929283441983	0,75022989589456
AAEL011664	548,925566648185	-0,411237804121298	0,245218841890717	0,731258445336057
AAEL011656	49230,6354751028	0,295595018667049	0,271339591779252	0,753575989911012
AAEL011657	3036,30846515943	-0,285090385956743	0,340089601484136	0,686629767924238
AAEL011655	253,767340163406	-0,166960669184132	0,231110018930692	0,825077286326676
AAEL011666	416,303758670526	0,107053374742014	0,238466386714854	0,830695843119428
AAEL017332	268,816367818186	0,217998864171363	0,214504851446508	0,826875087835648
AAEL011663	1252,24266532751	0,0835742187541862	0,16185217178875	0,864549934238603
AAEL011652	843,385847781786	-0,00366292767098429	0,221994563164533	0,851831442173702
AAEL011659	178,437914926153	-0,0551061075232169	0,210670224768401	0,851726424486036
AAEL018182	1538,25870711948	-0,254362955548005	0,168625185202716	0,850546081072285
AAEL017113	1004,02378112334	0,190063215992323	0,160504853015705	0,859951163564877
AAEL009671	361,184312629147	0,17630209135507	0,249185376840702	0,810351087812672
AAEL009676	567,129424609868	0,145485582014359	0,255338189763954	0,812603280105268
AAEL009675	53,9187249295256	0,331416133679978	0,343671105858464	0,658500945958325
AAEL009678	1559,47425545214	-0,756050361327094	0,318973256922245	0,340192386723832
AAEL009667	679,551155197545	-0,0810798701913703	0,214439719134218	0,84770169175492
AAEL019491	96,228859384545	-0,394749568749468	0,425475192193688	0,528344860724644
AAEL009669	522,601792689876	0,451963669392871	0,423182976518718	0,492098921462729
AAEL009668	627,717822682511	-0,106978881827937	0,224254266186732	0,839383711455087
AAEL017226	1384,81164359619	1,01607278142194	0,27333009412417	0,13787907877171
AAEL009666	1888,88124050971	-0,552455553750652	0,304803968908251	0,542753384325408
AAEL009442	112,275732512397	-0,338633446006811	0,333647333768817	0,665486081047037
AAEL009438	158,13952074661	-0,656853410232135	0,307160732666372	0,439576116319393
AAEL009448	54,1010573262605	-0,313220721504857	0,39827869797825	0,603352195171244
AAEL014072	543,449679440571	0,0123184139441223	0,206401753968719	0,856689125161585
AAEL013795	780,679946485466	0,0296911086757775	0,172414689599824	0,864349174542309
AAEL018266	100,550786082221	-0,332962461884888	0,381009159213169	0,609703601875531
AAEL024098	1770,41452850757	0,133981420160261	0,327323957969573	0,758927249392218
AAEL012693	110,769210105431	-0,442208733784683	0,482496791379539	0,450131628282505
AAEL012681	8567,72300707972	0,720671142471388	0,381571320585715	0,328822005269226
AAEL012689	337,465580998883	0,704808162359155	0,534821639520551	0,280088983890369
AAEL021713	25,3098174423905	0,314241731972419	0,478735955263571	0,53156045866784
AAEL012684	5717,75629129115	-0,88113077721897	0,155484645250421	0,339958994054609
AAEL012686	49024,0132185389	0,403985473405388	0,290630311169501	0,676816949424795
AAEL012675	410,254744687527	0,130951153663432	0,206546288652232	0,84564700580373
AAEL012679	128,253640105202	0,243248211585696	0,261915739290341	0,781707252392175
AAEL012688	38,0650777651897	0,417553166141881	0,527251813052143	0,435921003431363
AAEL012683	11,2575909886009	0,18125033581728	0,444999626656948	0,63465875207591
AAEL012685	239,612642293228	0,515811808852593	0,349625211141917	0,518318093726361
AAEL012694	303,452139612461	0,400455236348821	0,400126240609599	0,551144657902297
AAEL012687	269,969424857204	0,495456982617934	0,339167905597821	0,548046971762466
AAEL012691	207,485841224964	0,722595757181992	0,311170853379027	0,377368950698692
AAEL012676	134,949510535147	-0,156500993696962	0,27958000086998	0,791965213622037
AAEL012690	592,931669566831	0,154211343870536	0,209662457764427	0,840936191499415
AAEL017080	136,469505190529	-0,679990037127106	0,307946231893156	0,416864111592188
AAEL019875	2989,77292851463	-0,54668922562598	0,377635722072485	0,464263045096897
AAEL006239	2802,24801683706	-1,02781979269236	0,236272772638819	0,126267717428082
AAEL006232	62,862005147884	0,0467698375941334	0,333404400235535	0,779094532214755
AAEL018050	193,794035860249	-0,121206890770453	0,223565767874651	0,837494770662846
AAEL006228	124,108389829983	0,435526039509854	0,303389453166159	0,639771368870137
AAEL006236	884,548555336185	-0,221716714094761	0,162596765396237	0,856717170176227
AAEL006234	145,651231010543	-0,369547545893911	0,255988407109198	0,738608589444599
AAEL006240	698,397043096106	-0,0444196110602314	0,277018412937196	0,818042724370909
AAEL027611	4430,48938262508	0,256458237520312	0,234337447289503	0,802575065001037
AAEL017301	5221,06739059632	0,268950670043735	0,200509132030379	0,82691598420636
AAEL006231	652,277760499315	0,163173794657027	0,344053043747999	0,735005106271939
AAEL003944	638,027822447861	0,413920745766892	0,2038406910257	0,780539004001434
AAEL003929	329,669075850348	0,256682880109512	0,240061418986437	0,79785157891613
AAEL003927	52,5032350558702	-1,9744684131841	0,473830609213194	0,00242399507844863
AAEL003942	11327,5438165436	0,369741438455049	0,256783047205783	0,737831061006903
AAEL021217	8,64686416566138	0,0494207598683821	0,468811282179795	0,673117982285328
AAEL019562	902,288748574427	-0,497565610303778	0,272587616043698	0,635506308438113
AAEL003945	414,766635782378	-0,246804576321672	0,245744630932271	0,795860020806678
AAEL003946	278,922116018435	0,261038471434527	0,227724584905596	0,806883521020921
AAEL021771	1099,67586833477	-0,127465867855952	0,18529602950838	0,855615219767531
AAEL003938	1150,25621865807	0,196171827122793	0,215880216678353	0,829889895799858
AAEL003924	2885,25077818017	-0,160221293868924	0,248554638418815	0,814334432632993
AAEL017464	26,8743040386125	-0,123747695511973	0,394511913905017	0,705719554124255
AAEL010650	410,810016551457	-0,260135588294839	0,217373335115737	0,815594777521322
AAEL017194	1457,95985430743	-0,522908137371966	0,351309918051473	0,511667210202219
AAEL013756	2295,85492341874	0,662963396980205	0,333469641994163	0,408224224209507
AAEL018265	84,5530027003229	0,429573977067954	0,321519840951454	0,61754010257318
AAEL013752	735,154925957515	-0,438580439197408	0,227177767490042	0,739472504264925
AAEL013749	572,692088812653	0,0420140048248387	0,258879676173136	0,829195824990482
AAEL019589	2114,15597186837	-0,122345190816597	0,172022361974067	0,860538034069936
AAEL027916	30,5992995808132	-0,0777015154045746	0,382943262454969	0,731929572313968
AAEL014144	43,8706152005196	0,0580913268216297	0,440812854135487	0,691922308101864
AAEL014142	382,753370092853	-0,12055304361443	0,193632058137611	0,852681082741357
AAEL018126	2232,65051605309	-0,533392356042739	0,423118877717668	0,435000970931876
AAEL006946	4803,30817628859	0,464893026961962	0,1845473191211	0,78263959256943
AAEL006945	457,689399235564	0,324505345220912	0,214536737766297	0,800944016665743
AAEL005374	40,4588722892505	-0,0247776295028746	0,388178335500174	0,744936924713011
AAEL005375	20,5994014280185	0,107417050765472	0,369192195045971	0,732978088037629
AAEL005373	52,8971417590066	1,08598774746746	0,491252566752566	0,113711264446674
AAEL026826	19,74967297107	0,691117592933474	0,608266442734381	0,267355898048287
AAEL008527	296,355877795185	0,416226016216684	0,348247949120331	0,591746633988364
AAEL008543	1273,30383736422	-0,160418829487176	0,360579722731683	0,721569761783883
AAEL008553	339,510502063665	0,3863942071463	0,260887771848828	0,724166390592509
AAEL008528	2361,94878967171	0,132382002899147	0,195567573048923	0,850911259329251
AAEL008532	605,639259045215	1,52845306726043	0,29956254784067	0,00478492281389559
AAEL019441	1137,28908145985	0,0936408057877776	0,196515499699957	0,854148379030685
AAEL014057	2243,74495984421	-0,0584202535870801	0,156530133067759	0,865865103846354
AAEL019824	2453,73260015324	-0,0381935492883036	0,141519920554331	0,866573971632886
AAEL025861	13,4779973178512	-0,17916878363399	0,529688747406362	0,563288952960713
AAEL013182	828,780499326464	0,620587429940696	0,24335119170815	0,565627278642763
AAEL026901	22,0402850752778	-0,116371089527108	0,468205179551869	0,646915724137673
AAEL020035	3,76994285303882	-0,0498462464523552	0,509231649720074	0,641008493954702
AAEL013184	625,02514777685	0,210170878544542	0,19253668875469	0,842915235932538
AAEL019845	2353,03556747155	0,593189161413298	0,213064160127708	0,651712599230863
AAEL001007	1342,12679165301	-0,262038598692484	0,166293900617766	0,850956781217763
AAEL026843	1239,82277012933	0,967798676565257	0,394749755383685	0,16536598570368
AAEL018151	1889,75604974156	-0,463533861558573	0,193090926363307	0,771692217367551
AAEL001000	252,272085552371	-0,159348001065413	0,191933398687929	0,849810334616139
AAEL000986	3547,05959246845	0,109376106126073	0,265121371092313	0,813271051158178
AAEL000981	808,841269506971	-0,149558830522345	0,196347269410515	0,848708672044681
AAEL000996	806,611359852534	0,0376703420061465	0,183129959783525	0,861970906349304
AAEL001001	93,8955103681441	-0,248975901414973	0,317492880200872	0,726171741027891
AAEL000978	380,552658904633	0,238137326943476	0,298860752242059	0,748503018331863
AAEL013921	220,858189078242	-0,0827167232771573	0,213937246435442	0,847812482093885
AAEL028110	620,864044296395	-0,281504028748456	0,210749611648709	0,815895670008094
AAEL008829	8044,86500388601	-0,433556781897758	0,203775042170053	0,77197362303617
AAEL008831	21,6286544700242	-0,087585592224069	0,386141093988304	0,725722944923998
AAEL017289	270,221331345565	-0,187516952203132	0,2727651996259	0,788985006082196
AAEL008828	246,338004039064	0,530807445366948	0,327419147862953	0,531959440379103
AAEL008827	238,455864627436	-0,130040879959964	0,325834336474745	0,761634877109113
AAEL026208	31,7453855162613	0,158342382183534	0,47712264623659	0,614178880909282
AAEL008826	196,238294689707	0,479697880071846	0,258601068800775	0,670398381504915
AAEL008832	2316,96787511817	0,143685935867064	0,283275429963847	0,792434416282848
AAEL006026	460,14545434538	-0,0719165962156775	0,246998389671443	0,831164099241672
AAEL006020	1151,23753601663	-0,145648316075282	0,184769911685642	0,854438338645091
AAEL006033	443,972896790704	0,0394206566700793	0,196740381490523	0,857885231196919
AAEL006043	577,554102571189	0,0227399931577766	0,20772688531426	0,855586741754866
AAEL006028	599,430937283988	0,325921377073336	0,310751871560104	0,69711369111819
AAEL006042	67,4114297730766	0,3211050468056	0,538224862005165	0,48177897972402
AAEL006038	2959,05940164523	-0,249287741065892	0,193997831186363	0,835209477094433
AAEL025511	14,3790737598741	0,19864885164674	0,557423042306566	0,533944332133341
AAEL006039	389,136156950432	0,0696864421014461	0,191246591389738	0,857678047479085
AAEL006022	1230,43100582653	-0,561122559427561	0,270278402426469	0,580852859138124
AAEL013321	184,541559867638	0,320669970821403	0,286594317678219	0,726867116195571
AAEL013316	267,705119206371	-0,207056806545433	0,246881819373406	0,804752703815042
AAEL019721	827,956522107623	-0,110433752543886	0,201955909063992	0,85031693532314
AAEL013322	32,5091421819372	0,275367975292274	0,436545445382686	0,58975511534463
AAEL013320	3471,59005213362	-0,464809010117834	0,2801225636254	0,65194536913847
AAEL005342	614,346074281354	-0,350097046364274	0,201767833472721	0,805347805702525
AAEL005356	1492,6505144117	-0,38881145122535	0,301625803397196	0,672771631730442
AAEL019882	845,136333810093	-0,435722579387646	0,184288531770614	0,795604830462238
AAEL005354	467,468672671653	0,350783937159876	0,182055557265446	0,823178013804115
AAEL005364	300,741274752052	0,662145194874124	0,283675657511575	0,46189771802571
AAEL005349	125,414855428793	0,691519955674923	0,409499881414979	0,336908639357336
AAEL005353	989,896415498953	1,62673095635202	0,517775176056399	0,019590644400181
AAEL005358	673,018152005198	-0,396238856690255	0,22046001704016	0,768189682815195
AAEL019743	16,5822556203559	-0,437508294755909	0,537533520193681	0,419950749347539
AAEL009695	606,462472889536	-0,368441035842981	0,242918107564009	0,75398317177379
AAEL019798	1571,27422246312	-1,01619873013706	0,261532473724282	0,136983985007262
AAEL019797	937,786347703033	-1,05193037654147	0,475368194191861	0,128646666837818
AAEL011798	778,105012279581	-2,11086336709847	0,337274783888697	3,5407789354229e-05
AAEL011797	689,450343790845	-2,04211851790863	0,440866235305447	0,000963167295865044
AAEL011799	149,504021069696	0,0658549731168455	0,277691084796881	0,81357948491147
AAEL011803	1013,89029846086	1,12072183998241	0,326104652943885	0,0870826295434734
AAEL019974	71,179493394283	-0,282232101444594	0,322682198110677	0,706458280900774
AAEL009629	7455,77083421222	1,92315777532902	0,292273086228269	6,17314247219181e-05
AAEL009625	679,558229282597	0,0695586304835048	0,253429851689915	0,827891769751779
AAEL019999	28,3386204740322	0,496983946180305	0,584025597679217	0,36895911116383
AAEL020000	7,824317539794	0,11821551986135	0,487686457680626	0,625707305746776
AAEL020156	64,3262391718206	-0,514441145770433	0,381130840619138	0,485417708622229
AAEL027188	39,4340345007687	0,0661204571246347	0,443019861880766	0,687587117527885
AAEL009630	226,960887399853	-0,550345988754084	0,403484674522083	0,438301511967647
AAEL023634	632,977561620582	0,664587462564376	0,463132549555638	0,326414011490857
AAEL009627	702,20968353027	0,968577748469287	0,341293821284268	0,168344873776204
AAEL028136	280,365427901547	0,0313165195879075	0,331462471749653	0,784386605526898
AAEL011124	652,878393082396	-0,349449589611853	0,234735447716354	0,770950287714522
AAEL011112	39,2459410016309	-1,02954377041065	0,635331373325804	0,139672833413611
AAEL011130	836,865754885919	-0,256293546030073	0,311911824949574	0,729030852741812
AAEL011126	428,855844613816	-1,24228831372089	0,285566348624281	0,0373115270403906
AAEL011129	1998,66045128792	-1,32440871758671	0,299264689869755	0,0246245497924836
AAEL011114	728,98528607509	0,481739499584351	0,194305346612987	0,761213282777092
AAEL011117	450,911016703975	-0,138751403417639	0,193423429436849	0,851214214673598
AAEL011116	4036,75266591608	-0,545324636775149	0,352735820714893	0,490404313652415
AAEL011134	251,360371488262	-0,11542096042928	0,283733635882392	0,799011911171816
AAEL011133	1399,51530576003	-0,222933634995389	0,201300552295669	0,834912322849567
AAEL011135	200,585464142097	-0,115249264111146	0,219306468562151	0,840953464924771
AAEL011113	1478,92854951231	0,281736898949478	0,200604968775957	0,823900317311466
AAEL011118	385,126243635475	-0,44211711784263	0,223810420089511	0,741943466454463
AAEL011123	69,2179154746877	0,0335344954849148	0,30704260318742	0,800836133793467
AAEL011121	282,80351298877	-0,118034836839918	0,249621236145491	0,821541964582584
AAEL011111	607,802951463394	-0,654531882334196	0,232137759066722	0,548420716146591
AAEL002998	372,617739480748	0,076052707884258	0,176085669912924	0,861918844484523
AAEL003010	177,275806219382	0,170679682837775	0,231045274761159	0,824301407186653
AAEL003001	535,688056493748	-0,0817697173528423	0,179165863351795	0,860736981018032
AAEL002988	1546,50163266048	-0,21265198459984	0,169331305191491	0,854856738600719
AAEL002995	195,107500576843	-0,810926161195665	0,204615407380665	0,388313214592562
AAEL003003	77,584935490913	-0,360900054988196	0,513085211640826	0,47729245990225
AAEL003005	1000,10880177171	-0,196927268413037	0,180433720352151	0,851183974525736
AAEL003009	2460,64924177076	-0,123233899890534	0,182736182014204	0,856871221788969
AAEL003013	1319,83898759249	-0,284591752244544	0,203715383297566	0,82073453956604
AAEL002983	1576,72965537459	-0,0713741124539634	0,191432189235732	0,857525728447484
AAEL003011	1486,34657263192	0,211358874788746	0,25220345912988	0,799696402530497
AAEL002986	2301,99057717453	-0,297269715158548	0,23159432233429	0,79345358803813
AAEL003006	1763,6304487457	0,981706970976152	0,41238997469482	0,159090430663005
AAEL003014	745,894166717948	-1,75292774267106	0,566226382966494	0,0133230908283423
AAEL008370	1795,68956137038	0,320487529070326	0,204557713378003	0,811302035607684
AAEL019683	394,251618434618	-0,25417730586289	0,303266324841783	0,738197492231618
AAEL017385	2402,74496231061	-0,374062323493239	0,258085103211545	0,734018828115064
AAEL008371	329,609259582344	-0,472236230667274	0,236608707820562	0,707475284874375
AAEL008364	9017,84451903495	2,44922529608396	0,403041156812798	1,21426651003132e-05
AAEL008373	1237,86972615415	-0,23100765425723	0,184871519817194	0,844400619750618
AAEL008369	172,884003745665	-0,0918180573466401	0,252322989334428	0,824826396848788
AAEL008366	1813,6885718519	0,154388729475467	0,207630807285658	0,841914836217314
AAEL008363	486,378817705578	-0,116003639829581	0,179560994571809	0,858544184642168
AAEL008367	859,500018670932	-0,232623763016913	0,261397096300456	0,785515430215131
AAEL008374	1522,8303237994	-0,223700108643143	0,238498372908926	0,807440650649441
AAEL008365	1720,82882687292	2,30004292199667	0,272342826755273	5,69311822125584e-08
AAEL008375	952,463926976155	-0,325224626206563	0,204461580117161	0,809982815192187
AAEL012887	87,2504588973652	0,999425548706703	0,33010959666324	0,149819777553046
AAEL012886	586,431131600408	-0,496077572741016	0,316938498696442	0,572739999600977
AAEL026946	1396,06244376969	0,435934471712726	0,231786296432356	0,735332302748734
AAEL012724	27,4681978209716	0,183638613601374	0,426826987697055	0,65241008016299
AAEL012723	530,461093110449	-0,267801654137952	0,222471209061278	0,809637815497361
AAEL012726	322,510457595897	1,15429269876933	0,316899775188345	0,0734659837115056
AAEL012725	742,401567390748	-0,182886913656107	0,406925110115402	0,66948264991422
AAEL012720	97,9851406694743	0,909347450824444	0,695287308242259	0,177262792412415
AAEL013374	288,026673238938	-0,568875119961817	0,545404079770693	0,350537824871503
AAEL014378	684,063011320072	0,492562193102609	0,222613086248694	0,714415572519194
AAEL014375	778,499350096826	-0,0615443089063575	0,151940283862671	0,866159339975811
AAEL014380	210,782345147414	-0,252463531471884	0,273271374340697	0,767899215967398
AAEL014379	2259,79324740742	0,477018017898092	0,236072118380554	0,704461225238536
AAEL025812	12,9610499639646	0,111345219834581	0,512556191143692	0,605719122764316
AAEL014377	96,3859973706079	0,0761126183674645	0,254222718374518	0,826197505791808
AAEL014376	195,822426593946	0,275966676311373	0,20887710876682	0,818807158722687
AAEL006577	5683,62737990728	0,427757591331486	0,324004787003958	0,614836969442319
AAEL006587	281,826193096758	0,375491081333737	0,193199184357806	0,806195425636311
AAEL006571	164,868593844354	0,197074939153613	0,220260208431267	0,826834172156945
AAEL006567	1662,32138721436	-0,655627832780358	0,211999590466053	0,581071373860531
AAEL011962	783,551715366166	-0,238088685948616	0,267203977918964	0,778398613831565
AAEL006581	225,55427660035	-1,76143804811432	0,269380414215984	0,000224458459531821
AAEL011960	1873,45988214706	0,0772194615098478	0,170594955669294	0,863042400035554
AAEL011958	289,329473968561	0,176161406963686	0,236692291453254	0,81927613522104
AAEL019945	865,034045777217	0,0660436206235729	0,178660634099004	0,861762422988931
AAEL011964	142,28624146576	-0,183955397111873	0,21772230808793	0,830852215514035
AAEL019944	517,507652376042	0,906722289459621	0,228200914505339	0,242220467725138
AAEL011967	878,283120377932	0,349956504919673	0,267663476297544	0,73453632321292
AAEL011969	234,882021130737	0,155904780336054	0,254794370773566	0,810669122338255
AAEL011965	147,185454696071	-0,0360971920400535	0,296051415266378	0,807491141975037
AAEL009043	534,963377980739	-0,463760562756223	0,240213955768021	0,7076441487021
AAEL009041	667,438218963962	0,805101366874387	0,207247894315234	0,391617049629134
AAEL009042	744,860625269904	0,520953171723716	0,243617273702686	0,662430852644317
AAEL012384	155,699831535197	0,712254677821247	0,275637244800774	0,418796741439297
AAEL012383	71,8330015013937	0,71170888412718	0,333736768984974	0,369829598319387
AAEL001339	1581,50318858939	0,17020314708457	0,182661630026503	0,85269590178791
AAEL001350	517,357832065197	-0,119146434532565	0,159990580982424	0,863667194852188
AAEL001331	1823,48916412841	0,0513972145488249	0,231062703403974	0,842965766067804
AAEL001329	751,974071467039	0,539504196696038	0,323898671329924	0,527940003121823
AAEL001354	474,948717283811	-0,0100267870084031	0,253964551215927	0,836387501195511
AAEL001334	373,998911583052	0,711312799707864	0,225038654666916	0,488544952133446
AAEL001352	1687,02092673669	0,0785144543361502	0,190334672274166	0,857414746058913
AAEL017357	7621,82523754108	-0,449338898561401	0,183127203860819	0,791168711659696
AAEL001349	49,2258597291216	0,271478323690708	0,340026982816929	0,69291209589094
AAEL023402	23,172054269124	0,0799444724451431	0,395882888802331	0,720590635992014
AAEL001357	1048,56457147536	-0,486944174368062	0,272639083817673	0,644994331422688
AAEL001324	923,117135905425	-0,135425430814519	0,257532399867348	0,813033103757159
AAEL018214	677,268765486637	0,208054040998826	0,20985667064473	0,831842367968919
AAEL025502	67,6134350640299	-0,218422916795607	0,46864653718452	0,591014304208297
AAEL001332	514,974298258613	-0,0390506833828027	0,174702193029097	0,863641804632107
AAEL001336	1381,71748259296	1,28495483248442	0,16920358284841	0,00571349438229711
AAEL019483	13,4582263216576	-0,0506895674708638	0,47996700105166	0,664763248719597
AAEL008931	171,831552018102	1,01256257267945	0,291723404200045	0,140866983262286
AAEL008928	1884,51087215976	0,46172381949277	0,247200666198857	0,698371354400126
AAEL008932	724,285028726508	-0,37700066403216	0,160853252649758	0,835376158125357
AAEL019485	1938,70654510705	-0,449582957563591	0,265300234103865	0,682024194225881
AAEL008924	1498,52394262857	-0,397584227224719	0,264007829850857	0,714738417523675
AAEL004311	635,294827667729	0,326541285564659	0,152270156870494	0,85056133253133
AAEL004320	2038,30507996847	-0,493660963268528	0,256686548657957	0,663892187705578
AAEL004306	764,850343520272	0,321907407694674	0,224387832524464	0,792346598972372
AAEL004326	77,310924239628	0,394616112687285	0,313848131170625	0,655022779999757
AAEL004317	3051,5584828096	1,10672405188908	0,222207537982471	0,074254690085728
AAEL004316	601,355708886665	-0,163594325903686	0,230820484563843	0,825763562565554
AAEL004318	566,443164526459	-0,178776278534233	0,192976218119894	0,846809531612474
AAEL004309	261,472119320506	-0,101085935927718	0,217292047884241	0,843769856953466
AAEL014699	1866,78173049568	-0,262183461387633	0,187547316325847	0,837692852569088
AAEL014698	597,820851535351	-0,0335369193985142	0,201621823080505	0,856815241357417
AAEL014697	189,971094976472	0,245637843755696	0,224336968043819	0,813484689885259
AAEL011187	958,208266812506	-0,0673250847698267	0,18489723810539	0,859924370258893
AAEL011191	4037,56710412734	-1,18627078610361	0,241428950527765	0,0434782284711795
AAEL011184	11872,052413056	0,118476887788313	0,274921258760605	0,804362656911323
AAEL019717	17548,1490420668	0,307247284242396	0,243040974647882	0,778298846772498
AAEL010822	628,365715716734	-0,38058084484579	0,170112621601431	0,826649812506032
AAEL010819	2239,09713615892	0,577188714842336	0,221817804815657	0,651090478696505
AAEL010808	185,010312610626	-0,384041367363862	0,243263206777797	0,746409201837928
AAEL010810	106,845083595037	-0,186515709195906	0,271878665569834	0,790037520486934
AAEL010816	150,143237782005	-0,355237381846019	0,261341007489313	0,739018489791826
AAEL010817	258,484452322881	0,00444642056776699	0,225461877532043	0,850439233679066
AAEL010823	11522,3075117465	0,181701312205	0,29259752300026	0,773682707913558
AAEL010809	1081,1096347816	-0,132450403026823	0,17464101574775	0,859075101958399
AAEL010826	7476,63298162129	0,198117139425144	0,184029404718311	0,849362302497657
AAEL018200	558,252754521892	-0,192968557510793	0,235084269528945	0,817180770935051
AAEL010827	1300,25678929396	-0,0960026247061501	0,196230588698091	0,854002965668223
AAEL010829	623,859604139453	-0,302153836789683	0,237829076186868	0,785359336288441
AAEL010812	958,758463479121	-0,250155064483005	0,152785444996889	0,858352621935126
AAEL018201	1069,72718180097	-0,665053484685128	0,168291501827188	0,667066326331896
AAEL010821	40440,0597457291	0,193001120225016	0,217318196670723	0,829533647293142
AAEL010815	1284,05723812695	-0,463430550035738	0,264551298656738	0,67332544997747
AAEL010814	2774,94978809515	0,188973135441992	0,222499700509275	0,826793237147948
AAEL027998	9,52804220264303	0,0366208029020362	0,459985484460341	0,685280457623929
AAEL019755	1497,79846794214	0,125690801313763	0,279161700300452	0,799887241736257
AAEL009599	0	NA	NA	NA
AAEL009597	0,376682855380783	0,0470532202792668	0,542185058684608	0,611810878494028
AAEL012255	897,974011622296	1,45499022942498	0,656563531987045	0,0517400356367744
AAEL012250	666,447222074126	0,114066423054241	0,191476291687879	0,854467271223282
AAEL012249	132,252983601012	0,13638126380869	0,23234062585718	0,829711956976919
AAEL012248	62,3895116965339	0,45373184535445	0,322917212685377	0,594758655647992
AAEL008189	433,78226077333	-0,0238147159146726	0,199675411301952	0,857995482752422
AAEL008192	44384,2380385336	0,318286493348762	0,277106612780707	0,738334657600141
AAEL008188	59737,1358273356	0,365818622652644	0,235358502650494	0,764807007326866
AAEL012743	319,166818155786	-0,0219444158137709	0,188754267072674	0,861198990608737
AAEL012744	632,89040457394	-0,790798540853681	0,297323216475001	0,32082585107182
AAEL012739	303,176397924155	0,0740713877152773	0,187631907531601	0,85869433512346
AAEL019928	48,7396475654963	-0,617240214202036	0,471406534825312	0,356173032573616
AAEL001050	28,9038691031265	0,101695751482809	0,357745002686765	0,744631871435236
AAEL001047	1663,86684644103	-0,308640124932911	0,247757062449931	0,772778951108035
AAEL025525	336,57718003596	0,178864837437995	0,211130656276311	0,835910961111048
AAEL001037	844,991594249644	0,33947824686293	0,279119510886028	0,726420466512633
AAEL001020	2479,41831816688	-0,510729183373946	0,371137427525554	0,499969383354115
AAEL001022	1668,70871168443	-0,36643068032624	0,301802645596801	0,686181199024108
AAEL001044	2609,9052615933	0,319070784721994	0,204238386653678	0,811978970987036
AAEL001052	4468,54226378409	0,157389206001227	0,235365999854161	0,823879156834651
AAEL023988	109,228437266824	1,92161234608272	0,324638294787525	0,000218581130115933
AAEL001016	570,08764161727	0,0842363610279706	0,221323442502254	0,843853143685691
AAEL023815	702,611376856698	-0,369993734332208	0,208615312363704	0,792200075340687
AAEL001048	764,96808803854	0,896806819158626	0,203818200233264	0,266277654388261
AAEL001033	367,535520221804	0,0690553648717393	0,24417278680481	0,83329663961598
AAEL001039	396,729188486684	0,140579146704026	0,265589328683177	0,806450839037028
AAEL001014	576,424727125117	0,321076513870329	0,251887993913278	0,764844278423739
AAEL001029	946,048272338004	0,0366568433751492	0,179745726656589	0,862785732936987
AAEL001036	411,921293956312	-0,0111926369803956	0,179436020029466	0,863679886416819
AAEL001032	1870,62912116876	-0,0771378426423568	0,211341070525939	0,849486164185277
AAEL001046	661,298137345278	-0,834667757590007	0,198982167536972	0,361727961401375
AAEL001031	115,357443434542	0,385047772506556	0,287646800645995	0,691984343423197
AAEL001024	560,491223326877	-0,00758353574458799	0,190966933230913	0,86143540395823
AAEL001038	285,614956568893	-0,220360451458347	0,216224248524808	0,825098161512623
AAEL001030	708,690471968099	0,39326658805039	0,255472680762787	0,7275591710278
AAEL020741	486,554386990248	-0,222816058854732	0,265037168425837	0,785234302823025
AAEL019573	32,4870140251808	-0,638583306907959	0,610710406662317	0,289732038329833
AAEL017334	57124,2870202342	0,885208177364383	0,277888001290208	0,243612448102585
AAEL013960	2582,46024654992	0,18556773150506	0,30639102749448	0,760210999787521
AAEL013961	12,3199096005734	0,386179700219034	0,699569627940789	0,373723736545833
AAEL005496	491,384693372315	0,948780407166471	0,477041443872161	0,171327950174064
AAEL005482	174,89970406164	0,37647344981406	0,46407974114685	0,506902016941289
AAEL005491	485,814691996247	0,454718180572735	0,257448043734467	0,689422480655302
AAEL019531	656,79024882301	-0,446596814010926	0,274433628177897	0,67088961985664
AAEL005493	1149,38702625195	-0,117599939142543	0,248566790506222	0,822449795845741
AAEL005492	1082,95166231123	-0,291622042591558	0,287630604663893	0,738562972149956
AAEL005484	918,702221651931	-0,249544754999919	0,232290439117481	0,805939342964059
AAEL005481	920,168546371777	-0,140532775732366	0,180706382655252	0,856224792435666
AAEL005485	146,117457922903	0,228047997169964	0,278723797398729	0,770879384402343
AAEL005483	28,1967048933072	0,4067543254352	0,414392999118277	0,531427296164894
AAEL022797	12,3999039757739	-0,080365804670624	0,439601336379026	0,684828284251135
AAEL007942	201,450056266182	0,806686716519089	0,413769711682229	0,258695491334096
AAEL007940	12,1037584152659	-0,0210819922847667	0,413084007498854	0,726668776120123
AAEL007935	25,9290180489289	-0,229293844734	0,365648001327424	0,687459788866591
AAEL007938	21,7597528422175	2,72155628701795	1,46916623376657	0,0209053249547713
AAEL027940	39,2710084845937	-0,691177196546458	0,438736646059521	0,321069962341134
AAEL010276	3461,49978734438	0,309182551872082	0,256848543601218	0,764321456312116
AAEL019960	17,8841883571854	-0,158623741802635	0,46766580986655	0,623650931731156
AAEL006248	223,376610338768	0,617993657383758	0,35259934306583	0,429803009395186
AAEL025527	28,906665426797	-0,1908414933742	0,454309381341094	0,619107840545354
AAEL006249	2973,57778451852	-0,867036163850321	0,498557046200879	0,209645835708894
AAEL006251	605,735559355494	-0,206024544690152	0,294096350119791	0,765216369286222
AAEL019564	1513,29294085275	2,33535380679657	0,299153845692922	2,9905738182067e-07
AAEL006253	342,691844098734	0,069402257162422	0,179839132270583	0,861133177001252
AAEL006254	287,232077728756	-0,143035620961281	0,296652203686057	0,781578043207201
AAEL006247	1166,74220231522	-0,0901568086816715	0,184248112828855	0,858789719585844
AAEL020954	191,334420284452	-0,814462208862742	0,329909733258589	0,283489739598385
AAEL006259	210501,028101845	0,855461499403889	0,330548873246103	0,251329873534268
AAEL020093	14,8073502608718	-0,374409069771153	0,483987419794657	0,491021842471991
AAEL019484	167,444866725148	0,0761165217666335	0,410081136312038	0,710708589438357
AAEL014489	201,480816336532	0,556607222542647	0,265106026850164	0,591328392720197
AAEL019716	1061,92159933135	-0,352326043333179	0,239875871937975	0,765327775298224
AAEL024683	37,101510453495	-1,33557700188781	0,73387491915079	0,0761173160776842
AAEL003650	377,206117416046	-0,624851152063864	0,216454555822078	0,605228062382846
AAEL003653	6,46061208033664	-0,289602889261104	0,558314345526106	0,484945680775164
AAEL003697	1447,22881467281	1,18418372918196	0,412916935250959	0,0771986961648543
AAEL021274	25,2366830284074	-0,00805545973859175	0,462333694611213	0,693466143009167
AAEL020823	5941,27452728711	1,66172770783417	0,323631677315935	0,0024616120490813
AAEL003647	418,164752629792	-0,233877569291051	0,251855670709533	0,793973919996815
AAEL003661	2287,16110605075	0,341576301577874	0,160167640942801	0,843083543669106
AAEL003658	2630,21327696785	0,00517512855015714	0,263144719700021	0,832092914577694
AAEL003698	614,864280965688	0,586294882512918	0,199528447525274	0,681892666060797
AAEL019555	3783,21842775765	-0,404582480272454	0,325234588591495	0,632179953360484
AAEL003646	1767,07392642473	-0,0660397006655717	0,219925260936833	0,846616993814229
AAEL003670	3157,18603028741	-0,0418744472397833	0,187054925916174	0,86068398401693
AAEL003649	223,162323181979	0,530022177957516	0,222314163239022	0,688855050727248
AAEL003705	237,161400231963	-0,117065620090745	0,269073347747807	0,809093181593884
AAEL020547	799,277119841655	0,177169818669878	0,216472148697201	0,832859182652997
AAEL002644	746,98366275051	1,14020921901983	0,295016942509881	0,074519735654694
AAEL023335	1012,54085988189	-0,653266356949928	0,217065296672666	0,574654692130873
AAEL011183	60,6625409932666	-0,173309758457186	0,447143509647301	0,636938688414386
AAEL010433	276,517922561174	-0,671454971343875	0,443344157249802	0,331696793900522
AAEL010434	249188,623134416	-3,14325742867987	0,313655147031352	3,07741517279291e-13
AAEL010437	914,922264210437	-0,100593032460763	0,194834176298359	0,854220977162163
AAEL010432	352,210030924696	0,256698209971287	0,208843634747378	0,822857474100806
AAEL010440	183,391600203188	0,0164301004705733	0,283933033939864	0,818605430245929
AAEL010430	779,555435272161	0,167182882886582	0,154370206540849	0,862965500783822
AAEL019501	203,582791733132	-1,03871234581233	0,435634644779004	0,131915509620603
AAEL006156	657,033713360593	-1,5570606403837	0,350191735867446	0,00728471410265868
AAEL006126	188716,887871912	-3,03930221006499	0,370183593598928	1,06680022937753e-09
AAEL006138	500152,029552028	-2,95778559087661	0,421122051684673	1,08343143916409e-07
AAEL006139	1755,02306492047	-0,655326818598557	0,230138128248908	0,55089824016584
AAEL006146	97,9170127959109	-0,0670885175939433	0,282809419731648	0,809908990349948
AAEL006132	27,3584306910439	-0,266740171711666	0,392789473648199	0,641254926170499
AAEL006145	1096,18520362378	0,0687592727182464	0,201627420131636	0,854307999597026
AAEL006155	172,403819047012	0,129792892247974	0,242270121468536	0,824511778516744
AAEL006135	228,525063233669	0,0634573961370837	0,207610515558641	0,852205294564424
AAEL006134	86,7387750343868	0,130623587671	0,282627482206315	0,796453052779241
AAEL006129	1401,16739249037	0,864419123374316	0,243520528332356	0,282185590582432
AAEL006150	578,337942144579	0,0219690626747324	0,177002131564068	0,863781333930508
AAEL006133	818,101579235283	0,831305820400246	0,258794414978132	0,303874914593992
AAEL020344	261,971834221658	-0,634909485607524	0,541161476204916	0,311683947348743
AAEL027977	837,986016605287	0,384010248681198	0,268091393365837	0,716820385886682
AAEL006142	334,04592107269	-0,316896564200656	0,243167864196331	0,774613846742023
AAEL021326	171,697000117855	-0,41356773726902	0,345016443725602	0,597831084092667
AAEL023039	24,9141772425996	-0,514046888975048	0,514017864034122	0,392441039562035
AAEL006140	611,985400809211	-0,993573811914495	0,253339214453372	0,153425861995679
AAEL006125	269,362995367661	0,0328545451433862	0,238508235690812	0,841589959276835
AAEL006124	1123,60389604525	0,332229725040214	0,164763145715107	0,841521394405986
AAEL006144	614,215531749362	0,223933584767972	0,224949579675038	0,818065298543111
AAEL006154	31,3585873051156	0,210256962743747	0,387061524689879	0,675113785333412
AAEL006143	623,732970208042	0,0549377343303907	0,20933669416894	0,852294738686775
AAEL006121	692,796376371562	-0,251038176909447	0,196861270865965	0,832954476563763
AAEL006151	189,879822124527	0,374198487328521	0,282545432565305	0,704173772268173
AAEL006136	724,705291382395	1,10208454063544	0,254896056469855	0,0832078163073798
AAEL006123	264,281386247587	-0,196468289299927	0,202179149540211	0,839136744176343
AAEL006131	276,926813579742	1,76593369650925	0,514757422374107	0,00954644972722153
AAEL025635	446,956533180406	-0,391102242372535	0,474970431416814	0,48776658204577
AAEL027771	2511,59527973772	0,228217614836328	0,251886693729698	0,795803366210975
AAEL007135	3524,78861947784	-0,101460615065347	0,203921660103538	0,850347528638431
AAEL021862	317,029484058829	-0,223495997378453	0,234577376387122	0,810571376962572
AAEL007125	95,7020026249056	0,129693749532704	0,314680554518621	0,770524247229703
AAEL007137	474,60444783473	0,0414794915325006	0,244886194782952	0,836915778860562
AAEL020221	929,585864650206	0,472890406891627	0,196757542191103	0,763004487361851
AAEL023407	262,65458596321	-0,269330523161562	0,215014442472494	0,81533941505523
AAEL007132	3802,55174845362	-0,320437198245576	0,175110140473128	0,835653213449889
AAEL007130	320,230642559691	0,398956781292772	0,21793948550359	0,769667540656802
AAEL007127	40,4999205840895	-0,162201911418934	0,366613253930273	0,715382027034279
AAEL007134	228,085558853055	0,444591296151946	0,207773135116449	0,762245490312365
AAEL008046	304,968319541274	-0,24866164989716	0,256306254843002	0,785140434053757
AAEL008039	1685,98285261264	2,38618144032647	0,236463949815	1,01459075624897e-10
AAEL008036	22,2956483674804	0,861462769311951	0,514943865824108	0,211074662230164
AAEL011234	118,976921927338	0,330664761270498	0,352621016595282	0,64905410618049
AAEL009978	41,6707354509568	-0,170126816368485	0,336689008677627	0,738790913987924
AAEL006050	788,502612584945	-0,758878525272972	0,199565924465622	0,466276818280343
AAEL006059	211,119616860809	-0,114518933263815	0,20414363721165	0,848880408290934
AAEL006052	84,5915868000281	0,00150203574547973	0,268076095858592	0,829968861057453
AAEL006062	579,878203691585	-0,319487980341711	0,201476324494704	0,814240395245698
AAEL026382	630,649881332012	0,725647295535732	0,300247875042216	0,38435087720434
AAEL006048	1313,09387350593	0,025770535463422	0,179106102093371	0,863349135915913
AAEL006051	60,6465995072857	0,214960431957731	0,348695206996496	0,710543000426981
AAEL006061	1704,29525913705	0,7026245676483	0,262832308532148	0,443550137937445
AAEL019841	718,331884141619	-0,764865044687571	0,364638624978312	0,301836350562356
AAEL006053	2472,6662389244	0,295114379702465	0,219304315480792	0,804908293963852
AAEL006044	138,753917386944	-0,182842944571689	0,241678979991372	0,814404899473317
AAEL006056	832,373441023969	0,112036995226762	0,143520598056344	0,866183801395845
AAEL006054	115,12305059808	-0,400468608169991	0,325668089844856	0,634998212385765
AAEL026750	5,61221295970223	-0,110834704689712	0,5175454078641	0,601959571505647
AAEL013325	37,3577862193859	0,0684243386529042	0,422331319658799	0,702670504227358
AAEL013327	468,058317556947	-0,330840427369507	0,242523186598468	0,769846536339075
AAEL026278	363,638195268255	0,128926079899087	0,23357460000213	0,830205318941689
AAEL013324	61,5150411921507	-0,596930175476241	0,504097182966901	0,352348709871377
AAEL014366	567,622418013481	-1,213622237662	0,27690877213764	0,0437019510822533
AAEL014365	2523,15728831035	-0,757843960588748	0,200241270526239	0,466778470307071
AAEL014363	15,3314319968107	2,11033276683176	0,883589377834438	0,0169429233384574
AAEL027694	504,21137009761	-0,139760970901557	0,28908780236342	0,788833806957754
AAEL022462	4372,42525777955	-0,516158865970341	0,247009009064434	0,660883724305958
AAEL012816	343,732733866518	0,783747975954056	0,295098591101739	0,329062213955547
AAEL012818	344,255500009559	0,260701663741242	0,21642297588787	0,816333688405483
AAEL012819	1730,06848546716	0,597539052810553	0,261417536165899	0,5606904656542
AAEL001227	5,55075990620226	-0,311615477394765	0,616687630239913	0,439394334324421
AAEL013542	328,491193538264	-0,0917385965022505	0,317908505095956	0,778962300623621
AAEL009955	88414,8186011342	-0,313896941568635	0,271310944181553	0,746107353850715
AAEL009952	43,5427706525923	0,222907660102355	0,48425980267635	0,577108755108288
AAEL010076	195,786792074729	2,0131844913729	0,402534409690235	0,000588019374730143
AAEL017263	3115,48661545385	-0,10638842769321	0,176140172395216	0,860258551526991
AAEL010068	270,512695415252	-0,00456403927022514	0,419142586503209	0,727509850969435
AAEL008148	163,971139898639	-0,118904755413678	0,270077789766133	0,807994619307108
AAEL008141	591,889621350164	0,109067652208982	0,167312650303669	0,862502285720559
AAEL008137	793,232895122036	-1,13312934267652	0,346942991840865	0,0854147504749674
AAEL008138	478,629533442202	-0,359858848652859	0,190072013233455	0,813674185868014
AAEL003389	28,5790441483989	0,363763397923337	0,612831555568372	0,416087278864926
AAEL003366	649,800164935585	0,313904018456804	0,172840587407539	0,839012976255114
AAEL003380	117,296628196884	1,75203165093134	0,505665213926227	0,00964753530500857
AAEL003378	90,5307011985952	0,0718971506941794	0,292015825199902	0,802892841630714
AAEL003397	43,8790881753563	0,431896128289718	0,38589770370602	0,543643117771526
AAEL003373	1537,59581148198	-0,21159002350993	0,251465864752097	0,800159255780906
AAEL027229	61,9133600118174	-0,21604611529982	0,422635220841775	0,638776217034665
AAEL003390	93,7178469390036	-0,290739576171452	0,261708216187747	0,765994094653452
AAEL021333	1506,65484854705	-0,406583961434124	0,29729572811638	0,667922529227399
AAEL003382	1438,2878141847	-0,676332071777637	0,265758097145577	0,468777909848875
AAEL003387	268,533949259186	-0,394577341552701	0,40119374130886	0,554203955782015
AAEL003367	740,606242712966	-0,528484336182977	0,227503892288724	0,681695198732855
AAEL003360	205,481442713088	0,265950096907052	0,272460805969905	0,764769725603181
AAEL029117	833,13604191786	-0,418696833827261	0,306432853949813	0,648896533571069
AAEL003363	781,908017891761	1,36847354274734	0,284793547976618	0,0143859764794023
AAEL003365	1161,66246271233	0,0999872753148953	0,295405890757047	0,794319382228862
AAEL003384	317,558557615776	0,652201038345929	0,396950684264829	0,373508354567325
AAEL003377	1240,92345909055	-0,181731548944292	0,19664105391941	0,844433676905351
AAEL003371	2836,66731656451	-0,236262361696696	0,183645559247058	0,844367548555574
AAEL018301	908,390293093029	0,99269780177461	0,321965722686973	0,152222682098877
AAEL003391	591,347523779829	-0,870651413827702	0,338301858767703	0,234639642181848
AAEL003374	158,863932255703	-0,0352240627721689	0,221162080584866	0,849393287019213
AAEL003393	12090,8907947859	0,271833442082778	0,219469389559349	0,811010443660585
AAEL003361	801,924721242623	-0,54323639601929	0,247483944618773	0,636097344281356
AAEL003385	940,054745676214	0,876626736351929	0,161567235455257	0,33878878860203
AAEL003396	31935,0042255526	0,494746270836452	0,269331309488376	0,643540063957422
AAEL003388	819,542485023462	-0,518732592104381	0,269136117236677	0,620937304949414
AAEL003383	1257,33920585913	0,0433549212549482	0,16236648392642	0,865470770669349
AAEL003401	192,384854053182	-0,0396712489023954	0,227709997974379	0,845890649902699
AAEL018039	1414,26621816544	-0,611984851046554	0,25852752389485	0,551759598219783
AAEL003379	321,312018401087	-0,323562301120165	0,20939660675747	0,805913697575126
AAEL003394	137,827879861288	0,103947112381052	0,252781115872517	0,822234480231801
AAEL019467	91,4013522109196	-0,544410777138619	0,320671960717281	0,527669745417793
AAEL005092	1469,78203148222	0,147164505860273	0,170545765184727	0,859453822407483
AAEL005097	44518,3074917484	0,43654959138786	0,246723084957665	0,715114193336296
AAEL005093	710,275378224179	3,32616288860148	0,347962229504489	1,00754095809552e-12
AAEL027400	80,576697970026	-1,18780258038296	0,680805131583563	0,102017315475827
AAEL020893	40,5703878708134	-0,157831163485551	0,406731363228781	0,681101367599235
AAEL013199	1219,87482409994	0,165343922912912	0,201985239882275	0,843619716902832
AAEL013201	23,6407520646492	0,208022907443504	0,417927240488573	0,648264936225249
AAEL013191	25,3389402001075	-0,0377602982071964	0,371568084787782	0,752839817774925
AAEL013188	405,260966402865	0,63441926914616	0,296685726356147	0,473557455355848
AAEL013197	1183,03477586808	1,46417283772496	0,240637408878593	0,00327497234016573
AAEL019648	1371,65967423639	0,14580564650547	0,143562053039205	0,865705185134376
AAEL003869	22,6776350799092	0,187022598731165	0,387550579081223	0,685795753567424
AAEL003886	93,8301639265714	0,264602172305344	0,375981695915927	0,660587605042051
AAEL019628	38,1615764475863	0,437217813198476	0,344610711224385	0,583353738901481
AAEL021925	248,860279417284	-0,454338766839434	0,2894945251003	0,646197591575791
AAEL003871	1700,78160808296	0,570303786457573	0,211228509713135	0,674221841933792
AAEL003885	347,038316247463	0,0252336002375797	0,199081600401609	0,858174277159658
AAEL003881	103,809403804503	-1,40561206870107	0,543058846929306	0,0457378252215923
AAEL003888	7696,57864258969	0,906514928514613	0,260919057145538	0,230689257711934
AAEL003879	144,698284381983	0,0795837647069378	0,212178966429339	0,848896001356662
AAEL003897	92,1876541807928	-0,12111629430051	0,253619114795567	0,818717556787328
AAEL003893	792,951381216786	-0,479349569030933	0,304324948344941	0,600759069977565
AAEL019783	5501,0635618037	-0,260367869972966	0,317224763378198	0,722082416825977
AAEL003868	381,099268590037	0,104321057394307	0,258130074013602	0,818986098890977
AAEL017418	32,5874583575388	0,337567279640388	0,364807121665761	0,628270068312376
AAEL003896	1258,94887006895	-0,377858852528868	0,302595077771312	0,677763539962426
AAEL003901	855,752977434549	-0,7531935506391	0,34877105492969	0,321558438271452
AAEL003887	596,131936832247	0,141956734841554	0,185270101230872	0,85451064854125
AAEL003874	288,050634443469	-0,762495678315034	0,242381791936082	0,400800973299665
AAEL003872	27583,5422531882	0,136574317614513	0,186231897447423	0,854611761814907
AAEL003873	4057,62345653655	0,0425069343917392	0,254868713830042	0,831144640054291
AAEL003875	1040,42978695066	-0,255757766039311	0,208331018266	0,82349740236467
AAEL025841	158,625298338586	-0,0609964024800137	0,285673093922168	0,809415381718872
AAEL003899	860,798405757444	-0,229301888106296	0,234295208789201	0,809613125849962
AAEL003894	83,4587223459833	0,19608448349968	0,280035303948777	0,78014688831593
AAEL003889	1118,52539229072	1,20293270271313	0,57480428138322	0,0893190130603639
AAEL003890	449,051114328982	-1,11812648791982	0,308148944461628	0,0859680020098817
AAEL019766	7,81625588068287	-0,0670124658592379	0,471203771708169	0,665197271438515
AAEL014372	228,425136055465	-0,34328829782321	0,302486657172933	0,697533969927471
AAEL020269	34,2831550142816	0,327256251095062	0,530967361131371	0,483049367658658
AAEL020450	182,945210670134	0,703239046203793	0,291733486227236	0,410205516339435
AAEL008228	149,934777411949	0,101989915676465	0,236995700669918	0,83245776243018
AAEL008227	515,891475194451	-0,908591210395116	0,193129481976995	0,259779091826682
AAEL022132	193,982783017786	2,81410672774334	0,731161883651366	0,000657812331893959
AAEL008234	404,744169109725	-0,361334107128071	0,227595898829115	0,774338714661686
AAEL019784	1021,76347379547	-0,392592437354377	0,342009059827297	0,618002402854549
AAEL005238	1254,09605767326	-0,482842530740153	0,356792418873072	0,537218540878929
AAEL005221	4346,91902670935	0,10637819267188	0,226670962932791	0,838069673317853
AAEL024650	10,7547020906833	-0,0463070968077324	0,462816395450821	0,678972955146284
AAEL024634	30,1376804914449	0,0895639243380036	0,453783402122496	0,669270658547648
AAEL005214	1314,71122375066	-0,0339186658908151	0,165782540811214	0,865260336655735
AAEL005225	128,283811649589	0,362400936099584	0,302387592164253	0,687714344666827
AAEL005224	340,02028597359	-0,494250648929056	0,34814025176957	0,538127667158022
AAEL017116	15263,5127726224	-0,310328785863477	0,188567601158989	0,827283191812351
AAEL005232	70,8594327483459	-0,437676179264581	0,319937020119318	0,61200136557296
AAEL005239	308,694939036407	0,306775245435861	0,228652812416417	0,793221504514451
AAEL005234	221,742415331668	-0,642643597880012	0,386261084923867	0,388727254481063
AAEL005215	2178,21489728169	-0,32519946952728	0,242212902395227	0,772464476033882
AAEL005235	66,0254558773451	-0,439958366210912	0,431408722324591	0,493324731511192
AAEL005217	214,527835130484	0,257468517172029	0,336655539069294	0,702554263442522
AAEL005216	1683,39915859135	-0,0105376632443554	0,249889226432217	0,838693841680066
AAEL024466	6,10794021890062	-0,110159464577752	0,475765365537823	0,64191060690342
AAEL023104	14,3691546030266	-1,21320868667456	0,743664504348238	0,100593358463675
AAEL017514	1115,53464239068	0,761363661154245	0,561777471220098	0,248310208039828
AAEL029065	1,28358836585401	0,0785402872811918	0,534269159217707	0,603649463458894
AAEL005228	277,354507006628	-0,187765426809509	0,212573522060044	0,833561802605607
AAEL005218	622,471578297783	-0,0774964198239439	0,246810745805215	0,830480359921472
AAEL005237	241,852458674797	0,379966361991961	0,275037369126027	0,710763754550969
AAEL005229	167,568904063268	0,565539073991024	0,284613491476186	0,558786218796092
AAEL027594	853,101697568757	-0,28692038717207	0,232329300349627	0,796058071179287
AAEL005220	24253,2496547077	0,392844779677311	0,28285870739634	0,693589018919193
AAEL005544	1219,75420140636	-0,492865712075442	0,417053814989952	0,468112586482114
AAEL022387	1594,7528163049	2,71592152597162	0,38032875532521	2,49146619618018e-07
AAEL025782	2,40705494478006	-0,124556040426416	0,537266464711837	0,582052289140825
AAEL004357	6,08734046699055	-0,356719721177457	0,621349112678676	0,41511308346007
AAEL019500	3704,61112689607	-0,581486074066157	0,236603548947298	0,61549281758888
AAEL022608	1397,59240204119	-0,0834990906858225	0,153787173871815	0,865754431490663
AAEL004356	1153,76231541517	-0,498738647132698	0,237837487380137	0,687332352511454
AAEL004378	4189,18271016601	0,180090871420367	0,13647731238506	0,865828233341891
AAEL004366	38,4311159102062	0,580547074559592	0,410774083936859	0,411389276718629
AAEL004379	454,818611877979	-0,153845917264283	0,218167423633123	0,835597876756961
AAEL025143	113,272568288403	1,00783494450564	0,322085147157189	0,14474170686723
AAEL004383	63,8335785603218	0,178550408310882	0,354710007240014	0,719292258352708
AAEL004385	252,398833446826	0,00400379327993392	0,322832201827065	0,797098729399453
AAEL004350	338,593112976863	0,317381835581517	0,340998552424321	0,668633200225091
AAEL004376	312,975287727052	0,233198721736354	0,244212205782044	0,800349235700802
AAEL019403	108199,140045836	0,369809625741984	0,212842132386293	0,787555338232809
AAEL021501	675,35469158446	-0,392157748789103	0,172919118521351	0,82082217769277
AAEL004359	68,4206239984697	0,460329293928504	0,413148173914397	0,495608038607205
AAEL004364	645,322195685193	0,122183704888408	0,16190563609834	0,863208719363635
AAEL004355	508,646849415307	-0,0520838085587054	0,176441963221338	0,862862834019593
AAEL004371	705,108933831632	-0,216674597463019	0,219526656565429	0,82328460432303
AAEL018322	388,44408326946	-0,2988438066307	0,272425320467492	0,751271837308384
AAEL004368	797,519579451817	-0,232663225643886	0,204955067995088	0,83065670497748
AAEL004361	189,668007155437	0,28104784645559	0,325571404520369	0,703134602252932
AAEL004384	283,048528915297	0,14401665482531	0,261199716043533	0,808695144739865
AAEL020371	290,447646039609	0,280287810842622	0,257421851161442	0,773474778388778
AAEL004369	53,6673386959363	-0,292193361942497	0,441873744855808	0,576330833748109
AAEL004352	137,409906838106	-0,502673960768222	0,288075416083449	0,604045149537175
AAEL004351	1647,09433356887	-0,244837265514053	0,201457272747273	0,830891263633363
AAEL004382	1320,78439370534	0,22897174518374	0,317258476123768	0,734724020309046
AAEL004353	77,4633346775956	-0,183621455246175	0,26697793961085	0,795149598300047
AAEL022046	2022,05780710397	-0,525960698091344	0,319224005560852	0,547172475989446
AAEL011584	5685,14698106486	0,0896447318227303	0,131723101623114	0,866622582992159
AAEL026676	72,3920923589141	0,302988995437071	0,312034753088166	0,707869027701228
AAEL011582	223,131127486394	-0,304596277673317	0,264613250778482	0,757234514045943
AAEL023063	61,6727875297624	0,277613707431833	0,396200406157205	0,630538591406805
AAEL008711	21,3836091437608	-0,237784652760026	0,462563695940524	0,586576309758378
AAEL020655	724,793216262772	-0,731234436805453	0,252594323527413	0,424909653993642
AAEL008700	492,269213210381	0,1018012696232	0,18982051867387	0,855899383502926
AAEL008705	1262,45764002519	-0,378243923184176	0,268182528509788	0,719760988142848
AAEL008714	1241,53486757277	-0,0633087526869048	0,169463278411129	0,863794004254182
AAEL008707	822,935569285496	-0,0413523635432289	0,2254531631359	0,846713323128314
AAEL008701	1053,27676777943	-1,64672893706408	0,322835602399032	0,00273917878587981
AAEL008706	592,047115036035	0,0775025746243488	0,285921839210497	0,805682588438313
AAEL020513	809,399943543853	3,37041882868548	0,318330652005545	1,58070141643094e-15
AAEL012382	1557,98997961293	-0,348405874830452	0,17416487942211	0,830539182180596
AAEL018207	18,5984756020372	-0,580090025556367	0,574195113263126	0,328581661192848
AAEL010991	6025,27675957023	0,267312535043823	0,169263277813179	0,848661767158788
AAEL010993	701,978385592228	-0,0364240320446227	0,169651770432473	0,864675107567006
AAEL025979	589,175465489456	0,273160449113879	0,184183166261896	0,838194892446352
AAEL021284	621,159949470703	-0,0325812269406886	0,263312921599403	0,828053337086895
AAEL000395	1275,70835799054	-0,0524511798691706	0,150606736168619	0,866330382352562
AAEL000401	56,6127199381973	-0,175244838874294	0,314175910095377	0,756837625882498
AAEL000383	268,984995392144	-0,225537324912493	0,197486498588411	0,837151490087191
AAEL025524	185,221346556606	-0,120108030699985	0,226180006303851	0,836002818475205
AAEL000399	63,4175431243662	0,237792034001885	0,334366170729069	0,71446942438411
AAEL000403	232,487368015007	-0,21249207123901	0,192624504706806	0,842560614220664
AAEL000388	7368,1435512358	0,339001446941982	0,27327673629231	0,733215297208776
AAEL009524	8189,03777650359	0,206597107662491	0,194176253191338	0,842458999885418
AAEL022485	66,8265088915528	-0,00319254942385413	0,357470562968432	0,772674217803946
AAEL021042	8,75024377069606	-0,291724387994138	0,603916494653909	0,454687740494652
AAEL018259	535,601531366124	0,0115926110184534	0,262335139228213	0,831532977388759
AAEL013309	1870,70700436389	-0,301902140719365	0,151055443256384	0,85439491820981
AAEL019434	449,900297815353	-0,330035121299656	0,267064809353752	0,744369828410674
AAEL013314	476,679726372777	0,612583679105348	0,244684996293085	0,571493106351007
AAEL013310	208,006497678698	0,0277297218136003	0,278743234525104	0,819587455685628
AAEL007539	1705,6855003992	-0,568625525176221	0,213736532687871	0,67158895096328
AAEL007543	38,7192856297097	-0,0638451812168274	0,368110954366824	0,747780307365585
AAEL007534	203,384351332526	0,730309477331704	0,297608302115809	0,382037659317418
AAEL015631	2430,82414064363	-0,327387011186285	0,404136396423964	0,590490372751201
AAEL007535	192,827494335821	-0,215632942446537	0,261404237922393	0,790604604547094
AAEL019625	196,161227242035	-0,751409892521814	0,504944730436479	0,263305300946427
AAEL019624	622,888125250864	-0,236568219388305	0,270293981185401	0,77604770524757
AAEL000022	455,894558602233	0,535442226605122	0,28259561770387	0,5850777324203
AAEL000042	131,442036961862	-0,037551659999918	0,228971751661774	0,845581904025227
AAEL000088	514,137318324063	-0,0511812469431075	0,159816735856545	0,865655902634018
AAEL000008	746,749065092694	0,243273524631276	0,232255685795508	0,807617256901797
AAEL000044	1638,0669766859	1,80981325783416	0,346433665799458	0,0010233535353112
AAEL019508	29,7866216545967	-0,195466885613868	0,387063138761817	0,682614856909342
AAEL000080	15362,3016715933	0,0159036883942746	0,36895339246295	0,761251669175543
AAEL000025	117,075407044941	-0,188426813870571	0,467451009584584	0,606111172742439
AAEL000006	11586,3854564887	0,0337988162798635	0,370085693900813	0,754834120202278
AAEL000001	807,033759528482	0,281718454206138	0,18457681157069	0,836076230438656
AAEL000090	1826,35209742278	0,205494197135966	0,204731996975036	0,835634772017161
AAEL000032	53610,2488610591	0,40045503229648	0,215190354034007	0,772499458660324
AAEL000010	29263,4875578177	0,236094212945705	0,237470284333956	0,805089506149671
AAEL000005	597,684995417553	0,0902219944103636	0,159068014461308	0,864837487438318
AAEL000065	200,284351473038	-0,302069120705584	0,240927672689431	0,782286866402575
AAEL000055	1010,6257846636	0,240865781880352	0,226525591257527	0,812722871084758
AAEL000073	37,2099436934748	0,0026002233851806	0,397493115108623	0,744413537755192
AAEL000051	32,4813065321364	0,12094173289421	0,368102222765102	0,729615308475808
AAEL000071	20,3512106069811	0,464900085252081	0,660992182993167	0,355501038284805
AAEL000035	26,1463351500116	-0,0357161183337211	0,351162610478566	0,768768546468025
AAEL021256	823,908517018329	0,761767051825272	0,254738638915962	0,390585475463747
AAEL000057	31,4719011365427	0,905893639308645	0,567700207871063	0,184067748670959
AAEL000058	1,66572105563373	-0,0715361732356084	0,537627832566781	0,604242729519498
AAEL000094	93,2400037737874	-0,57223496961105	0,569845428744422	0,335495234707662
AAEL000050	411,245248528622	0,757972161227968	0,245066801587806	0,402816757776833
AAEL021963	609,5576996473	-0,38097668558831	0,413451523971997	0,55065155519335
AAEL023601	437,490666883339	-0,0652467610335218	0,211010947159681	0,850759318748335
AAEL000076	265,816537111777	-0,0248095497649441	0,184891442090045	0,86208790213035
AAEL000020	681,295733709349	0,134819195423456	0,15263753260292	0,864587510544816
AAEL000046	430,940678598654	0,328539409606175	0,206806524058222	0,807010420109603
AAEL021083	47307,6312614475	0,275846484502243	0,26091098978081	0,771374821093462
AAEL000077	972,87996063305	-0,11381117423177	0,199102085559541	0,851199096134359
AAEL000026	199,344323573378	-0,171520448164807	0,218105793052387	0,832763780345332
AAEL000091	791,223546318114	-0,135175200664455	0,214308143302385	0,840988000548928
AAEL000004	1041,39224302094	-0,501735085067567	0,220727238082685	0,711204388316372
AAEL000033	322,043899110976	-0,237212533945391	0,208217873969532	0,827567727169029
AAEL000012	16,8358458383073	-0,196117810470134	0,450415411512227	0,620024690308908
AAEL022932	69,5803700075063	-0,819044676570305	0,42863507307093	0,246658884087365
AAEL000092	352,053091504065	1,05069301866815	0,275940297242275	0,112513446879828
AAEL024669	7590,73677255005	5,07578676096434	0,373619957763903	4,73704658748761e-29
AAEL000038	649,880015752096	0,539721505332814	0,312487581932331	0,54376999962049
AAEL000074	4450,27142849018	2,35347085015755	0,408982481400664	3,38976610718084e-05
AAEL000037	3195,08014662878	3,84108865769924	0,428705083753272	1,83013354116465e-12
AAEL018109	777,806555689345	1,31625022222455	0,454904372304794	0,0515065177897249
AAEL015430	937,765380038748	4,4665458763924	0,509684562146079	4,10055293244821e-13
AAEL000028	8784,0751582218	2,08454875508794	0,409012236281206	0,000402680617255623
AAEL025334	66,9511672145181	1,12808016210918	0,417403906814838	0,0969179416703345
AAEL000099	1343,00684776297	1,31209516275333	0,211715437485382	0,0102567099177562
AAEL000087	1256,57022807823	1,09579344328957	0,393069093300574	0,106061015428643
AAEL017335	72,5761105191896	-0,869957408593352	0,37135091857782	0,228432894795284
AAEL000013	341,689476578737	0,0182821621870241	0,183093575360121	0,862811442928701
AAEL000053	477,169559585296	-0,413773827805133	0,213146206940976	0,769056951276638
AAEL027228	312,92733895779	-0,666606286921499	0,291872302802499	0,44712170122828
AAEL025818	1107,33270517871	0,0274514813824152	0,24239792187385	0,840277014353082
AAEL022948	121,162428291483	-0,043817135818611	0,248927671647441	0,83437099903235
AAEL011564	3702,23379742207	0,422463509676617	0,171392041280944	0,81388691463104
AAEL011575	1029,22375885659	-1,02051737417931	0,198340422698493	0,129537334440904
AAEL011568	1513,01686004981	-0,0136269392692887	0,229506814970495	0,848033580273943
AAEL011567	1037,833035573	0,683213209839634	0,177034116826879	0,621210322773799
AAEL011566	500,676536456561	-0,138769275687235	0,315139922317563	0,767717313811897
AAEL011570	186,094529555287	0,329980302319575	0,237862236471205	0,775264719132625
AAEL011563	298,777603098309	0,192637084521059	0,250655589232124	0,805322006025619
AAEL026551	58,1147402162899	-0,382581264548367	0,603168790323984	0,411979632682571
AAEL019496	165,088212531237	-0,18547117829999	0,465643697569759	0,609414554456223
AAEL019769	394,773817676231	-0,0459062970678181	0,210215463606002	0,852621776738559
AAEL008128	720,691034212316	0,638237988580667	0,276204107705927	0,497270586925156
AAEL027174	108,836239902662	0,00177322537163076	0,263901033950175	0,832169856352417
AAEL008134	2538,18614048672	0,28771092446104	0,252686158627556	0,775571741366983
AAEL008132	2,45220091908252	0,35883285459571	0,673778965517428	0,39408402633196
AAEL026609	17,3107288128027	0,102964688238744	0,479010510871823	0,642400955542339
AAEL008125	110,68719670806	-0,648652483356027	0,315384132980214	0,43811889479455
AAEL008136	148,124836482297	0,571903679242724	0,243856464118059	0,611238291993276
AAEL008120	396,801772450692	0,215643255692321	0,242897392378746	0,805836721258696
AAEL008126	723,636433085945	-0,61338657258745	0,275559744022921	0,522756743898246
AAEL008135	525,14323567931	0,201604340833731	0,182985893853365	0,849455217848761
AAEL008133	409,43803026942	0,546584872214839	0,195328133205149	0,72022823687744
AAEL008131	1591,53435262029	0,155190441249963	0,172235317311778	0,858297794407968
AAEL024736	863,064237861066	-0,486307185316644	0,175601857672534	0,784701328877381
AAEL020671	106,973031510253	-1,01536741886853	0,388323265823481	0,142059330043235
AAEL008124	315,44686952281	0,0336789549800019	0,291130531984039	0,811156351072561
AAEL000181	1475,81398125047	-0,132022856664997	0,216873689309015	0,839945376535704
AAEL000213	2011,39268632952	0,679335575430711	0,428108589727688	0,334549631564381
AAEL000164	189,976206492543	0,173346938013467	0,297764037541386	0,771480716006088
AAEL020116	666,706827816095	0,134166382939268	0,1894253890778	0,853403727759466
AAEL000166	55,0544028342341	-0,4288143892005	0,410731470569615	0,519991050919198
AAEL000188	85,4051464976563	0,373414313139995	0,338508350215719	0,637776173077019
AAEL019905	129,964876207709	-0,530691858067594	0,344788635761622	0,51252434770809
AAEL000163	255,88252458451	0,256121345657312	0,243772292015106	0,794606403169513
AAEL000214	308,139050642388	0,888406931908682	0,246338512138217	0,25433952921525
AAEL000217	1467,8649881339	-0,538184391407673	0,274603130335636	0,592685473510756
AAEL000159	1164,13436748057	-0,0605782546206414	0,163663466320843	0,864874904391583
AAEL004456	384,272608507854	-0,138692618810971	0,195931804563198	0,850133112608028
AAEL022669	18,5529709226776	-0,270397408523957	0,463866497832782	0,568635756241894
AAEL004471	948,315636969268	-0,0597517316315469	0,194999066030456	0,857164402487211
AAEL004462	953,889057747965	-0,27812234441431	0,261599379218761	0,769918057551863
AAEL004480	314,729313487945	-1,04182893771463	0,25562833558943	0,117004755485117
AAEL018323	2434,98004062412	-0,48556449309729	0,353744021534665	0,538775025593576
AAEL004472	3683,05782911453	-0,463200929519028	0,418747151589697	0,487610582499447
AAEL004449	314,541984262148	-0,240248607451473	0,232779598582913	0,808044823981327
AAEL004482	328,396669979501	0,391304186926259	0,24594258108496	0,739879875156038
AAEL004455	524,321814925645	0,202496945999945	0,186711969890312	0,847272843196435
AAEL004474	945,810782950691	-0,376984738694985	0,211993621049348	0,785702450712603
AAEL004451	218,555056720326	0,278367063122083	0,24699990725696	0,784260462020693
AAEL004479	130,634552874986	-0,19485811088385	0,287760855828493	0,773821120107594
AAEL004466	42,8905351335527	2,73096520669551	0,827781547653615	0,00228237135494202
AAEL026837	743,260198099253	-0,679835041705817	0,239172208649506	0,505148084475287
AAEL014369	4,42122290210916	0,028418224666921	0,501078363105194	0,65744926106322
AAEL014368	425,993248246292	0,073779804367493	0,255967503147055	0,825618435799004
AAEL019444	1198,90963507762	-0,941048275226581	0,282856724766632	0,196046004827933
AAEL012413	414,611147725608	-0,201703704077257	0,243470227331955	0,808919242824319
AAEL012419	1941,98638168585	0,13250639020886	0,228229015110336	0,832840110873665
AAEL029016	358,86824833228	0,129614282623576	0,171409374129298	0,860271885616454
AAEL012417	455,783924079713	0,142935756599924	0,284929580206503	0,791316661746117
AAEL012418	187,798075316855	-0,425410945400067	0,283082541846406	0,673394563999661
AAEL012770	65,7610369315302	0,388840180738942	0,311766594964935	0,661179414368086
AAEL012772	61,8039279770567	-0,566885308408088	0,376445592406452	0,448364085671459
AAEL012761	47,2907371261618	0,267175219953703	0,314994332106147	0,720952150748794
AAEL012762	23,9894889014242	-0,191165480651857	0,365259592023401	0,704116213322431
AAEL012766	16,4902256448212	-0,340067572333435	0,451421182459896	0,54096428867821
AAEL012764	10490,6681876517	0,792892332502569	0,407951474203498	0,267086761849654
AAEL023732	7,68025263842659	-0,129088387853303	0,485956805929173	0,62184590633051
AAEL027236	32,0156751606632	0,673736483514332	0,55780724005655	0,287914717015983
AAEL012763	489,437154953688	0,992352862862464	0,313701670439218	0,152824968576333
AAEL012767	110,244835868508	1,13323025120605	0,281381783648063	0,0750491376592482
AAEL000340	56,3156813928799	0,590257334452398	0,473907160175432	0,370046891840452
AAEL000336	124,550292613499	-0,208829241480454	0,265295439694883	0,789316902381082
AAEL000338	208,21776294582	-1,5532887896579	0,425481744340823	0,0139842028711124
AAEL017136	203,801039070546	1,23829451789631	0,311778544158219	0,0443768450371544
AAEL000320	20,1278455040033	-2,29135013754	0,671109905923562	0,00337044758391475
AAEL029116	32,4653278167337	-0,465651482197198	0,750758388813835	0,322777928311649
AAEL021240	3,72465959326214	-0,148802675941623	0,540881535038886	0,568865628250931
AAEL011811	864,686694140208	-1,20931812662463	0,244841612799548	0,0366777093084318
AAEL011807	106,547132064331	-0,231372157074173	0,326343911323476	0,724821144471978
AAEL011813	794,06887570042	-0,00415809221215616	0,147405319554647	0,866561813255962
AAEL026800	28,7913909061218	-0,119549713203566	0,385860137609898	0,714684658192725
AAEL011805	108,524055375593	-0,0554230420866421	0,264165982488181	0,823646057914308
AAEL011815	933,769315981659	-0,109944159854244	0,170789013472353	0,861553308892641
AAEL011817	1426,91874354506	-0,0630164279098195	0,222703765494712	0,845614461770083
AAEL011814	612,226278765852	-0,0674569552924649	0,183055135139461	0,86041839283845
AAEL011812	231,797347986436	-0,0722455141919459	0,243484347727764	0,833201734499555
AAEL011819	518,568831253919	0,196679879143436	0,183916884277625	0,849532559852748
AAEL011810	376,705170049282	0,645467611343349	0,243467929321441	0,539162676876787
AAEL011808	0,694896552396849	0,0459989243457559	0,536239945413717	0,618740036310485
AAEL011809	34,426653848273	-1,0033724807073	0,525517003998753	0,147730863238435
AAEL019738	13,208537760775	0,149342653912692	0,44847822799671	0,648817700807067
AAEL021519	210,975609557118	0,0893733826917265	0,225821627808675	0,840867060314882
AAEL018026	45,4846060606607	1,28112785567343	0,390037299801346	0,0482615781236789
AAEL005771	0	NA	NA	NA
AAEL005769	976,744302794388	1,42983101931181	0,162378492547847	0,000412129368989382
AAEL025744	175,415146519068	1,35451619889309	0,48636575086588	0,0477982183619341
AAEL005779	147,840809339845	0,316546674912137	0,226131862245736	0,792405151918294
AAEL005776	37,3201638201944	0,0499514256234692	0,383374048255014	0,740286030544556
AAEL005785	9,93668026559642	-0,250550342647286	0,509120926280365	0,543516187412356
AAEL005766	25327,3653588217	-0,358805615511839	0,213802616474078	0,790485465732519
AAEL005694	120,501189433572	1,21847055190375	0,247696736875763	0,0356277592473321
AAEL005691	40,7028683478561	4,4193669250979	0,692247754402517	2,64235297286464e-08
AAEL005681	9,79258650327738	-0,474381176356977	0,698340375734436	0,336438281641736
AAEL005687	305,491056961502	0,141533366930753	0,3636029611373	0,725422951458517
AAEL005706	497,856505610031	0,223134091587655	0,323979437325566	0,730873525016826
AAEL005709	1085,75800703708	-0,0586958815784827	0,166095209050421	0,86457498742614
AAEL005699	1970,19121771907	0,411476473006283	0,217535276760448	0,765809365063233
AAEL005688	179,369162386995	0,0897687885674239	0,230020484425912	0,838604968962842
AAEL005678	468,905164428573	-0,187761311139363	0,206531201617941	0,83762087861006
AAEL019464	16,1493865272918	-0,677971002965697	0,621962038594966	0,270840785282228
AAEL029104	3392,71488422159	0,287017092211529	0,279115780679805	0,749137402387213
AAEL004212	258,306688105782	1,1151720774169	0,272114981708128	0,0804626952836487
AAEL004211	318,792965880857	-0,546398785151354	0,238889508803597	0,649132852184849
AAEL018317	35,1325184106773	-0,447555103032497	0,5831280816316	0,393468453499295
AAEL022076	255,967482405784	0,33994960938026	0,252254342604577	0,755799776115672
AAEL004200	402,508176690786	-0,110238386412363	0,252689930141016	0,821106415506351
AAEL004206	38,6184237360435	3,55692901411854	0,555142598291566	1,60593314628301e-07
AAEL004216	17,2073243665476	0,170556305167605	0,41892565812461	0,665125007564698
AAEL004221	2345,43486366526	-0,491823508595364	0,17310532717878	0,785484229446673
AAEL004213	1445,52576335909	0,132805395615536	0,41083553860512	0,688095468543516
AAEL025686	929,911490625312	0,782214467299001	0,391769072772447	0,281139189797317
AAEL022484	0	NA	NA	NA
AAEL013719	0	NA	NA	NA
AAEL024641	33,6551718032458	-1,07944752749011	0,437392496075253	0,113111577381238
AAEL009567	76,7246086914277	0,29308350985371	0,287166461284551	0,738426027395852
AAEL029014	438,295752689598	-0,0171783340716741	0,322221114851472	0,794577735771851
AAEL009561	251,430457409909	0,927886734888085	0,51641373907663	0,179331344230007
AAEL009569	1206,68341691629	-0,120322055258046	0,193529060961147	0,852725530944692
AAEL025454	71,7388788719676	-0,441648968126174	0,50674011762999	0,434816606444993
AAEL000815	837,577431198985	-0,286419470313249	0,226344808688036	0,801320699278803
AAEL000804	254,435224714038	0,391848274265186	0,248281555790162	0,737141445690564
AAEL000795	8762,99253719157	-0,100201722574375	0,188822554044031	0,856351726735902
AAEL022540	428,805254821384	0,109051921876156	0,195069064153871	0,853330313384311
AAEL000810	144,799236397817	-0,743149858006867	0,394438234955375	0,303366181651328
AAEL000809	23,8128274565019	0,463476971678306	0,451879360549367	0,460026168268009
AAEL000807	1331,12715075374	0,0655056225764184	0,242417239977949	0,83467009687422
AAEL000823	40900,178038337	0,35058501538152	0,254067779704412	0,749348182602482
AAEL021073	403,269689783393	-0,0913002184672865	0,258536792332269	0,82080027607775
AAEL026619	390,561814691669	-0,167810068202607	0,196785935275164	0,846052652997419
AAEL001188	777,995230779072	0,111187395248433	0,18411575703608	0,857261862695272
AAEL022214	540,728100972646	-0,470320366398287	0,242946651930354	0,698728925053484
AAEL010636	122,154003162511	0,337610473528003	0,390262045376488	0,596505269478974
AAEL019566	962,869072064095	-0,442881113454904	0,386886996966797	0,534207859648177
AAEL024225	28,1945733104412	0,183430948478792	0,378859837342087	0,694812947810014
AAEL002581	416,834093706988	-0,121209109830325	0,290426205017701	0,792697432124233
AAEL023523	473,991724207696	0,129173591076645	0,241825426316872	0,824868261473996
AAEL009880	556,65108029561	-0,257391577118646	0,174157324093226	0,847097434343951
AAEL009890	553,532961971147	-0,264238386165176	0,235703746125683	0,799341039089845
AAEL017458	261,343712914314	-0,185856082614104	0,23845054507903	0,816241646182137
AAEL009893	965,530687942125	-0,294106868051329	0,272476792818289	0,75292182211217
AAEL020592	3093,2433886964	-0,559897811179739	0,244374872874472	0,624099693974669
AAEL009883	1559,93901101005	-0,0289410491273352	0,164492320055007	0,865520189064985
AAEL009895	884,965979990707	-0,128319046695382	0,176133476979519	0,858871375270533
AAEL009887	933,068086044215	-0,369832767561449	0,184592153701006	0,816218621375543
AAEL009894	874,731344415057	0,359940425180922	0,175244223802397	0,82701814196904
AAEL009879	790,217343401206	-0,0913132434365773	0,146379363844486	0,866196028753149
AAEL009882	2054,86006439965	-0,524770764458579	0,183784273655742	0,752305513006475
AAEL009891	896,763528479809	-0,0681165082417056	0,149621750024005	0,866208253876128
AAEL009888	512,839844485501	0,330909476771775	0,177421793693712	0,831687814447531
AAEL009892	28,332092382904	0,297525882832094	0,437829430850218	0,576886772381621
AAEL009881	210,004364861341	-0,0343861155974019	0,221847883706773	0,84925375632844
AAEL007360	680,775931225265	-0,619362631620422	0,200302971646894	0,649761551210418
AAEL007363	171,603927010195	-0,382569871670377	0,314293128953998	0,661916577042261
AAEL007364	147,32346574602	0,306759195792788	0,247627616110262	0,774028425611655
AAEL007353	716,572473119055	0,0724453220664623	0,163785351686309	0,864562461990946
AAEL007351	358,94776441449	0,490290449359492	0,301155808103464	0,594964936795229
AAEL007357	114,462404304231	0,35889767846196	0,275691708715103	0,720797324539778
AAEL007355	379,318667759671	0,071942968182691	0,210401194008911	0,850393395196288
AAEL007356	674,684725590902	0,156673214087024	0,172476935721711	0,858023018919004
AAEL007354	604,503653391648	0,405009896177847	0,174311971523015	0,816126464686528
AAEL018139	834,050465471475	-0,60710559932986	0,206083722110033	0,651168354701542
AAEL025353	19,1250167723431	-1,03535823777649	1,0661862378907	0,143250512966152
AAEL019804	90,9945470150942	0,0985160420656964	0,254986157047131	0,821628822229006
AAEL019805	86,7136886326783	-0,189798536318543	0,304303979985299	0,760558858760033
AAEL002716	61,968690814742	0,306368318148208	0,301200509915116	0,717666446823113
AAEL002703	861,445871236666	0,237823595254593	0,290394629444877	0,756718310732085
AAEL026581	18,8524828257608	-0,582972714676571	0,626891594217219	0,308179655394163
AAEL021746	3089,96951748926	-0,403645713696754	0,261189907624849	0,714953264607501
AAEL002701	1211,24392735944	0,127532449981053	0,224282029476708	0,835984455224013
AAEL002718	32,5746738826481	-0,800784500776882	0,482518271836745	0,24333451882593
AAEL028239	868,101581492526	-0,031860873035272	0,172793066521667	0,864235985469304
AAEL002700	1078,40687672443	0,0414077005223512	0,163065554551752	0,86542131594005
AAEL012427	2930,03549693594	-0,391881649692818	0,192526857111543	0,80182966356772
AAEL012425	217,803202853404	0,0545311428226015	0,283513415195087	0,812003058592353
AAEL012423	106,13454878201	0,0107742576927964	0,42051430538604	0,724216865540936
AAEL024560	84,3109505904188	-0,632843403656389	0,713736861220539	0,269235656622983
AAEL025836	453,402752780408	-0,0529652069010525	0,191993229134356	0,858667058748109
AAEL009418	8,49159556242834	-0,0970658643654542	0,44947161122031	0,669764906885104
AAEL007523	394,90240236225	-0,322904244102637	0,276575826835279	0,737095347853323
AAEL019758	1068,97160965896	-0,692122365794319	0,259119161289663	0,460708194512137
AAEL002442	74,0914573486773	-0,00269897245730272	0,269789736569043	0,828896638554913
AAEL002437	731,891349554616	-0,0495002197314282	0,194247440112243	0,858091812639404
AAEL002446	845,623554319981	-0,286965645465313	0,205966588064048	0,818380761966321
AAEL002449	17,7204664125506	-3,21370712135194	0,762231476286884	0,000162532489092299
AAEL020062	23,5551091880299	-0,20392022526928	0,536911190817236	0,546294908136462
AAEL002447	123,388893747582	0,433807751195897	0,399142501802286	0,526992939589947
AAEL026802	17,392838857617	-0,289004730244524	0,532929111638619	0,503677824733853
AAEL002456	30,9789706801444	-0,171645717176146	0,381266441769168	0,697713758556001
AAEL002777	349,246139636221	1,36333673944484	0,281938813270561	0,0149215502235779
AAEL002797	1321,82785361979	0,293683955118239	0,303420590973133	0,721518396690785
AAEL002779	496,094589351336	0,983810363710417	0,251293210303439	0,161774729420937
AAEL002788	699,106771826058	-0,435280504660484	0,27427191413298	0,678234912615726
AAEL002789	1252,22583031906	0,500761939160388	0,227568681901912	0,700092841486029
AAEL002782	360,878774146902	-0,13821079611654	0,19662181434988	0,849871923206121
AAEL002818	1356,88195390919	-0,24522102725406	0,189640915886118	0,839295595779861
AAEL022913	270,324750791258	-1,4791054213535	0,251335850811367	0,00356390850391802
AAEL002781	1601,78546454753	0,181298086554524	0,294565782037347	0,77190333613084
AAEL019579	1411,1158557615	0,229558421452704	0,224951916728023	0,816746751903505
AAEL008045	137,409431689852	0,249443237932627	0,487010300335257	0,5612832268387
AAEL008048	65,9334122366942	0,194127355009052	0,296659054764133	0,766546670965838
AAEL008044	392,648091383966	0,344852892038926	0,289065626861245	0,712682180336263
AAEL008037	309,396568867098	0,214926169561269	0,188425685410297	0,844582260662618
AAEL008042	304,724458189625	-0,340252075174401	0,269923269306453	0,736541001556727
AAEL008041	2749,16719677825	-0,406968190994948	0,231390008703625	0,749894687326177
AAEL008038	145,552700529959	0,0693041796473016	0,222163142302233	0,845173771910602
AAEL008815	273,598259271621	0,771025906713415	0,28719082280498	0,351444130763605
AAEL008801	2537,74207487716	2,46198456561195	0,30541119815973	5,24200748727514e-08
AAEL018165	39,9353233495642	-0,153483521545369	0,324016299334607	0,755116537480334
AAEL008788	154,663734858567	-0,254252251003537	0,211970686738714	0,820997199391712
AAEL008799	30,2200796541874	0,0189695994492232	0,444665263181901	0,702728592549078
AAEL008797	3,68965551729401	-0,220097305998945	0,592922714377895	0,498773187630502
AAEL008820	15,8579248075174	-2,34088411543522	0,704716367709385	0,00361336209538612
AAEL026403	4218,30704168945	-0,159967684386793	0,278280390982798	0,792082709468006
AAEL008789	3475,04657559376	-0,586448563999582	0,398029906420314	0,416670115991326
AAEL026501	10,6134138801437	-0,608810944626511	0,619296999971677	0,298507463431342
AAEL018164	1196,22218820179	-0,229698277480064	0,1688420433638	0,853094892536399
AAEL008787	4602,10054015409	0,030077163454681	0,167571946306141	0,865136244133921
AAEL008800	673,814557624165	0,389781975230622	0,199764907968051	0,794806855570765
AAEL008794	507,231727555238	0,121359476935375	0,158558243814834	0,863869976726067
AAEL008806	1809,20111204177	-0,0305885997338749	0,185043814828624	0,861840678009902
AAEL008790	335,129067952122	0,483222447609507	0,200732999274621	0,751354829016993
AAEL008807	372,676311717352	0,0702634366788937	0,188297991450025	0,858762480024557
AAEL026276	107,668856194843	0,10633993909539	0,282409418165575	0,802096511930802
AAEL008785	1780,30631642061	-3,23727123865848	0,282846297703999	9,87027816842992e-17
AAEL008803	362,501133965395	0,115794341798593	0,178559333472457	0,858925759954873
AAEL028004	775,497649486614	-0,12123776620025	0,210510849426566	0,844730561263383
AAEL008786	846,122498622316	0,253695146193298	0,254932612259956	0,784889731273883
AAEL008823	628,872325799386	-0,308343799951701	0,351605893293405	0,662504202846595
AAEL008814	885,612623851548	0,265165644673164	0,198797438549078	0,828876655604998
AAEL008798	319,278487125668	-0,470828709740958	0,455730004502141	0,451188568200269
AAEL022900	33,2743109924186	-0,0134345481556701	0,363146847225592	0,766583419589954
AAEL008822	101,635567600669	0,224518958363915	0,301205829134717	0,751396304536148
AAEL018163	523,433276092698	-0,541375555467792	0,306426499865888	0,550404594571055
AAEL008811	142,64417327367	0,0159632792587829	0,276420495477596	0,82290027937389
AAEL008821	24,9488357177958	0,506941013060285	0,480555254810547	0,413157462581364
AAEL008793	905,674624458931	-0,00540001420620046	0,183308975904729	0,863272580825562
AAEL007783	643,206003044924	-0,320529654311192	0,231436732603587	0,785546622000562
AAEL007777	3106,01750435989	0,569694056354919	0,238677327414611	0,624278944106994
AAEL007787	3070,17072625828	0,108893162101257	0,226827790628133	0,837422621124797
AAEL007778	14297,5122366193	2,72791695708763	0,234923183752285	5,77407266019677e-15
AAEL007785	101,088013612304	0,880190886155328	0,338256277276618	0,229562321827894
AAEL019796	31,8730208162635	0,245652843494102	0,373956248813841	0,671169718165784
AAEL007780	493,984806137102	0,484238150407005	0,32977578000519	0,56632467738758
AAEL007776	1303,34094540269	0,182249755100715	0,27181772297576	0,791346226961637
AAEL007784	137,666628833693	0,69011693751807	0,302234178294738	0,412569221972343
AAEL024462	8,90245280711006	-0,271331379710645	0,572726980434045	0,484630560583271
AAEL009097	45,2093093326439	-0,0164322788627235	0,372460899193854	0,758339327129561
AAEL009099	672,025155077666	-0,168417588278457	0,232926053709155	0,823348497303909
AAEL009093	973,894168903726	-0,335294862074202	0,203160984240953	0,808370527103141
AAEL027644	794,354491638051	-0,692307821777073	0,258538001213265	0,461388568004878
AAEL009100	305,908310448761	0,0231967226572603	0,201882761675231	0,857400861103291
AAEL026093	98,6121020214509	-0,736798898089293	0,320714635470295	0,359070031452074
AAEL009101	5362,3850779396	0,382381788347985	0,225879595210705	0,767790107060795
AAEL009105	1503,27347527989	-0,0065996479653839	0,185719908633209	0,862721415779261
AAEL009092	2041,69317104639	0,202769194127738	0,142963261550314	0,864097386486871
AAEL024171	79,583273403728	0,810839481737683	0,295082732389306	0,300302124180848
AAEL024055	366,55884074261	-0,314496457664335	0,391839273742069	0,609510945788708
AAEL009090	132,609550452672	0,0967746850683085	0,23074714924585	0,836933934639769
AAEL019860	92,9764835903275	-1,00710541547964	0,527940182051527	0,146234227815352
AAEL023799	39,4248955130996	0,0259436759819269	0,379921850343418	0,749936634432078
AAEL020997	321,21575816669	0,633391674337648	0,440819859295667	0,362389696450881
AAEL025024	71,7530905965654	2,20531311220362	0,663318998180865	0,00429572483752847
AAEL007634	390,529014753258	-0,0677069071946333	0,217783982178014	0,847543139874983
AAEL007636	467,939346022033	-0,147129407062113	0,17395751693819	0,858242924422546
AAEL007633	705,624948866587	0,0131584512865197	0,249048061934445	0,838818099495703
AAEL017280	2967,48314592828	-0,557163760887642	0,351736846041376	0,4811418749943
AAEL023288	67,3414870997712	-0,155834254040282	0,322857429113813	0,755438529569773
AAEL007637	816,26677295104	-0,492791576941663	0,190825484762066	0,760172289724351
AAEL005915	916,702209493832	-0,42563933308523	0,244606683505003	0,723812575971368
AAEL026392	93,3448891521645	-0,0746573694726749	0,263795356713728	0,82051507242858
AAEL005922	1343,12661746059	-1,04803962769272	0,300002549745491	0,118196315099393
AAEL005923	143,701606959282	-0,0925190250732451	0,278542774456001	0,807566830538969
AAEL005938	463,737240759489	-0,558107933551132	0,184289566000145	0,73082533855815
AAEL020992	7126,79756403033	-0,424162174288103	0,210054876227753	0,768515631529322
AAEL005925	1,3564430497295	0,121134947186154	0,543552655619066	0,579537578561823
AAEL005936	110,438213865813	-0,845871508612215	0,375001816139464	0,242777829903126
AAEL026331	140,569686592937	-0,862741132756181	0,26756352282887	0,268699011945396
AAEL020519	53,7701630432272	-0,0711032888892185	0,413272185209911	0,709823404265534
AAEL005918	1563,316323712	0,855888708734786	0,278201394133336	0,271107452242372
AAEL005926	963,113047146542	1,32166589546915	0,262819317576639	0,0186006365963136
AAEL025460	3010,32659308177	-0,257736565814667	0,29140780521945	0,748078366448275
AAEL005929	1214,06193491641	0,186124308235848	0,238102234838613	0,816425639220505
AAEL029012	273,68070944578	0,0695816389455755	0,236347201325978	0,837782730544574
AAEL015455	448,397795404335	0,0494198165194725	0,235076663339303	0,841246541225221
AAEL027560	902,089616111325	-0,467693987174134	0,209693317783539	0,747353365773974
AAEL005931	4847,02983144267	-0,26014566266096	0,214831525280044	0,817771400367426
AAEL005928	243,735110704441	0,547926221383452	0,249178373935879	0,627478403793028
AAEL005921	366,584048505054	0,265780310370932	0,26273977669552	0,773301213993594
AAEL019908	173,24859755617	-0,901550354121955	0,492666147325431	0,194015980215688
AAEL019909	691,058442292025	-0,13000840263539	0,228028129340093	0,833372486238115
AAEL026903	65,1483897807493	-0,0900089317290462	0,334483908607878	0,766767008352257
AAEL025311	15,1555813184291	-0,199911040743466	0,453187879543192	0,614461190244455
AAEL027170	0,688095540016648	-0,00301574042823163	0,535459296341759	0,640019393729959
AAEL025937	6,86815826506668	-0,132676133263354	0,482711665908764	0,622930850651532
AAEL011306	474,517673683475	0,220456953304769	0,190953942840514	0,842357254458288
AAEL023822	1246,22348182112	-0,228790801855955	0,186672770209211	0,843536181119509
AAEL011303	159,549365660567	0,0669799713238333	0,279402124287737	0,812123406889681
AAEL011309	2408,13695689991	0,294803754192262	0,165469517323989	0,847033549460466
AAEL011301	425,911206141499	-0,069232123190102	0,223335998743759	0,844598752474778
AAEL011302	12373,6445885302	1,72135949357719	0,257426598119054	0,000236927432024299
AAEL011307	29,3937934952733	-0,214561623045963	0,422880883513236	0,639357307046039
AAEL006188	160,442581015703	-0,245617617531902	0,262450764219812	0,780473745608579
AAEL006186	1479,15743349055	0,114545248492168	0,242132210621249	0,827262832083012
AAEL006175	143,647684975728	-0,0449202803014687	0,244942888688963	0,83644230880371
AAEL006172	862,818627147379	0,0489692094310213	0,178321907404037	0,862605492825267
AAEL006177	1484,40309607858	-0,332667103209955	0,195213023276042	0,816448612707713
AAEL017064	1092,30121276937	-0,0401663043335486	0,181662990413302	0,862217665052646
AAEL025574	1378,3800607163	0,82094565174639	0,365024503872698	0,262763367512018
AAEL006171	584,48907895485	-0,737241951855067	0,551843847596461	0,260591211067865
AAEL006179	56,8795407269288	-0,437502225231744	0,449797090326045	0,478902095379388
AAEL006185	746,727237794653	-0,0332231756781467	0,181143861972651	0,862644155556616
AAEL026294	22,7735989379913	0,181697317443786	0,450020676494212	0,629145736471721
AAEL022310	4,89910247725283	-0,152440408317168	0,523582235416661	0,579757294352214
AAEL006178	56,551313044399	-0,377741365712822	0,527501909431164	0,457800050730264
AAEL026945	111,613027927932	-0,403868962680985	0,507707416461005	0,455555886634531
AAEL006174	1381,90222564427	0,520853785312999	0,237224069093826	0,671867876870283
AAEL006181	762,912271023091	0,653624541875742	0,25049256222777	0,517477757345369
AAEL006187	1892,59985607657	-0,0768623186939324	0,156265282175109	0,865544884650184
AAEL018113	571,915866413175	-0,269013096204192	0,186642165502247	0,836970234159906
AAEL006176	228,14305437125	0,204576054056534	0,344306263800828	0,718612597580936
AAEL006180	336,489432172988	-0,157511273407681	0,238520235970643	0,821498504232836
AAEL011475	28,472398747911	-0,0633545644327529	0,389821641245369	0,731546446734863
AAEL011480	462,240214642983	-0,14339074018144	0,260420534571178	0,809539019612905
AAEL011476	346,877312294694	-0,0263073179792348	0,247138525067053	0,837962188679961
AAEL011469	1334,0426753894	-0,637320806321952	0,335852229087361	0,428303141429739
AAEL023096	461,768408922737	0,0927100534040886	0,228684678332481	0,838959874675359
AAEL011473	176,033097924177	-0,0739885363564546	0,203753062165801	0,852710717855953
AAEL011471	59243,1373749048	0,395785685115154	0,279091634355959	0,696632036210167
AAEL011472	281,322836340329	-0,209459497075818	0,247336981278943	0,803840199998634
AAEL011478	2923,4557518701	-0,204872090003383	0,255341777845887	0,798736821802828
AAEL011470	3206,30660553949	-1,12608977599565	0,293389547793167	0,0793726710794347
AAEL025645	27,3540844289709	0,107228170714924	0,372793321217069	0,730390909050733
AAEL021683	2,59720964320095	0,240221322829667	0,569469065403956	0,503825188739737
AAEL006917	1711,69198865274	-0,0806098864688317	0,188501339535044	0,857857641555197
AAEL006912	1568,74477985511	0,749112736464805	0,313947676814512	0,352122736642877
AAEL019567	2074,75439455251	-0,354607934448339	0,298596896801304	0,695846281298554
AAEL006922	3014,08019150096	0,403004097821628	0,223776131751352	0,761328406171527
AAEL006910	1986,27722473074	-0,190179515908634	0,170009406494836	0,856309440210597
AAEL006915	766,38503889733	0,594692268036774	0,226267468596197	0,621664511618555
AAEL006921	178,662547093951	0,902966586930527	0,310122722947851	0,220220519353739
AAEL006923	160,094203764772	-0,189194061663733	0,229566303920918	0,821455022864853
AAEL006918	558,781063342849	0,174813705198148	0,167257946016148	0,858680698251838
AAEL006920	161,70111725418	0,229401346403698	0,309917105605911	0,741005213208028
AAEL006919	88,4530361493683	1,32759437406138	0,35407324575529	0,0328186562501573
AAEL002765	107,65877083248	-0,0583677550389623	0,352614777678276	0,761787819921139
AAEL002771	1098,88823037531	-0,153802460469652	0,332721079376945	0,747822927607699
AAEL002772	193,659148999122	0,0104541738350745	0,230984991338093	0,847654160805822
AAEL002758	281,138968116171	-0,0094120269008865	0,223616970238843	0,850744107662107
AAEL002761	8351,82809005723	0,364401048161034	0,148075112785004	0,84789151947257
AAEL023229	372,649950824732	0,472915832475051	0,209788431739408	0,744980445308778
AAEL002759	4393,73060641924	0,298196650096677	0,169349778761854	0,843986218136724
AAEL002756	89,609520804304	-0,339564765024881	0,501475007497122	0,499521462224061
AAEL002760	217,515430604583	0,0750464651664397	0,250906889081256	0,828556294788991
AAEL002757	57,3368873047554	2,0692393316973	0,472345798891661	0,00135777528319884
AAEL019765	73,5444921156594	0,333961486030791	0,383618019547761	0,606306911776242
AAEL004799	1129,97656538585	-0,422221559473484	0,291951825182804	0,664980384837029
AAEL004791	286,696530983414	-0,421134611091264	0,240948274289505	0,731450513614039
AAEL019587	23,7028132538312	0,284849824886143	0,416417097402853	0,601759883213967
AAEL012031	356,292120683786	-0,0453859346115219	0,364917459759132	0,75571958915343
AAEL012029	1699,37276683331	-0,191228785606415	0,151166748950621	0,862734284033882
AAEL025619	11,2606078684087	0,0798517273072797	0,511966969326096	0,623201190160699
AAEL027291	14,9256528914966	-0,288474450226783	0,553722996135957	0,489165997966742
AAEL012035	3247,77880702814	-0,151148117951791	0,269332433884775	0,80118633204502
AAEL012025	701,306899637201	0,0663196306738087	0,218174460215768	0,847511389891209
AAEL012026	7475,70910519943	0,014609280175936	0,270323049700267	0,826813707069704
AAEL012034	826,525689865836	-0,257699327389487	0,207142307235982	0,824111643716258
AAEL014063	562,575297003877	0,132639608087324	0,178122408891473	0,857760993406214
AAEL014059	1156,01714817035	0,198796035972569	0,176001161851977	0,852843928521355
AAEL014058	131,202255527794	0,367041724281789	0,300653251967335	0,687141007942853
AAEL014062	151,321973443195	0,00276744661460035	0,238185034911989	0,845042713989402
AAEL025398	146,806289020789	0,217449300768433	0,230663559318068	0,815083353570248
AAEL025453	9,76411292861919	-0,86939949326514	1,08763216666843	0,174005704294093
AAEL006647	876,65669279692	0,0544752551469484	0,163570941862783	0,865074112118707
AAEL006639	44,4758324366688	0,123458944426688	0,343616775838466	0,748714824631403
AAEL006643	66,9658380624508	-0,102209087762599	0,295669830769959	0,793569439301441
AAEL006661	371,416360757067	0,245319802662833	0,21938133565055	0,817521980945303
AAEL006653	316,840850361085	-0,312285320691083	0,200499739428912	0,817066753504859
AAEL025845	159,722213665566	-0,347377010968126	0,362344491080966	0,624189324361302
AAEL006640	593,376050593732	0,248111562887313	0,161790662844969	0,854799171288342
AAEL006655	509,99320751511	-0,212957229212714	0,300801289912166	0,755759689208283
AAEL006642	41338,0334441308	1,02418995375036	0,289543039128886	0,132810524637429
AAEL027492	45,4374581841416	-0,268654844611729	0,384076873992673	0,650622522358171
AAEL006659	598,900815384091	0,0214180443844231	0,193199068135208	0,860138430109785
AAEL010162	62,5382334710123	0,373386118693733	0,311672896412594	0,66990587124935
AAEL010175	67,9006313398468	-0,606344835763625	0,353928431777198	0,437570254294379
AAEL010178	402,472327171778	0,673779117801487	0,306938435931568	0,424151272013038
AAEL010171	618,645727879251	1,4494884268361	0,353612373427366	0,0161307967095503
AAEL010170	1257,17722941885	0,0119496872985195	0,294502774726338	0,812913903614996
AAEL027340	1996,54500754827	-0,564062128587213	0,288772203452664	0,554325550452342
AAEL021070	767,340371339928	0,00426915870411597	0,145249433105009	0,866598281740996
AAEL010173	202,046135234779	0,226085674519661	0,344877336132565	0,709156058958737
AAEL010182	240,828116237179	-0,0306089051697348	0,207273495039268	0,855258435536757
AAEL010176	184,784158730012	-0,0838740470850888	0,226516347194125	0,841298148639916
AAEL010177	148,848064087693	0,225975315439581	0,265358537799822	0,784102583051093
AAEL010172	38,0635938117464	0,281253555268363	0,343762644232505	0,684634117366904
AAEL010186	575,892490315291	0,272417067075296	0,3447859847176	0,687968524805694
AAEL020279	180,608403320028	0,290977207135524	0,393988161273464	0,623830550469989
AAEL010164	221,275675255879	0,474869664521062	0,319227232667484	0,58561415852169
AAEL010180	1305,02975132579	0,198277536242594	0,268462131132445	0,789497509405691
AAEL010160	284,305850879697	0,266472542449164	0,27951641307544	0,756678513190331
AAEL026724	226,354659180724	0,49094912123855	0,319725192363261	0,573417445705394
AAEL022189	99,8113728482257	-0,18477958848995	0,321495278444576	0,74709654441608
AAEL010181	537,357821957548	0,199460477586039	0,163961853752921	0,857899022001867
AAEL010159	9191,99943392204	-0,0035812080012053	0,192858727729133	0,861080481163594
AAEL010168	98810,2094461624	0,278295361346248	0,244176453593587	0,787125805951122
AAEL027157	471,488636925744	0,499898478943028	0,222993364142514	0,70893297298646
AAEL014435	34,2336416134429	1,61416622417709	0,518907088530205	0,0203113363622219
AAEL014441	53,0642060942643	0,0823740306457218	0,286533015318184	0,804154002754715
AAEL022480	14,1043593680996	-0,0515195112505914	0,453441973512009	0,684698866718163
AAEL014439	30,1486660054576	0,445126955364939	0,443175601767233	0,47954371243185
AAEL014440	743,208502290161	-0,433047852753357	0,223727672101196	0,746753334587443
AAEL019856	372,334374814915	-0,92791909412355	0,682949906356068	0,170732518903495
AAEL019857	99,9136255463319	0,828705071806526	0,371490103724746	0,256521657875791
AAEL014437	38,0616648275596	0,192627483446752	0,350756217344448	0,717508182076448
AAEL014438	107,194319190424	2,21334701384153	0,307770764933067	3,11376357296632e-06
AAEL020644	43,1135926765149	0,925348860448062	0,414913293816925	0,189064958882247
AAEL024413	19,2914479894093	1,20726889950557	0,683809236771453	0,098049753292858
AAEL006207	289,514183970997	-0,0187832120187129	0,272498456073313	0,824847331656576
AAEL021812	341,875699821049	0,0389804042776114	0,255355537815028	0,831377855894025
AAEL006205	2987,54142224741	-0,570133340447232	0,219946471287286	0,660142545935058
AAEL019418	1627,35971433151	-0,301675148103406	0,383221116434665	0,630278195178687
AAEL023349	702,097567007816	0,160484566570086	0,324175331474945	0,752880825751366
AAEL006201	160,979222606016	-0,218954022100703	0,223582702884849	0,819897715733552
AAEL012792	102,11839081152	-0,752672618509042	0,434797083952037	0,285052679258472
AAEL027038	1,01309304137857	-0,0793588685386878	0,54152188242016	0,597932707513784
AAEL007801	90,3306609158687	0,534588108591352	0,357719945989966	0,494392674138137
AAEL007803	499,903968321316	-1,17551291869283	0,205921266733861	0,0368889579374054
AAEL007810	442,976951906072	-0,421027891377631	0,242266420354355	0,729761048266168
AAEL007813	1303,3260721285	-0,379315859578428	0,231252334679098	0,763495318561062
AAEL007797	240,58515127322	-0,0471518190652933	0,19155516841091	0,859183515895144
AAEL026602	859,997856888929	1,55579985983757	0,389191788331802	0,0109023569040609
AAEL007805	1431,33755199319	-0,454433985582533	0,282097598308438	0,656315795903838
AAEL007804	416,234787194807	-0,206465459244306	0,266430035670197	0,788924551179677
AAEL007796	330,689856149706	-0,906357127586077	0,378237384525091	0,204464676145818
AAEL007812	409,664903839562	0,382704417321469	0,279755377344047	0,702844702442186
AAEL007806	163,704598673063	0,103924817702448	0,292775852477806	0,795434353456758
AAEL024154	27,2727498202297	-0,541855734846422	0,411316932904646	0,437936158295652
AAEL007809	289,255594846584	-0,0786720486233536	0,287847299287843	0,803997223895824
AAEL007816	1741,11496416118	0,630324652396487	0,220032074661389	0,592372931863776
AAEL007795	56,9432035022253	-2,45842015295064	0,381989128880035	6,07927382516349e-06
AAEL007807	407,328499083917	0,177654976147041	0,234074137859224	0,820778369142111
AAEL007808	285,639315978983	0,283153775931778	0,269420128114337	0,760443012121031
AAEL007815	152,286429084772	1,28716560711394	0,390374113409072	0,0468823776583777
AAEL007798	232,012661169564	0,219869898426298	0,183068026185252	0,847017569904395
AAEL019754	43,5388549031319	0,22794874701492	0,330880599439031	0,722389144160951
AAEL017499	2603,04200803517	0,247878581460191	0,177453187939174	0,846375640573356
AAEL023769	148,69899788117	0,513514427279344	0,330569718492233	0,543389178644125
AAEL013431	2646,1583041408	-0,652075475141665	0,256892144825072	0,510232438920987
AAEL013425	100,457276030897	0,024799848467115	0,232276833000494	0,845435224298632
AAEL025807	775,853110426105	-0,354115681164123	0,349783700676987	0,636350126493121
AAEL028073	60,568862618962	-0,209851261126669	0,355354793825689	0,70623136779774
AAEL013432	114,004705361433	-0,167299553423462	0,366330297965798	0,713334482338859
AAEL019445	229,364754737529	0,0102094961750196	0,202136478454662	0,858188011929696
AAEL020918	79,2276534047209	-0,451151179315295	0,297045368173716	0,63651848133307
AAEL004130	53,2124906866691	-0,637926932085176	0,608813978350708	0,290767554305746
AAEL004136	306,402927725999	0,0359257902271637	0,278746923311665	0,818245695242328
AAEL004121	1434,21938741672	-0,136170984642637	0,206136332297661	0,845222861525078
AAEL004146	718,236422029503	0,459623698139581	0,246654857494334	0,699797227667181
AAEL004141	2074,63795816242	0,107562493523359	0,205560881688097	0,848973918468152
AAEL004142	1625,65807898299	-0,185766952418835	0,155023269347327	0,861931863632215
AAEL022671	22,8707180661676	0,339394481767984	0,420315206710361	0,568175292017029
AAEL004143	304,641466510197	-0,10810174916118	0,193118314433833	0,854293503072756
AAEL004131	1126,26904863004	-0,129454559064384	0,206308827666481	0,845923077743206
AAEL004127	213,688012929581	0,796136935541767	0,302771813420769	0,310934957451258
AAEL004137	285,910754076683	0,478397234588506	0,248578246174436	0,685924338741356
AAEL004138	359,751424330763	-0,508232785498843	0,326712618333129	0,553351223535811
AAEL025942	6,14457389553859	-0,507489601636656	0,764546392544237	0,301581024927284
AAEL004126	295,999600853908	-0,203654958318647	0,326741920887105	0,735658746948814
AAEL004124	806,354325808191	0,298377670683303	0,313809547196622	0,7082057548605
AAEL004125	1362,47097309268	-0,317975710236842	0,236081464843463	0,781642666811116
AAEL004128	317,068805455736	-0,669287254212983	0,235715401886012	0,522894378222144
AAEL018312	159,706390335784	-0,00896786180532417	0,289219112082621	0,816815417122953
AAEL022779	5,63981234894415	-0,0606542317719859	0,485727453993707	0,656239983018483
AAEL004132	465,907863398655	0,108543272528244	0,193029254990428	0,85427900366352
AAEL004147	621,856064509635	0,0571889749715734	0,156852636722444	0,865852815929969
AAEL025517	1458,78690486274	-0,160670068341967	0,283456801005423	0,787585953954098
AAEL005991	3668,86625359818	-1,3322422315169	0,269797447556537	0,0180409853142799
AAEL005997	2382,28088135454	-0,613888395209727	0,175305874289608	0,70191337588828
AAEL020895	116,642453465837	-0,780091092234161	0,432648252306947	0,267624800815077
AAEL017293	128,383940657593	-0,299748226736656	0,329532397162943	0,690176235970993
AAEL009698	48,1540162878756	-0,788242837648725	0,369501810789201	0,285573512178291
AAEL009703	409,045246690598	0,230667661352558	0,208147825214771	0,828836675714807
AAEL009700	1998,49404375778	0,951314548160301	0,292845647648147	0,184657986829342
AAEL009708	896,686031444032	0,854299292779099	0,260672157809129	0,28296790241161
AAEL009704	647,948812429169	-0,21242895645989	0,164679915561749	0,856647037050573
AAEL009706	3432,40254812119	-0,338466407905638	0,217644070972971	0,793800761243604
AAEL009702	976,900082911297	-0,304681292162018	0,26795977442659	0,753453589057421
AAEL009709	290,161989238561	-0,364752533286948	0,194871415478636	0,807793542879918
AAEL023464	226,669292092592	0,109050241274732	0,339451226124444	0,75675809513547
AAEL023115	77,9686552429998	0,00435256604912068	0,257964742660987	0,834893715223352
AAEL009712	344,288534088381	-0,0219012091529006	0,194846550304391	0,859655872296796
AAEL025132	72,0084013625918	-0,166248286173974	0,298026237451163	0,773751934913804
AAEL021645	45,4688477303925	-0,632192008761141	0,384802301150385	0,395516137411362
AAEL010798	2189,6904167118	-0,239253701281311	0,166114892819048	0,853535688649232
AAEL010804	279,532981490899	-1,54224632593571	0,213096656438892	0,000536457387509032
AAEL010800	995,996717668323	0,040282597115807	0,208669544221501	0,853842675757027
AAEL010802	47,3908644456261	2,16642208117334	0,477328793360093	0,000718858851017334
AAEL010801	6411,74438952681	0,290834437077915	0,279727836601857	0,74696794802167
AAEL024670	981,434673225482	-0,237745067035984	0,190993368658009	0,839647480675981
AAEL010797	418,817722447381	-0,00985823786254192	0,186404057361323	0,862450624002266
AAEL010803	350,10633909516	-0,607666076037092	0,198739562300469	0,664255597195558
AAEL010796	226,566904991395	-0,450947256918053	0,218754112636558	0,744500913262888
AAEL010805	183,024322931766	-0,0885293680279435	0,222751843085412	0,842628284435855
AAEL010799	132,079877052496	-0,024927150019481	0,277019202832133	0,821062744903656
AAEL010220	150,870167696043	0,14993718032638	0,328764037879948	0,752264319314866
AAEL010222	135,83753665175	0,123294830394806	0,262348549649316	0,812315647814641
AAEL010224	160,441970778986	0,341031348936062	0,267457968430076	0,738699780680709
AAEL010223	673,007675521374	-1,22246034000529	0,242500977830773	0,0332126314074578
AAEL010219	354,506350917761	-0,512895950550021	0,39322180678168	0,47567445286937
AAEL010217	387,415748563777	-0,112558048036827	0,217011362635954	0,842594456585056
AAEL019838	25,5079949198975	-0,134639509696773	0,445741243871947	0,658125988667597
AAEL005599	26,3923697361124	-1,15695528538587	0,635909821055959	0,10519266776841
AAEL019920	52,2499048241772	1,55788858176904	0,630630398027087	0,0352199238906067
AAEL005604	66,4909733109038	-0,143688890312376	0,355876719102941	0,731833879906403
AAEL005596	216,888846378542	-0,143577699187094	0,283242545370109	0,792492920928258
AAEL017051	59,633394164152	2,55821532993356	0,879558738701924	0,00465565755130514
AAEL005600	164,888168902703	0,702652348392687	0,265066505145902	0,440845720366168
AAEL018344	1500,60685655686	-0,426334189740993	0,318818086740565	0,623740762167151
AAEL005605	1116,48010702719	-0,0740131287357883	0,183291137375975	0,86000471944002
AAEL005617	2178,60974569122	-0,199780909426934	0,214791698751239	0,830008316275161
AAEL005610	35,9644890101386	0,153240005255417	0,389638855274804	0,697773646720607
AAEL012074	403,316260072384	0,221418149384737	0,2375799797882	0,808720070337672
AAEL012077	142,294361244847	0,419071206313784	0,26754013898818	0,697593918727632
AAEL012073	105,791306052948	0,0338281411528484	0,34674833386669	0,772534430740866
AAEL012078	659,78827769446	0,843687529631211	0,264452266727841	0,28947274763329
AAEL018231	333,063984433318	-0,106418929758907	0,185365744551758	0,857150468735752
AAEL012079	744,291241892824	-0,295638396845246	0,23867927300276	0,786571044736281
AAEL012081	144,743107437088	-0,138235334102723	0,416694571290471	0,680770536992449
AAEL012084	527,34987956163	0,0811843225801129	0,225998749447789	0,84174401420449
AAEL012076	379,641632468272	-0,0156614773808024	0,177280437927506	0,863945864494574
AAEL012071	1740,17653280361	0,189620912805024	0,197904579501091	0,842763450710539
AAEL012083	914,090377006108	-0,454395001841582	0,268716458309912	0,673463654267414
AAEL012082	16,0312116370356	-0,61545079179322	0,652304492294533	0,288953586007014
AAEL012069	3267,95862832535	2,22175694851365	0,283956948269309	4,53612878431736e-07
AAEL022543	54,9924170574368	-0,0634489259228767	0,332023961138639	0,775775965704351
AAEL024335	94,9752896180006	-0,160603365595456	0,239516582348175	0,820317094424821
AAEL000508	15,4684464413484	0,185820032753782	0,449554424826396	0,626417670035071
AAEL000486	4121,13164969336	0,547866870876721	0,138254655392822	0,808320489252909
AAEL023003	48,5685052108351	-2,22429917793141	0,559481485021632	0,00167564951074744
AAEL000523	132,580435819254	-1,49098558718188	0,415657176346559	0,0204589299022424
AAEL000475	227,197783420778	-0,00763136087191292	0,210304394769103	0,855785852312112
AAEL000511	206,870178187094	-1,02743223483064	0,345597278912464	0,133705615991556
AAEL000500	6677,0550260236	-0,320333498404942	0,342263161783264	0,6661342175296
AAEL000488	838,670787624299	0,46118761978682	0,209807641226329	0,750480732690527
AAEL019479	773,718670451548	-0,0327445521106248	0,169223787238943	0,864787565921357
AAEL000487	189,448102419996	-0,335152861686168	0,279173357544695	0,728590943628338
AAEL028101	51,6224469941307	-1,68249653195061	0,694698254011624	0,0297860392404445
AAEL018324	52,4331450761072	-1,21018342709373	0,471233831191953	0,0774687283383967
AAEL000483	333,877177777207	-0,266738018950487	0,220993868164974	0,811083425385019
AAEL000478	259,244903166974	0,183284745241917	0,216519333330186	0,831745805205881
AAEL000509	546,836008847128	-0,142365981201545	0,17946729458092	0,85654873526574
AAEL000485	1110,59115954111	0,0383755240856393	0,297749406985414	0,805862386761376
AAEL000476	42,9008419533838	-0,485322753211836	0,386342804613117	0,503087355272838
AAEL000510	573,43968900385	-0,157191250773652	0,278960377191669	0,792317310238046
AAEL000496	17,9833789488769	2,22111624657584	0,74738216973251	0,00634638608985955
AAEL000507	2,46135371402405	0,381115374644958	0,71650476002638	0,369612194647871
AAEL017467	56,0644589543669	-0,207576713560963	0,324307394100841	0,736448395226915
AAEL000498	19,4639565205253	-0,641976804426855	0,603592450186798	0,289991290493494
AAEL000515	193,110506815062	-0,125262614753602	0,302102803536911	0,782190472809503
AAEL000505	69,4516847974836	0,048890167778116	0,345359364835428	0,769380593620061
AAEL024475	328,811016292488	0,958834507114047	0,258442879288268	0,182588383191659
AAEL000516	1008,39772047643	0,213438079039903	0,277373239990868	0,776892859316843
AAEL019660	97,50222007792	-0,137639944280391	0,314621987628937	0,768479459688248
AAEL023018	34,1656011520932	-0,126755274066845	0,407729651878536	0,692665223975145
AAEL017501	3081,32283562316	-5,55473714163199	1,10329641570998	1,13727299406109e-06
AAEL023295	1692,11356824612	-6,24252846005953	1,09147141939317	4,41349283385937e-08
AAEL004007	92,9012350455118	0,347929926074397	0,369216361249021	0,614743098394476
AAEL004006	4,95341283284435	-0,793566266228436	1,22905082103096	0,184952994855698
AAEL004032	48,2109266794364	0,0522908424481873	0,381949894065744	0,740511168383131
AAEL004022	263,526439343712	-0,721072346226389	0,211749782493195	0,499670838167587
AAEL018308	59,0972232227188	0,0183703998074953	0,324976519623072	0,792288013613248
AAEL004035	603,382312701655	-0,906116762106699	0,309874335418321	0,217083168476464
AAEL004039	537,200717645422	-0,0460036291706867	0,281729217951281	0,81473304347096
AAEL004034	340,448357871252	0,278316716810442	0,232002508162596	0,798571414258131
AAEL004017	1523,22098759619	0,0330535591765211	0,347410037608841	0,772184235203843
AAEL004010	1669,80780069346	-0,144275300798191	0,287309071362875	0,788954782895325
AAEL004023	384,830267475969	-0,531121689144562	0,219152932813539	0,692108356334564
AAEL004041	285,07462515594	-0,388016830008058	0,36811564142646	0,590175518878275
AAEL004021	116,675590723945	-0,0491241621253017	0,359164312252441	0,759317646365618
AAEL004028	53,8552508874153	-0,848057888872741	0,352835459084948	0,248860877422186
AAEL004025	2818,24273313651	-0,0202142838108664	0,244310590762496	0,840207309935511
AAEL022918	4,25695488001502	-0,12448842104079	0,502584694577758	0,607866172421551
AAEL004036	12,5640671294065	-0,0357584900550711	0,40506026952941	0,728394985367485
AAEL004002	55,6943047452932	-0,864036420209913	0,504065167685204	0,211359830294581
AAEL020127	95,2782718220792	0,133268067933862	0,275758915210276	0,800592977368052
AAEL004031	7,7008395125269	0,231853625201057	0,486920951276464	0,570125801420148
AAEL004009	23,0968546316765	-0,552819840666117	0,455329777735439	0,401809800686324
AAEL004040	1595,0628766468	-0,505944208019038	0,202587560401198	0,735891464033058
AAEL004004	149,95424898685	0,15170484899814	0,236917080498665	0,823921472704868
AAEL004026	679,142299109725	-0,106985729433218	0,262051322475102	0,815780057288234
AAEL010950	33,419792008148	0,375603234653429	0,484539907158388	0,490249841435793
AAEL023509	161,727565139659	-1,75239222699056	0,28605286524095	0,000422062105892569
AAEL010942	136,360023838782	-0,462448276405099	0,319236177903281	0,593101515512205
AAEL010956	381,835409928526	0,27934278271963	0,241088147220703	0,789767852553676
AAEL010953	344,238186031353	0,104557064141862	0,193032257345707	0,854683899592947
AAEL010951	541,182338634289	2,54318675168412	0,338177519056085	1,93903848743669e-07
AAEL019741	54,2448937369221	-0,610043502312527	0,501713965426549	0,345752155413702
AAEL010943	405,800478927423	-0,237452736774939	0,234268215029193	0,807465899521549
AAEL010944	204,519260767478	0,0666117367108743	0,195670034635068	0,856436225175465
AAEL010954	507,368100947636	0,439957580654372	0,23342845149931	0,730969853763182
AAEL010945	371,046833051033	0,671651812445967	0,21130077107701	0,564343756631949
AAEL010949	511,537866804452	0,223828285798422	0,229039376181279	0,814896685034659
AAEL010955	381,144060924804	0,295482548957477	0,200413987616572	0,820844073961274
AAEL019995	494,131644728311	0,775561756801879	0,183042396201049	0,471588947858008
AAEL009171	1215,55144889583	0,159228127153635	0,226166365228598	0,829771310850554
AAEL009169	2098,2417618314	0,884746953874421	0,16141488849231	0,323750766542334
AAEL006789	301,510340928104	0,139008369674072	0,236499306144973	0,826567749511538
AAEL006788	456,907718173503	-0,332026297919593	0,239198225146612	0,77298813894831
AAEL006786	1555,25674978434	0,299408722118538	0,144550414849513	0,857497999047876
AAEL006791	264,771366567042	-0,171495265078703	0,34876243355033	0,727756274598706
AAEL006782	655,537294404216	-0,791359182395848	0,175027562081691	0,462236605402707
AAEL006809	240,488394682302	0,104312031375002	0,245757941573623	0,826731798384456
AAEL006799	370,275371968288	-0,187591420394681	0,234542612931901	0,818582988348194
AAEL006787	278,894215818852	-0,00726730776483439	0,243272531709416	0,842272366251784
AAEL018124	711,795112577763	-0,445431354536107	0,380104120193299	0,539936367261285
AAEL019732	1251,43328557798	-0,534616589159414	0,394482742441444	0,45797192168233
AAEL020952	26,4304756034798	-0,399117567795958	0,466430977557139	0,490095276464944
AAEL019925	280,351819195691	-0,395636182147234	0,231209558841563	0,755277638602045
AAEL019926	24,7480139435546	-0,554308495298882	0,591784096545028	0,336673572561661
AAEL012220	52,8766386837337	-0,0866786204588341	0,355450847387059	0,750605968815756
AAEL012218	357,54832958165	0,184467141118068	0,19154513861543	0,846873603603765
AAEL012219	329,09231605642	-0,00140994155304526	0,325762344981436	0,795888336671055
AAEL013898	378,08439330345	-0,00846058834347749	0,213615566360737	0,854741558302899
AAEL013896	1093,59327005451	-0,68340535105415	0,196315326508909	0,578546645648556
AAEL020363	215,90454305407	0,176916620341964	0,298328048622054	0,769810759271971
AAEL006993	138,752579317977	-0,970572028414471	0,364624870362852	0,165067010717888
AAEL025811	28,1541589185029	0,065843999261594	0,371489560036315	0,745154396775483
AAEL007007	1570,25074892656	-0,749736057390769	0,248298294464496	0,406829829416638
AAEL007022	1517,59354022218	0,0361528763378626	0,211045833919063	0,853315621686731
AAEL021239	122,404668429015	-0,134166388552722	0,269670289841413	0,804700786268494
AAEL007002	17,6822338918012	-0,427541273372618	0,617324340327006	0,38955403674035
AAEL007011	1223,90791885581	-0,0230918573345194	0,2761870501177	0,821715596136489
AAEL007009	168,623110371168	0,147574734099045	0,284941208667917	0,789947707328906
AAEL006988	430,381489374295	-0,1283749493961	0,221837433031112	0,837440664502856
AAEL007019	7261,04567382247	-0,0612895264589846	0,202654299528284	0,854539552393207
AAEL007001	1265,98184948917	0,249958859664847	0,16965232131439	0,850530826501887
AAEL017986	22,0985307266281	-1,52251633514472	0,622965286608474	0,0377367414610948
AAEL007004	177,206960879218	0,426528594147252	0,25647433122168	0,708261802590551
AAEL021861	271,473734078051	-0,0937146762631205	0,31560230569637	0,780245045426923
AAEL024395	4,22614805203463	-0,0186196275301925	0,516559589219426	0,649526056255725
AAEL007024	370,080900182636	0,0299467422379072	0,272947942027115	0,822600209758297
AAEL006989	58,392015724996	0,12261513807477	0,303113167212179	0,782061818768946
AAEL006992	105,356176389942	-0,0352850611564973	0,240019907916567	0,840468388796401
AAEL006984	106,442768428414	0,214756498254446	0,305573003757705	0,750647687617622
AAEL007016	227,524525579983	-0,134912322148179	0,263845536752282	0,808894368844929
AAEL006995	667,640557468547	-0,548653973798022	0,407906501272479	0,43647152551218
AAEL007006	165,039970071553	0,121887065569682	0,261380654796699	0,813318568294805
AAEL008658	275,380044064715	-1,06786290672473	0,293406872370588	0,108380014488624
AAEL008650	436,456527364267	-0,301072336746749	0,1670143021601	0,844993510085351
AAEL008662	869,235509632359	-0,564460653092168	0,202097062118824	0,694751962517621
AAEL008653	392,242019516325	0,439261756500051	0,19472571237971	0,780962261167379
AAEL008651	255,426689706682	1,21031438874489	0,282300425006455	0,0459658219992737
AAEL008656	1331,27861279268	-0,408533451511373	0,272626366820431	0,697173800628268
AAEL018161	2466,36871067136	-0,0724244522708672	0,253245317390297	0,827547434172557
AAEL008654	12,5131633088526	-0,00371810139537885	0,410302278176361	0,734395378715386
AAEL008663	184,069165380934	-0,137155527539392	0,291161343401892	0,787708332676152
AAEL019935	7234,22537665213	0,90761530840569	0,178498098949692	0,27057383879472
AAEL013394	690,863171477857	-0,113582525696547	0,166502746006463	0,862489373929425
AAEL013389	628,596674492347	0,818005345530342	0,245922241795571	0,331219160764818
AAEL013400	403,868882615809	0,0924836670906097	0,183997781802075	0,858639771840964
AAEL013399	88,4136147450478	-0,215127953659529	0,278102454075881	0,775911914440085
AAEL026535	431,58140404229	-0,587764733867475	0,283649886533949	0,538645682572515
AAEL013396	609,057843723621	-0,221416663290546	0,236990001843287	0,809341123201497
AAEL026962	507,722995886513	-0,124538186883751	0,207627725250498	0,845858208435414
AAEL013397	215,978854361396	-0,39183700177274	0,19218780092255	0,802123157852303
AAEL013390	1980,7198043314	-0,398914511661615	0,231992028113556	0,753003774234201
AAEL013391	205,97604796755	-0,377864081075507	0,234429545652121	0,759784538504557
AAEL013392	212,515493075636	0,564074425120941	0,221805677975995	0,6621371632328
AAEL005908	222,707519456923	0,502826739514684	0,275137345915012	0,62544025146906
AAEL005901	56079,8994315357	0,391778389132884	0,261134425769968	0,721672437305628
AAEL005914	612,48164290533	0,380902969136577	0,290670467623263	0,690989169749641
AAEL005900	642,954504114771	-0,307326444443795	0,253735291434014	0,767425706858866
AAEL005910	814,707157547911	1,24335737295643	0,191670410979207	0,0165339968326731
AAEL005911	271,925468876311	0,0699128590311785	0,235709069636002	0,838159135284611
AAEL005896	176,473415029856	0,353032083259691	0,212892108503993	0,793742978293844
AAEL005905	202,906165153968	-0,340547947543868	0,259924992511472	0,747225015906109
AAEL005902	1031,85632485027	0,0808439147666177	0,192385386060841	0,856534681147692
AAEL005909	176,009729749056	-0,135117987361925	0,29763043912936	0,783246207269626
AAEL005904	1182,50893901871	-0,523823502330235	0,260666304150577	0,631404160340352
AAEL005913	84,6523165564518	-1,08427534672897	0,612047725405302	0,120881180430973
AAEL005903	431,571735150077	0,258320932995717	0,291001895690389	0,748333327504663
AAEL019519	61,1791162613623	-0,198436152407826	0,380221354038014	0,687650742964109
AAEL005897	1424,48525234099	0,375907408876248	0,238665208611029	0,755478720257928
AAEL005895	311,322769680507	-0,610705306251488	0,704624040524066	0,280351577530623
AAEL005898	102,180532760596	0,0980086367978511	0,278969949866638	0,806246561814317
AAEL026147	168,905308452254	-0,546314858720679	0,527312040477194	0,368523082244315
AAEL009177	226,529128731373	-0,0249964840188166	0,275531357371521	0,821845599348607
AAEL009178	343,671705621426	-0,353780083975023	0,507970135619081	0,48447282803656
AAEL009176	56,2385071459668	-5,14440808413654	1,26906053301708	4,47850282678495e-05
AAEL009179	292,250033812823	-0,183273719756818	0,200072146874309	0,84232331013717
AAEL009174	127,346470827841	-0,208652533826113	0,244766161630675	0,806220997078836
AAEL009173	310,460089801766	-0,231831952976366	0,255219433620235	0,79146440510897
AAEL021957	23,6159515366956	-0,0103756137463392	0,457914245966897	0,695664406755322
AAEL002098	344,102021099555	0,052295788605766	0,207951944493905	0,852962135940509
AAEL002125	3339,25238685771	-0,402227032895758	0,276586973144413	0,695785680773315
AAEL002108	609,105931147413	0,855182699994404	0,228315815552378	0,299020693805957
AAEL002113	257,513388440021	0,124312075634646	0,254044144319439	0,817929770185336
AAEL002105	65,7152955510493	-0,189618896463301	0,357732853501052	0,712464148652551
AAEL002116	151,407796036632	-0,0853009752339271	0,242415633766483	0,831765126625125
AAEL002119	446,100249478633	0,0550613347014519	0,183256995700317	0,860988167153779
AAEL002124	1733,90310735389	1,17394026883777	0,270095317845862	0,0560633400255632
AAEL002126	11,91056988646	0,138805917732869	0,455946975455311	0,647154481787348
AAEL002102	849,823880669058	0,928933581426954	0,204946739400053	0,2278675764154
AAEL019701	28,4642248679554	-0,14872007339345	0,477426942199288	0,619383321740204
AAEL002088	114,09898378144	-0,0232552811525141	0,366641732265333	0,760751697708484
AAEL019577	641,838904221062	0,0627529200089967	0,195221546707586	0,856927158471033
AAEL002130	1664,89683343332	0,656376160616619	0,286977236736102	0,463420043073514
AAEL002107	1392,44354853547	0,788030420077615	0,185212033759606	0,44747682666994
AAEL002129	305,455603282433	0,234127023210988	0,182796719896002	0,845206501776047
AAEL023999	13,5129732796182	0,363529282321836	0,569471273835227	0,439757789088331
AAEL002089	244,379081026933	-0,301210841401873	0,36221862345208	0,655404032010249
AAEL002097	248,732701923034	-0,206698062396723	0,261694186831464	0,793192457897363
AAEL002104	408,117129735632	-0,549114738168538	0,174382184647342	0,752223112045017
AAEL002115	603,905671169345	-0,247996250436333	0,209411078575897	0,824406655639989
AAEL023230	121,653397916658	0,675849513498951	0,362319953019759	0,378860201835389
AAEL002118	1266,64173828087	0,18267539654197	0,338048364315376	0,733025563134604
AAEL002134	109,651891020638	-0,0301098812274254	0,234167322184055	0,843919709214762
AAEL019476	567,775796773858	-0,74074756769719	0,376674490397875	0,315658560587191
AAEL022704	28,2746633660863	0,18952930646863	0,381925839745113	0,689799738808179
AAEL002091	662,68681920739	-0,355332722366959	0,220900299129994	0,784165759771571
AAEL002120	110,1078289752	-0,332789133567144	0,419336319259285	0,573191835361442
AAEL002106	222,193157881376	0,222519960954007	0,200248705069217	0,835708513041693
AAEL002103	709,291400029035	0,0943563546383675	0,144265466674984	0,866305974497639
AAEL019878	12,8447578104652	-0,401004652605369	0,54864688870087	0,431667962289647
AAEL003569	741,037643401448	0,960708897243176	0,253552685053048	0,181699396899635
AAEL003561	37,9340659349022	-0,124275184123287	0,387006097706218	0,71213651750592
AAEL003562	211,796231902876	-0,180235870696555	0,350515106787725	0,722746214804753
AAEL003573	1395,61627495853	-0,303621025258311	0,190089336281513	0,827608298828975
AAEL003563	129,453214821654	-0,113481226273371	0,262573982230513	0,814169805022577
AAEL027131	7,43220720651414	-0,580055352361876	0,726479836272027	0,286874649158001
AAEL003566	23,0365184554458	-0,288715744148968	0,414285646586653	0,601560007105415
AAEL027899	12,5904049683798	-0,435654237853237	0,552491439631219	0,411586150713661
AAEL003564	63,3182290869431	-0,732355750318354	0,355726643646919	0,336202812488692
AAEL003568	123,263475297373	2,69653288567779	0,489492207534854	2,06176175980681e-05
AAEL003129	258,401872546521	0,329463882871747	0,283769292168186	0,725772881338285
AAEL018294	40,4812448120557	-0,0663792077477997	0,411466874967612	0,712954274699249
AAEL023336	34,1398546823726	0,165283390708118	0,412474118718799	0,67235505627521
AAEL017319	188,624768734419	0,321107981276731	0,270268041436247	0,744849839558048
AAEL003146	462,013483897903	-0,065494491352827	0,241919783852187	0,835042459124079
AAEL003147	310,892329018943	-0,251397691474368	0,198250119828011	0,831977370088501
AAEL022104	44209,8157074157	0,195940861329891	0,24655549183755	0,807944389162023
AAEL000439	131,239133035582	-0,031692263137902	0,304167890997739	0,803104138532083
AAEL000433	357,118580885083	-0,974107671663361	0,257464403958231	0,169239642055412
AAEL000444	3071,72246584261	-0,288642271891609	0,211102095642609	0,813910521250297
AAEL000416	945,575642002938	-0,559643469411225	0,376108337273983	0,453816642133228
AAEL000451	1245,18487843043	0,0493931826680157	0,258259580414736	0,828315240805274
AAEL000436	1074,50868685031	0,256787098474348	0,173979802296022	0,847320612185081
AAEL000410	2021,84936914799	-0,00700467931660815	0,243006165288018	0,842492885887778
AAEL021314	266,729884421554	-0,101013724029703	0,263340500347732	0,816195590858051
AAEL000440	221,910827439906	-0,0692275894487329	0,247869826981346	0,8310472770722
AAEL000457	317,535224576324	0,493047512370638	0,36669132082329	0,517196966848833
AAEL018313	737,51073024297	-0,686010623748852	0,21165305514186	0,54679676532735
AAEL000442	18289,2890749764	-0,680589761855106	0,215216079154405	0,547047296019143
AAEL000429	233,251234315335	-0,304396799945509	0,227441063893055	0,795178109040098
AAEL000411	150,705383957934	0,450180038380473	0,248707346731309	0,703770448230341
AAEL000408	95,9358601203185	0,331698455511802	0,289771673528208	0,718035092014364
AAEL000469	2327,01047545664	-0,503600647461166	0,237142336924156	0,685022221050051
AAEL000425	170,638391409565	-0,46588760055435	0,281796513219494	0,648581001480099
AAEL000431	1485,52150583449	0,451372093964717	0,166619598483571	0,809711846675954
AAEL000412	365,555433143466	0,824845473280688	0,249464720347744	0,3196019619551
AAEL000452	726,161497766253	0,0367306710245275	0,205419387151888	0,855415637540529
AAEL000438	459,499302864617	-0,566827032854938	0,409417110211572	0,422819247930908
AAEL000465	190,250244484618	0,255690241685912	0,281441244649501	0,758770741710127
AAEL000435	274,361355196914	0,236244848132243	0,195235449182257	0,83678857525925
AAEL000424	4201,85863500623	-0,162799773899799	0,155197776577272	0,862952675845596
AAEL000468	704,051690647103	-0,158875959339512	0,235329842070094	0,823603610279675
AAEL000458	1732,54781813267	0,219558276395366	0,300914336387184	0,753290205322568
AAEL023967	107,815711628861	0,102043025047495	0,24298658998152	0,828796677175459
AAEL000417	2504,00814491831	0,284142172579538	0,181734585758363	0,837908392920237
AAEL000471	807,464461004756	-0,698093750370716	0,306199757672913	0,402414353188359
AAEL000474	210,740901346205	-0,379758052484698	0,398694524555678	0,564577642620098
AAEL000427	1455,24413254818	-0,632510093248311	0,176046153167424	0,683985281927188
AAEL027802	66,111979063247	0,436619757506071	0,419668611528696	0,506172650622893
AAEL000445	427,860206809522	-0,0206500525747637	0,272797334449773	0,824343521654803
AAEL000460	298,180089207091	-0,112465078304507	0,211216613322938	0,84550044964953
AAEL000448	890,811928609634	-0,141964685486581	0,208214497807968	0,843335331270969
AAEL000422	804,642343435444	0,306643344505587	0,168102112130757	0,843452556169131
AAEL000407	258,109806632393	-0,237857487407299	0,225927034691736	0,814075602123593
AAEL000450	881,779561702517	0,231966880169313	0,291277201007909	0,757866998546393
AAEL000418	469,626138653725	0,169852924013292	0,21156983390042	0,837241967320511
AAEL000421	466,249061178742	-0,309416559468147	0,190280855349405	0,825991134407439
AAEL000461	1004,79129587159	-0,316112361044603	0,236710860687285	0,781674964343651
AAEL000454	4191,80933854773	0,212151975235982	0,192988544854822	0,842340284125023
AAEL000419	108,719201795738	-0,115269854623458	0,328988933811646	0,764171666331781
AAEL000464	76,3141230123665	-0,314862987699642	0,330961063605342	0,681035252556829
AAEL000455	48,7135701484096	0,355258001911004	0,369928471823386	0,607963259932461
AAEL000428	4307,74407301955	2,11314013263412	0,284932432064659	3,45987006961164e-06
AAEL000420	115,25615110659	1,39361901421198	0,292749699071102	0,0125580292345631
AAEL022082	17,9391937962358	-0,472526152972703	0,620862834783701	0,366775446592768
AAEL000415	1379,74880545416	0,418825528745292	0,232775852276201	0,742698175515277
AAEL000434	669,617908524505	0,157297552415007	0,23565691789032	0,823667274132676
AAEL018314	857,697242195959	-0,367390273919153	0,444158037008034	0,528749123031418
AAEL000467	477,472586233889	0,244681401793662	0,261497876492859	0,781545717047932
AAEL014016	556,484491937244	-0,1609671652722	0,20986385804316	0,839787804686277
AAEL019512	1173,41476145375	-0,507322954847962	0,284752203702062	0,604932866783677
AAEL021427	18,5003600568989	-0,470440824683656	0,570408013186143	0,389966529825264
AAEL014014	314,869136461418	-0,277782749424021	0,22799411321532	0,802282886406273
AAEL018251	127,815649119167	-0,535712533762384	0,32984619747896	0,523856285403073
AAEL012998	83,8447396701401	0,0239597416580634	0,303961062959869	0,804726748387368
AAEL008716	336,910651834207	-0,0404713492108732	0,36547224434269	0,756956824486652
AAEL008721	183,332173517616	-0,0765704079646734	0,318280827703136	0,782863469274124
AAEL008719	597,156694396203	0,0166011838210142	0,176989870643882	0,863996409352614
AAEL008718	574,992403244074	-0,12200973683432	0,227645508886571	0,834744703493118
AAEL008722	12,7402346477382	0,0219097756888813	0,439570100615507	0,706628244099061
AAEL019623	370,20781463227	-0,042646758455015	0,30057562683565	0,803156894185964
AAEL010977	9568,48182522878	0,0511323400437488	0,262451178645429	0,825556165332725
AAEL010978	1416,19714737907	-0,166731888298101	0,255623105393695	0,807768378875211
AAEL007164	73,9419114191057	-0,127489317339684	0,285010441145343	0,795519627138566
AAEL019404	424,890392326965	0,287602923005175	0,200507616765056	0,822514289885315
AAEL018132	204,416573375937	-0,247048293177385	0,289231917244222	0,754267435969478
AAEL007158	725,755370918788	-0,0895088518711103	0,333385823594162	0,76757159862606
AAEL007167	188,773746869248	-0,032745858584834	0,221702853045016	0,84942425880057
AAEL007162	3011,52632094708	0,216684517743988	0,244090956949052	0,804570873380158
AAEL007153	1042,89970007976	-0,017205198803286	0,181331576694753	0,86317037384383
AAEL007150	780,451486345219	0,180227896263654	0,20325616105834	0,840918914324338
AAEL007151	1316,46132067573	-0,116983141794639	0,313244608203753	0,775605803826471
AAEL018133	537,741448570091	-0,369866321785365	0,411953958335097	0,559501547935166
AAEL007171	961,618286817372	-0,476609302448439	0,271340211326403	0,65509910105727
AAEL021622	6,94010557408701	-0,820305717300325	1,12849939256842	0,182292357871308
AAEL007149	69,0024622520388	-0,42937747281049	0,300764768154361	0,648975331624156
AAEL007160	3151,60212588945	0,0497063543647878	0,150351655241896	0,86636697742945
AAEL007156	292,276791524692	-0,633692834273213	0,233966101849987	0,566904435720286
AAEL019459	460,928472554957	0,325051889686945	0,217350083978299	0,79823980262328
AAEL005713	212,700267430691	-0,332860221631557	0,225980946941963	0,786694571672309
AAEL005725	202,287391369048	-0,162834618137005	0,200198280077604	0,844911434188981
AAEL005721	1023,85466321475	-0,248153013998429	0,220863940499043	0,815641131904155
AAEL025664	702,957367379928	-0,16912506918648	0,237393743330149	0,820096609629198
AAEL011597	154,318895099693	0,378981307770811	0,254828223856573	0,735612157445416
AAEL011594	1397,34392482051	0,244133264557665	0,184561682835956	0,842797206045772
AAEL011602	176,099756829643	0,0115020002752657	0,245125655126329	0,840884348738241
AAEL011598	87,2922058458002	1,00258425162944	0,370347871558971	0,147431711004924
AAEL011599	31,0061892739723	0,135765024918829	0,392215047234519	0,702146735040198
AAEL011603	592,216121967018	0,0316723239094394	0,168269270420995	0,864937219965776
AAEL018219	4271,45386542573	-0,183619884770707	0,170586275834964	0,856703149040929
AAEL009024	75,4527327768739	-0,767844949705303	0,364303043053161	0,299789697438016
AAEL009023	260,454504161558	-0,197195923645345	0,268470245156777	0,789797849477997
AAEL017282	116,315907935988	0,142795693497211	0,254917080497521	0,813508397611633
AAEL009039	298,965439315765	-0,298498942675401	0,225456422840578	0,798626579312512
AAEL009029	3358,76010715372	-0,215067145061864	0,191668855399897	0,842780330189184
AAEL009032	148,458081641683	0,0103690862968781	0,253128538618513	0,836715798470244
AAEL011161	760,548804889051	-0,514655144206702	0,296856419500617	0,583785826600587
AAEL011159	139,733154546376	1,16578751213275	0,399136545856545	0,0812835088006429
AAEL011150	575,904320580807	-0,294488930103244	0,229373175888999	0,796424888921702
AAEL011157	1218,98478875623	0,135475232945774	0,239712964808671	0,825139896986458
AAEL019610	1422,13051783534	0,150229431746072	0,201623097923201	0,845809520624577
AAEL011162	341,369278870538	-0,0513885026653043	0,20450321890215	0,854669477764004
AAEL011155	526,165389168779	1,2648277675667	0,41948717132011	0,0577553618373261
AAEL011158	940,923571924216	0,379569194121235	0,228308589687216	0,76662015774752
AAEL011156	237,948054668262	0,241209195809544	0,204889536742383	0,829255537281986
AAEL011163	125,048649623099	-0,0655121951313789	0,27021321127869	0,818223164787978
AAEL011147	782,513407434058	-0,13229281997985	0,165850397270519	0,861788517843651
AAEL011787	157,527072929459	-0,15289582833297	0,430086922209315	0,663016862337532
AAEL013613	2860,90229164566	0,0835443837506393	0,211408273189915	0,848818003848467
AAEL013616	678,730904130917	-0,156667778966819	0,207395160060915	0,84177820806676
AAEL013620	624,025692966763	0,328166222557494	0,152137474091177	0,850454506936654
AAEL013612	1341,99955959072	-0,516374058896023	0,317560879998283	0,557708933140908
AAEL013617	138,809779819192	-0,506109262505435	0,226093358691459	0,699263851106715
AAEL013615	172,193057953132	-0,04828113043749	0,194464128394359	0,858119311465618
AAEL022819	5821,29415905571	-0,175291914986726	0,232777460779367	0,822083449832269
AAEL019622	73,8000693259151	-0,129261522512064	0,32640293756402	0,761290043804542
AAEL006929	649,236988012025	0,0452931589243968	0,259710501937243	0,828134007433596
AAEL007286	1339,52747291355	0,254312170809058	0,246180928638827	0,792901547036982
AAEL007293	1181,5999142451	-0,124974638361768	0,258355467425651	0,814756438400985
AAEL007288	1590,09884281468	0,355734537154649	0,179390420894074	0,82442769028036
AAEL007298	1672,90057354302	0,520625191675868	0,156110118051647	0,796142837033049
AAEL007292	504,419637028495	0,0296252503902833	0,273787298862208	0,822169784240459
AAEL007307	320,151749492393	-0,126117617830105	0,269119703039185	0,807035780176016
AAEL023605	45,5940231314856	-1,8240997007815	0,416386068376806	0,00282551695297699
AAEL007299	53,525289475015	-0,148943848912982	0,30707733039495	0,770985723820506
AAEL007296	203,802443517261	-0,0387465685156707	0,217484887828991	0,850500308020965
AAEL007282	1026,85712409451	0,202341274558953	0,210787255937356	0,832323528855888
AAEL007303	30,5456085407886	-0,353361396952624	0,533593175141973	0,467445993285557
AAEL007301	233,330684453045	0,0478482144133271	0,233588278229782	0,842085290342046
AAEL007305	15,8509509670422	-0,194975376011151	0,417398286318233	0,65494642233734
AAEL007281	446,907885996359	0,71699473912924	0,364998130978668	0,343216287409071
AAEL007284	377,939805214703	0,103669509006268	0,279751605468352	0,804258384242141
AAEL007304	277,166362569862	-0,290475452053234	0,411449747206291	0,603451337446781
AAEL007283	371,324446094562	-0,424492601132083	0,221098681911228	0,754226864584562
AAEL007310	249,278935097388	-0,181972032622966	0,257992567111462	0,802495463866159
AAEL007290	589,330501108754	-0,436877456561553	0,499786249625828	0,442470891172095
AAEL020861	5,11216374917257	-0,271854559794162	0,581369004701175	0,479863865970578
AAEL025594	1742,70836012735	0,375720252908764	0,168953887432772	0,828756659983079
AAEL007280	299,791886735216	-0,394613831830897	0,288081554327145	0,686501725581655
AAEL007289	404,993777522564	0,12794217534802	0,394018293346354	0,704001033479638
AAEL007306	4170,44008803642	0,198121374538453	0,16811494950292	0,856422149005774
AAEL007295	208,993293326375	-0,0868891836691202	0,300005205857442	0,794118001026114
AAEL007309	364,67286132001	-0,231202761003518	0,198009765787691	0,835726937970913
AAEL007302	41,215048033456	-1,01689848277099	0,483626153402564	0,142952833871429
AAEL014226	362,496450834104	-1,08205199336709	0,344096549558808	0,106640890497351
AAEL014227	29,3281135810263	-0,627789326689325	0,42739572264102	0,371565026173045
AAEL014846	544,811541561131	-0,537381415917868	0,207448193775543	0,707418956836319
AAEL014847	1567,26401838492	-0,435664020843563	0,380950822147205	0,545917754922657
AAEL027706	86,2292748025386	-0,450140399000479	0,529621539668081	0,416281695655088
AAEL008588	211,617211491128	0,305156450328815	0,290043542743595	0,730487565335789
AAEL008587	195,60874312126	0,135307881180817	0,347762145272415	0,74096037232381
AAEL008575	730,99793559038	-0,923178889177079	0,190902681822294	0,240546173396739
AAEL020575	44,3293689409702	-0,315118957407602	0,545328453238427	0,480343714204936
AAEL008585	192,194104812476	-0,455862051966582	0,402958577696513	0,508789776280385
AAEL025766	13,1711670866022	-0,426725794471635	0,816207451093102	0,319847172308326
AAEL019486	544,149849447558	-0,573888601963366	0,327225947506092	0,494696954346478
AAEL019880	377,3824325431	-0,702683338684122	0,553397327804523	0,276934243989984
AAEL026476	56,3211068167649	-0,272699063929199	0,409673820456195	0,617910018690404
AAEL019851	289,820505775351	-0,623393721050144	0,487978346427052	0,342055668890435
AAEL027139	51,8787240856498	-1,72241218253444	0,659986223065467	0,0239657973594051
AAEL009275	2804,96127375999	-0,0870707850210151	0,201126307769342	0,852636607713532
AAEL027256	93,1787968037729	0,199693054401344	0,386178183916164	0,681563423175264
AAEL009271	104,682449872718	-0,20498893328889	0,327822824389828	0,733971686943947
AAEL019457	26,4465965290204	-0,199005948226629	0,365694404437922	0,699678839239774
AAEL009273	861,743838279194	-0,329642617314666	0,191526644410279	0,820118682212202
AAEL009276	92,8525714860557	-0,572674105786067	0,332026029666909	0,489631046120318
AAEL009272	229,293862864433	0,106941197144687	0,214559660718334	0,844450200229046
AAEL009274	1371,07972123767	-0,138710340863254	0,198363625983163	0,849005062831614
AAEL009278	1613,73564472088	-0,0536265362751222	0,185585717337393	0,860484885519154
AAEL017184	219,707329541879	-0,903229216598068	0,249462459484575	0,235768882815322
AAEL006644	37,3822138048586	-0,0130657812587403	0,314119721186055	0,800430548557188
AAEL006656	341,677949267511	0,168248935627781	0,210942009255981	0,838087573594025
AAEL006652	238,129605901154	0,26168217601839	0,221737484230151	0,81176190843976
AAEL006648	87,0544443747007	-0,075870185312117	0,284367438165045	0,807213116159228
AAEL006650	69,3217241510262	-0,845712259483789	0,467968713424688	0,223910490893616
AAEL019739	379,619579387633	-0,826480252584154	0,672427737380739	0,20734933322797
AAEL012352	178,373978744331	-0,0550865009786819	0,387369329881717	0,735937960021215
AAEL012355	412,812692086279	-0,314833130524749	0,264936935896015	0,752387860125259
AAEL012351	357,302575750277	-1,42313051421315	0,415717204251684	0,0275993273853168
AAEL025606	785,90076016827	-0,836728461058866	0,236953289245644	0,315905853006311
AAEL019509	402,820023757545	-0,519276860614866	0,37022158859421	0,493477515185559
AAEL011399	353,443099262699	0,022385143226517	0,182500232540877	0,862760013307172
AAEL011395	2492,35580218099	0,433737651439115	0,307404080353846	0,635167716931308
AAEL011391	667,090619614654	0,170450351047783	0,169858596324099	0,85791281013088
AAEL027478	96,5289835632258	0,245057003159408	0,267884152871449	0,77543538788416
AAEL023040	74,5253630603415	-0,222461430402584	0,302325560733689	0,751022544152121
AAEL013862	315,899873342694	0,0604801223822548	0,204027381788445	0,85395928511067
AAEL013863	1156,4135812702	-0,579329636290509	0,311034259405154	0,509800504251065
AAEL027601	1,60185930663189	-0,0565793025910876	0,532656426955319	0,616426060481338
AAEL014445	30,769572539845	-0,318591717642855	0,41285783529661	0,587002741850599
AAEL009821	18,6505060757097	-1,06605705601956	0,913969544713315	0,13549319187107
AAEL009817	135,443881996698	0,123694066917336	0,244290067128052	0,824259272579014
AAEL020872	31,8946383236848	0,230932816459287	0,418832273234336	0,633636806486351
AAEL022936	47,7602020882511	-0,0729670162826396	0,416372090733784	0,706967600496209
AAEL019518	2813,73630707003	-0,455022181912039	0,22290844572478	0,736679793897477
AAEL009814	334,619533079782	-0,217789355051456	0,186932131811813	0,844977101846796
AAEL009811	367,793302197737	-0,362570769729669	0,20757889402353	0,796171076785582
AAEL009808	1898,64457130187	0,535382168462893	0,207385129537505	0,708597752762612
AAEL009815	532,377656419643	-0,313837819744975	0,201651013977614	0,815548400038462
AAEL009822	70,1011693866202	-0,555416160778446	0,310867247338254	0,53062689214316
AAEL018186	315,830627633473	-0,1036872091946	0,222364797193823	0,840815172525244
AAEL009823	372,416451049001	-0,554271554290531	0,320731405681082	0,519852041885539
AAEL009810	857,526653232714	0,828991086518482	0,259919585235743	0,304891931445442
AAEL009813	26,2235071799332	0,250352283122179	0,387269813410844	0,656770011766442
AAEL009818	205,097582783914	0,703523522927186	0,281837463724007	0,421674989416971
AAEL024434	38026,0211136915	0,415679412400025	0,26705906795095	0,699560365364696
AAEL011827	724,593497541959	0,164753428910829	0,195195977318196	0,847495509944848
AAEL011825	199,406739646461	-0,202654632029197	0,278457104497725	0,779457378674329
AAEL011826	331,058669349332	0,111262929723882	0,268562405538771	0,810522467435596
AAEL025477	119,110307504947	0,062377663803131	0,344728467885928	0,766693604642416
AAEL021576	25,7356229757208	-0,00722275487000335	0,406315612824665	0,736402068859763
AAEL005720	43,3213692724081	0,342785391575971	0,345935016390141	0,649447485594259
AAEL005712	3202,11280022916	-0,511306013872536	0,345212079988541	0,526042118269079
AAEL014943	3126,51195737219	0,116800249715678	0,157778809109149	0,864223397244548
AAEL014944	13206,8421963442	0,223416662016623	0,296379077930005	0,756120026381939
AAEL004435	1658,12814411286	0,0143767840000392	0,196768603513485	0,859588586909055
AAEL004426	314,192435350593	0,409464633947541	0,215719269230355	0,768153411701168
AAEL004434	11354,1251386685	-0,179227478933336	0,179597180675956	0,85338905076273
AAEL004441	1381,07512653468	-0,08121695096079	0,164895244505472	0,864072156262936
AAEL004437	450,449322910434	0,163090369308686	0,185424193634441	0,852279838849305
AAEL027514	82,6232923219902	-0,364295032055453	0,474922636583458	0,505001417467385
AAEL004431	921,40740319472	-0,229742505137346	0,213297380513676	0,825348277921457
AAEL004438	1684,29844996861	0,584633406094524	0,246117634224194	0,593724436101752
AAEL004419	2888,12703156808	-0,0198217956369875	0,155379454889707	0,866342582938315
AAEL004433	420,886986256812	0,381534863261596	0,168200190192871	0,828154163281138
AAEL004445	1416,29592283791	0,396252834644989	0,163316923253802	0,828916616845236
AAEL019502	17,7858334275655	-0,141049632093104	0,400616386908271	0,693343174422648
AAEL004425	372,042577969209	0,879956783520136	0,262562370467372	0,25543140787267
AAEL004416	35,9097983606315	-0,83417714373668	0,493238170709584	0,225608662453443
AAEL004440	426,919604177862	-0,00882949348084837	0,28257869841194	0,820449128000441
AAEL012952	14,7265633930582	-0,0487540668793091	0,392539217494564	0,733877355286659
AAEL012949	54,1922947972651	1,21018950583518	0,477302105570195	0,0780104642870355
AAEL012945	1274,4033920684	-0,180774862665161	0,192356579998398	0,846937622044201
AAEL012947	19,0601133135848	0,0668340038343231	0,512988817959777	0,629407655842399
AAEL012944	31927,3445387726	0,345077804577683	0,251399608237116	0,754429592902739
AAEL012943	1823,23318597569	0,430745873134532	0,245756141838614	0,719396552184765
AAEL025455	1153,00004741304	-0,329404726470765	0,221246007842175	0,793163403281338
AAEL004444	361,595762280288	-0,34438122239068	0,383014572358743	0,600959554407442
AAEL004422	276,043386219566	0,330970766501516	0,218802579703751	0,795092553463475
AAEL004417	680,811984209415	-0,197147014254997	0,16798663404077	0,856590881103763
AAEL004430	473,416015154325	0,381690314979138	0,247763827524476	0,742343559353658
AAEL004427	975,619990484562	0,321584442069528	0,231869481096137	0,784732751724833
AAEL004436	1372,79529856984	0,0231416061877461	0,147114368302841	0,866549652662985
AAEL004448	827,048084787455	0,515747917222401	0,264291105210991	0,632952613117688
AAEL004420	151,339689034852	-0,259287446892252	0,324512706727041	0,714845877964702
AAEL004439	400,361417500752	-0,130419654639239	0,186058717924697	0,855215502936973
AAEL004423	6861,26630127301	0,133577961539992	0,22995943265869	0,831513602788309
AAEL012942	252,950271280016	0,00931242377322293	0,351192089170047	0,77584395942411
AAEL012950	3732,35524179233	0,249235709759887	0,241984458427452	0,798156732421374
AAEL007794	15,5638588625078	-0,381752183344636	0,564310878878134	0,433153351148062
AAEL028096	4,02338923495883	0,0479333702705021	0,511854676410942	0,639605840260031
AAEL013032	651,498449945557	2,05746886804733	0,314583342981968	2,69052811691861e-05
AAEL010074	37,2272764118488	-1,02459817066181	0,460959151085409	0,138477033878868
AAEL010073	944,404007327554	0,15457086096651	0,216091544876827	0,836806759336655
AAEL010077	413,128338100553	0,168985559268117	0,247223948420089	0,813413530645827
AAEL010071	164,549522300927	-0,0571862299649113	0,238004819957924	0,838764869559536
AAEL010070	145,589850929453	-0,221348174759341	0,242633946735499	0,804596869578243
AAEL010067	20,3133107164084	-0,550253975582209	0,624952396927854	0,32568871860647
AAEL009680	1414,75937745524	-0,55821864125228	0,23883916955651	0,637441651993665
AAEL009685	237,249732116041	-0,0821036254979349	0,19852491952	0,854423868043827
AAEL009691	7358,24380703146	-0,685170775777593	0,19035089459499	0,587853257447008
AAEL009686	331,498619432092	0,00162835029931467	0,220752538159981	0,852339420187651
AAEL009681	564,026079415612	0,686490334717117	0,286639384335354	0,432597139317899
AAEL009684	1713,78506022909	-0,830777523082595	0,524108921814655	0,22220842217212
AAEL022514	10,5944377182916	0,18703223106112	0,479735801727447	0,596198095660896
AAEL009679	120,895425378884	0,0547253482921897	0,332491789199191	0,777698402964302
AAEL019595	383,835389079633	-0,430585651230305	0,451290609850739	0,481938051841931
AAEL009547	575,695757340796	0,0915985310527876	0,182605755951878	0,859197055910269
AAEL009544	76,4830982420807	0,695247545993131	0,347200110471249	0,374153913710305
AAEL025080	17,4956349056759	-0,220449720835352	0,460185703328538	0,595787916394444
AAEL019673	40,0294284142735	0,109767277459467	0,341938153479396	0,75434853834494
AAEL004478	17,1985707351144	-0,571727166693685	0,68452414771915	0,295932234568842
AAEL004465	119,858633433581	0,0391038256399157	0,275114025155163	0,819809178396828
AAEL004460	1758,37034505234	0,139928352762944	0,234957534457628	0,827425576309298
AAEL004467	1038,85548843591	-0,31639615584452	0,190149512632019	0,824658740185676
AAEL023428	6,69381230689644	-0,288032050695325	0,636695619807543	0,440302024625254
AAEL000175	5242,33625078921	0,324122912280197	0,142165526182245	0,856196554348651
AAEL000176	70,5926309908405	-0,330480081621909	0,473313540598376	0,525769856550702
AAEL000170	158,097101657758	-0,714613043762359	0,267235352729986	0,426420310818672
AAEL000201	260,50366900387	-0,431114845168888	0,277467018505091	0,676545538028045
AAEL000173	295,433690400808	0,255606816687636	0,273166200076896	0,76698697196968
AAEL000179	882,743202349531	0,214325283162734	0,248474513615914	0,801936486323428
AAEL000211	1029,18469026962	-0,0302994221952275	0,271764219777595	0,823241983443509
AAEL000193	1230,44317673768	-0,456150802510873	0,29149547416145	0,640926277644385
AAEL000208	1606,41256872174	0,0365999685630008	0,275807583155325	0,819853457921806
AAEL000199	1861,26069323174	0,582599536083815	0,323144297588741	0,490558845006201
AAEL000180	280,313402619356	0,106089302499655	0,238737103293128	0,83067627630697
AAEL000182	395,609438542225	0,0767772067598089	0,255633789034246	0,825369088834954
AAEL000215	165,894805551571	-0,0122737670607987	0,22327443480884	0,850576580880203
AAEL000206	177,105349817515	0,114803332298974	0,204617768454983	0,848583527729847
AAEL021082	12,9324250359297	-0,791501754664075	0,78107097321969	0,210218280725204
AAEL000187	114,173681766736	-0,639930808191506	0,245208968139153	0,542880649965913
AAEL000174	80,1088651079916	-0,109860482514313	0,262510472101266	0,814990065786595
AAEL000194	1202,1402478914	0,181954167814264	0,204123335758729	0,840085180898046
AAEL020695	2032,52453554673	-0,274937806070401	0,223392746400894	0,80693430051308
AAEL021262	25,8559635956036	0,450321019273239	0,496192968724651	0,436654938326762
AAEL018036	75,7795210810875	-0,317141710454154	0,298767758845559	0,715435534883718
AAEL019858	51,6458242626699	0,0984929721731064	0,326551682018039	0,770060969253733
AAEL000165	593,499615107546	1,1705802547318	0,271385643609796	0,057998682065591
AAEL000200	1723,92218129828	1,06306606307958	0,212330831392336	0,0991805893865051
AAEL000172	3006,02925178966	-0,385751940914294	0,26445339159743	0,72038366159717
AAEL019940	657,870423117781	-0,782797720669473	0,367665392073783	0,28921329022396
AAEL000178	315,797214355161	0,0900484292508568	0,219634442062461	0,843936341758005
AAEL000184	164,871007075476	0,913724921323373	0,277403752601433	0,219081868308326
AAEL018225	800,434115816061	-0,34030076990713	0,27744732731384	0,728100547070765
AAEL000191	1089,16697958429	0,0987074899830905	0,191612012200053	0,85555825250928
AAEL000196	187,239322109976	-0,578487795234951	0,300089866579723	0,523031999871017
AAEL000185	4846,5311867113	-0,0166256944305059	0,229706749604571	0,84757487664122
AAEL000204	1148,42003206634	-0,028517720486361	0,212904167867245	0,853153818562588
AAEL000210	887,004378267515	0,193860978939553	0,195842579743881	0,84321793086756
AAEL000186	676,505270794034	0,0526078632466018	0,196894676067465	0,857038900795529
AAEL026817	898,002298565431	-0,596843800471954	0,174676025599068	0,718297867358183
AAEL006474	1329,8037220828	0,235020869195934	0,152750055870214	0,859575122089378
AAEL006464	56,2900416443202	-1,22766953426587	0,39813086921454	0,0658483778879853
AAEL006454	30,3466676173985	0,148409955360462	0,373772738956733	0,714199969935908
AAEL006472	1597,3372733385	-0,570641110163074	0,260778039289561	0,586149227282148
AAEL006469	763,304459854859	0,225909963680314	0,238960085410667	0,806680142547463
AAEL006457	110,866958096687	0,403970719854028	0,274703986851679	0,69723388663385
AAEL006462	347,661557915599	0,0541554484643472	0,20703700213557	0,853359687954165
AAEL006460	504,213555714217	-0,224202413990888	0,227730599630941	0,815733771888369
AAEL006473	1549,25785642478	-0,521284191734513	0,167504966911201	0,778995372924645
AAEL006463	175,521578632622	-0,409840138390645	0,272173721339668	0,696993404962018
AAEL006458	1782,58345443273	0,0525332254018242	0,225919261877546	0,845337283095835
AAEL006453	122,414160726032	-0,0818468128327658	0,346843506058162	0,759161637886396
AAEL006459	215,124601653328	-0,0465397424026988	0,27486391922134	0,818941396723334
AAEL006467	337,525409163838	-3,33839916248701	0,62693287764966	8,64277471525115e-06
AAEL023398	172,316701061932	0,0473837772126551	0,290626101598163	0,808769902167761
AAEL019710	24,5472258476896	-0,382770785872537	0,466153437340876	0,501457664495297
AAEL019832	80,5598116275272	-0,00100738923851492	0,378549989829667	0,758103387348292
AAEL004951	282,285613711231	0,395470744924797	0,266821421797275	0,712518686926117
AAEL025911	1672,30089245188	-0,302037967031207	0,217143683629199	0,804934201740088
AAEL023019	1142,27302715082	-0,27341776979146	0,342263624877318	0,689925326196882
AAEL021854	15,251081273961	-0,719862183267662	0,756674978653403	0,232663556064194
AAEL005849	7163,62272352283	0,374776695878422	0,23918495671172	0,755317881076347
AAEL018354	1869,3241267594	-0,416346447256049	0,298373317435263	0,660661670764389
AAEL005856	1333,09620536888	-0,38652728165395	0,169418628573626	0,82568066236518
AAEL005845	2897,82754157259	-0,168813592970569	0,367693469187192	0,711808194216824
AAEL005861	2654,01064970532	0,103050703651603	0,298621386483534	0,790783066082365
AAEL005850	161,647623898141	-2,2586005896889	0,418551071376507	0,00011554492443546
AAEL019982	905,392762937418	-0,149138386814148	0,213373931184334	0,83957722671771
AAEL019981	52,5469616410928	-0,958623512597883	0,451493152730788	0,168047351050991
AAEL005854	85,0857555103558	-1,30862800566154	0,509781924473353	0,0609441072923765
AAEL005855	12,5067374559666	0,265110399164524	0,537182759931023	0,513947332991299
AAEL005843	2596,26046216325	-0,450972962757166	0,460867811179998	0,462067200055981
AAEL005846	583,200881652402	-0,0701301296259501	0,216786202807694	0,847875718553884
AAEL005868	685,65531078407	1,09008433256826	0,208511351052136	0,0791003915101795
AAEL005851	417,501865414449	0,0128525923131181	0,186297780894472	0,862347184017938
AAEL005858	121,058264183872	-0,29691349174271	0,334159044916813	0,686885592960401
AAEL021191	115,82155510191	0,170788393028134	0,411078318897315	0,671099740202937
AAEL005857	336,066990927747	-0,12852751207912	0,194625614055736	0,851591182876488
AAEL005863	623,871028314061	-0,594096222270676	0,172097610899257	0,725172488592833
AAEL005848	374,680927799775	-0,166738225306318	0,194054739855347	0,847923111474761
AAEL005870	699,861370857306	-0,0422868923467116	0,165943379751065	0,865049243280051
AAEL024112	183,361519361067	-0,127919990130368	0,332084496835285	0,757036227073455
AAEL019450	568,282488142929	-0,426558450419999	0,286556399764666	0,66849126478318
AAEL003469	1027,90527003767	0,315513294463621	0,176300215236697	0,835690083978824
AAEL003478	59,8545642872183	0,0878290861318951	0,308291647556581	0,787310099109695
AAEL003464	69,5273761132777	0,182068461169697	0,305068121352757	0,763193499282015
AAEL003481	236,454328209998	0,847842527712821	0,236969441613183	0,301069984064778
AAEL003476	121,356638778637	-0,146463904012096	0,216202387822607	0,838248498619119
AAEL026652	1624,04380260734	0,549783320333831	0,272230689734018	0,587747125604802
AAEL023611	689,934103121302	-0,687949827167018	0,265222881809773	0,456593971777782
AAEL003456	168,380170938734	-0,119753372720251	0,228160008884009	0,834856487452743
AAEL003484	100,378657448973	-0,0339251552838233	0,288271230905528	0,812746771189676
AAEL003471	204,865466757866	-0,334693952100591	0,259355885057278	0,750062397114908
AAEL003451	165,938208477386	0,0280446289372455	0,208313160253898	0,855086552226436
AAEL003474	50,4144236202188	-0,233098813237051	0,349212497775319	0,700623598612462
AAEL026567	21,5275862391177	0,344229064432937	0,458179550172732	0,531294083752803
AAEL008583	235,869490724525	-0,072110970127248	0,301269086050544	0,796593760143599
AAEL008577	421,450289830127	0,453441886894655	0,273956333867053	0,667708812544812
AAEL008578	1303,20848100497	-0,439579873136956	0,41507469566331	0,508645054943669
AAEL026522	411,621168789694	0,051705354147214	0,355591648973675	0,761136472880609
AAEL008576	131,625688873994	-0,0463732362771107	0,237472418330585	0,840398851060561
AAEL008582	829,637578171229	0,232110381188819	0,213688756519354	0,824574792120294
AAEL008574	3017,84902886222	0,759325142982082	0,219041065538869	0,43389325171547
AAEL008579	822,86770663928	-0,592170023207298	0,327290841496143	0,477937382637785
AAEL008584	433,703999259315	0,37836754425231	0,230850302056479	0,764657813040589
AAEL024756	5,08757190113646	-0,0592996009684091	0,501559961300053	0,643377772359734
AAEL008580	1002,06571196047	-0,39282325108667	0,187045893990245	0,806985053459688
AAEL010200	332,094169383508	0,142656951386633	0,202519169590117	0,846198165224477
AAEL011865	1268,67448205159	0,494486225520711	0,196975894228587	0,750146173107931
AAEL018227	24,468933577353	-0,0207707633909485	0,351400787069461	0,772569392285149
AAEL011866	216,5670259157	0,070500823882049	0,253021672827319	0,828033157722931
AAEL011857	402,454616280462	0,116109346870073	0,314764086661037	0,774545124996892
AAEL027686	416,478446068502	1,33041024483171	0,214148484395235	0,00829103473560742
AAEL015347	127,029184028373	-0,0241977650580804	0,298645269781132	0,808195282675906
AAEL009542	400,075153288106	-0,11972720084759	0,225770633254133	0,836424043674758
AAEL009539	1048,75162652754	0,074659241126894	0,216612857439764	0,847336528541998
AAEL009533	390,916722762208	-0,255973587914214	0,29838708554491	0,742032480412831
AAEL009541	146,904019153325	0,488088652663162	0,296175213798241	0,604440129011174
AAEL009537	6,70643035560023	2,11877668154705	1,41735043014973	0,0412430915330454
AAEL008380	14,8895103622243	-0,115148590507967	0,453729927705347	0,65902485233246
AAEL008389	3982,0927141382	-0,437158586845361	0,213255085837182	0,758182083546903
AAEL017543	494,653087782666	-0,0277395290969197	0,16368784388678	0,865668226649791
AAEL008392	218,400159415777	0,18442056954061	0,193959792496339	0,845598184606782
AAEL008391	245,623287160981	-0,194179974450091	0,23692603702407	0,815432354933172
AAEL008394	792,080703797155	0,528357510625437	0,277008664059323	0,598642694142361
AAEL008393	559,532329383961	-0,708213300094308	0,250160719253376	0,452417865270657
AAEL008379	869,393594259816	0,0383998243322566	0,184486222315113	0,861579482746069
AAEL024654	68,840153950466	-0,430398194099694	0,294508425951222	0,656467316096029
AAEL018155	1033,0075299945	-0,798539919523391	0,217264508908072	0,389347576552068
AAEL008386	140,308644033765	-0,868159240894352	0,285468029918704	0,256793867544211
AAEL008384	26,5397027307485	0,223198784360063	0,369314580643642	0,686693762088826
AAEL026031	50,0105892433516	0,43672411030101	0,409163508487282	0,515647241036843
AAEL024038	69,2611541234025	1,32235203055394	0,391699030625637	0,0392459629430904
AAEL008376	92,0308893638707	0,119183222148647	0,412430412442177	0,691736084222439
AAEL008382	577,682083428069	-0,255263489146592	0,336056501760537	0,704690785113685
AAEL008377	370,467559293795	-0,686009754480762	0,226004444329547	0,51971298499821
AAEL021790	140,916591771684	0,117791763590498	0,298820847020238	0,786725431362923
AAEL027238	86,5153574558003	0,45918052455286	0,294358942215429	0,633978073153809
AAEL008390	512,889377561358	-0,880421659773599	0,303942228429019	0,236897130280222
AAEL019907	616,649063174409	-0,338317291783055	0,358844640084304	0,635844258299219
AAEL021572	25,9727208820113	-0,510000076228039	0,51581862124049	0,393673763138097
AAEL001949	90,7310994634589	-0,0283096812137833	0,264859226834528	0,827790636665378
AAEL001936	67,818467817494	0,373263126780153	0,332687251541025	0,645556863556646
AAEL001937	689,952941099321	0,867249128361911	0,200808462093601	0,306160204195533
AAEL001920	153,092160877078	0,751076249535598	0,241449596535567	0,414136225838671
AAEL001952	474,523318030377	-0,142728331160577	0,241111738177823	0,822643138769741
AAEL022452	107,975466753519	-0,0371809439765611	0,227398437018131	0,84623046394233
AAEL001939	1595,95091097546	-0,445661291078572	0,229356478147784	0,732883088861428
AAEL001950	215,289913147476	0,273170358143397	0,270933990409469	0,763344501604633
AAEL001938	52,3881143887587	0,0815729633944093	0,329063900588941	0,772848721969218
AAEL001918	307,72752347114	-0,512034644041635	0,310228891789198	0,568750713342423
AAEL024577	11,0160006752516	0,0185848882287687	0,517694536926307	0,648659929728104
AAEL001928	4550,07028758566	2,7122097555114	0,232307321520033	4,4767332670215e-15
AAEL001951	321,380213056272	0,376165034814159	0,242134052215354	0,751603487563913
AAEL005961	9262,21713239539	0,30426533541738	0,249734309468371	0,772429482690663
AAEL005964	216,94343809677	0,544568415369399	0,329295270091908	0,51775817810567
AAEL005959	45,1684628679278	-0,38726446515249	0,395437588441239	0,563171459034159
AAEL005957	69,4407621758315	0,114182438644767	0,357628365566046	0,740195878180403
AAEL005969	47,8164930760838	-0,898552488490723	0,479784984749628	0,196336622117703
AAEL020917	5,04267137867417	5,02805992411738	3,08603677671581	0,0137176518952847
AAEL005966	50,8411158750925	-0,124887650522917	0,329745466932939	0,759823367748788
AAEL005956	333,730254110109	0,0321630366494046	0,27326538327064	0,821997031975385
AAEL017498	26,8007323549554	0,300402388049877	0,399537738105437	0,609896087069858
AAEL005955	32,5402054638808	1,59299782685433	0,585333367711286	0,0279565787275503
AAEL005962	576,407143488373	-0,254802347023487	0,215031520979972	0,818739965532937
AAEL000504	13,5181737641426	-0,501633701165217	0,638020993083259	0,346669213449715
AAEL008193	18,264366610211	2,53462275631484	1,05942464457613	0,0106811641098179
AAEL013984	5679,22851711085	4,03742883150627	0,342371249567426	1,72165143110012e-20
AAEL013989	4289,50573070833	-0,581991331279345	0,215628070930426	0,65722312411367
AAEL013987	3787,44263577613	0,259739601057058	0,178296625453237	0,844168826095821
AAEL013982	1920,61578210769	-0,39164881949697	0,144510950309367	0,845695796165298
AAEL013980	1379,71488170015	0,399616441417444	0,291985833311782	0,677830954726397
AAEL013979	376,833836129453	0,184045215345587	0,177253402413666	0,853901003699179
AAEL013990	199,110133039785	0,0971942104311424	0,258848530346962	0,819565253681244
AAEL013985	471,598915546002	-0,0788330907049977	0,259051910653812	0,822686047079241
AAEL025762	206,648394994334	-0,412929641014861	0,564474250041314	0,417638635439435
AAEL018029	14,4321086210193	-0,674576626329362	0,661219220340973	0,263034489278638
AAEL019515	79,8125495378225	-0,121376698634385	0,252778996550734	0,819142385688294
AAEL006385	0	NA	NA	NA
AAEL021244	60,1475890840887	-0,121486407468849	0,304361135164762	0,781383947950592
AAEL006389	4847,1144182418	-0,573141117717316	0,295472135584638	0,535783308715354
AAEL006386	494,374154510926	0,202737861208685	0,184407482504942	0,848552209321355
AAEL028653	1,99510048064836	-0,0276141237432731	0,522653338254481	0,639688624686068
AAEL006390	1475,75148627044	0,468120414531043	0,346293970293882	0,560453000509724
AAEL006394	10,3342561153384	-0,354614645741886	0,542461073925589	0,461218631477169
AAEL002853	98,9233879690669	0,51370100693298	0,410345789423244	0,459684545388013
AAEL002848	1845,11501422206	1,45546607108188	0,217617813093464	0,00224859195806137
AAEL002851	12332,81144441	-0,0228803075080555	0,33036514474382	0,787279404871531
AAEL026409	3,53576523136944	0,360019668499142	0,631735711762336	0,409216208112898
AAEL002835	1309,78389573867	0,00166691067302573	0,172634526694826	0,865111398195771
AAEL002828	397,463474404902	-0,462931676347906	0,190400994782851	0,775741953386959
AAEL002819	330,126033744438	-0,10348470124054	0,227510664002068	0,838015948786976
AAEL002850	223,886897984878	-0,747522347857929	0,469472792274277	0,277723242112719
AAEL020169	28,5532030879053	0,754976367636003	1,06181224737043	0,200408198088038
AAEL002840	625,314069563301	0,615680743572915	0,183121968938759	0,6860528187709
AAEL018288	4098,41257795252	-0,257395971790246	0,270675738137241	0,768587944941493
AAEL002847	67,0644351740117	-0,242133707547026	0,291397118294095	0,754105072214448
AAEL026736	656,007498805926	-0,388057840410965	0,328139498679288	0,640514604447387
AAEL002820	197,015861871069	-1,62715293060992	0,228882549374969	0,000293160032489664
AAEL027376	139,687926982776	-1,11928333142243	0,258263103891603	0,0755813600492697
AAEL002838	46,9749141239116	-0,158025593980944	0,292725067298494	0,780669406756926
AAEL002854	167,502710625584	0,490667133736925	0,286488015354238	0,618279303074107
AAEL002822	164,682644098547	-0,0933398357680241	0,230167399709827	0,837944260719828
AAEL002836	640,385205504559	-0,17335465669148	0,235731896905046	0,820405138181968
AAEL002849	75,1365838903557	-0,13613152688112	0,263835247570147	0,808520486506405
AAEL002852	152,606201849159	-0,364033657944676	0,224505061236971	0,776555539109513
AAEL002825	2917,92454963421	0,234187453900436	0,256089701830946	0,789827837862702
AAEL002831	158,862265423442	0,532587850363779	0,304596510600788	0,559977591378106
AAEL002833	23348,8350353017	1,15727420794837	0,203584296700532	0,04325396852724
AAEL002834	2607,04345150088	-0,332482421841003	0,153490720794482	0,849145053716506
AAEL025743	21,249462247422	-0,533244435073621	0,707888403035594	0,305653495121817
AAEL002843	1137,06770153644	-0,520176412234512	0,213346872866147	0,710155945642097
AAEL017395	2939,706216846	-0,345433847026894	0,212167454532419	0,797042743798894
AAEL002846	451,136809239288	0,0487502665684589	0,187903962995417	0,860111708412336
AAEL029007	2769,41210927383	0,400740545439112	0,248736210744807	0,732025203433572
AAEL002832	60471,7849926143	0,221819531843609	0,27111603433626	0,78004864559571
AAEL002827	27639,1241598105	0,20410934050903	0,248994441246811	0,803892568129861
AAEL002844	338,479482953367	0,17014539523453	0,201266806472058	0,843402338393749
AAEL002837	400,471746473769	-0,0165977265053009	0,215693339945196	0,85300641478737
AAEL020083	18,0286255361241	-0,360156100428273	0,561952805493833	0,446054189366686
AAEL013675	3850,14874777589	0,491709894581659	0,179728774889907	0,776217229345102
AAEL019556	1590,09810291213	-0,790605297064664	0,452905738670558	0,257065840428991
AAEL005384	11757,8297401258	0,0278474237740331	0,230317272461834	0,845955491949643
AAEL012920	64,8248348161204	-0,106598035718884	0,346180561691181	0,751892998886118
AAEL008861	151,437219909325	1,20085850864684	0,498995145112664	0,082932301279335
AAEL008857	636,148290562125	0,882112451960247	0,219834208104902	0,276670667695272
AAEL008876	1213,72511178316	-1,64521445762446	0,429431170488273	0,00934477678614398
AAEL008862	3982,20862326086	0,160053116919071	0,163428377523274	0,860856076977602
AAEL008863	645,787338689045	-0,78020647061004	0,16609958583196	0,501160601021247
AAEL024566	250,306677424159	0,435926612883905	0,191587328262225	0,786106577729217
AAEL008874	419,257144895279	-0,0780312571846938	0,157501799108518	0,865322297320098
AAEL025249	655,827723900881	0,495751359068072	0,204147080898573	0,739381816958905
AAEL008871	2812,33648530372	0,183558771559001	0,281518041129321	0,782735595126082
AAEL008865	138,404165137979	-0,437710335709212	0,222105673624537	0,746366122572065
AAEL008867	239,461830521508	-0,135195673122813	0,327919569705476	0,757945842736198
AAEL008860	82,6178350317585	-0,305781605157446	0,406310272266378	0,60015652574777
AAEL022731	64,1926685624447	-0,0564187197299741	0,330815043366445	0,778564696616602
AAEL027868	199,479586258179	-0,377376660986177	0,299508961375314	0,682680361057114
AAEL011231	50,2839000931376	-0,11469783985989	0,311811657537278	0,777094778388045
AAEL011233	437,214902522206	0,0503538131376592	0,220823786033098	0,848065113342908
AAEL019704	283,459685828681	-1,11624405269808	0,322602073077648	0,0887564929362141
AAEL006779	287,454110758624	0,172654411399376	0,265594639966331	0,798791898953036
AAEL006776	1485,67992559312	0,163149308322799	0,212644086797288	0,837728815684904
AAEL006769	363,224760797041	0,101810516544623	0,198214106220116	0,852547577089091
AAEL006762	114,242895842168	0,148882553129283	0,269795368375455	0,801481702844653
AAEL024260	234,079081189642	-0,0813014404201932	0,353308716747834	0,754023818342606
AAEL019697	327,635730298789	-0,61160018656591	0,407811586130686	0,394698432834282
AAEL024883	31,7824347956781	-0,238126511600678	0,380306078026958	0,668775038097428
AAEL006774	304,707242803484	0,648947181893792	0,191752393947877	0,632265967755759
AAEL006771	495,887384151139	0,0715965623235083	0,270886790990145	0,816838294249154
AAEL006780	403,30185870406	-0,438801653501887	0,229447419540245	0,736818445608713
AAEL027722	1304,27857530423	-0,313737330875749	0,224520453771803	0,794921228683173
AAEL014177	877,336767015695	0,305683137529128	0,162197289373735	0,847527266535786
AAEL012496	25,3025287756105	-0,345591477188789	0,400804893743	0,58313739387407
AAEL012500	1175,2052914911	-0,0449310430638666	0,170093884061779	0,8642737361425
AAEL012499	1230,08082230579	-1,03307127368703	0,275645500137365	0,125969752632699
AAEL012502	987,353181374885	0,221441621314452	0,275271241931311	0,776251104701655
AAEL022123	49,5514236560567	-0,153095137296792	0,36987830513659	0,715969604048125
AAEL012501	409,096986815881	-0,229322340932291	0,206731184963793	0,830106874531951
AAEL000770	1324,24383793228	-0,504364709210579	0,362136643863258	0,514231159173538
AAEL000785	220,953819461845	0,185639394089698	0,247331094811098	0,809687175936693
AAEL027504	2081,33051545018	-0,382040437588885	0,304019486477186	0,673946501656177
AAEL000787	172,048270205112	-0,412416325627572	0,261953089579562	0,708988775397329
AAEL000791	1164,0905370302	0,0805099243319583	0,214785656017962	0,847559009909954
AAEL000769	250,644254639774	-0,161809863521018	0,27867481842764	0,791257506602393
AAEL000793	2618,75839728666	0,181092522031805	0,274733060227919	0,789196332191702
AAEL000755	61,8278688426877	-0,383667835169931	0,325216321973487	0,648423043765386
AAEL017512	856,099718058326	0,146525461900633	0,194619232491523	0,849918081530007
AAEL021817	19,9238021156938	-0,315594068387943	0,518085264824939	0,500565573447693
AAEL027050	3330,7575089073	0,105039891470889	0,150211590935312	0,865717500110404
AAEL000788	114,720214848634	0,114130488121946	0,257665770400889	0,817408384355228
AAEL000776	4452,72249914648	-0,501667298836648	0,220615440045459	0,711314352095677
AAEL000781	60,7650463535417	0,428938165387588	0,325056453512471	0,611524784657352
AAEL000758	7712,64298525219	-0,146403304282909	0,1902176492883	0,851786452813167
AAEL018129	161,765559109944	-0,440323107056926	0,296049265611206	0,647551781392782
AAEL000782	231,785413634291	0,162185242392244	0,215330029701223	0,836039532664875
AAEL021291	882,173234483266	-0,613184188389425	0,316771065564865	0,469772956716458
AAEL019580	1198,77737003403	-0,326628124320346	0,24234665411385	0,771762633290401
AAEL000753	4958,44856967414	0,130628024710387	0,274778395749965	0,802016531190447
AAEL021793	324,383174040649	-0,384719110261044	0,345402400419799	0,619199700432434
AAEL000759	2107,46231352336	1,67154594356457	0,192950446771783	1,81713191067116e-05
AAEL000760	221,704759666076	1,48112981360126	0,414579744998793	0,0220954064733139
AAEL019835	5,47254959891223	0,134863040944759	0,487804567709789	0,617169465139374
AAEL000786	2141,20743181099	0,594211460360743	0,274004712705049	0,545665990307248
AAEL019834	454,473650095065	0,484385269002169	0,241842552980719	0,691238490559776
AAEL015607	181,95668861853	0,247179766391205	0,210489044824861	0,823752088030685
AAEL000752	779,780280516025	0,0499931314556857	0,242492972559845	0,837024653202096
AAEL000780	60,7847845958588	-0,19505212358469	0,3592733953912	0,708653672680573
AAEL028237	1210,57401362269	-0,240566060367705	0,248134521860347	0,795405913249215
AAEL021888	265,701319096419	-2,93684515560999	0,750309982433911	0,000464836173528006
AAEL004653	934,768204621039	0,4541877379953	0,23143459543182	0,725122346144342
AAEL004668	1434,90069408555	0,265370330775648	0,150709016190112	0,85780243012808
AAEL004675	1018,34280502843	0,0973469794588793	0,170943554926214	0,862126856663729
AAEL004665	17,0644500066005	-0,142114341989427	0,447045435196799	0,653490037544332
AAEL004669	94,3101485404864	-0,453833638538907	0,332186737356808	0,585399750881038
AAEL004667	598,616861168538	2,33572496305583	0,347274510880098	5,41949323620346e-06
AAEL004672	137,967041094902	1,61558185006567	0,441801091137419	0,0115844120754589
AAEL019898	461,473668212774	0,065233407699621	0,391594657489046	0,729372076293643
AAEL027866	357,540493681809	0,250776098616415	0,267634331503695	0,773993900388815
AAEL004678	95,3266778846965	0,520435889302931	0,256189127642276	0,642155936766814
AAEL004663	335,551385563325	0,112262994169623	0,196177050342943	0,852398953521067
AAEL004673	65,7319248985596	0,0590940009863912	0,354647572995726	0,759667976472259
AAEL020586	35,9091350928169	-0,639827709158645	0,540195065459532	0,309685269050556
AAEL004676	604,730575049345	-0,102959249610847	0,217118830519202	0,843569606137307
AAEL004680	114,8308821836	0,152816993068996	0,370724750721938	0,715274952600729
AAEL021879	45,4355730023009	0,263321043952769	0,333351169232981	0,70359730253834
AAEL006637	381,505660520354	-0,0747626193249033	0,207626288012504	0,851274658130349
AAEL006634	3524,31278654106	-0,0809376203533094	0,270113322850017	0,815525202607651
AAEL006633	745,363764092395	-0,199234129107933	0,173852041390166	0,853988408385355
AAEL027342	226,047938937567	-0,28423166407651	0,303172326647837	0,725372892211664
AAEL008269	45,6652663580338	-0,615468855717482	0,34502057747857	0,438483982062957
AAEL008278	546,158814832591	2,38607680530609	0,280572154897521	2,43948315727284e-08
AAEL008281	141,078400835712	0,70541013733009	0,31759328054135	0,389760330992954
AAEL008279	30,7510799322671	0,454555735117936	0,416910612390812	0,496516301919623
AAEL008271	142,038831278072	0,111761847553082	0,293103548579762	0,793047104350123
AAEL008275	178,695425977107	1,36696190372101	0,320112704542725	0,0228480080365808
AAEL008260	78,6225143808518	-0,191758936598454	0,392471457967888	0,678503683273451
AAEL008276	48,4549442810302	-0,37123409668829	0,468093613201564	0,506610552204884
AAEL008274	2857,03546919824	2,53394070776283	0,22246493354465	1,61420987319546e-13
AAEL021941	158,35684196376	0,129505696485344	0,241524154432322	0,825035521180989
AAEL008280	0	NA	NA	NA
AAEL009551	4,89758270306076	-0,399099723395239	0,644340677088982	0,390379027343129
AAEL009554	44,2018147758663	-0,479438869826681	0,342192661879374	0,556867776748428
AAEL004000	55,4942160874432	0,0739380966501109	0,362269858554483	0,749390297581168
AAEL021897	0,854769538519546	0,100571811500749	0,542939785952695	0,588277395678941
AAEL003996	28,6442396836081	-0,410431966692865	0,467156440817504	0,48209702191476
AAEL003991	429,427160684424	-0,288692440102034	0,176569780504681	0,840711295499744
AAEL019886	349,658165448192	-0,15669656851027	0,219813981324128	0,834221045633122
AAEL003998	179,971150089246	-0,224505145255658	0,364194434741646	0,690801924726359
AAEL003990	787,112827831775	-0,25119742909775	0,148474015420639	0,859910969761224
AAEL003992	309,46998235666	-0,237012191208872	0,215166869895335	0,822320668574261
AAEL003995	331,210605840642	-0,23837458665577	0,189372073879751	0,840555226002801
AAEL003993	6864,9336893055	-0,335030215602783	0,266184122888179	0,742830913441324
AAEL003986	296,202930932413	-0,0554251846392935	0,253220518004235	0,83024466485765
AAEL003994	303,519314414442	0,176760946788348	0,182684796656397	0,852070925132771
AAEL003989	222,11462848342	-0,978848603114703	0,599529545273794	0,157308054538467
AAEL013731	1115,65646567374	0,140782031170603	0,183305061357545	0,85534422442872
AAEL013729	1108,87883052844	-0,36449157809929	0,322775440365194	0,662724088345615
AAEL013730	39,5312689354383	0,429134176579541	0,374130321654254	0,558547280644534
AAEL013728	69,2594935032281	-0,0637322050526857	0,283660690655128	0,810105729978932
AAEL013727	27,7082279084199	0,456635875955285	0,43738339602396	0,476969313120543
AAEL007719	24,7395827448988	-0,451364978687535	0,521955846559205	0,421292768446654
AAEL007725	752,240577482099	0,132527497440407	0,159535478779888	0,863336382687976
AAEL007726	319,26604875598	-0,54566070234773	0,229057481750544	0,665702378745248
AAEL007715	35969,6561462802	0,365801850736729	0,28427066641395	0,7075878766347
AAEL017004	325,575322368994	0,0101079227431891	0,182611377728767	0,863195939911923
AAEL007718	6994,22831996434	0,223109991872829	0,152351867062101	0,860471592051398
AAEL007712	991,231308443052	-0,24490684594176	0,238275940124378	0,802389231766195
AAEL007713	535,717583426894	0,617223588070805	0,212581843407965	0,624010020083005
AAEL007717	831,695381127192	-0,0811886188351789	0,236558999678479	0,835745358801039
AAEL007716	31,0464238330684	-0,284342526178547	0,477691372090515	0,551021483954637
AAEL018146	47,4106785258419	-0,306855071110296	0,32817215149544	0,688285699521445
AAEL002578	4207,97627897183	2,95974577451235	0,247707577152452	7,81433675532011e-17
AAEL022432	23,7887628525782	0,69971814569693	0,564223563002165	0,276143690584918
AAEL002623	9,67233627842398	0,270618861121701	0,600273482363489	0,467946028166607
AAEL024510	16,0396927502567	4,91066924025101	1,30733553508675	0,000122850938918868
AAEL002579	40,0550274097177	-0,17555120066143	0,355232006908907	0,7201763936887
AAEL002607	230,362119492928	-0,0194336551778566	0,289673657418269	0,814686236222599
AAEL019699	735,834911196083	-0,133207437995506	0,162135180918423	0,862695672030602
AAEL002614	76,2571664730968	-0,217333129112493	0,265005351835778	0,786910403379164
AAEL002597	1954,13980943018	1,24016635541788	0,227065383660714	0,0253070016800453
AAEL026160	154,573059878245	0,00750768062793993	0,230973608246972	0,848002034127148
AAEL002600	5607,1586266925	2,31212008029379	0,230665189023275	1,82500634107726e-10
AAEL002580	3010,09368091807	2,71503024171975	0,283824654100563	5,26582935267992e-11
AAEL002601	1888,06475520237	2,25299145559484	0,186665468000751	7,86124295013851e-13
AAEL020706	550,215501383246	2,33392722501927	0,29431190135862	2,07056144453077e-07
AAEL002629	3007,35361915616	1,62295130737501	0,440206122334525	0,011237399223951
AAEL002595	14766,5604977559	2,95683018092743	0,421101107114615	1,16303545219322e-07
AAEL002632	39,8499293256415	-0,337107528871721	0,365157156638354	0,628006565253547
AAEL002586	340,536133305152	-0,295657922802089	0,310721910153077	0,712845491152017
AAEL002590	371,843124680639	1,19326217446636	0,2815133074042	0,0519754535715908
AAEL002593	6834,00698889736	3,21336414026973	0,350224128391431	1,05954782214533e-11
AAEL026381	281,193341441534	-0,604259455911299	0,444417457514156	0,377155289281836
AAEL002592	410,107837251192	-1,76014678214786	0,400219510591169	0,00371241231293271
AAEL002599	80,2972040399439	0,0719708418239006	0,333234119152916	0,772324439465507
AAEL002602	18,9522490921091	-0,348062763296717	0,534387783899138	0,469441609479193
AAEL002591	35,6699017404252	-0,645433946796185	0,442359717686935	0,352574740860462
AAEL002617	31,6774494540014	0,0292182843281328	0,322893092586228	0,791079841786514
AAEL002587	1191,18535033854	0,559669423746127	0,315322903189455	0,521515413439636
AAEL002606	1133,90349759696	0,375462106214108	0,343965923958702	0,628182276502715
AAEL002626	2,58552235731855	-0,0825471473343745	0,506829765000968	0,626151566009632
AAEL002624	3811,50944646619	3,91599264141571	0,393504913038455	3,29218800286254e-15
AAEL002585	1482,10194703683	3,18967223613103	0,27181198249354	1,75130696065482e-17
AAEL002610	16368,752435057	4,44191730164422	0,481212502602113	1,84091803778549e-14
AAEL002583	73,7373602823725	-0,316606505417943	0,458194923724917	0,549414475718266
AAEL027700	567,24928023365	2,2716084932916	0,312674256793774	1,65361087699909e-06
AAEL024136	227,918525692518	-0,854523390086348	0,413222101061546	0,228997849150616
AAEL006117	984,41137106815	0,328408826909665	0,196912487697	0,81594187488037
AAEL006115	2577,46324506011	0,339328253290119	0,21369848767907	0,797573383017578
AAEL022718	37,1341866856746	-0,246688891047411	0,49694006080248	0,555054525801395
AAEL001517	146,085065843009	0,162186343074638	0,259050737483669	0,806348753654581
AAEL001518	305,636485419389	-0,210164500668936	0,193436973351576	0,84239118417761
AAEL001520	897,578748909903	-0,41607701181012	0,202257280848872	0,781448683700612
AAEL001511	2754,4829338922	-0,773221700476928	0,246524807468013	0,386234343886069
AAEL001507	604,20435896738	-0,103648770909553	0,154591043917492	0,865173495883969
AAEL019751	302,975916811128	0,426436101869998	0,189583359137982	0,792609833147274
AAEL027322	357,561188262113	-0,226931094931043	0,17418246724271	0,850987113706574
AAEL001526	1798,4019642019	-0,565407553260668	0,296805864267132	0,541348704086583
AAEL001532	686,038209433916	-0,156053014652176	0,265315598668537	0,803024953380138
AAEL001524	21,8374097940305	-0,831804423814454	0,611418085245475	0,212215968459444
AAEL001533	103,900544422784	0,718631335235067	0,264061297528826	0,425665902572152
AAEL001513	27,6425650578634	0,155637276301075	0,380405163872157	0,705491537426772
AAEL022364	82,7324477482191	0,387320965207662	0,325424021331809	0,645315987718794
AAEL001509	909,371760409321	1,20359173665142	0,169233958172372	0,0200165288053368
AAEL001519	63,7210611099806	0,334314726297013	0,367463416312194	0,626506297236142
AAEL001508	229,192030633858	2,07491278716525	0,239767272730566	2,81475057560385e-07
AAEL025552	27,840605694582	-1,62793384969252	0,711242847419866	0,0354239581456581
AAEL019682	215,720367266519	-0,856384023493271	0,759774311465675	0,191691159011517
AAEL001536	18,4321988645896	-0,816483025160409	0,758993764058171	0,203017905979348
AAEL021581	79,0340792076451	-0,101355015091522	0,311688964818492	0,781124632525781
AAEL001515	403,547566813456	-0,48799244119592	0,192773842978381	0,760056089971934
AAEL001516	1533,54273318379	-0,21153022796837	0,170058524201106	0,854626195098543
AAEL011415	748,376437152253	-0,140897975439761	0,181672976614305	0,8558710174591
AAEL011427	65,4313183772507	-0,17856701751507	0,300242718226404	0,768008223864469
AAEL021261	857,954934389586	-0,276775157127798	0,303453734711366	0,728884368475349
AAEL003537	342,407918291426	0,109757019955959	0,190598383381879	0,855186867055327
AAEL003509	746,554433034777	-0,131311553656263	0,324318928397252	0,762928801593493
AAEL003514	2774,03337031015	-0,129463616033814	0,198485731242205	0,849933461335584
AAEL003540	873,909213972766	-0,265329720777439	0,281052013475305	0,755358110130412
AAEL003532	106,644439973355	-0,27706154763677	0,345880823744628	0,684569348702439
AAEL003518	1890,33061067503	-0,173800088904358	0,240935842757687	0,816998275345287
AAEL003526	127,546790481045	0,0616893592748008	0,228929559444116	0,842847811955356
AAEL003517	221,831725106276	-0,210585380078122	0,229368356735634	0,817635437523262
AAEL003544	503,605098892005	-0,0346617119514971	0,160617481229575	0,865840525762022
AAEL003535	581,369465573906	-0,289816332965317	0,351068256778574	0,672216002660817
AAEL017251	2806,02433204372	0,025134464803527	0,186714186215251	0,861684079271298
AAEL022980	55,543369325613	-0,445239423947687	0,363636457029905	0,558308087893654
AAEL022456	104,16435412996	0,100731797546027	0,386872620170301	0,720694015507172
AAEL027012	34,2019493113687	-0,0158083556595304	0,44121119963455	0,707531591064374
AAEL023921	79,9886988723916	0,525338561485249	0,502274243074207	0,392235111502295
AAEL003542	812,105772496527	-0,595446899119824	0,181539417007105	0,707193437518671
AAEL025888	1632,61433051643	2,24577397316716	0,195471070541914	6,93756244586129e-12
AAEL022564	12,6581088225205	0,112049947503391	0,462298173232339	0,653797521241149
AAEL000278	1440,38166152589	-0,680816975623516	0,258558786617104	0,474210412993331
AAEL000276	2848,85125292275	-0,319655243176434	0,185255333219165	0,827932189940648
AAEL000297	369,208548684764	0,3354336684644	0,218662213879649	0,793771873761153
AAEL000272	96,3628256290028	0,281782762810378	0,247914806929184	0,782351082133443
AAEL000270	932,783464725193	0,563578802340551	0,176522140910555	0,739517828504455
AAEL000265	218,699056954017	0,191060479633197	0,306629676424829	0,757985247465401
AAEL000294	1341,9072077293	0,194105783005122	0,363456092603611	0,704919996763553
AAEL000275	1968,76144993246	0,435803871845932	0,225480793074619	0,743536626126738
AAEL000298	43,988444857165	0,173856040463652	0,396157939410053	0,683790151207204
AAEL000289	394,281413308994	-0,219291099069864	0,175759304187002	0,851017433859403
AAEL000260	363,167299219884	-0,363244133963658	0,220127845913715	0,781933014861792
AAEL019937	5529,93505098689	-0,0739688761764817	0,245078732956597	0,832035162080819
AAEL000290	157,074781533143	0,184536754308773	0,280886995905158	0,783086892118144
AAEL000299	130,84026277814	-0,00530294152444179	0,286917712104561	0,81882954545012
AAEL000287	119,484616777193	0,0992330263590086	0,279583528568102	0,805399384830713
AAEL000258	1425,20213922145	-0,172098205555049	0,206349143333169	0,840259593942078
AAEL000261	162,04561313222	-0,141099044115811	0,223928305553911	0,834164743320324
AAEL000292	122,266706941253	-0,0830044694640235	0,243451627754749	0,831436059812153
AAEL027755	1076,46301890208	-0,374348840234784	0,338633273019177	0,636434324235923
AAEL027066	178,682731168336	-0,324766066784081	0,342756923231257	0,66323609862664
AAEL024341	344,600649255386	0,349674511504765	0,228029166945033	0,778498293231406
AAEL000263	753,19439444656	-0,677211707928411	0,248119748305973	0,494240408007954
AAEL000279	177,943427499361	0,354859019206441	0,319717452323385	0,671519151598787
AAEL000301	1553,70174084561	0,16947136596836	0,223548226826375	0,829612941972261
AAEL000291	11448,3912444741	0,0549482010104726	0,297566354401058	0,80273407856327
AAEL019598	776,605172170543	0,143704565342699	0,167215901274505	0,860670728463652
AAEL003958	13,4770470756021	0,075413359974531	0,423716654823401	0,6990263131871
AAEL003977	403,531667462016	-1,91264903041788	0,250207792985595	1,01474156268535e-05
AAEL003961	352,298054655903	-0,670441938750693	0,213440435568992	0,561874596169462
AAEL003959	622,646788854434	0,00157323583432863	0,164083601429188	0,866061404800048
AAEL003955	2914,69829465204	-0,498301993025609	0,289465399389626	0,605326375999175
AAEL003949	870,324063302214	0,308329110542987	0,155077517107084	0,851304861467746
AAEL003950	1163,89222644169	-0,462572274992846	0,228431739516712	0,724418577634702
AAEL003968	1337,57051156057	-0,343597814686509	0,153058340988323	0,847828296135947
AAEL003956	67,3460930369798	0,166960732024275	0,426512992062833	0,659547331301396
AAEL003970	1230,42022031597	-0,268080679801291	0,285754963427731	0,749684755482243
AAEL003964	409,970249946454	-0,301803318800318	0,193347770480476	0,825327462064986
AAEL024317	32,6843839887993	0,102864122101877	0,32834649025912	0,767680901407966
AAEL024394	41,9774509106642	-0,443670159070786	0,605761848213253	0,385189201198144
AAEL003952	2272,78791836289	0,680387689504015	0,210457162042608	0,555902506671394
AAEL003965	382,120466259474	0,370369817946291	0,303878627197243	0,681497493340957
AAEL027776	61,7138981281291	1,54106807797146	0,414640370226413	0,0138505181538247
AAEL003963	239,360711848059	0,0814342353387267	0,25566082940824	0,824532788069442
AAEL003971	212,272969186155	-0,0483000564224523	0,230703161028045	0,843469288282902
AAEL003954	434,919518736253	0,304847720541695	0,177083637194527	0,837332344250196
AAEL003951	306,466300620481	1,08552578000454	0,442450767372894	0,110716485112618
AAEL003967	26,6263229423586	0,326668115474447	0,491472824085235	0,514373004682805
AAEL003953	3218,74763004381	-0,344875269385448	0,250005490029376	0,756199962446567
AAEL003966	98,0769329695905	-0,232208279326438	0,341688099843617	0,709656845736382
AAEL003973	888,773499368984	0,0171328912346805	0,17187518297927	0,864825010515285
AAEL003972	619,013443883615	-0,234927326737189	0,321415735269422	0,728345953076665
AAEL003976	1671,21705602528	0,0384621932949435	0,233334341141968	0,843318570539039
AAEL003957	5047,55183778134	0,587340044128145	0,293252007299226	0,523581803776552
AAEL025268	406,368125522246	-0,685995954915086	0,385919946144254	0,357066944957419
AAEL009658	3061,63397505769	0,103135354574844	0,196016103622703	0,85347706869251
AAEL009663	77,5140113933763	0,152214833238078	0,264864701337179	0,804023370830086
AAEL009662	677,926586950241	-0,0334497322134891	0,291581755288562	0,810888682662361
AAEL009660	44,1073539908253	0,26325142955321	0,328743592471509	0,708765450111068
AAEL003142	565,36706247261	0,344404223272607	0,206222813755745	0,802919277872526
AAEL003127	98,1267082700329	-1,03984032462147	0,393965162267972	0,129834800819128
AAEL003136	194,859281840693	0,394922791592742	0,221907131236976	0,767096805434589
AAEL003145	260,621078590038	0,0426935545180485	0,185547644972111	0,861014555101474
AAEL023077	1063,62949141827	-0,125776742081745	0,228116233099858	0,83403322281709
AAEL003141	82,1717793378561	0,315433782400562	0,253637212912669	0,765142040029924
AAEL003137	610,456278977696	0,269100943912195	0,192074852377713	0,833011600975053
AAEL003135	411,230017435104	0,131695674052566	0,301724234041964	0,780832197396926
AAEL003144	99,5575309490758	-0,237980884929906	0,312708143945897	0,73556555186171
AAEL003150	239,720278897102	-0,66082502489735	0,313151939058736	0,429615994782506
AAEL003149	230,63503624906	-0,238753307575038	0,253458636842689	0,79075334302647
AAEL003139	187,052341954885	-0,192035815248896	0,246170463833573	0,809167630759523
AAEL003133	372,211097147322	-0,695132951806579	0,223365450534007	0,513378649831362
AAEL003128	353,679933010765	-0,315316865972055	0,264026210373177	0,753167528376356
AAEL003140	234,173723596746	0,00652722273459326	0,218061992654058	0,852917830415664
AAEL003143	1041,24402693036	-0,158656473952846	0,212180633869321	0,838906738137077
AAEL003130	3019,88620602917	1,11496241818131	0,180202747698212	0,0572705605985226
AAEL004405	105,618919667086	-0,0419428017984267	0,251450550985172	0,833182740551802
AAEL004415	809,009860781877	-0,197003686170825	0,158615076338138	0,860125070537156
AAEL004414	118,05997819715	0,183212039581145	0,281455616874942	0,782991194424847
AAEL019855	2745,72792505264	-0,314299117832032	0,330170627983317	0,682352580035557
AAEL004407	196,386558410099	0,274218947260627	0,336621242090848	0,694873913542469
AAEL004406	413,489770820295	0,137012085751536	0,221099124799045	0,836551814274929
AAEL004402	68,3206392013082	0,389612191503577	0,320817904810411	0,650153392227012
AAEL004409	908,079356663749	0,0712791225087788	0,152902284285312	0,866024642148281
AAEL004817	263,02717532185	-0,516620933680249	0,333151120952431	0,5378682217396
AAEL004802	923,89834234815	0,711429437850615	0,163095579171697	0,61586665050107
AAEL004813	226,822527567464	0,416512112387369	0,251514929393449	0,719968837425865
AAEL004804	201,98305253719	0,0405944864569676	0,254261815989282	0,831784443606334
AAEL004818	1078,37883568574	0,26938604762191	0,28149288038538	0,753535202097787
AAEL004803	106,450953634283	0,0992163126885575	0,271048560571415	0,811350548195762
AAEL027393	268,587143909339	-1,31790139760291	0,449475236022244	0,0505774186827761
AAEL021641	418,742123467595	-0,18559758480602	0,293681465567645	0,771162745362295
AAEL019930	450,280284500802	-0,037506751653304	0,193516532588484	0,859156428051295
AAEL004823	84,2108349763397	-0,126713958945805	0,285080761408072	0,795718326254987
AAEL019931	243,503381595978	-0,0908035026601089	0,265615941166787	0,816632196530731
AAEL004820	259,350701584793	0,0384485272677789	0,210731634974519	0,853139091488064
AAEL004825	153,107479803373	0,226527928483844	0,232634473773932	0,8114474993304
AAEL004805	3924,6585813111	0,466479845741552	0,213623414046444	0,742786681633522
AAEL004821	568,70461878589	-0,421753929378944	0,214480484802954	0,764956021274408
AAEL004814	153,536046427309	0,0911062992521631	0,287356653557713	0,801963174987974
AAEL004819	61,9288850846592	-0,0168718356870785	0,351404400693837	0,773786532711609
AAEL004810	38,4632505261736	-0,173244886531031	0,315784721230951	0,755919963756784
AAEL013857	8683,25307114236	-0,635467655337601	0,469696354532119	0,344372185400531
AAEL013858	798,432069769679	-0,67235296299654	0,206990914488748	0,571265757857913
AAEL017400	764,701808220067	0,0035258663927442	0,157490814013154	0,866391363017487
AAEL019449	1880,67505845784	-0,38012537441168	0,200145123839476	0,797907127905305
AAEL020654	882,481318128765	0,609809254615138	0,195920477088996	0,667494874117945
AAEL012876	925,242654693494	-0,642334773670273	0,203672808968722	0,611429325149781
AAEL012875	1271,90891995807	-0,0391783857806938	0,169481970954494	0,864612549835177
AAEL019420	1495,48633212285	-0,524039035321636	0,263245326204115	0,625618330155921
AAEL012874	310,379707498437	0,315379255817094	0,224628799304002	0,794434284554932
AAEL012884	234,48282892983	-0,511834567176424	0,268034583024957	0,630017456216047
AAEL009387	4329,41931590776	0,360028612493802	0,368171760801453	0,606990429272242
AAEL018178	431,546731019515	0,0324145482980197	0,199041093653928	0,85760885194442
AAEL019965	1640,15253384284	-0,24334032417378	0,303266546118487	0,742254753066137
AAEL002711	323,08080761552	-1,28742312191757	0,236352956211307	0,0191657138342273
AAEL027217	37,9965405740338	1,19832118429652	0,394588011893407	0,0724246728571654
AAEL011328	1366,00099038241	-0,479546791002469	0,279016329065684	0,640597017679454
AAEL011321	175,043089479247	-0,308743404355625	0,243752139213222	0,776960203690764
AAEL011330	795,302498070328	-0,710417544096652	0,233401671184838	0,476322632287359
AAEL011324	66,1584081535036	-0,10808626391134	0,321526613718625	0,771198118330824
AAEL003115	30,0833043384638	-0,286106406746984	0,501251523630713	0,528614444437468
AAEL003123	851,77657769864	0,833426435861103	0,635144517907751	0,208498900691598
AAEL003111	48,7567121281933	0,00899665108258967	0,343039651924444	0,781610359810711
AAEL017054	907,348854688642	-0,518553296115071	0,463096740399369	0,417057980531796
AAEL010256	920,097159164102	-0,378730976170512	0,246729113088778	0,745328139819655
AAEL010249	209,868108848163	-0,0193285836008085	0,231209136765355	0,846488366455338
AAEL010248	2875,15417507456	-0,183064016867079	0,157559639294364	0,861264741864451
AAEL010246	249,274853584214	-0,0741270330898981	0,200520731143508	0,854264501368401
AAEL010247	423,662329197667	1,06760917978967	0,229262415965301	0,100027181781816
AAEL010254	486,073382629586	-0,00861172996083879	0,177322473200412	0,8641730209931
AAEL010244	1571,30008206612	-0,23041001073304	0,212506187120211	0,825701394764254
AAEL010245	534,248171040022	0,139562104799201	0,167925559288485	0,86071048755847
AAEL010253	59,7533093065967	-0,25115578352151	0,313570274113659	0,729663901674831
AAEL012911	341,731543405849	-0,390582486554246	0,347889565054627	0,610280470906678
AAEL012912	252,989451161644	-0,196148860192813	0,242622716543094	0,810717957395286
AAEL013228	67,5278453728239	-0,264864376017437	0,373241020125286	0,66294371895244
AAEL013227	1816,9729107955	-0,504425802365083	0,169456029001045	0,784607007039088
AAEL013233	1380,22231681831	-0,104797567621112	0,176152925012144	0,860298546163296
AAEL013229	3143,07847316591	0,434960257037053	0,286911701684768	0,6627973314951
AAEL023126	33,7604819234428	-0,222580960998103	0,369006041649786	0,687204813299978
AAEL013237	134,109093696635	-0,417530497114724	0,240644359668519	0,733452107386223
AAEL013230	1211,41718034883	-0,330898644382596	0,179248994194248	0,830342950206922
AAEL013236	2298,28667460001	0,340275449007172	0,240600284055834	0,768551792839473
AAEL023716	2920,75916948959	-0,206563903319187	0,194912606650425	0,841863628266921
AAEL008723	5584,95240998731	0,954079168086062	0,240204856127756	0,192562929506584
AAEL008737	266,910751585858	-0,312401520942072	0,188211146141836	0,827058971587881
AAEL008730	789,622051618887	-0,411816625763141	0,260371073583608	0,711369305345664
AAEL008740	1497,43883157681	0,046251981178668	0,171339553167065	0,864046916669393
AAEL008741	910,018544520242	-0,202432237650017	0,211965320098664	0,831339031129418
AAEL008733	1237,89198155342	-0,0562324008218886	0,168054861078791	0,864298891596872
AAEL019511	560,548339905658	-0,00183773062326898	0,215354244891143	0,854597325665108
AAEL008743	174,583757469657	0,356270792145962	0,24815258715136	0,753371922919076
AAEL008738	9185,49464357203	-0,440940692658744	0,2398833309209	0,721928805315642
AAEL008728	616,12845533492	0,182405673907687	0,237198270723113	0,817907162699169
AAEL008724	201,928047013742	-0,49958458600328	0,225045399553111	0,706288128488483
AAEL008736	865,184736079222	0,157270796600504	0,16882730838301	0,859372839470792
AAEL020582	213,709559008079	-0,0453814613690298	0,248161222054986	0,83452068230597
AAEL011532	1249,14964332563	-0,29934438904471	0,170546560525783	0,842999434823855
AAEL008725	376,460889924921	-0,0835817131998859	0,196588052158582	0,855029167057915
AAEL020180	52,1397956817176	0,833974638916394	0,416632197053512	0,239146395158901
AAEL021211	896,297552504796	-0,0171109361172658	0,174391921208397	0,864399420237879
AAEL008742	444,091440757052	-0,0735673343348344	0,214928276750496	0,848269759966074
AAEL008739	599,982414167536	-0,479856384714311	0,408413069080188	0,485260459866773
AAEL008745	57,1084842819057	-0,743242398082385	0,349555833800006	0,329542174800471
AAEL011639	718,947896430225	0,985866540930898	0,415272457249519	0,156713612305681
AAEL011638	53,1450715207417	0,0504952461712975	0,337076072387808	0,775333017325302
AAEL011629	335,519146929678	-0,348497821516548	0,212983322114771	0,795263593997885
AAEL011632	752,532989031364	0,140284908124914	0,157333855074497	0,863514711543684
AAEL011636	248,377816759999	0,148754372523816	0,214940424791723	0,838729363423121
AAEL011630	188,021011831738	-0,211611356862886	0,227654627752774	0,818493165417231
AAEL011635	329,234213555202	-0,642571580711397	0,197996443624628	0,625172864628485
AAEL011627	926,259787473919	0,205804939420657	0,203509676451967	0,836533573516318
AAEL020260	43,2341955413441	-0,0702126257955657	0,340469490860627	0,767498675097874
AAEL011637	591,692639409289	0,0854174491526751	0,197549464687905	0,854496192307679
AAEL011641	4039,20091160373	2,51442690735393	0,280024922912424	1,6946016587185e-09
AAEL019569	224,78397492075	-0,72470927417276	0,237210732850978	0,450660499748469
AAEL011631	44,9089856788494	-0,312459747886543	0,391111586008332	0,612096538246106
AAEL011626	307,245192756839	-0,496295403068653	0,215266749222757	0,722797168644215
AAEL011633	144,08621311064	-0,755221687469398	0,425336383307178	0,286094279321221
AAEL013882	5,4218836020695	-0,162871965965523	0,52477388363844	0,573980633838373
AAEL012337	703,919017731604	-0,93936121822591	0,214818347923128	0,21307520209253
AAEL012646	253,600441520762	-0,0248417794567284	0,353786471281719	0,769595866780504
AAEL012644	6927,59298333859	1,5843118361153	0,346751228875795	0,00563846054602792
AAEL012647	62,6376207534454	0,00382617357425483	0,345090606702362	0,781416320509941
AAEL012650	1415,00648302659	0,521477189668824	0,351798450030843	0,512096132426674
AAEL012639	1048,70551704693	0,469175591057086	0,418291730413384	0,483682859259175
AAEL012640	28,5962628246304	-0,367485838904662	0,533529003297023	0,459855354646935
AAEL009750	240,431164531397	-0,131559651237995	0,310760638448151	0,773335947455255
AAEL024495	165,762978307143	-0,364416918660344	0,255492497598629	0,741094852032136
AAEL009748	421,186258311025	0,0266781763424833	0,185620553145363	0,861866743332649
AAEL009753	178,835859356007	1,28002343760893	0,440960648709851	0,0575125319983031
AAEL009749	452,03765329122	-0,343305772014103	0,282970756179388	0,720124532767722
AAEL018184	5,12093445723791	-0,175762790717766	0,499543205928659	0,58678963825649
AAEL009747	43946,1883429948	0,486527796758797	0,265304228308047	0,656543041585354
AAEL009754	379,804904213891	-0,225224044046691	0,261388941399803	0,787830572675232
AAEL009756	429,067809496654	-0,333934908651347	0,25751032889756	0,752470152441272
AAEL009744	168,723187407037	-0,0907400281965464	0,217091015067416	0,845124651164007
AAEL009751	58,5799978915144	0,89757398799303	0,322675168085982	0,221356488847182
AAEL009757	30,899260622102	-0,015894438378666	0,344198042666172	0,779160589397786
AAEL009755	331,384602766025	-0,457049246052268	0,424865592341012	0,486359622369599
AAEL005885	412,114167406395	0,0642669249893526	0,161039924609572	0,865198318953268
AAEL020020	120,953529931588	0,00464792030025124	0,309508404715891	0,805063638978244
AAEL025333	25,3799484385482	0,0689357365586888	0,41357982687087	0,710487766217995
AAEL023516	550,393076734246	0,211501424431877	0,180279396270343	0,849671575466886
AAEL017181	10,1427861759189	0,30756158530163	0,617813940100441	0,440483365677504
AAEL010926	192,143413191753	0,0841496108706849	0,236348052801475	0,835450130632791
AAEL020702	25,1506214288536	-0,513788277145591	0,635549331273639	0,340425567098542
AAEL009993	937,243466392307	-0,164708149810779	0,354660057397171	0,724770884744891
AAEL029057	653,889466459532	-0,0321039692517697	0,394991524205789	0,737187530411438
AAEL009991	602,220346592121	0,314962682487027	0,282892107064076	0,733546718919493
AAEL014231	23,0899238494301	0,226234746586718	0,431603116240009	0,622117691887124
AAEL023586	95,4312755866572	0,438749698409693	0,406911012171829	0,516352696106187
AAEL014228	67,6543451716878	-0,191278146692238	0,34669268730696	0,722338067439323
AAEL026983	2,31288198150439	0,0598801361410272	0,534001519019204	0,612856294443998
AAEL011004	150,099236482265	0,181456191348129	0,224033713523621	0,827079379212575
AAEL011006	1172,90821512921	0,102181299915119	0,162878256837586	0,863705262458481
AAEL011001	21,462632373026	-0,0855202032661264	0,415869887908665	0,70138702844754
AAEL019507	218,562767878282	-0,506434986033265	0,362793826623773	0,512381684094771
AAEL011794	470,73235069997	-0,819318933853964	0,214598499199053	0,365244755935754
AAEL011788	352,257758457685	-0,407001917828667	0,220863755115667	0,763645948492431
AAEL011790	258,461955901924	0,229106547475997	0,261140182036254	0,786663703060365
AAEL026924	46,3904047038799	0,236022084450884	0,355173236943194	0,694202089407624
AAEL011791	591,935216077731	-0,0656588608777528	0,359708424410864	0,753657529709317
AAEL011789	8112,3961114513	-0,46111315139062	0,204892967257022	0,757472052654702
AAEL011793	270,5519576044	0,474715939362986	0,195630514009276	0,763721191899807
AAEL020259	1332,47804510385	-0,118056161487399	0,181383654294811	0,857636538230137
AAEL023491	119,402998503272	0,045040642011833	0,268368137237417	0,822814648249461
AAEL025122	775,025046552945	-0,11878942044785	0,166881363279781	0,862139836618437
AAEL002953	290,746627117246	-0,100247731434065	0,214401497426919	0,845402590997141
AAEL002968	1490,68265087626	-0,283349188818945	0,198381281603755	0,825431491981068
AAEL002974	91,1344081824062	0,0814481683790117	0,238423873744346	0,834632768416022
AAEL014393	1485,12122301262	0,0749901821334212	0,248616610465314	0,829791086431746
AAEL021419	13,0575182621137	-0,397839491437216	0,550106998771887	0,432782646528623
AAEL012410	1090,47258166509	-0,806741053267389	0,308343050617486	0,296964111790957
AAEL012409	3137,75124777649	-0,510734599493801	0,337942584175546	0,536958141648981
AAEL011744	370,403332508938	-0,105691773242708	0,195959359832488	0,853197982071624
AAEL011738	408,818634143394	0,172188758758452	0,179737460987737	0,853973848199938
AAEL011743	68,9196718620922	-0,23177402817203	0,435669970241184	0,613990473638729
AAEL011737	810,598939065662	-0,133427637961636	0,165206350969639	0,861892798822312
AAEL027646	352,079117561279	0,0462966666458982	0,208645225536465	0,85341840181797
AAEL011745	617,711816101091	-0,282164352985511	0,245448691750775	0,784638456614528
AAEL011742	5011,26841152062	-0,00968720172456685	0,163536291485361	0,866000122500181
AAEL014896	1099,30834011111	0,0471666304717417	0,191320783145992	0,859251189944707
AAEL014895	367,313264195641	0,350557073200351	0,2033808235649	0,803682929534277
AAEL011731	769,535580029201	-0,147108586952807	0,20297139777584	0,845516747394398
AAEL011740	402,422809216906	0,569918746538566	0,365420054587879	0,45676659840185
AAEL011732	921,882074765033	-0,127111427459231	0,195677325798537	0,851319958539216
AAEL011739	412,371570256726	0,533187662233024	0,21540687077216	0,696812809250507
AAEL011741	2972,24258421838	-0,17843357711178	0,143023288829522	0,864899837520279
AAEL011736	284,433793337828	0,209621845556752	0,297276222943676	0,760249698269465
AAEL011746	5631,22005638777	0,374157612413909	0,201598602857993	0,798184429916989
AAEL011733	917,736480597033	-0,0297421540948342	0,194396425492719	0,859345824417276
AAEL027879	565,277930463162	-0,194229643130156	0,283578927293729	0,777430525014844
AAEL010610	966,561452559159	0,00517413671552995	0,218349249674893	0,852932601889426
AAEL010607	584,714791228457	0,0227777116172103	0,204294203556662	0,856661069166979
AAEL010602	2735,75458367654	-0,946700297296359	0,330058317531687	0,183179926556044
AAEL010608	7380,90758197954	0,010358670871637	0,190751344446754	0,861277884641253
AAEL010611	3942,08652039158	0,0985815039279589	0,242684088731516	0,829573303818818
AAEL011696	883,384400855936	0,534219908536925	0,160120523605838	0,783691070101708
AAEL027116	380,078534452345	-0,204160470869831	0,210899448560617	0,831803756159262
AAEL011688	266,922385205883	0,094305889677265	0,222935899245482	0,841709805589321
AAEL011687	546,733259842335	-0,278599636992548	0,189247281520149	0,833258690500218
AAEL027978	145,154154836142	-0,945625342935435	0,441596537628088	0,175192568290924
AAEL010619	199,381121235434	0,114921708290455	0,240967084441199	0,827952392967598
AAEL027123	386,856497098794	-0,0618934257326234	0,186365007258646	0,859817094443231
AAEL023475	238,284539926725	0,183263503764498	0,224463777087714	0,826485608942415
AAEL023221	199,360478093869	0,239641912490192	0,257269484448023	0,787095060391302
AAEL025401	208,805419987718	-0,0427339257179398	0,208615528843241	0,853682033605064
AAEL025884	283,669913964412	0,138157366885407	0,205879275686843	0,845026316154697
AAEL014148	77,484649403555	0,164652806591702	0,284572513770854	0,785453019546774
AAEL020536	204,37916611571	-0,0332617280398086	0,299331927007797	0,805888045460743
AAEL014149	219,564701572472	0,117344100249588	0,258329242552291	0,816356684703862
AAEL014147	270,971261619087	-0,107756877063601	0,226534426411595	0,837872509240122
AAEL017447	2223,05729151508	-0,124121975292716	0,261875689629677	0,812459573381643
AAEL027500	146,598597056633	0,0518429210121233	0,251683091936679	0,831455452240506
AAEL026575	52,9196199944863	-0,14703055148437	0,344956418146685	0,739608429636369
AAEL014146	576,496735119768	0,164727664484567	0,175414681664075	0,85628123536086
AAEL014152	37,9885941654583	0,219318643624577	0,447877578600682	0,608060298299254
AAEL014151	127,443039853141	-0,6434070620908	0,275733341577398	0,491330055821362
AAEL004209	847,150151406425	0,0773852418565069	0,298765498316356	0,797322366846024
AAEL023935	90,4640227899508	0,368583051294182	0,286437447830848	0,702437934319287
AAEL014211	94,72739216522	-0,0786125274352663	0,285167077993116	0,806041856843574
AAEL027323	283,282987529795	-0,972806165212713	0,250704060951125	0,171922183063818
AAEL014212	1994,00369129833	-0,249153553460722	0,201356003780208	0,830185639168799
AAEL027918	193,69609616052	-0,677043818628042	0,392888602322119	0,359513930092215
AAEL019901	29,931037759185	0,424728709905444	0,375663897880041	0,559739639510474
AAEL024838	337,125327289662	0,583440152127307	0,333406520216045	0,478580787466091
AAEL017338	893,397435640737	-0,428852578323437	0,194725863873152	0,78532809086537
AAEL021227	1618,962664366	-0,313317851890986	0,240241111979652	0,779028435623566
AAEL025091	1670,68780578071	0,0271829793819955	0,175410634423749	0,86392057797449
AAEL014871	5248,50335264634	1,7230907390919	0,347372073374973	0,00235127777715344
AAEL010752	76,4314110043412	5,25630887120311	0,841931903727751	1,4979353137408e-08
AAEL010755	1408,94745602579	-0,715671501255803	0,279093074340491	0,410797868304373
AAEL010759	232,090301300224	0,0577091837055874	0,215670359855509	0,849563474418391
AAEL010754	13153,3926086872	0,112951961924159	0,255816139850202	0,818874302446578
AAEL010757	230,79761682633	-1,16130100751341	0,569618676857122	0,100877872791249
AAEL010761	404,158873736551	0,134114738801377	0,22164123943395	0,836679385818296
AAEL010753	117,13047575649	0,158796255558014	0,220707734677035	0,833239709476312
AAEL010762	292,630176636118	-0,264071687969015	0,256661539029461	0,779720544026729
AAEL010756	40239,5555871506	0,368610292755524	0,278996054803758	0,712191169659512
AAEL010760	157,001892859632	0,484724015856044	0,226152191213864	0,714253899996292
AAEL010749	11,8250468418585	-0,264826526937417	0,487779386969146	0,553838814079715
AAEL011063	2441,20230897987	-0,591214695726255	0,237903704513933	0,602059337713324
AAEL021092	2684,59994569275	-0,424981535135928	0,225450009788592	0,748630144622732
AAEL011059	641,89158375563	0,140181615298858	0,259882989453975	0,810473532967054
AAEL011060	127,491115377696	-0,325987295304853	0,284135897291264	0,727015703465871
AAEL017424	1271,10005698266	-0,261215307252042	0,177748745142208	0,844268250652641
AAEL013102	2280,62648308552	-0,588109486114286	0,297648255254066	0,518038279981416
AAEL022812	388,117239862357	0,314508238542467	0,169136224049799	0,84150424392288
AAEL011067	1281,34990462073	0,561907660526741	0,162267054180103	0,765253516357507
AAEL014253	395,506478658837	0,244678808524841	0,20526720818576	0,828274999621734
AAEL014257	200,998291270373	0,0955455972058511	0,200465107727876	0,852220209438895
AAEL014254	75,2787876135008	0,254811078343292	0,300474514810251	0,740421154881394
AAEL014258	347,761063345443	0,377585422392601	0,170118331723808	0,827344242336016
AAEL014256	808,16899142494	-0,0153018137927041	0,168383906253637	0,865309909746489
AAEL014255	305,549924567222	0,0707776734373939	0,279527044426245	0,811399036104761
AAEL014252	1338,70299828043	-0,121127258954892	0,274059477188957	0,804388708007235
AAEL025246	715,075221622564	1,00857298251671	0,313314189784553	0,144145468018082
AAEL025697	14861,8155764653	0,244181591920731	0,188452769781873	0,84022474173195
AAEL007929	15,6541829247172	-0,644557837061783	0,667045668605953	0,276406979399979
AAEL007931	671,16928103473	-0,664701001100494	0,200078523393575	0,591642118281291
AAEL007943	204,527497557595	0,0307699220470936	0,251588131644434	0,834614097894621
AAEL007939	687,937921908624	-0,478638902216169	0,193429162475965	0,764881537565381
AAEL007934	123,774244751299	-0,15086996371061	0,23733076093443	0,823794464514484
AAEL007936	1516,3356368378	-0,0884847002914681	0,165027034858528	0,863755986210074
AAEL020428	49,8588513863789	-0,0126931284515972	0,447395049375613	0,702902723507819
AAEL015543	1236,65838155333	-0,260902676095275	0,282611968423293	0,755599213465272
AAEL012981	308,140558701943	-0,0254253713314965	0,22010295477481	0,850652776001483
AAEL017272	17,0831764428439	-0,639410772809773	0,827752126070928	0,250782735299696
AAEL022551	2,22616129788407	-0,256590372384506	0,595936249328723	0,478419990265675
AAEL021865	60,1776374464399	2,04868597690799	0,458803297694568	0,00124143829831473
AAEL016972	5323,77233991808	2,03655558333536	0,247204685550473	8,72585253018182e-07
AAEL013575	216,382642262944	0,0485532346360329	0,234537884919805	0,841607091256701
AAEL012987	1016,52168913356	-0,549068037432707	0,384317529584238	0,454861627918423
AAEL012989	676,172243137889	-0,197770239169423	0,210756458334551	0,833087706186969
AAEL012990	194,618343739512	-0,0605019146916168	0,209819645586282	0,851576140808344
AAEL012994	2432,70393678383	0,329989613943607	0,218698490732848	0,795746680750286
AAEL012996	1815,43013028916	0,114984859010869	0,264898448609575	0,812243603249699
AAEL019547	36,1598065014143	-0,271097787248064	0,358296209354571	0,674359334030337
AAEL013205	833,54792554476	0,0911805673662018	0,174839218330655	0,861461622405749
AAEL013213	767,861150602087	-0,508116515611359	0,20564622965066	0,730003632862718
AAEL013210	509,640050929902	-0,166563743648906	0,18660200351774	0,85136523138684
AAEL012993	254,977046992558	0,156792824715505	0,203133677726448	0,844152243008997
AAEL013206	439,991725505958	0,239285592562283	0,27800184168263	0,768044537630729
AAEL009371	689,53964012282	-0,119345217267672	0,190522225836181	0,854409394565391
AAEL009364	1724,69442658593	-0,323766300476902	0,252146772612261	0,76326902390292
AAEL009360	222,950523980396	-0,498795732971241	0,245529571251789	0,675319004068473
AAEL009367	878,259152422568	-0,0882029511130068	0,207563621260537	0,849994949103557
AAEL009368	1052,98429135516	0,777161114395517	0,275758367501194	0,354603333347725
AAEL019972	443,841506005622	0,307969447609495	0,181800660141465	0,833106721667947
AAEL012134	1378,63873215625	-0,66574174753289	0,302939085420818	0,43536928440455
AAEL009362	2098,55990598936	-0,47724910045433	0,189974487086728	0,769128947211214
AAEL012128	151,269718508793	0,196971832337484	0,285454229850315	0,774854066685935
AAEL012131	766,99418712234	-0,292335939146553	0,273635157658675	0,752429012784054
AAEL007053	244,03801868868	0,00859498513476417	0,227725066143126	0,849284785464888
AAEL007056	359,002007368879	0,0599798757512906	0,202962680107472	0,854525101902691
AAEL007069	1397,75567245973	-0,42973189377068	0,209522617439767	0,766803694606149
AAEL007065	4497,96374955028	-0,0492781916711418	0,321708540812388	0,78706430601277
AAEL007046	1289,86228178033	-0,553177066352101	0,274840125501264	0,581289695801475
AAEL007058	283,793018387363	-0,247847793770682	0,232802754292311	0,805990613430292
AAEL007067	409,888259462123	-0,128676698927195	0,202357868764074	0,848222582721113
AAEL022005	803,013165050841	0,628027093273322	0,215396873732227	0,604143966550588
AAEL025665	142,446386851671	0,0363083939594338	0,340874302632851	0,776183343885653
AAEL007050	220,452412507591	0,666843896892065	0,322588753859048	0,414527226979182
AAEL007064	703,352000714625	0,0333636046563518	0,255511851392935	0,832246727743789
AAEL023132	116,950152094406	-0,217610019497501	0,458615043316684	0,599350462374558
AAEL007063	334,226319708061	0,0769089136558497	0,370791848006685	0,741363415627424
AAEL007055	396,084824482122	1,21527409600133	0,410116779386832	0,0706248256269771
AAEL007060	123,989996887802	0,426923707927879	0,337571058753503	0,59670982679117
AAEL013915	867,196262724795	0,0833592097364732	0,170847220150744	0,862837143287711
AAEL007041	771,673102663858	-0,917392387988589	0,330673910365449	0,204753869451564
AAEL023694	48,1510155706025	-1,63444847585023	0,466838577203291	0,01230695417411
AAEL007066	646,257492096803	0,0816269860550417	0,206721658932166	0,851047741685202
AAEL007054	2292,16739589603	0,283247512844868	0,272890674774717	0,757115578253814
AAEL007048	302,907262015598	-0,102585306630751	0,204187625380518	0,850056386536561
AAEL021557	126,358055689861	1,36650441529183	0,425218652626781	0,0360461762635932
AAEL007045	347,903183501701	-0,529500263176813	0,270424083878479	0,607282726377774
AAEL007061	272,622976912343	-0,0097841543047997	0,284174963977943	0,819454162618508
AAEL007062	447,201561480713	-0,0463477593724612	0,166796463524119	0,864812531288539
AAEL007042	6634,09553041905	-0,512721101818611	0,216014873414824	0,710874032751437
AAEL007059	210,964669257577	-0,226837694392767	0,29420915733407	0,757194881161631
AAEL007049	2640,08963453223	0,49352255843385	0,267254164155572	0,648344009123137
AAEL007043	1646,37857601037	-0,262522347343733	0,397121814122643	0,639108497703185
AAEL028038	42,491441751914	0,964405413836929	0,430598490071464	0,165664826583976
AAEL025087	22,9217418666209	-0,754256563964487	2,34812121084414	0,170434529181554
AAEL021605	39,8432111051377	0,837923356200412	0,499096281278844	0,222776459982577
AAEL006636	45,0474933340346	0,0320368017013721	0,297492863566918	0,807364864522109
AAEL011520	2361,53525300483	0,455385963676417	0,219889905644004	0,740150780553298
AAEL011519	264,174862689308	0,197014192456102	0,298566801164967	0,764284026613959
AAEL003627	84,736371838975	0,160453887631435	0,318456682914861	0,757788104081208
AAEL018304	181,928065572169	2,77103210171716	0,594836359035382	0,000138104088479546
AAEL003635	132,421582275691	-0,149777728934434	0,237067669639257	0,824196033249622
AAEL003641	443,867737005378	1,98174783322572	0,329099719123572	0,000130447098749487
AAEL003640	424,183340721114	1,22814346501527	0,291236961157481	0,0421364347312908
AAEL003619	3310,88159509144	2,9352779497797	0,626279389240648	8,77665523083432e-05
AAEL003626	1035,50201748634	0,973085179047909	0,488056095927058	0,160878949887238
AAEL003624	1579,58207550065	-0,101606140633165	0,299406909272841	0,790574832350207
AAEL003618	282,216156410192	0,0103381405490318	0,283977353150577	0,819476391661955
AAEL014204	760,828992879487	0,672814372764182	0,229222374326275	0,529957885811922
AAEL014203	176,47076697061	-0,115473712605452	0,289590447897281	0,794778242749186
AAEL008144	1287,18087873242	0,363500328899436	0,28878988666095	0,702321523803456
AAEL024563	114,498906716174	-0,388564157203208	0,250618728546317	0,736030903380506
AAEL014158	1301,12994108983	0,374046391256845	0,204148917456573	0,795973237843287
AAEL014154	465,51661774858	1,18101766744854	0,293963902827834	0,059223040790319
AAEL008146	881,464047402292	0,205766041081777	0,201626766945857	0,83792632880493
AAEL014161	1465,29926977849	-0,579967647883884	0,151873158256305	0,770488674234057
AAEL023529	537,358017165962	0,425870825606198	0,199130866162049	0,781157079335864
AAEL022459	104,36155045611	-0,786038337123446	0,459300404364014	0,257609759823931
AAEL023488	1062,14843549348	0,0864148850584762	0,187640641345349	0,857747175799154
AAEL013885	30770,363352285	2,69746107438619	0,278376607146737	3,33988141535925e-11
AAEL019756	405,042967334392	-0,501192504060813	0,299521650069884	0,59059524161974
AAEL019790	123,382128686053	-0,327893746414422	0,511487873931452	0,498473314173204
AAEL019789	9258,89165025413	0,295360904717831	0,300877256899135	0,723153337975998
AAEL026884	16,0149501648913	-0,232457785449198	0,429280583882816	0,620755095059534
AAEL013159	20,9108697452847	-0,237708645237341	0,422232456837343	0,625262018533064
AAEL029118	0,317764669594181	-0,0456158040716981	0,541951017109631	0,612951072718584
AAEL029119	0,183085238568167	-0,0381007655855789	0,540800800672106	0,618463738093599
AAEL027637	59,7480027236094	0,277250162901898	0,386610138278142	0,641746889853747
AAEL026716	35,0705571139417	0,412086117260927	0,425470071963507	0,517056433898632
AAEL010704	1097,62773290017	0,127744098907573	0,176618201907321	0,858816948642289
AAEL011716	26,8963331919888	-0,388999406124671	0,450395217594796	0,510950841394735
AAEL006102	19285,2459161876	2,47888565345322	0,283630747093216	7,01488899775873e-09
AAEL006095	1003,51795452133	0,943962630419555	0,341927688815077	0,183475980718126
AAEL006103	609,62388768248	0,0366627421196892	0,218596069309573	0,850362820609514
AAEL006109	83,8685058341091	2,46267971439682	0,694840176791081	0,0021476157210449
AAEL006098	588,783909671748	0,613049665654685	0,225934169045332	0,601159860059748
AAEL006091	1368,34292070699	0,160863470881949	0,183102014613666	0,853608897688152
AAEL006107	156,427891825739	0,0606160316226391	0,271291394460856	0,818448220677054
AAEL013713	1148,13011607607	-0,235505929071257	0,216358761536493	0,821563686853228
AAEL013703	1164,00035395506	-0,700226478224849	0,633812292122803	0,259508088973111
AAEL023729	5171,79985242353	1,71365202345037	0,729995492578764	0,0301566199623169
AAEL013715	6336,36104453368	1,9305463389763	1,16479883622424	0,0403520164703761
AAEL010196	54941,8708863266	-0,737906265514541	0,497445940605627	0,274030807358168
AAEL013712	47649,5087146313	-0,604537887215027	0,469182188957509	0,365682248989918
AAEL010202	38963,5696448887	-1,00317988561558	0,593843478848096	0,148625730513774
AAEL012007	504,978643793036	1,22392072698158	0,281947224605688	0,0407971972473221
AAEL026184	32,0594341200793	0,294453968142548	0,455916476216967	0,562110921110022
AAEL012008	296,05294779921	-0,19210774601818	0,20367683983611	0,83892445420792
AAEL013709	890,090057093001	0,0750949205103848	0,321066639476875	0,781059710785881
AAEL012010	1822,712026487	0,131157416820018	0,275643964865249	0,801266974049133
AAEL005305	1207,73367617302	-0,15293125387809	0,343222103652124	0,73915485306997
AAEL026401	28,9081689674203	0,229973839714727	0,421104964082395	0,631835528827815
AAEL012011	203,790464150386	-0,4324677119097	0,228336355485531	0,740870645033225
AAEL012003	11,9779181885642	5,34502043154897	1,54521080328067	0,000230606325505552
AAEL005293	4925,3423805285	3,64856601160386	0,475977073518432	8,31526295310359e-10
AAEL019794	541,107042649333	-0,367031943658547	0,323895639685789	0,66006825888528
AAEL005288	271,816225295345	-0,988839020872388	0,320841784172597	0,157010998996188
AAEL023443	19,9859576259972	0,159154495047085	0,482237891160809	0,608157296664106
AAEL005303	551,049289020314	0,425640990821344	0,209898146219199	0,768080839884296
AAEL011680	24,2208441860035	-0,358623419831586	0,499752196610385	0,488855608799115
AAEL005308	1661,01787943587	-0,0101914685127762	0,157843086118897	0,866281557727421
AAEL024012	19,7901971391773	-0,201057875225741	0,49474170250366	0,57909763904525
AAEL013912	24,2938720085193	-0,627989414789833	0,522895389562525	0,32253435965533
AAEL026746	157,193888033837	0,864811095969577	0,401785431730743	0,225891288237826
AAEL005309	432,144613294448	0,065890415549354	0,186829975110818	0,859426838459732
AAEL005290	1059,41190366404	-0,0250758175902822	0,186181629049449	0,861814602848843
AAEL005289	4194,57417525606	-0,614640031288628	0,234235734550054	0,585721277717232
AAEL026939	2306,50335438785	-0,345369234173885	0,273929944823165	0,729712483892519
AAEL005311	531,080076354826	0,134082847974131	0,188131884604167	0,853871845547856
AAEL010514	1659,57291256223	0,32171125848958	0,244273036484238	0,771551259257718
AAEL027880	33,6484792079492	-0,0419003947410377	0,39694714537738	0,732359435530916
AAEL022240	620,13710615159	-0,153658523994169	0,207555598795482	0,842153369219874
AAEL020749	45795,9093728618	0,270063636271342	0,245767747734794	0,788409327518959
AAEL005297	173,274581558462	-0,230702362997894	0,256888448246456	0,79024679286929
AAEL010511	231,182319705304	-1,13300166950248	0,265255743387064	0,072683592539688
AAEL027783	54,6463891837033	-0,359708159844176	0,449390911233238	0,529018252650339
AAEL013052	1593,71643086621	0,496482132754826	0,219458927265376	0,716289190491393
AAEL013046	200,233738668047	0,00684511335789772	0,219959380609776	0,852309635519661
AAEL013047	1213,49725733076	1,10728119521967	0,261585077675664	0,0818332000409885
AAEL013048	172,027899553989	-0,0464062447561649	0,257191689161669	0,829394704801615
AAEL013044	92,4868027106775	0,142980578174952	0,255186779047315	0,813199730156658
AAEL013045	268,834373230999	0,206546311335054	0,272031544220367	0,784039371349488
AAEL013058	314,647942759334	0,358089738467057	0,194121273365099	0,810424573530496
AAEL013054	58,7306794682134	-0,15923915187891	0,279264496552955	0,791552952536307
AAEL026241	229,651503737741	-0,395516941022495	0,220572139024207	0,768334660989882
AAEL019629	183,616350211412	-0,55995990818958	0,727767729116772	0,292831866634591
AAEL019801	2106,70473807231	-0,396626283366002	0,322252014999488	0,642319317243214
AAEL013051	158,240906364426	0,184373133537357	0,280585997043506	0,783373495335132
AAEL013049	473,410027322685	-0,416917967399612	0,27538981556735	0,689233543955346
AAEL013505	12,5657590116565	-0,252902196463159	0,508580078065033	0,543007857234409
AAEL020350	29,5354509831864	0,0368834617186893	0,389367038900499	0,739698972827946
AAEL020120	112,962513257969	0,232950441624989	0,264851673168715	0,782254744290246
AAEL007926	8249,59828582884	0,139736252950178	0,280967881559168	0,795576437225928
AAEL022882	4,94057716736974	-0,303793497988586	0,592497643481904	0,455902367607696
AAEL007920	1656,15131356112	-0,0744898529782351	0,342360299101885	0,765624361587465
AAEL027357	1034,96245544491	0,461464060210591	0,318871942384196	0,594242081336483
AAEL023098	5922,30935974334	0,299754262962234	0,171610561038756	0,842255377650279
AAEL026672	198,89174561506	0,0310727416574279	0,250964826417375	0,834949525545728
AAEL013453	129,561569687527	-0,344035198356424	0,27547390955497	0,728492998727654
AAEL011548	365,985030809196	0,098465004251623	0,198256452927764	0,852755148188207
AAEL011562	486,791684547126	0,741495665999298	0,265837235882166	0,399183073564118
AAEL011561	139,667871529225	0,16568919637863	0,243585623121724	0,816769645907748
AAEL011556	300,777647844516	0,161278368255775	0,215219608716823	0,836296073609213
AAEL011560	1005,165048696	0,212567842832904	0,17912587038492	0,850148448401465
AAEL011554	1974,15974854108	0,269821923518775	0,156568940070797	0,855057865320678
AAEL017317	397,898867787216	0,148347498371297	0,256978945891997	0,810839935270633
AAEL011541	983,245118252027	-0,206706240395801	0,199530049612835	0,839189729489277
AAEL021732	861,744077558201	-0,658278626980897	0,333386437866716	0,412372825499286
AAEL011551	6340,62984952803	2,24892271616426	0,310091238442745	2,06457019431838e-06
AAEL011557	46,9701762089339	0,373287460086614	0,484230208067828	0,491791650565318
AAEL011559	16,0162731026689	0,0778087865332937	0,512901800478446	0,623471148307085
AAEL011540	18,3744782009804	0,28645826812903	0,604717486370217	0,458315273009625
AAEL014516	5241,45287246378	-0,539080261309343	0,547590135619513	0,364806628198234
AAEL010444	553,926230699048	-0,296578625253694	0,211494942510687	0,811520147909741
AAEL010455	381,446068454237	-0,089530728665441	0,17781483172648	0,860644209788459
AAEL010453	621,808543930887	-0,0824262697847785	0,188906425217852	0,857581154889
AAEL024724	38,5575350534041	0,0642233178218939	0,370462289113117	0,745891350321632
AAEL018710	1253,5028760831	0,508376035633896	0,176908576057417	0,771833006298234
AAEL010445	202,683083020421	-0,679377370631757	0,36138581872853	0,376299527394991
AAEL024476	210,253597912134	-0,0205779899207939	0,501602882150066	0,65947278063399
AAEL020217	444,221377089453	-0,0664469437981731	0,194074619245131	0,857010981578864
AAEL010459	377,451420072924	-0,0933648458567106	0,204447843988194	0,850880895955567
AAEL010447	249,855767703579	-0,0333096083931492	0,213659500082985	0,852384074687466
AAEL014600	8489,87435250168	-0,426434879896815	0,31968362692586	0,622479498436837
AAEL024186	2037,14893440023	0,716757731284297	0,193167354346342	0,54186041135645
AAEL010451	37,1501601632589	-0,635014555788132	0,52189627034094	0,31861961393632
AAEL026570	6,5875695498758	-0,762462535020805	1,03625620692784	0,19982757460955
AAEL023001	2,03435349324898	-0,0569560391886148	0,527373294104122	0,620846224224504
AAEL027447	439,380691121937	-0,146652856896875	0,226234120464925	0,831726479392372
AAEL024841	2888,15419465825	-0,0620073154891229	0,184546545728931	0,860311872622113
AAEL006025	637,579700659879	-0,0640322961107831	0,184926975743353	0,860084976502459
AAEL006035	724,54287654183	-1,15932495286022	0,432402793232857	0,0873618628781761
AAEL006027	503,675386503123	0,377411208270163	0,303639590248268	0,676613434322414
AAEL006013	1088,85886702044	-0,23293679698841	0,249485164375139	0,796396717340732
AAEL006016	545,332837363783	-0,124870308746566	0,214748072350672	0,842017152770159
AAEL020113	591,657868507295	0,376100501039555	0,169835402211953	0,82799278482152
AAEL011587	34616,302185181	0,446895380303362	0,23761302273265	0,721467014863348
AAEL006037	419,636380485688	-1,14401041627776	0,257948997642877	0,0673402698338018
AAEL006014	22,7791255459403	-0,280594580778431	0,426290860870606	0,593620743621657
AAEL002696	198,383649973275	1,26975298712376	0,764395052335513	0,0895996341368222
AAEL006023	1992,11765638069	0,276142478963463	0,171294344362699	0,845987892571646
AAEL025718	1359,2051394432	0,361652641581682	0,151389020336085	0,845874430874215
AAEL006034	92,9079330491313	3,69835840678729	0,569738562632623	6,69214113337141e-08
AAEL006036	397,51823843579	0,164277962267235	0,176421269539259	0,85601273612619
AAEL014908	907,962028854288	0,273450097942164	0,184885427724049	0,837476739264608
AAEL021071	1923,32315073423	1,63457792266352	0,396955540247843	0,00693470230217488
AAEL022373	809,250215799495	-0,258596910731335	0,175979621766331	0,845760802085923
AAEL006032	1195,33233921449	-0,196773077385162	0,300298549417881	0,76243568115875
AAEL023266	56,4232996079064	-1,45620275515669	0,549533170697828	0,0383819513411876
AAEL012323	826,790483121124	-0,182098906119547	0,156754184709234	0,861644874103712
AAEL012330	427,192142399557	-0,00166051662229434	0,177348559657666	0,86436173945676
AAEL012326	2442,48753459958	-0,339844949961206	0,425827093912467	0,563523754483059
AAEL012325	1015,19044511697	0,103936110190243	0,176043692458606	0,860365153044369
AAEL022886	139,459769826611	0,127907468854396	0,244037211567661	0,823561142371222
AAEL012327	286,011527014681	0,274554317834651	0,259275325105293	0,773855696830843
AAEL022221	6,86244838851688	-0,518986820312613	0,699474277546955	0,315163417937678
AAEL012324	366,795807838866	-0,0737289215729648	0,162806342981874	0,864700114475617
AAEL013479	95,3136867978436	0,11066457159185	0,264892419799105	0,813104551287535
AAEL013478	201,535168966538	0,148730000267674	0,206607041823308	0,843301806220548
AAEL026933	56,38071577477	-0,137782318626153	0,379293821295924	0,713388722237476
AAEL011892	1082,53507518633	-0,52670047938656	0,233609168807928	0,672632890348903
AAEL020028	8,8448035720589	-0,999042174911122	1,25178073998956	0,149222595591544
AAEL019543	293,764546316147	0,246370665442027	0,214768863809492	0,82060292328345
AAEL023989	165,826469875916	-0,00736689054379917	0,286722695241849	0,818403253736936
AAEL022129	653,310117937677	-0,960785220490059	0,254441832535733	0,181403313441421
AAEL010875	0	NA	NA	NA
AAEL010872	0,178733354808345	-0,0378877239648119	0,540772460497418	0,618832044855418
AAEL025238	182,528861196881	-0,455883177836697	0,262465673286115	0,68176104890421
AAEL010869	1716,80614502512	-0,216517979284657	0,265302304808246	0,786879596777683
AAEL026170	466,127516413602	-0,461317063613869	0,174356679449633	0,797406106250585
AAEL009977	78,6873752695667	0,493168346218482	0,268145573535083	0,647313515664856
AAEL009980	61,9965134124083	-0,152615506217497	0,286377344506042	0,787340784562283
AAEL021353	790,599021708801	-0,00818529762318082	0,197574331468192	0,859669321637409
AAEL009789	1179,22440221729	-0,396124507420347	0,251354248348901	0,731498488465831
AAEL009786	492,905112619792	-0,402094425366681	0,275684498655644	0,69705355908816
AAEL009792	38,1089870801207	-0,474599799297819	0,410881309701525	0,486829393486249
AAEL009806	793,173977671184	-0,768810486118198	0,245319580308554	0,392029034033889
AAEL023219	725,36910612561	-0,635831958050323	0,362312988643901	0,406030054833988
AAEL021301	741,509995085251	-0,350724360804929	0,418912668636857	0,563406383218726
AAEL013783	975,171804905482	-0,069435761813251	0,206229936625209	0,85226493600703
AAEL020132	611,515351656823	-0,490951876543097	0,193911470336711	0,756877371585213
AAEL011836	142,976994162493	-0,488225395245259	0,280197987357235	0,631231355878538
AAEL025667	34,6960535543161	-0,28198601761574	0,421505575528606	0,598845138725388
AAEL023588	74,3447022742801	0,0412745821658319	0,509725995012611	0,644672103150522
AAEL011837	98,6982368109732	0,0456734219517581	0,29487166964565	0,80652733316386
AAEL011842	242,171269501869	-0,0183453004904635	0,185858305588745	0,862152814129441
AAEL019454	8,14183026235624	-0,0261583115876483	0,472166490834874	0,679640954954455
AAEL009454	514,131816767027	-0,205450582510032	0,180753049390323	0,850117773675269
AAEL018248	550,696789080013	-0,112237917349618	0,233751316834607	0,832744686862892
AAEL012750	1609,60102449719	-0,0964617869969205	0,226975887434382	0,839313226643205
AAEL012745	609,826195436582	-0,298106077074539	0,194417011378453	0,825285815519549
AAEL012746	4396,48208939236	0,314998415908434	0,163392602312228	0,845255570662007
AAEL011320	960,703355935175	0,0499930900189828	0,160268286729227	0,865618917015254
AAEL011316	210,914517780649	-0,0869396933906049	0,218871458158255	0,844697630002717
AAEL011315	212,338792190365	0,254286276700948	0,248059392224442	0,791020553253462
AAEL014827	641,062101007194	-0,312041359829758	0,200976754950699	0,816655118922326
AAEL014831	335,762551374188	0,143358122741046	0,212234202694167	0,841022521187769
AAEL014828	1002,25489766519	1,17911837689266	0,19116987591571	0,0324274813393529
AAEL014825	478,817042081719	-0,600116811225626	0,304439030966437	0,498323256206427
AAEL017013	421,298702291839	-0,0905401090247937	0,193083048831165	0,855629454564224
AAEL022503	116,426102364205	-0,450241792008108	0,325042377624639	0,594655447580258
AAEL022645	351,77547082552	0,198886074877308	0,211420736515199	0,832476921184186
AAEL018020	282,781925262298	-0,228224759604217	0,260715070676872	0,787463438785181
AAEL004950	141,171737307741	-0,201441202146947	0,241949792865723	0,810056583145065
AAEL004940	203,707647544954	0,0753573048369337	0,23739655340489	0,836149576926851
AAEL018040	1839,57515442079	0,0395067837426812	0,176423107428269	0,863374635232553
AAEL004948	60,9571669827681	-0,722016637940636	0,487095351129553	0,285313008231824
AAEL004958	137,495724881227	-0,518748861548885	0,264254943466369	0,629843428830846
AAEL025232	212,691178145574	0,456429415161167	0,280818870728563	0,65669439007386
AAEL004964	132,376194173232	-0,377388861763194	0,24873259874294	0,743712462954699
AAEL004955	161,923692990814	-0,0785488524448982	0,252866544619604	0,826711309118823
AAEL004960	237,306030783604	-0,273847772604378	0,208334750795826	0,819520833403132
AAEL004942	2096,08405873245	-0,134800371954384	0,225858016942427	0,833901493919751
AAEL004967	415,678791192692	1,73547409575834	0,436174520534928	0,0055633286904158
AAEL004956	35,6832450479525	0,111697225786742	0,395106721537849	0,710100571859711
AAEL023534	182,87726668338	0,322949979069452	0,278362801138172	0,734958297980238
AAEL004941	287,63198439249	-0,069252448172648	0,226519259017976	0,843033089167077
AAEL004957	825,144836056812	0,473041477311935	0,201180721742474	0,756080038648439
AAEL004947	12,2841708596225	0,333482999788734	0,543406718702784	0,471753419430986
AAEL004952	664,600055502645	-0,0924889920393808	0,214256084190159	0,846278886618461
AAEL005006	20,4826666632231	0,27747470659018	0,473005759594559	0,559263316516405
AAEL005002	144,676122980899	0,356623183019803	0,235682722378923	0,767389206194408
AAEL005000	855,908941935754	0,465723012496602	0,306838008749616	0,607477406692195
AAEL025111	15,0132904302453	-0,467119761819445	0,55807947320572	0,39510746229313
AAEL004999	274,400879688599	0,435154718998004	0,246353418474552	0,716182724938867
AAEL005003	332,598233931939	0,545606344440449	0,214302975580212	0,689736910179807
AAEL005001	363,345922612393	-0,181663272925566	0,266263583141402	0,796368538528484
AAEL005008	2259,21148469517	-0,47930959711877	0,349021286623621	0,549538412704483
AAEL019932	1944,9604532292	-0,632946154411763	0,258615780178995	0,527399232260022
AAEL008763	271,58169278244	0,0726212174538005	0,220175456485212	0,845728305968045
AAEL008755	562,387890556614	0,0348736459468375	0,206684727802648	0,855143891994055
AAEL008761	165,958039039992	-0,29186819588598	0,248477500466602	0,778265571401765
AAEL008757	874,556313886071	0,727739582339256	0,458971609112581	0,29025024146717
AAEL023517	30,1643761142818	0,629317834155525	0,50090395014142	0,330980104756551
AAEL008764	89,9513786679289	-0,865206603164003	0,347275676470989	0,236050808705139
AAEL008760	251,885021085567	0,158714789221714	0,346757502696463	0,734207229076684
AAEL024034	118,915572039319	0,345543641845607	0,384209845672068	0,598743944229711
AAEL008753	2194,0292087911	3,92704100379452	0,338164983251535	1,52165728433207e-19
AAEL008756	123,877971950025	1,27097218589072	0,368535648530233	0,0471112049910459
AAEL008758	95,1611097656609	-0,313299127061502	0,325293187689413	0,688158901516638
AAEL001321	1577,3252391181	-0,509838207514087	0,221804857421501	0,703539543238336
AAEL001314	373,071151721129	0,390431808112923	0,205555278514964	0,787952674519754
AAEL001300	489,844436914715	0,08360138042893	0,187972473877116	0,857816237005088
AAEL001317	825,986747634862	-0,154247093425813	0,196926731392742	0,847970474888433
AAEL021836	1475,78197995473	-0,440024081317954	0,193175833930185	0,78257554391758
AAEL001299	74,3495289777123	-0,0266227048529882	0,25694215887674	0,832438599293326
AAEL019431	1098,25165732408	-0,575347935622794	0,28082272251949	0,554447171074409
AAEL022697	0	NA	NA	NA
AAEL010716	3286,41766760898	-0,0874057670924041	0,21998411167551	0,844102472616039
AAEL009595	136,254739345765	-0,403683561994455	0,304386257290562	0,661031623737509
AAEL009596	1517,18737460968	-0,260320245189822	0,214688060308534	0,817816676704224
AAEL011423	92,5524961020888	-0,991988903331459	0,415121663028459	0,151318291241335
AAEL011421	545,529408903892	0,410932057027496	0,208363692728024	0,776149449150506
AAEL011414	9744,83417995446	-0,637870270353219	0,400867418481475	0,380981527200326
AAEL011425	1720,52253499733	0,273912080243869	0,153328638304343	0,85595608211225
AAEL011413	437,238868646292	-0,710553090612712	0,231267929199971	0,479223112773105
AAEL011412	272,077879794976	0,351120206083969	0,279301766255568	0,720538917823664
AAEL011424	2130,72755832096	-0,619516776432203	0,202752221834764	0,643783224026133
AAEL011429	507,004057640064	-0,0228193731202379	0,228801622905548	0,847256913558382
AAEL019795	1260,74057981503	-0,971925995710241	0,243385092839587	0,172517770550648
AAEL003549	172,492595215735	-0,29235961665375	0,235072554583052	0,791523444915644
AAEL003545	29,2084441088953	-0,137275006784256	0,38946809142403	0,704288822093104
AAEL003548	2412,06581540874	-0,353759834850737	0,186443865590699	0,818784766517684
AAEL019453	351,114972379904	-0,486253478226649	0,290316997139143	0,615959991996479
AAEL024226	0,183085238568167	-0,0381007655855789	0,540800800672106	0,618555883932642
AAEL003511	0	NA	NA	NA
AAEL017367	1168,66881806527	-0,619184844689932	0,274108885407158	0,519573852910728
AAEL003508	2983,22497796024	0,762362822536347	0,229591073784062	0,41491792334406
AAEL003285	6664,15659768315	-0,481716702214273	0,195786279547292	0,759200659007691
AAEL003291	92,7532657376898	0,400282391854997	0,312750705137202	0,653259115887891
AAEL003299	1744,63889126953	4,64229096426736	0,388676224379818	2,01850811967494e-22
AAEL003321	40,2567084371435	0,302046476303475	0,373276637550361	0,641828764222059
AAEL003316	400,731676595517	0,293025755844056	0,191236574264523	0,828936590471462
AAEL003318	3983,63822405421	1,21158561175035	0,329710787317048	0,0565472494576214
AAEL003287	1661,72633035854	-0,0460034826006998	0,187377524055921	0,860391778016998
AAEL003295	113,421935404273	0,308544984448068	0,267163163869613	0,752675652676471
AAEL003322	21,4291776174394	-0,34456845878639	0,465032187446134	0,524267499045053
AAEL023495	22,8354253267149	-0,363654248160037	0,522317790771625	0,46894398395744
AAEL019654	1691,31754234137	-0,257787574648551	0,174349129935533	0,846841574304326
AAEL018055	487,206977925352	-0,314128021272417	0,218194794409793	0,800620023406624
AAEL000883	858,615483004762	-0,128281251671536	0,20375064063483	0,847479626692691
AAEL000857	860,968836655898	-0,665271425344772	0,431235261952068	0,344602694602742
AAEL000875	429,136694752304	0,143256810553148	0,181037246774084	0,855913562338621
AAEL000900	168,45857348221	-0,175120961086437	0,264049208580148	0,799505207393878
AAEL000874	367,282289638935	-1,18660300336825	0,224538017919096	0,0381664728702172
AAEL029005	26,034303861465	-0,235463468633182	0,430863946001044	0,617725143091094
AAEL019724	1932,07755142395	-0,381153749025415	0,187032496489618	0,810498003316759
AAEL000899	171,123642677977	0,00529015869364895	0,242085635620046	0,843049910928589
AAEL021739	6,43577074452003	0,287697848826898	0,546467693129372	0,495152803685534
AAEL000898	1980,0896052742	1,62188900428715	0,283219333226329	0,00156450201489139
AAEL000905	467,634815081991	0,744859564014281	0,371538114513097	0,314915530392833
AAEL000904	538,545952830406	0,0589393186968281	0,25365429632966	0,829454279067698
AAEL000918	678,912004893652	0,177369457646638	0,229490921523992	0,824132748634744
AAEL000893	52,5222944522836	0,405130571356871	0,340971494886683	0,60825426551309
AAEL020499	25,0360730452069	0,277481857312868	0,435898514107828	0,588700706349702
AAEL028205	11,0612570177667	0,590945403441166	0,614325637343634	0,308933558016048
AAEL000863	22,2097530385654	1,07717869411708	0,70501725656134	0,128349962369968
AAEL026995	648,361398370956	0,277831014164109	0,200378714450911	0,825014631135187
AAEL000925	482,67523653308	-0,308958249412473	0,169849544290423	0,841812387189751
AAEL020101	545,270239593563	0,363937472339615	0,318187446031233	0,668349238683565
AAEL000897	263,523041482055	-0,403504403070843	0,352085282110817	0,595993112536186
AAEL000902	3198,99013300825	0,675128825035645	0,275796849343254	0,457111542079364
AAEL000889	189,02514402974	-0,268139144419951	0,254079595269734	0,780994754001491
AAEL019837	145,489673810315	-0,738058992528535	0,38879967874352	0,311434451286942
AAEL000886	672,923218019349	0,0833740581405849	0,245693351966221	0,830283992587072
AAEL000859	36367,5351988113	3,25913243643153	0,432382578692313	5,46467765954507e-09
AAEL000861	229,457275406952	0,385066424960088	0,29977726762567	0,676884733870326
AAEL000915	540,428996515743	0,254097168465492	0,23198123961251	0,804985997138038
AAEL023706	466,823119298779	0,294049634931896	0,164868947275505	0,847606600200696
AAEL000855	46,6131269470504	0,0286375153372554	0,327844063191838	0,78767775074776
AAEL000912	20,0966854913354	-0,19686449508473	0,433632215427223	0,638276861818317
AAEL000910	133,817379724414	0,656225606720213	0,300779656893416	0,447299272006715
AAEL000923	7707,90744625784	-0,247215073128122	0,136745074380112	0,863654500924184
AAEL000885	81,7551931349075	-0,865884722931919	0,303387597355292	0,252151411572631
AAEL000922	412,418965930383	0,0573099983271193	0,174106888721124	0,863068013944092
AAEL025600	339,182706293587	0,0350801791800096	0,186565694772417	0,861120006789871
AAEL000924	792,428411484078	-0,193509803314076	0,205701022151455	0,837115271072302
AAEL000867	312,140012571525	-0,183297838094034	0,247453295403106	0,810032000184353
AAEL000903	355,732928978725	-0,0178517695917052	0,239309919606739	0,842948926293848
AAEL000860	593,882642005404	-0,492706521784288	0,377999085928086	0,506026502057447
AAEL000856	820,367967681759	-0,335561375649594	0,203422582308156	0,808170222131878
AAEL013760	209,529694368468	0,425293926040964	0,266441062666873	0,694995775683003
AAEL013761	811,22572602727	0,0939459972102846	0,197482300439133	0,85366741226641
AAEL008894	321,166964172826	-0,251970535742763	0,362097734731333	0,680239901553761
AAEL020635	17,4530469545721	1,2762556814308	0,73519753179261	0,0865240722925857
AAEL008902	1638,84646789734	0,0459328826752215	0,247762018821889	0,834595423159437
AAEL008898	224,309230781462	-0,0316534967986159	0,284342322924866	0,815664300572498
AAEL026355	2175,47867396139	-0,651184616880974	0,22946070189724	0,556506284048092
AAEL008893	2846,88969984612	0,706380833568037	0,265809260000419	0,435737250412051
AAEL008901	393,033141345181	0,61654162547326	0,25306251265761	0,554933142317913
AAEL028178	53,9492322030735	0,266004348390919	0,325156689032114	0,711149379692814
AAEL008899	276,011259943158	0,0483620718458343	0,24090680103678	0,838337763524484
AAEL018166	221,79019795335	-0,11195427472321	0,247864271692106	0,824027173756332
AAEL011904	153,45369967166	-0,0683764184794763	0,290332264724868	0,804544870255854
AAEL011911	318,503200797345	-0,0832522354481385	0,221570887375898	0,843786521406944
AAEL021481	97,1520060285147	-0,312374644448282	0,29786724761506	0,718350367619636
AAEL011907	333,597684123373	-0,0400184324544759	0,195244329758081	0,85843478372538
AAEL011912	1296,05652214427	-0,140320793530842	0,281342121772901	0,794892646935917
AAEL011910	61,236471530859	-0,475798001024103	0,403071885393542	0,493782990226896
AAEL011905	3886,56958604892	0,42879736951903	0,290844311687091	0,661842986720493
AAEL009398	529,129023460866	0,499481375468556	0,19336381231324	0,75271671335022
AAEL025889	83,8528026989752	0,661543820279551	0,342667838508393	0,403017743333211
AAEL009415	296,433832846663	-0,101587145083013	0,194907775895033	0,854090248452525
AAEL009414	4164,04976881215	0,173725265380289	0,242393060410687	0,815849442266182
AAEL009400	1843,26841570992	-0,466898573290565	0,151978981004283	0,820493096332296
AAEL020123	1347,59235595572	-0,389330961578278	0,356405263370754	0,601359975669738
AAEL024085	73,3754615515107	0,0792914561593733	0,304836874460636	0,792258709044723
AAEL025927	924,716806207381	-0,214154584910118	0,206966190597846	0,832687380327986
AAEL027193	79,6235061996206	-0,116252489157819	0,301324794331535	0,785296837182803
AAEL002464	1535,31399476577	0,433347627020446	0,271137883478312	0,684504558488151
AAEL002488	1023,54681587977	1,22998845946953	0,294505220293876	0,0425823115325574
AAEL002469	666,979407730626	-0,640004125871065	0,269732144021863	0,504119638691691
AAEL002474	371,394803978383	-0,401286373478597	0,343098458658002	0,608351190189978
AAEL012853	1235,26264388642	3,28800105362478	0,311666098676507	7,18357804066871e-15
AAEL012856	3302,05697220625	1,64354443720719	0,230134863163902	0,000243340015787787
AAEL012855	32,3403920541597	-0,540767728570521	0,416422060907015	0,435185179616497
AAEL012858	1731,57594908669	0,386020657043793	0,223630909853333	0,768696338408737
AAEL012851	1108,03897240925	0,479052725105479	0,181568036525845	0,779950316085466
AAEL019455	740,02808212411	-0,38901934779685	0,313320472233312	0,658950095912008
AAEL012852	96,4845648881997	-0,0657297039372535	0,381630009297771	0,737049238077389
AAEL023555	43,9443219833133	1,45479653938204	0,571481281104965	0,0405745888420351
AAEL018700	676,567041497163	-0,71602412615915	0,336968496160283	0,365463602774062
AAEL003320	43,8285832415651	-0,00240471470238018	0,438566444737427	0,713659621562108
AAEL003293	996,671975391638	0,503950515262503	0,1953068300702	0,747524302781204
AAEL019677	825,868893361271	0,242629738778474	0,18746627152938	0,841125993463363
AAEL018298	35,0461863105057	-0,0859472669899619	0,463744670373781	0,663382106010395
AAEL003294	322,599845327969	0,0448833713671428	0,28968096222417	0,809785822820196
AAEL003301	22,9542360893828	-0,399037119462506	0,442527485266779	0,511524111088495
AAEL003298	2824,70930791782	-0,341207885576053	0,191167757634366	0,817839306587576
AAEL003317	2127,23134818725	-2,73980694738694	0,322862737866054	2,52311047279118e-09
AAEL029071	2449,62938756334	-1,38523905299136	0,336790132540293	0,0229993149002441
AAEL029070	635,755345467187	-1,86417532174005	0,364663818408743	0,000944107908163498
AAEL013220	285,581167362845	0,473347357254251	0,273346917773486	0,654564158358895
AAEL013225	2217,50408332183	0,023541106673758	0,203868972749415	0,856759217125374
AAEL013221	47022,2854008132	0,326037041127003	0,240492139976439	0,774131945629755
AAEL019922	699,828607649803	-0,219589989251163	0,267743895985887	0,783944485130083
AAEL023746	315,712526747954	0,844232160310164	0,29702453006193	0,272969448818092
AAEL003832	1037,67678871344	4,73678464612821	0,527603087047874	4,47237475613159e-14
AAEL026689	218,703772226743	6,31350496504823	0,652354769808482	1,06552488565579e-17
AAEL003857	2749,24468494008	6,26032660711471	0,988045047251591	3,36811341473622e-09
AAEL003842	25,4794511550176	-0,549657222624634	0,514470910987424	0,373292927359178
AAEL003841	14,2336912829173	7,34002875195687	3,00547369137113	0,00211457635774437
AAEL029102	239,277519352958	0,968773280922504	0,349966586649888	0,167749483573045
AAEL003824	603,074446027925	0,0873086886797448	0,218608991218908	0,844747021668289
AAEL003855	1259,77022365151	0,00741591202966599	0,171571317944039	0,865123822309079
AAEL003858	371,964934010273	-0,105915720692981	0,24265816650877	0,828435852136402
AAEL003865	311,650181486745	-0,38938640416101	0,272609149514952	0,70842986379546
AAEL003847	198,787740216859	0,165529966908066	0,24384930843499	0,816586334562436
AAEL003822	331,520368243578	0,0338382175898065	0,197170200241877	0,858201744040592
AAEL003844	3611,17607490461	1,81751241659884	0,316839371079623	0,000476215722267572
AAEL003829	2667,6926383992	0,149018555817381	0,192157264510501	0,850683232303738
AAEL003839	152,673339346828	-0,24647183859953	0,396615189236173	0,649604589487405
AAEL003835	1020,24927223497	-0,205552203903739	0,326722899119877	0,734911472673873
AAEL003817	319,894154247904	0,200879724057777	0,189898312716667	0,845663272679848
AAEL003831	756,152001251475	2,07783119917514	0,253491458287892	6,18498266956057e-07
AAEL003864	443,669569806923	0,617825200225014	0,200626236827232	0,65070060106203
AAEL019627	251,80926863743	-0,603415992410705	0,572912179278579	0,316894368273812
AAEL003815	408,572695615671	-0,0465602104695682	0,162306764904936	0,865408946575897
AAEL003825	98,2522773047182	-0,0647892601974199	0,314862283157742	0,78843970235592
AAEL003837	1433,07154208222	-0,351065577615286	0,23627803232211	0,768804634321463
AAEL003853	55,4483484709038	-0,0263249539474956	0,377601501773423	0,751768997122567
AAEL022142	63,2701643951755	0,218106888356449	0,304131728220652	0,750856077126607
AAEL009507	1080,32256005803	-0,433934752383645	0,287942118967745	0,662210634432028
AAEL009512	633,827588314445	-0,150759244611187	0,15940816361131	0,862528102030074
AAEL009496	32770,0755986155	0,319743651197513	0,231180319131792	0,785982389288432
AAEL009511	143,920090851515	-0,150034742406508	0,266156589544112	0,803709158311514
AAEL009500	403,995234966722	-0,892378020138376	0,219724595635574	0,262220881953777
AAEL009499	95,8493937135697	-0,217268902142031	0,274327964349183	0,778664229379221
AAEL009501	557,900378854156	-0,00971225469818287	0,283634291236797	0,819720554207817
AAEL009497	320,18349469541	-0,0191746235206281	0,253913855954707	0,835023880765545
AAEL009510	2479,94503428079	0,53705598652859	0,215999948926127	0,693220128325596
AAEL009495	1045,44080596676	-0,594271617529312	0,183051744304422	0,704805432355314
AAEL005146	148,348636752351	0,337665276442133	0,255964267515443	0,75259349203554
AAEL005137	236,404978257961	-0,658268367464029	0,215843210616561	0,571379465336666
AAEL005147	422,186701539675	-0,295393767119486	0,235940114938694	0,789527581456699
AAEL005149	1348,60043850171	0,0600931262562565	0,178890841910722	0,861957894563897
AAEL005132	137,330937226891	-0,381740708424581	0,340990595542783	0,627213781374273
AAEL005130	25,7196783006041	-1,87488709738938	0,822424706264453	0,0249631552771551
AAEL005145	241,659292449355	0,232308282053957	0,209770753134367	0,827364582997122
AAEL005139	157,75228357796	0,202358668392045	0,218077575031494	0,827303546749964
AAEL005131	191,876973146299	-2,22337252817935	0,759721023032544	0,00684786919289716
AAEL005148	17,6243782454874	-0,0204019462330679	0,452851585987045	0,696027966497487
AAEL005143	6018,11335096504	0,427259698159335	0,337210243940901	0,597220302621614
AAEL005150	341,978619819925	0,375172915606443	0,217308339535117	0,780571618789096
AAEL005153	205,232546306084	0,0293006439167118	0,195999358482982	0,85893934957763
AAEL017315	6560,91229838429	0,151799913199414	0,185916422110794	0,853109628475534
AAEL005152	389,593255495157	-0,119547301588852	0,1959937759907	0,851891385534388
AAEL023384	25,7283457797383	-0,0861598762283374	0,394812952307148	0,71913567924917
AAEL005142	196,387630228613	-0,155167906623776	0,257360087052684	0,809192434389361
AAEL017302	1673,04387560407	0,569885375092327	0,310903803907304	0,517898267913976
AAEL017320	1371,66607733254	1,15112028147913	0,495693225108127	0,0974841157876684
AAEL007669	57,0347019645666	0,607267192497324	0,761045405243352	0,269771629550524
AAEL003432	32,5469527193703	0,067799846389939	0,420824472894236	0,704403780064762
AAEL003416	1303,55554571367	0,269358979505492	0,166950531617239	0,849717856977505
AAEL003435	339,348487028133	-0,437019152849922	0,279066004748075	0,67130958178114
AAEL003433	1726,11754191223	-0,0559702695122729	0,178290541585117	0,862282454987026
AAEL003423	2714,7645605386	0,186716664902884	0,275590531890946	0,786509228108136
AAEL003413	3393,31309945111	0,378835355343837	0,251766201360243	0,739063959081744
AAEL023644	654,609301743793	0,827088254231749	0,186649919424988	0,389140927710479
AAEL003420	52,1595569351897	-0,467750474678013	0,408177385888462	0,495304576670022
AAEL017549	42,1912929712218	0,0900045479221668	0,376154147813694	0,733262691087981
AAEL003402	766,791159132831	-0,453055674344273	0,162912356574804	0,813080741511528
AAEL003434	1964,13515647103	0,152637728516592	0,272204030548408	0,798681715248756
AAEL003415	2723,16449338127	0,187632427055679	0,210031533777269	0,835135288437045
AAEL003449	403,970663361973	-0,13974420855751	0,318670081387459	0,765179210466164
AAEL003426	455,154025736461	-1,26082289517082	0,446563585470253	0,0643676730465758
AAEL003424	174,48142325371	-1,07909515095403	0,615719640759008	0,122681436005401
AAEL003436	17,4596509767798	0,195452489151627	0,41721630646868	0,654870031505256
AAEL003403	428,926176423294	-0,641430012515056	0,436774730775841	0,359292017393661
AAEL003447	270,507863394135	0,188333513327979	0,195281795759312	0,844284809094077
AAEL003437	222,090335985808	-0,0523283351809839	0,183943954516349	0,860948566439897
AAEL003418	2066,05035867907	0,0330218664274199	0,272907507355639	0,82210504124673
AAEL003406	93,9648496321222	-0,618778121209875	0,422426036059701	0,380133782162762
AAEL003430	1269,02127972432	0,974205070216672	0,185293522297517	0,179036287449534
AAEL003428	947,400175517312	1,38040444645683	0,257548848063718	0,0101547249379577
AAEL003405	392,952813738777	-0,780470658000871	0,331930300301063	0,306413314641426
AAEL003407	112,828696380631	-0,620176084504708	0,695114171045832	0,278774579561301
AAEL003404	5800,62618427392	-0,636742392847313	0,212442067850606	0,600458014874395
AAEL020003	70,1974545343759	-0,0188092932410961	0,301945026769128	0,807162481481786
AAEL003444	181,113711987477	1,16615367317744	0,300227575073637	0,0675904335223949
AAEL003439	30,8422943370686	0,923660543333112	0,483800906021426	0,181995887078966
AAEL003443	1779,12135020178	-0,539319839456398	0,349148921556422	0,500267603217123
AAEL003408	22,2032468848249	0,269385082057159	0,413468573400707	0,615211988138772
AAEL003409	453,754392896377	0,183159453091425	0,183665313931963	0,85113859126152
AAEL003438	274,118661377387	-0,260696239313303	0,225450453065308	0,808968971471174
AAEL003417	1238,70335615564	1,14655270538905	0,468954337565973	0,0960694919797109
AAEL003412	222,612855615	-0,986241809849729	0,380287631095591	0,157604913958825
AAEL003431	1832,3647063801	0,518239404913536	0,234945730814224	0,676681301296722
AAEL003427	53139,8465830515	0,399695793476672	0,280579910544442	0,692170326708166
AAEL003425	646,401054799974	0,0161793380094693	0,195709100866109	0,859723093234386
AAEL003419	184,051467498412	-0,200891136439139	0,214566324029066	0,829949126606426
AAEL013907	242,010596448526	0,0470686638098705	0,210111179709452	0,852592105836464
AAEL013905	1013,76341214562	-0,84338854322631	0,297516424464207	0,273500686467662
AAEL017179	1464,33362663505	-0,50551542783498	0,231930931943016	0,691300766177279
AAEL011927	775,526170898747	-0,378373297346328	0,205125304012436	0,793076191306253
AAEL011925	455,185500932482	0,261547341003682	0,192472761260569	0,834239804586603
AAEL024906	76,4689922003309	0,160805609946711	0,429257520130957	0,660291028542317
AAEL011915	25,6739729225813	-0,306376723301552	0,410945210667273	0,593931650350749
AAEL022536	15,5761520619501	0,249843055914582	0,514599310650487	0,539678730247726
AAEL011926	22,5127358319256	0,502243598304535	0,498325058212301	0,404626662069691
AAEL011918	1867,29313309522	-0,474267787660614	0,168654388295741	0,798984435676218
AAEL011924	45,5356517019814	0,798017403497152	0,405036083566059	0,264927658977768
AAEL027227	387,898323845472	0,379039933351787	0,317808809413755	0,659919585093514
AAEL011928	600,995373759602	0,0350699764009717	0,22150348411827	0,849315801846228
AAEL017095	14,4591237217538	-0,388894048427478	0,584682447708135	0,419181891393312
AAEL006705	104,120289821377	0,291075211617279	0,340650505711412	0,683072855155421
AAEL006689	24,5849541023539	0,488893889389496	0,554548825984973	0,38727542568036
AAEL006700	261,328031823355	1,49264818764839	0,440443911692795	0,0233140152130578
AAEL006703	26,5349899655222	-0,244138183316829	0,369486997979575	0,675865152018685
AAEL006688	336,012398777633	0,234663907490119	0,245367634879967	0,799176607882772
AAEL006697	250,877191578307	0,191281046869486	0,224115956736314	0,825244149199105
AAEL006694	89,6603096636466	-0,0657232924986325	0,30064007141499	0,798405741469163
AAEL027120	102,414527731333	0,107658647826741	0,283062229578782	0,801293840278413
AAEL022195	138,298420138356	-0,0594728564476411	0,230613792465124	0,842187386665347
AAEL006687	247,732392445255	-0,566873743807448	0,306901695236822	0,525088023254637
AAEL006693	1380,08515431928	0,55926850348042	0,23108737533868	0,65132401248527
AAEL006698	31982,0723049775	0,376177165504015	0,231767956015653	0,764471062015061
AAEL025532	23,7630931263748	-0,529945890572553	0,446025836953683	0,422437857762717
AAEL029061	308,518411974006	1,94410489805726	0,298120777793699	5,94396944104171e-05
AAEL028145	183,305744581452	0,437658528842647	0,381035774600524	0,544530054683773
AAEL006699	238,36996891386	0,0606113760468687	0,339552206022963	0,770701948698698
AAEL006702	461,088367059085	-0,5025861812459	0,468683597134482	0,423390745199853
AAEL006691	176,963572503298	-0,528497877924477	0,448876891784634	0,420718466110146
AAEL006704	7070,46431458607	1,92907569116515	0,301813093294764	9,35061089323573e-05
AAEL011332	67,5324056840463	-0,155318337750585	0,331111747797331	0,748799447704173
AAEL029051	3278,58009165816	1,93547372399756	0,432115134498337	0,00173381769695814
AAEL029062	77,5099687249121	10,6928571836005	2,95378321606287	3,9985961508616e-05
AAEL011337	23,7417991336604	8,5787170389593	2,83908594421535	0,000374969528170903
AAEL026737	104,588637221404	0,416134946170178	0,283857189534916	0,67796570735002
AAEL020253	11,81087193619	-0,25659929997898	0,515011364401905	0,535521430393048
AAEL028048	72,1186591360028	3,46789043692123	0,560608443697391	3,2270112748744e-07
AAEL008936	5336,9372173547	5,02195704280927	0,513866952966068	1,37454739123267e-16
AAEL009232	802,905934425413	-0,543680290988896	0,340779887638792	0,505294669241041
AAEL024640	50,5888685206649	-0,449141057313612	0,41840816616563	0,49922241875319
AAEL020092	1419,24543420108	-0,697303427056253	0,638960045324597	0,260049845552828
AAEL008049	439,391680656467	0,372021219062985	0,34421731533902	0,630712013102353
AAEL008052	290,496913693431	-0,0541118746061718	0,273112407628192	0,818538087962664
AAEL008050	758,051622625014	4,44638217242458	0,512488578695577	5,03185899353053e-13
AAEL010909	172,413891177665	1,33573946222712	0,401036989866665	0,0379507590492265
AAEL010911	1013,10749387156	-0,221384970681803	0,189931140225565	0,842881531150241
AAEL018205	873,001529012881	0,20427226244398	0,196687871281669	0,841315343672517
AAEL023332	2490,1465665036	-0,0948581366667581	0,144128362275346	0,866318179539207
AAEL021209	466,807963419309	-0,590155048309095	0,261845732392048	0,566788600527361
AAEL010913	468,26931963612	-0,240790160333337	0,164669098816002	0,854104785439993
AAEL006932	32,6164825936795	-0,975164175672662	0,774947193882823	0,155819919102951
AAEL006928	6496,73689295222	0,00539485086950301	0,189061371967206	0,862035928499803
AAEL025264	33,8568336900992	-0,139701272621076	0,459836623436561	0,641992418115993
AAEL027905	2123,9370409283	-0,283099682194701	0,244701682954728	0,785109126604421
AAEL006934	667,948272622042	-0,258106397845459	0,217356806500828	0,816103411093998
AAEL019530	45,8241298304377	-0,239827563679082	0,368181631713267	0,680040485685019
AAEL027044	301,17391125067	0,196668820456059	0,215482818190488	0,830126572518347
AAEL022864	12,9111104413725	-0,512137572746027	0,849752302708446	0,285833913045464
AAEL026664	273,51791810039	-0,0911302509132722	0,235190469030632	0,835098169189648
AAEL023382	218,971313107177	0,448288489015171	0,280609942257203	0,662357478102816
AAEL022168	488,665574317329	0,261648987760838	0,264357741472012	0,773057785203628
AAEL000854	707,431791122435	0,248641628715993	0,276359337532217	0,766656886177954
AAEL000824	826,237827534065	-0,559429547016692	0,413843673584765	0,425288001072941
AAEL027307	14,0115921378638	-1,66977661423256	1,03102901726196	0,0550950354000452
AAEL000827	0,549255715704501	-0,0508093982467679	0,543070163493114	0,608835207140145
AAEL000837	1,32172212406557	-0,0386058654127498	0,526137359783122	0,631490507031705
AAEL000833	0,134679431026014	-0,0353656281763235	0,540462874969452	0,620207532520554
AAEL000846	0,743676935564726	0,0661562396901227	0,54513326806964	0,601259941425669
AAEL020493	0,313412785834359	-0,0455029207488827	0,541928962886428	0,613329683399233
AAEL000835	0,364889441345186	0,0467805800981698	0,542129703940708	0,612191667636816
AAEL000851	344,604996463419	0,338176284177855	0,295816957654583	0,70831783631727
AAEL000812	441,801146430589	0,57294899767688	0,275786316032616	0,562347065219628
AAEL000811	504,616383118903	2,43908073563063	0,396881432040541	1,06286788411225e-05
AAEL000840	966,181956992723	0,13486906631829	0,196582498013082	0,850255711185856
AAEL000821	19,6380758550929	-0,549825036871459	0,659219200107413	0,314171802132473
AAEL000850	302,922473137971	0,58505817277755	0,240028714869949	0,604538770582275
AAEL000845	1224,85467918701	1,33338986259492	0,215021076576153	0,00801203898701032
AAEL000836	250,846670562776	0,119899825559079	0,183538515336598	0,856843237045053
AAEL000842	60,2686497327582	-0,778152181582858	0,474177444096245	0,258966289225999
AAEL000800	1301,52068156744	-0,387157991866062	0,223687614801127	0,768262193670375
AAEL000832	935,771034172855	-0,291523876338475	0,19986140325231	0,822256035110642
AAEL023591	891,784076197041	1,27977514310442	0,248602879476368	0,0231558296918997
AAEL000839	497,424733735176	-0,287559023925152	0,25346616270618	0,774682530662659
AAEL000847	517,125356564485	-0,0262738057463636	0,245789538372246	0,838782616769696
AAEL019774	857,577210830238	-0,340029383387364	0,215832587922875	0,795121079858453
AAEL000802	481,610742747503	0,0362727345438527	0,233533075925119	0,843486016832879
AAEL000844	361,893162635459	0,313343277886782	0,192591710448489	0,823156680377415
AAEL000822	252,159507823472	-0,157647185625341	0,329891438491304	0,748968529072568
AAEL000834	4705,2586104271	-0,120319394754619	0,263324596141358	0,812219576194342
AAEL000797	319,955747776638	-0,120943801799242	0,337784434720436	0,754145682629619
AAEL000820	162,317575877102	-1,00723798598995	0,381113785931069	0,145635991150054
AAEL000829	185,524421022822	-0,0243293123400566	0,272610381463885	0,823857991305059
AAEL000805	873,04878506207	-0,492691986648243	0,316098732726712	0,577219655752391
AAEL000803	78,5769171046684	-0,630482147919337	0,442417072044938	0,363709330639654
AAEL011408	425,243840146548	1,04484618262503	0,453913997610067	0,13042911481126
AAEL011405	25,7760369926239	0,0217924708813849	0,352766628327277	0,771127362542208
AAEL027215	46,1344846000437	2,69700690099264	0,648748730979631	0,000442548536307918
AAEL023353	320,558822882965	3,15318753038092	0,392314482240748	1,32497731693859e-09
AAEL012353	166,492630914943	3,63454790891466	0,566192922575166	1,00385971483624e-07
AAEL004338	3930,12756098659	-0,0883819425203436	0,199404733711215	0,853462406373338
AAEL004328	615,470871169997	-0,603697625536489	0,228475511024721	0,605817196881799
AAEL004329	540,979395421047	0,234908654170412	0,177727222261654	0,848206850462368
AAEL004327	3821,43889167996	0,365301904753583	0,225372114776832	0,775162194114446
AAEL004348	357,430159636495	-0,171617289927587	0,360935267950322	0,716448743341379
AAEL004334	98,4444449615811	-0,333523888110248	0,303111617388371	0,701328441811588
AAEL004332	89,4470710676006	0,0753355162266343	0,254279528874834	0,826321095306453
AAEL024425	516,504264227698	-0,140172348185601	0,259148843066873	0,811059104403736
AAEL021738	177,371778444523	-0,0311988461664658	0,319681656726412	0,793105270064703
AAEL023107	830,955755459337	-0,637645315881004	0,269794551183311	0,506464673000305
AAEL019475	1290,87251011359	-0,646039092973726	0,288238143264547	0,471917869727826
AAEL018102	2609,88526159777	0,36706121169312	0,471181938917293	0,506756329119168
AAEL004342	935,358188611703	0,0451647778422458	0,354998317505594	0,764358874112616
AAEL004335	1109,2707845098	1,48563672995078	0,379884535428226	0,0155916403042199
AAEL004349	30,0911859109859	-0,182979499260286	0,391791316468142	0,683725067492831
AAEL004333	271,996107320802	0,265031932427579	0,273804202969672	0,763532993760522
AAEL004341	285,212575656869	0,150052184280003	0,257315353268398	0,810228487221142
AAEL004347	2610,48403281829	0,247240726120861	0,173932013931998	0,84863048108656
AAEL004345	1872,78965245915	0,80258396751001	0,272329952016539	0,326655536427874
AAEL006792	1704,98061381891	-0,419497256580812	0,213387452927558	0,766730312223132
AAEL006785	171,080146838328	0,273420656519709	0,270609608355237	0,76368357618237
AAEL006790	442,823936553561	-0,444513118806627	0,242760785486496	0,7157028028408
AAEL006808	734,379139426512	0,254266763969735	0,180448326898263	0,843636413363522
AAEL006801	2,17863633715135	-0,166228421685863	0,569297122968447	0,541476723670799
AAEL006794	2267,38269341483	0,626407881280213	0,16274546951661	0,716555017277367
AAEL006800	687,861128413321	-0,360168471336115	0,171695472730046	0,830067464874254
AAEL006795	971,383629764057	2,19521395096141	0,4038856280034	0,00015370972861861
AAEL006815	1782,6798022588	2,53940524971353	0,377604031371789	1,46792921618477e-06
AAEL006784	132,574057968283	2,00309867579504	0,47769751773446	0,00218099765922354
AAEL006805	384,743907496277	1,64631449404504	0,39195784188511	0,00610340144613378
AAEL014605	3000,67990095063	1,26599471656982	0,208144875046342	0,0157259930667591
AAEL014614	755,644099680673	0,667244584785046	0,268920953306949	0,475349825885158
AAEL014618	69,4424073045567	-0,173580944789813	0,303323035770922	0,766913694665543
AAEL028635	975,845100402019	1,02386183398505	0,351737960170919	0,136089085498675
AAEL019504	1304,1240270229	2,46176649529338	0,578309179886379	0,000574728358506526
AAEL014604	125,433530828279	0,649705722987622	0,310284556168622	0,443190735636974
AAEL014619	51,8848678225276	-1,35663602889206	0,458425192664326	0,042805866576931
AAEL014615	74,5855679505956	0,112635797471379	0,342223689105148	0,753126609065755
AAEL017366	46,0416252944565	-0,139235744697639	0,341863222510147	0,74528472428011
AAEL014609	900,347957840099	-0,0355538393731069	0,318908086238441	0,792551392894707
AAEL014617	196,925151963364	1,11060064739336	0,446710324829506	0,104902871390464
AAEL014610	16,4976183160383	-1,14301320370031	0,885882791463846	0,117303323207648
AAEL014603	12,8402424378596	-0,424982629404684	0,662244665581302	0,371131641837646
AAEL011645	148,626810703023	-0,727208729010483	0,296436186825432	0,386651216410411
AAEL011649	373,589841714752	-0,29982813876786	0,193076549030787	0,825908449454094
AAEL011648	344,00772800036	-1,33517580992665	0,205529947678792	0,00651035514530279
AAEL006872	2809,10635646944	1,06744951082569	0,21395178592922	0,0957865370862035
AAEL019799	7077,07675678881	0,240883877001791	0,164342701935676	0,854336983994103
AAEL006871	91,1526936362762	0,244737744989426	0,259788928785016	0,783405294475322
AAEL006858	367,683480846768	0,180517654940287	0,249777573853767	0,80904351678903
AAEL006864	432,436780466827	-0,0691276426361504	0,207737277025102	0,851621257879129
AAEL017985	15,9394260151507	-1,7732637916805	0,719372575492585	0,0247922937113662
AAEL006865	429,228760981639	-0,138357496779507	0,20328666209718	0,846391754400218
AAEL006870	533,871062453609	-0,0654867672560327	0,193517847785618	0,85727577472758
AAEL006863	1725,67462538324	-0,30582837808706	0,202046827142114	0,817362906384538
AAEL006862	659,830145020407	-0,0397883602427161	0,194062196970445	0,858857772547476
AAEL006855	1234,48551876969	1,67844284616225	0,295997803686252	0,00119612974233055
AAEL006876	1098,18754889437	-0,263770922203735	0,246138400874268	0,789917752603511
AAEL006856	46,3909447754933	-0,143348704761575	0,338441725572841	0,746323029556506
AAEL006867	597,887007445767	-0,334599057370391	0,174030014220023	0,833637409112678
AAEL006854	256,215916304453	0,516163804336386	0,398923302529627	0,467612710796668
AAEL019631	167,362074594798	-0,221933278028305	0,351081547455201	0,704748119455105
AAEL025228	2889,75451357997	-0,311800392130853	0,342104231685437	0,670187484967023
AAEL013132	3137,34522080344	-0,465761885865341	0,1671493006524	0,803814005470735
AAEL027786	5494,7558833278	-0,127551287744607	0,23490451899512	0,829553477856661
AAEL013134	975,831647304096	0,0749762681924942	0,160584635360251	0,864974581729484
AAEL013138	2353,36422927007	-0,0940505203100487	0,212319323551192	0,847161265933117
AAEL001591	107,341370725627	-0,0741936022321911	0,249814943847675	0,829315208173074
AAEL001594	159,32566080199	0,437432417420127	0,405170530175231	0,51915590449926
AAEL001587	429,551837894301	-0,707108709522471	0,186970600488664	0,567020230684429
AAEL026516	37,4149650142188	-0,279019835671674	0,328326515737707	0,70050581485403
AAEL001551	107,382520192288	-0,0817573255371336	0,339219515779498	0,765920233094393
AAEL019503	775,038378393158	-0,468589384621796	0,326576559025489	0,581616848027446
AAEL010359	3561,490922568	0,166035293218508	0,175233613124758	0,85623890732233
AAEL010362	310,683093308919	0,311618382992879	0,239957405443794	0,779884715459447
AAEL010355	414,975552750127	-0,103342519779638	0,180430825380189	0,859102221089027
AAEL010360	987,838193567761	2,02049344194149	0,331489357606996	9,06439683640126e-05
AAEL019802	1410,66612959001	0,00145126027046064	0,206484987922123	0,857386973444089
AAEL010364	1029,82141277714	-0,570723601484164	0,207274548579322	0,681233517687429
AAEL019544	289,808829155458	0,455522746555393	0,311935740984984	0,608448072407511
AAEL019843	917,034640245063	-0,230670963546294	0,29418058000763	0,755518897996068
AAEL002919	54,4464964523305	0,518959028759723	0,494673766076416	0,399385680024953
AAEL026519	279,980431147144	3,48257878205585	0,605008991278106	1,37662681491038e-06
AAEL002307	31,0623054360353	0,231611461063408	0,398005083876263	0,655784467626445
AAEL002295	5953,64890252922	2,35013210757992	0,25463572886847	4,02877508907693e-09
AAEL002317	1066,81818830715	-0,821367538194718	0,352214982272794	0,266817314926961
AAEL027179	63,1732265337505	3,29260627839133	0,642499340481237	1,43846144359945e-05
AAEL019517	849,666806514418	-0,17398794217423	0,249976298579758	0,81032658010664
AAEL002320	283,028079174585	-0,635726235774794	0,258340577377335	0,524404449097884
AAEL002281	540,177284682565	-0,171149150845066	0,267715056440572	0,797795999804286
AAEL002296	3812,43828801379	0,620378403904435	0,248877024404795	0,558068610508293
AAEL002293	277,435532616078	0,558379651515639	0,273147123138924	0,579427676813208
AAEL002298	424,356353869855	0,03798308824347	0,172129035352935	0,864147818846764
AAEL002311	52,8525822296475	0,58176148852284	0,403158118422558	0,415697930298779
AAEL002309	4172,03593659171	1,09510647451444	0,424343572975659	0,109537033035317
AAEL002306	1317,6427640529	-0,688025447249645	0,288493658565401	0,428678887040288
AAEL002312	348,200527884271	-0,304985728423739	0,25498400503052	0,767023594269297
AAEL002308	1640,5295185397	-0,393895756623955	0,352547774070312	0,602258738901683
AAEL002292	261,666075883067	1,74334091884859	0,323225229026815	0,00115159688783029
AAEL002310	83,7516518029461	-0,161447348556775	0,282275203571634	0,788500426327208
AAEL002291	13,7552808160538	0,335735280469941	0,590854485947135	0,441749581522331
AAEL022107	848,020237048389	0,0894367528955737	0,399104061399692	0,714630877903284
AAEL002286	416,067522189918	0,174279623036117	0,19114395511312	0,848426806093963
AAEL021263	105,782260821534	-0,68852964026859	0,456471409606013	0,31392364684827
AAEL002284	241,662029959671	0,135014055614319	0,229076981611667	0,831958097313391
AAEL002299	596,934473741605	-0,393024945452417	0,212754006072922	0,778597884066871
AAEL002304	945,906867518827	0,537483429136824	0,195772514285058	0,725623016421073
AAEL019806	4446,36070510991	1,15788410750586	0,175379942680189	0,0342137460550686
AAEL019955	545,092110755038	-0,549135818797324	0,39941631964771	0,443010950698018
AAEL019954	220,187884120796	-2,18829432912704	0,49287026861802	0,000834914484150764
AAEL028108	406,002670222223	0,197675112263242	0,346477201118728	0,719240083148758
AAEL002290	524,579456958957	0,175365484552965	0,207225426170548	0,83927796105779
AAEL002316	39,755335110238	0,115517552928762	0,308683353562284	0,779621928767369
AAEL002303	69,9691438420417	0,92144970218364	0,302963884708718	0,207924139275986
AAEL002285	198,836037394087	-0,169771619084907	0,25140026315557	0,810179403033736
AAEL002288	475,764106463475	0,865203304801296	0,294550127676828	0,25570405136178
AAEL002301	4912,27900491733	2,39657558836267	0,47261960884737	0,0001577377291153
AAEL002282	284,590261957867	-0,115195105038523	0,212888963317614	0,844251688689206
AAEL022445	25,3255168083389	-0,603091362398255	0,519328536166674	0,339725398185698
AAEL019820	37,8117308145461	-0,871885516307564	0,445814706670339	0,213647765279138
AAEL000951	13297,702601384	0,178094683914725	0,221537412289529	0,829434425591106
AAEL000949	1304,7668008831	-0,437365242533244	0,213241415945639	0,758024639799114
AAEL000965	927,902321116719	0,101693396934792	0,15029604636299	0,865803641742608
AAEL000936	58,0538348508673	0,49907129534198	0,350982682494575	0,529823880434266
AAEL000934	2616,0805237737	0,607246172593676	0,163933314627744	0,730535867979362
AAEL000939	85,4917539480078	-0,697341312763951	0,273995042940989	0,435553345713062
AAEL000941	1224,29058334716	0,353877962174046	0,303864709916819	0,690364184095665
AAEL024251	34,5991136655943	0,886135894946536	0,477073507734482	0,202148942279287
AAEL000937	79,3638895706578	0,278098008251147	0,324735262032575	0,70617458462453
AAEL022996	131,594944898483	-0,324868520694334	0,393146536392859	0,601659971497472
AAEL000973	1092,0094190488	0,657654887603511	0,242577540655376	0,524951482406856
AAEL019703	51,5789933003658	-3,710692069307	0,554521455927779	2,90719532620694e-08
AAEL000948	2229,87403319679	2,85818366705448	0,290609361958482	6,15195231172382e-12
AAEL027732	6,00640661691887	-0,0526274840654682	0,476380327351233	0,666780025306913
AAEL000931	3603,3746421231	0,473168495686367	0,278630241476371	0,647631133574125
AAEL000947	499,122271597375	0,0142746794541433	0,259792705040582	0,832591782286171
AAEL000952	45,9739797123266	0,170126840781546	0,346800174265482	0,730100550948792
AAEL000950	1496,001972945	0,605761509123396	0,170902851267862	0,718140257316179
AAEL024524	200,283454327914	2,22291430942095	0,324710815278716	7,40225124948907e-06
AAEL000967	531,594652385879	0,00210292546463928	0,240285468978258	0,844201981692619
AAEL000956	930,538505066655	-0,285235987023666	0,286882705618979	0,741631447619512
AAEL024218	8,91547906898717	-0,593956115941539	0,869245981288637	0,258424496368864
AAEL000958	509,916628318215	0,552644999375913	0,297763734386127	0,552250460670547
AAEL000942	492,888482190083	0,275432404152215	0,220274914346208	0,809563728111361
AAEL000930	1398,72827376504	0,132223506100579	0,194003834318759	0,851515942051388
AAEL000955	1001,00397919217	0,345630756175737	0,16789322904805	0,836332656895051
AAEL000970	895,034208275326	-0,367909460386737	0,336834670838255	0,643702207429698
AAEL000961	8271,99214746822	-0,58938596556731	0,187756254495879	0,699382522197962
AAEL000943	45,9530588892817	0,25571846740617	0,344445824844634	0,69560373197678
AAEL000938	175,396646512002	0,124487526551042	0,199929121116289	0,849779521377059
AAEL021298	20,1206322381519	-0,0857707934152541	0,449350919948053	0,674428035910043
AAEL018177	629,45611186795	-0,189252594068848	0,277408103158703	0,784418118371007
AAEL021302	247,120311038723	0,714791194834249	0,40589830431236	0,320092160717671
AAEL023532	534,991690777781	-0,0428493018588319	0,28496785145136	0,813223509830687
AAEL020200	825,090916577985	-0,466623641665825	0,192854601785512	0,770559809075266
AAEL009411	1085,4115716274	-0,932952810622824	0,183561918040397	0,231534661600969
AAEL009407	712,760218322412	-0,427445198278876	0,23351862695755	0,737601579041177
AAEL009406	1229,42240868886	-0,054021886231523	0,239407075141839	0,838444751610572
AAEL009402	155,733730175492	-0,673074249545368	0,373923891955918	0,372861740777411
AAEL009399	335,65388730936	-0,0913567872941237	0,238137995648828	0,833391437153125
AAEL009401	289,306634662477	0,170112625220688	0,210177377873086	0,838266359474181
AAEL009392	2171,19796831111	-0,444968242563169	0,197330055458228	0,77481977983993
AAEL020290	36960,5059889753	0,355535318904454	0,282278993218647	0,71489958139656
AAEL009413	845,445325111444	0,355961786217322	0,194083499893434	0,811132048663707
AAEL009388	529,35804723736	0,243647853961384	0,163502977251122	0,854452806371627
AAEL009389	4055,32308551432	-0,284360095598517	0,229390555220233	0,799204031525024
AAEL009412	884,779535185804	0,26170672335958	0,17843427745179	0,843819839651256
AAEL009416	926,525874974626	0,032493725891553	0,174180451309469	0,863971141618873
AAEL027055	222,268809650196	0,105751011877344	0,203298284549414	0,850209760221039
AAEL007871	126,877278680817	0,201734219186874	0,288601597717876	0,770595360154039
AAEL007869	353,134063079512	0,0179669415097709	0,203947726067501	0,857080759186253
AAEL024196	95,5941861106916	2,24214840749716	0,32277651838253	5,20973997075898e-06
AAEL007879	389,694761373048	0,0158333953862004	0,336787775680538	0,784292011745818
AAEL027970	60,4997280796732	-0,147779649062853	0,273437545077687	0,798901964698186
AAEL007885	594,240023616842	0,169976283814106	0,199839293562348	0,844218554207912
AAEL007878	239,311614768764	1,46637023683957	0,440450186455594	0,0251351368022941
AAEL007889	2938,50637053536	0,125487911933654	0,204991491184114	0,847129356794828
AAEL007877	472,215188480082	0,0392991103859731	0,202536399281071	0,856083491017325
AAEL007882	1331,47505736795	-0,00951998539931321	0,183716040822286	0,862927018766211
AAEL007876	34,8230771845881	-0,290219967062072	0,393224851735981	0,624994424330502
AAEL007874	889,072425527216	0,0438648328975313	0,148306494918404	0,866476642534066
AAEL007868	5926,39202195116	0,282434903108442	0,271408495287647	0,75869241300733
AAEL007881	2869,23171230114	-0,145274440260461	0,323195598733918	0,758731583797108
AAEL022979	1086,38838692702	-0,00617325501283493	0,288614118020939	0,817748753879219
AAEL007870	59,7559389865139	0,0645014927003422	0,369016494078174	0,746925053973623
AAEL007883	3611,81795698125	-0,260168952104902	0,233734065521859	0,802149796876811
AAEL007875	1824,62324243029	-0,51925444173909	0,250937732180202	0,653105023101092
AAEL020300	213,280184705567	-0,54514292476503	0,251067957212584	0,62659488048044
AAEL007884	716,15128224742	0,212947414367499	0,245506114912756	0,804336598980228
AAEL005464	388,413134788534	-0,0402033619527595	0,199169869799088	0,857122593076683
AAEL005466	101,004697529855	0,0332662970481996	0,326140043586833	0,787861110789457
AAEL005463	69,0101097455731	-0,721412408019623	0,407303253149166	0,314667534351779
AAEL005479	170,219216953265	-0,544332874001871	0,530985337567864	0,36786818392919
AAEL005474	2680,03901881374	-0,174490592994403	0,308262289490089	0,762853068810131
AAEL005478	139,259478285672	-0,0321360820950022	0,231115866421442	0,845091886689948
AAEL005477	615,934700582582	0,270407449230485	0,231763144982457	0,80089008965353
AAEL005465	49,8830680942475	0,579436832873901	0,40195937293956	0,419758756366667
AAEL005473	500,506059531971	-0,513294894269233	0,203110386447254	0,730584154620648
AAEL018342	1383,63299872496	-0,340594928948051	0,321691745147777	0,676477612850488
AAEL005468	214,303320371775	-0,134548727564579	0,278051415869831	0,798654150984334
AAEL005476	799,016572481142	-0,398610347371411	0,173804043174358	0,818313253431788
AAEL022280	103,079425119184	-0,262346955435457	0,432178411958058	0,599552279727582
AAEL005469	1276,28911711975	-0,435431165003766	0,163020498299927	0,818515629462347
AAEL027231	31,9121810790185	0,021762312110402	0,395134408007213	0,74001539703749
AAEL005471	5019,41007098214	-0,526499442060442	0,273310819699851	0,605129694882874
AAEL005470	133,603222910672	-0,528231598698158	0,316991452720943	0,548545144470491
AAEL005472	397,511995446237	1,10098688235896	0,188397504734153	0,0693570632977874
AAEL000545	226,322719251705	-0,205266936401345	0,345611259507773	0,716979396680293
AAEL019406	1300,97431655761	0,273771661625045	0,14056862066024	0,861067300954901
AAEL000541	1384,51295579284	0,801348336665063	0,245225851615421	0,355725087057647
AAEL019867	9,59967791197923	-1,09000224476081	1,15647205818204	0,134003906098548
AAEL000546	175,820982970186	0,451026006541738	0,354328663644631	0,5630538967619
AAEL000536	86,3873795845756	0,0804495712099233	0,245095450926393	0,830949802229429
AAEL000533	1033,58446020716	-0,00240398459410038	0,31669365121964	0,801051784358023
AAEL000556	486,799242427142	0,290479617639463	0,301482003073258	0,724569671262635
AAEL000530	501,268187162232	3,05929335066759	0,317396455634256	2,42481008372189e-12
AAEL019407	6,61422722591566	-0,48781126870033	0,704986148994646	0,327379019946214
AAEL020160	35,5296396495185	0,32496293531544	0,438184820250186	0,56104631300454
AAEL000559	1048,66051616285	-0,11501427612466	0,209181267019272	0,846068834611986
AAEL000562	482,238439392279	0,0187557081907029	0,18896988540176	0,861356689040634
AAEL000561	115,792719023751	0,00712160289383473	0,245155442168856	0,841435604868964
AAEL000549	672,198458774182	-0,153405321145838	0,167323292922008	0,860058234374327
AAEL000528	43,4697797586964	-0,398893071805916	0,41683987206371	0,534865572880534
AAEL000551	102771,138266714	5,08687595417793	0,332304927191451	4,43445919955525e-36
AAEL000544	321,300955509512	-0,0329818313766172	0,284298848092735	0,815478790293534
AAEL000558	473,004990063461	-0,136568942856127	0,20812834971784	0,844119066271357
AAEL000543	312,006671703122	1,32710880059866	0,225481456821246	0,0105746583987913
AAEL000563	152,890294798333	1,4656332576515	0,478956085710706	0,0303430152596367
AAEL025882	243,176191721884	-0,130589716690699	0,217893059840724	0,839612361381297
AAEL020625	857,719641394862	-0,374797411734072	0,38964718885615	0,576997794401433
AAEL020778	189,32809108311	0,639112797338509	0,333546687521526	0,428866577466075
AAEL000550	538,069642152067	0,0203663254354039	0,179774681083938	0,863400125034653
AAEL000529	141,31440595142	0,213119542309264	0,29817739955429	0,758064020062766
AAEL018137	161,007330316183	0,540669272641866	0,420243723176435	0,432040012644914
AAEL007257	162,277931573484	0,0337643768094323	0,286526600321151	0,814004888467557
AAEL007267	402,76138716987	0,0250446797353779	0,242830500600267	0,840381457173622
AAEL007256	465,780368804916	0,133620284335793	0,201326630039736	0,848175376166943
AAEL007251	270,682149935651	0,127198274678234	0,238197273617222	0,827628577539189
AAEL014554	134,754124704845	-0,0446626933345804	0,238081272735297	0,840311843786363
AAEL007250	348,802550061359	0,0341677994905848	0,223817039616166	0,84836402662257
AAEL019816	258,511571889012	-0,463626954858829	0,304469977330173	0,613518699884198
AAEL019817	434,711038378116	0,185711261752414	0,191474726310709	0,84674540603948
AAEL007247	374,926307001092	0,239546235501137	0,199535069054148	0,833220724146315
AAEL019428	32,2156673866039	-0,719336525171062	0,945311778995981	0,215938467413941
AAEL007258	1033,68529325906	-0,364627663159201	0,324799549717309	0,660735702683235
AAEL007252	1135,4939769331	-1,10219690818452	0,205010825759872	0,0729430699719781
AAEL007259	17458,7568789724	4,2132084353076	0,483740769860617	1,52147945011548e-12
AAEL007261	309,242745587685	0,232443209711076	0,288396301033307	0,760520254578742
AAEL009196	71,9823003616604	-0,555492989063937	0,273783812899014	0,580634121175493
AAEL009199	95,4036350513443	0,953284497090403	0,387190062216561	0,174302774356913
AAEL009194	50,65291557827	-0,00619406233369594	0,289587265284431	0,817135180803594
AAEL009200	507,763491518631	0,0459676408422241	0,197818986727388	0,857192261837311
AAEL009202	183,656555540471	0,245525146630964	0,205492528998982	0,827911982195714
AAEL009201	9367,20090352767	0,340269296064163	0,305042138164953	0,695906867207847
AAEL009205	191,305660911899	0,19058717665785	0,289961036283311	0,77288359193121
AAEL009195	248,450530669612	0,00368525398140227	0,267077220693368	0,830264330994334
AAEL009198	1108,59090126658	0,487961935458	0,283179449799394	0,625796236249767
AAEL009206	652,35983107803	1,65783573576189	0,568956199222143	0,0222451873137618
AAEL000636	438,4707286703	-0,263351735123861	0,21738265093914	0,814873325275373
AAEL000650	1069,40911934983	1,75728047521457	0,27533887939315	0,000285691760715687
AAEL000671	21,1011175514948	-0,748221673589335	1,03244596862753	0,203307533917134
AAEL000656	63,0634724717966	0,0678954253417052	0,38778110729367	0,731594391160494
AAEL000644	174,991962353296	0,228330545072057	0,318154972916303	0,734065952612061
AAEL000669	112,595843749498	0,815331813380873	0,376674863037471	0,262492267389409
AAEL000663	843,97997614809	1,02380710637078	0,289104818202106	0,133108807065436
AAEL000645	209,725070502633	0,207503575811107	0,218123988615658	0,826176890519586
AAEL000660	83,8037858673902	0,0111408978693432	0,289029398969499	0,816563395081499
AAEL000670	1663,16548662889	0,311797348312496	0,375813684966372	0,632523760994612
AAEL023786	411,011999950465	0,354959386109028	0,209051015022872	0,797126710749901
AAEL026741	971,879556487138	0,259428369531417	0,298402650878384	0,740556153720219
AAEL000677	389,220808328201	0,139239853594902	0,245818695846442	0,820184867843801
AAEL000635	754,599687755894	0,240362579166673	0,205006402543368	0,829295322477139
AAEL000651	545,943514588949	0,0945418848711628	0,281572846604597	0,805037765198829
AAEL000642	319,122893602349	-3,89024114441742	0,329672055068407	0
AAEL000647	2365,37713692122	0,127962545994086	0,269520495720481	0,806425327617692
AAEL000667	2675,57479791445	-0,19683524686969	0,223466378023249	0,824616776154624
AAEL000678	47,0201753659589	-1,62183202464537	0,416418776695429	0,00944518382278208
AAEL000634	1048,88930486714	0,131092773002743	0,156467955059302	0,86395850423087
AAEL000661	387,263294686081	-0,511204742192542	0,251081969530049	0,658650747862049
AAEL000668	2361,66624380327	5,32515397532577	0,370141999751987	5,90336553736451e-33
AAEL020948	2,87718412967546	-0,410255130983452	0,753569048923437	0,348039744647839
AAEL000643	313,539306862351	-0,296392589205292	0,225750552022785	0,798929462465208
AAEL000674	645,464409471533	0,114779186422279	0,15345837875026	0,865036805422651
AAEL000641	18885,7112785809	-0,361726078656765	0,173537418931535	0,828194460863254
AAEL000649	299,328769905621	-0,704143594184936	0,296975545974482	0,40402404406323
AAEL026231	1004,19247994219	0,997343200119166	0,26753327912667	0,150717375221862
AAEL025734	59,4184024123331	-0,503718265150261	0,315628123327239	0,568405645385648
AAEL027318	660,509197816332	-0,630911075214054	0,415889900248063	0,376513498432055
AAEL000672	2690,05577276165	-0,722986506479229	0,189387317645137	0,541092477541893
AAEL000659	420,354386718613	0,0528344614272836	0,211333265151066	0,851666347538674
AAEL000654	776,812452021024	0,551397947230279	0,227595661807807	0,663455063655466
AAEL000666	234,976007121442	-0,0988468469529532	0,26045474280735	0,818290739555085
AAEL021450	579,561898750515	0,566495436793109	0,246315030254963	0,612666616852934
AAEL000646	0,698607918261096	0,101669155946388	0,550943928329788	0,582269765726437
AAEL000673	357,626696711048	0,107090212305629	0,193242841868496	0,854380438975858
AAEL026490	48,2995040806377	0,192323137335762	0,3678845958071	0,70032896179619
AAEL026013	32,6611269016745	0,925968216398727	0,551719471533304	0,178149431975175
AAEL006328	19,8215091969495	0,133840094529841	0,441905992369455	0,66110553467821
AAEL006337	590,835173758167	0,1473133833527	0,23025402086081	0,829235637794626
AAEL006361	99,4344024297647	0,766867102577809	0,413009011681998	0,284011120676198
AAEL006355	225,337212729484	1,77476254032508	0,253742726424554	0,000105466915490725
AAEL006352	70,5966613280468	0,232974300094948	0,323270366193433	0,727114674352061
AAEL006342	1680,44877908624	0,867419407491696	0,334033627154919	0,238304613536521
AAEL006354	275,377407195227	-0,314207753970439	0,242288510097312	0,776454148775252
AAEL006360	102,422095155401	-0,154435161745165	0,261511833438298	0,806272119806352
AAEL018118	646,511242402624	-0,0506272808105624	0,224278957703889	0,846149691704637
AAEL006343	171,663369285268	0,518471658686692	0,254112182013494	0,648185826234819
AAEL026210	120,555873127535	-0,42507032107311	0,329268505588274	0,608544915634416
AAEL006329	41,9192918653553	0,841862074598279	0,626398495794251	0,205908293583517
AAEL006346	921,410650894733	-0,00971616706975228	0,173763937915572	0,864737607514438
AAEL006356	380,502079441573	0,380702001567863	0,18779238058739	0,809859742361086
AAEL006340	121,588169268234	-0,518819499750895	0,403203502613575	0,462405980714007
AAEL006327	22,3384503539613	-0,545567624455101	0,557773114516639	0,357735616656615
AAEL006338	278,332792832889	-0,20523838083917	0,209964440054384	0,832342718194662
AAEL006359	269,835515652549	-0,154288047190176	0,260842678636101	0,806807302752021
AAEL006344	158,579842600825	-0,143595526532908	0,272939804929467	0,800240718585736
AAEL006353	408,482101971779	0,125104004670217	0,279269797903815	0,799941702981702
AAEL006341	68,4988077179905	-0,162701827698719	0,268502081307734	0,799094292861621
AAEL006347	1799,56309760175	0,194581136768666	0,282659407127164	0,778165686860318
AAEL006330	1109,61502223635	-0,621780827586759	0,359836165435456	0,421101487313183
AAEL006339	25,9969301302301	0,0837756612277279	0,36313010485338	0,745718300828222
AAEL024615	3,05288796370484	-0,170728548727682	0,543054029159136	0,559024900925596
AAEL022430	593,688854210146	1,43701566984741	0,421605280975232	0,0261799737855604
AAEL006351	156,641483458701	0,201558315708871	0,214136058946232	0,830146265962166
AAEL006333	277,290224747536	-0,0974133167870592	0,252778083828679	0,823433616496908
AAEL017539	213,679235364787	0,104093904841565	0,290109866973977	0,797350287465973
AAEL000405	203,900463159019	-0,511335825682319	0,622990252308765	0,348495245423391
AAEL000396	230,953271623082	-0,297815134560118	0,291075965008722	0,732264013026884
AAEL000394	590,319745165547	0,0565771174308423	0,209423153686354	0,852011126943289
AAEL000397	91,6359604737759	-0,318474503257587	0,471137642639206	0,536436714663311
AAEL000386	1355,09126216233	-0,19228108265143	0,246611319037645	0,8086702126306
AAEL000406	86,1171315349713	0,99039920698748	0,433114897657155	0,151921309993675
AAEL027096	152,435998854398	-1,88176145222282	0,363602274601262	0,000783924821758936
AAEL027626	13,34249055804	0,206917545829742	0,420528214138858	0,646357426660439
AAEL000385	362,015311898908	-0,118620640611557	0,172802479398491	0,860498176454193
AAEL019728	2305,29035993431	0,999029998515791	0,181772445116619	0,150118851498881
AAEL004090	1175,71069824225	1,65174152604276	0,281218519834879	0,00108604270244454
AAEL004119	961,537486727532	-0,131084639131474	0,164091342954369	0,862295405662746
AAEL004092	212,738249866327	-4,99970516268148	0,499781039707129	2,69446212329697e-17
AAEL019812	397,31782047507	0,236625115420146	0,289779807474603	0,7576696698751
AAEL004088	3614,89029138617	-0,0205988700824113	0,245132803722443	0,839735211876104
AAEL004096	304,663758613376	-0,245530278202637	0,222436794645304	0,815036721345445
AAEL004104	356,865037260597	-0,803404975848037	0,347733041196203	0,284271614360944
AAEL004102	759,611360433447	-0,229914715947247	0,17590217042351	0,849764110017616
AAEL004118	1059,81825006752	-0,19906293618042	0,228139863773872	0,820668755399921
AAEL004095	48,2326373148182	-0,023361970949058	0,363652629117431	0,763871536229075
AAEL004086	241,560489251864	0,0349947309305447	0,236928922103197	0,841966011032542
AAEL019408	10852,1772058431	0,181062073343581	0,188497776885722	0,849113967048047
AAEL004110	685,591682805363	0,237014496756523	0,15609549103826	0,857967935902874
AAEL004113	333,597301891402	0,0888057804648076	0,226621460162904	0,840537866109285
AAEL004117	1238,04191630686	-0,266623890156509	0,30549735259655	0,731162314440678
AAEL004107	275,089163207505	0,174500470779294	0,279729637366416	0,786540140924425
AAEL004097	157,292145150397	-0,68910584577084	0,360306548191979	0,369394584188986
AAEL004091	18,1663694067728	-0,169536340297451	0,388925115177332	0,691673962301752
AAEL004098	760,908307802471	0,265266328358553	0,193102880874958	0,832973522370485
AAEL004114	142,315745108815	-0,632390643389168	0,379520640591652	0,397760207986797
AAEL019770	617,326853281559	-0,501739322003372	0,268333616753584	0,639025482084078
AAEL017209	25,5611608996576	0,856330771577429	0,48457835545136	0,21565239298916
AAEL004106	33,8488896667659	0,465813685912749	0,426875284268959	0,479062659806722
AAEL018310	1058,38919255358	0,0351150681145191	0,150758718033658	0,866427924716899
AAEL026788	19,8569269807331	-0,0945730730959273	0,373052155172229	0,734301334196492
AAEL004083	1820,12684797931	0,313863560506635	0,201212774198876	0,815918775303644
AAEL004120	6968,03002602403	1,38887002365839	0,309304966318037	0,0168064125877171
AAEL019693	24,4775192235661	-0,0799336498671498	0,39101771371046	0,724468959888676
AAEL004105	8,47558355070384	-0,628986968504642	0,704810930890576	0,273765859919187
AAEL019570	334,140092171697	-0,564287878851229	0,479281337927258	0,383090741194612
AAEL005556	260,138200832268	-0,749174697800013	0,367093041390309	0,314419745312408
AAEL019661	112,63796859984	-0,236502370827758	0,413188031908519	0,636602598025074
AAEL019630	532,187904141875	-0,185577180721432	0,177298725432357	0,853755096500951
AAEL005568	82,2016644903072	-0,16128687928693	0,286817421336163	0,784544080437379
AAEL020796	175,033639141555	0,105842366853865	0,260547157173524	0,817157978640119
AAEL005582	44,7507794191436	-0,81913918448819	0,393504391452245	0,255976802120458
AAEL005592	202,352193392075	-0,164308560651759	0,20207681109629	0,843736517395103
AAEL005585	111,773607629112	-0,375976775755888	0,392865001676057	0,572287260108585
AAEL005577	173,761466325323	0,0588284886569136	0,35319512799897	0,760867256882908
AAEL005584	62,0015882299196	-0,232585508786968	0,349674598919754	0,700210944626263
AAEL005583	506,877642205447	-0,100767327032056	0,269879522445257	0,811858441687251
AAEL005593	2446,64530553818	0,895655808623581	0,249224075225022	0,24555367027148
AAEL019458	1977,67495796737	0,196663147348648	0,220847881506736	0,826403390947224
AAEL005575	2730,61211461553	0,770646456831385	0,273959055083677	0,364148173602654
AAEL018343	345,095045616643	-0,178652792694019	0,273666225064294	0,790664124046108
AAEL005580	716,216370741321	-0,377692117833514	0,154032391818177	0,841143225758169
AAEL026717	912,159791903756	-0,166652417880218	0,215131785519765	0,835394657477379
AAEL027606	371,070785994163	0,292612008734734	0,239438576633518	0,787002771364244
AAEL005554	170,828048423057	-0,682730698851411	0,222903122767361	0,52847967709098
AAEL005579	1372,99156958468	0,216173650075472	0,197753352134109	0,8388712943533
AAEL005588	110,755709030758	-7,0810208191952	0,884671164110796	2,28174324654838e-13
AAEL005558	7171,15345595548	0,422964999330006	0,266801841484459	0,69596742796901
AAEL005573	524,562384953501	0,232610718030726	0,194243039338202	0,838355604706666
AAEL005581	114,028883658323	0,603881299605513	0,33490737798392	0,459342740006499
AAEL026410	715,567858530407	-0,0605730597968179	0,318887936389206	0,786261617236514
AAEL027331	118,360829119955	-0,218508651323441	0,366928220566153	0,690926780030984
AAEL022849	230,551961314316	0,284441436474472	0,243288925014539	0,785920241597491
AAEL001146	63,7716360231316	0,6521664276686	0,44887812552194	0,342984443933783
AAEL001151	621,755935885406	0,146941899932054	0,18466962220171	0,854351471868731
AAEL025347	11,7673827870448	-1,22979267787284	1,21201657072375	0,111315726254799
AAEL019951	519,912441033515	-0,118024830853643	0,252365815958305	0,819986166476879
AAEL001113	12041,6224918252	0,599959300824115	0,218490876682868	0,632351941067425
AAEL001131	61,0285272223187	-0,432649566815384	0,348656162798737	0,581725775531779
AAEL001101	1022,58492061281	0,161077378275803	0,197719827349277	0,846536626963104
AAEL001112	1774,57651684912	-0,0205347536528369	0,142035905253979	0,866610433473393
AAEL001100	11909,2923253703	-0,275414921747025	0,386780251275947	0,64264564214234
AAEL027731	537,556569840695	0,262446512478689	0,25685521152432	0,780179617137936
AAEL001140	36,585968845524	0,0652983195255572	0,38692801156351	0,732692898688735
AAEL001139	22,8577342652217	-0,279252301462272	0,519870469475256	0,51873726717695
AAEL020302	147,121554347843	0,00643605898738752	0,311258252662968	0,80349913291115
AAEL001104	403,064680430784	1,47708194039296	0,199271682126707	0,000887537495861252
AAEL001116	59,4154764388632	-0,720068563152142	0,446688303680302	0,296706531109331
AAEL018174	383,450433192373	-0,232947853275035	0,248587105361085	0,797154684383702
AAEL019594	2479,56095865153	-0,850997709649031	0,38914346684208	0,234921781524373
AAEL022109	13,1513268733127	-0,0402969056216218	0,461890373456536	0,682418188788058
AAEL001102	3972,07668366008	-0,0772866729228762	0,259833439654733	0,822492796946236
AAEL001124	503,778242225925	0,0787070951640308	0,185395275922318	0,859088662828505
AAEL001103	554,929394215	0,523590891911749	0,174681961949007	0,767243093049358
AAEL027189	1131,23384562172	0,082365571208706	0,242592807255261	0,832189080802106
AAEL019707	706,06923309391	-0,439298817353082	0,167628590704397	0,812483539681354
AAEL007672	645,222636834883	-0,0335661383255979	0,188318441606719	0,860816400962944
AAEL007677	164,181126315693	0,0949202357667949	0,260188033469761	0,819164690931818
AAEL007395	449,214395642381	-0,0441430287157061	0,200452968409159	0,856379903931094
AAEL028220	1802,38980054639	-0,450507720223255	0,203390133946491	0,765476157766348
AAEL007391	127,133635866687	0,392435998149085	0,295267412887263	0,67803304771572
AAEL007397	1323,64595602531	-1,71545812425992	0,381697290953799	0,00391750291725528
AAEL007393	31,1692120340853	0,129341062927451	0,360466144683484	0,732645309806455
AAEL007401	47,0957993132285	-0,482805440573194	0,380608665894027	0,511810253906221
AAEL007392	2278,54172270721	0,143235227739226	0,180485766624797	0,85611177351114
AAEL007403	443,07369292542	0,921057416517282	0,259174545153501	0,217655009512909
AAEL007404	813,082928782258	-0,273038936005245	0,317625196814582	0,715809580759472
AAEL007390	1444,62627131569	0,580386901161117	0,193566872539031	0,696873030824039
AAEL007394	338,245719947926	-0,212567295474601	0,30157817955145	0,754914875728984
AAEL027737	47,5668048632694	-0,144892251684316	0,393932697828945	0,69747399869482
AAEL019881	58,3907966120109	-0,052635160519	0,355278989392142	0,761059614033332
AAEL010302	175,862941994998	-0,054111618679657	0,372403070945224	0,747567002490281
AAEL010323	121,134580126571	-0,220017675109377	0,410490049980462	0,64968308803272
AAEL010303	255,173553267714	-0,316973969269266	0,378524062141416	0,624815810527287
AAEL010312	1923,41555347604	-0,318099522893473	0,254458481285947	0,763117928322755
AAEL023144	244,191328300449	-0,0343586642157297	0,31714475064419	0,794261883953035
AAEL010326	132,982949090159	-2,48874809768305	0,365438130532152	1,55967091200354e-06
AAEL019561	582,034924552695	-0,500028101093552	0,381376730878065	0,497571730028197
AAEL022977	40,5047055942087	0,611700530930584	0,422077404015183	0,386442863544341
AAEL010327	422,928891283653	0,608162920839864	0,230858667157008	0,596607572680171
AAEL010324	80,0879659583839	-0,108120746601809	0,257654868032117	0,818358264628129
AAEL010308	88,459908050508	-0,0702982739599671	0,422866788888157	0,70121119926187
AAEL010299	14250,9219091139	0,395646091821212	0,238503868156672	0,746667388728058
AAEL010316	416,770753569678	0,198658587418148	0,239831555196118	0,812267624202743
AAEL010306	81,6607599854654	0,244825117171944	0,328192658634093	0,717244030379199
AAEL010321	657,745928026243	0,0203427442746261	0,165484973099651	0,865606583949776
AAEL010300	1383,53730852588	-0,170057826193283	0,142566410864243	0,865247937680808
AAEL010317	697,796441618462	0,076456847034779	0,281199970570373	0,809266807602659
AAEL019713	729,93481244829	-0,553816509534594	0,369030094411202	0,466611358560205
AAEL010311	787,354286484406	-0,500978393387271	0,329893174267608	0,55456873447662
AAEL024127	23,6103959168158	-0,238488839683779	0,433377575871568	0,611715556906379
AAEL010318	13865,0672735097	-0,850487890334951	0,46534008226654	0,221924235800324
AAEL012102	88,8200689248529	0,0534905139731063	0,293863051062542	0,805296199497562
AAEL012106	18,9290515486425	-0,477162701084295	0,589315000698093	0,376085381249335
AAEL012094	814,127359149739	0,24250742512108	0,175911790090401	0,848238311719882
AAEL012098	776,277351748434	0,0553935976327617	0,167246814017463	0,86443708008921
AAEL012109	89,5843588810906	-0,103024782808747	0,251747328993374	0,823007202812149
AAEL026799	105,391560881129	-0,162362619070856	0,334206827202395	0,743975793612238
AAEL012103	62,9629694290899	-0,713702226328368	0,555694084364934	0,269503719530607
AAEL017167	30,793299972613	-0,693740718992948	0,489490334257144	0,296190515044247
AAEL012110	717,193370929035	-0,103133145393403	0,310882479903082	0,78125436498808
AAEL012101	63,8406586016149	0,235352600655072	0,335883111717581	0,71398405557017
AAEL012107	784,487984868081	-0,512240495475479	0,265579385613247	0,633807511607547
AAEL012095	2676,20731470803	0,577600092166992	0,189615225353452	0,707024091236946
AAEL012105	310,089223990032	0,0709807481201851	0,253476244300862	0,8276488515279
AAEL012099	1904,77821392636	1,77320181957068	0,238333091441146	5,14359052694017e-05
AAEL012100	726,419405914648	-0,0123247420032815	0,296518338270111	0,811810187218463
AAEL022538	196,493878944435	-0,0826118261445733	0,345952644610469	0,759590206471082
AAEL014130	610,588612391727	-0,0176179772088854	0,231117883426403	0,846681226785926
AAEL014134	46,7347304502577	0,234366289467857	0,33451063170059	0,715862939898641
AAEL012796	47,4524673208457	-0,0647061829719827	0,316063322361483	0,787402128953723
AAEL011388	207,123077360761	0,10909947484888	0,203825837469586	0,849656141963984
AAEL011390	613,730541570621	0,289144577880032	0,250015212224857	0,77773184298655
AAEL011377	36,1514890776312	0,0324313352780422	0,407147153195693	0,727903921649189
AAEL011381	8161,22865932798	0,261251647923096	0,233908037620326	0,801749472282443
AAEL011389	292,917663632774	0,514519028152458	0,283829721729195	0,600658763902723
AAEL011382	963,190323266211	-0,063044920630207	0,167113871042032	0,864261154917618
AAEL013369	252,54495602614	0,130235860460108	0,257120386717507	0,814498772657588
AAEL011386	246,52980655105	0,175983286872366	0,290920955290191	0,776521751947431
AAEL011383	459,141451979732	-0,0121085130629867	0,178674509941498	0,863819337831717
AAEL011379	469,011790100183	0,619162557373968	0,341500346342421	0,439212479269185
AAEL011385	443,284661686714	-0,242700926303576	0,234171847904523	0,806323215718555
AAEL012233	5637,53551131749	-0,277697947131165	0,295576264294712	0,736494705853815
AAEL019446	267,821648845994	0,277334700453922	0,209529393715267	0,817997559326121
AAEL005278	3,28023582456337	-0,19476482037055	0,535387365421555	0,552740381024412
AAEL005279	103,074885884681	0,0707122504302254	0,25842587514381	0,824742608261363
AAEL005281	652,827421296683	-0,647558439546816	0,224754444677945	0,567251704185967
AAEL005271	1021,04165121743	0,4064905710746	0,186282940384753	0,803209622093974
AAEL005266	28889,806344282	0,436286381201117	0,271736706783386	0,681958443534094
AAEL005254	468,759135894417	0,384824731186704	0,201336991047212	0,79486405766673
AAEL005261	717,648188013384	-0,158567398314422	0,249172526042998	0,814193341020883
AAEL011201	496,555831736427	0,0673401791630132	0,199689413233794	0,855172544868338
AAEL019866	638,184327499887	-0,7993810966419	0,390490073382853	0,268967431114919
AAEL011196	506,920345445493	-0,536969614997116	0,176780427331372	0,756040039514117
AAEL011206	2564,24036848375	-0,48864173716414	0,238931527359851	0,692356090384247
AAEL011200	277,007898821421	0,00300318363242681	0,209899534116481	0,856154176419067
AAEL011199	360,333919675776	0,317487490912461	0,195334503223423	0,81994195192271
AAEL011202	1129,8190661125	0,0969797836328003	0,185621497197736	0,857691878516966
AAEL028222	11,4428086588542	-0,110831499209898	0,527852746066409	0,593205418778938
AAEL011197	36340,4716274105	1,11148441189995	0,157070478107712	0,0501151340387804
AAEL023562	18,774158600635	1,39756713220136	0,761194059649292	0,0708796517379573
AAEL011198	787,349369883409	0,217700786640561	0,17827146281602	0,849948837995617
AAEL011204	1057,58363836969	-0,218627953284568	0,171054383153329	0,853345002139875
AAEL011203	233,634559404806	1,54891782569023	0,432214737679784	0,0163998779511299
AAEL009762	785,988773289974	0,166377043979522	0,204007145184095	0,842475944708941
AAEL009764	2533,78016546241	0,989362868007433	0,319493598730507	0,156415979743752
AAEL009767	291,319579044382	0,268697841178221	0,267907286818604	0,767352694009722
AAEL009769	151,715165006227	0,434044595006704	0,29942922301463	0,647234018096486
AAEL009765	1228,04918687998	0,227449184782629	0,214467410753218	0,824910106229755
AAEL009766	3414,40467484307	0,450643750929517	0,303212121719515	0,626683419381983
AAEL009763	3,57758905169529	-0,0853522452723695	0,519117030489301	0,613613138785759
AAEL000250	56,9304578057234	0,121247738306008	0,35855722920172	0,737233599875308
AAEL000254	27,5152020233167	0,0449721056194378	0,354137480049248	0,765030460248643
AAEL000230	165,399678530514	-0,0740300359695896	0,213325420657282	0,848958341469176
AAEL019737	1605,83686520094	-0,200673080925096	0,293087959107365	0,767206538255813
AAEL000223	1784,59705171143	-0,760466441916178	0,48015341559703	0,265197536389618
AAEL000241	490,196007644331	0,0954902954464574	0,195379133399181	0,854481733202425
AAEL000242	44,9175176378078	-0,146330646334937	0,393315770219195	0,697414005186654
AAEL000249	94,9685851956976	0,28103846013484	0,36640233494401	0,661622050542951
AAEL000231	1384,00151347733	0,232499377559674	0,178008990339883	0,848301195194956
AAEL000219	716,935753760756	0,409637744816611	0,232523532065402	0,747481588605437
AAEL000244	290,810435911966	1,17637289720521	0,222510043801247	0,0410198107177182
AAEL000251	42,688429656832	-0,56325227522777	0,714492986898912	0,293606704617685
AAEL000239	237,767627806617	-0,390029726516391	0,471348193021884	0,491637878384455
AAEL000229	502,523315124506	-0,0522734802316917	0,301068903952113	0,800863115367282
AAEL000243	16,6209411790826	-1,46744786385367	0,707856239418968	0,0538915398819722
AAEL000252	569,882282423874	-0,43121783969472	0,268496608410342	0,68948541091906
AAEL029073	226,648220073831	1,00328539459162	0,75442071223543	0,148923547326595
AAEL029072	1170,00591661655	2,52262495509178	0,649515479568701	0,00100302237414839
AAEL005530	189,633818761177	-1,21185378270044	0,270268442610786	0,0419131977047666
AAEL005531	389,502438989606	-0,0967757311679138	0,279549687829047	0,806016238525152
AAEL005527	1041,36470230541	0,411457789421649	0,222810458094928	0,758378608268538
AAEL005515	26066,2453907513	-0,151833117309431	0,198296926679569	0,847447850267704
AAEL005528	2126,34302345578	0,0309961538093264	0,276258757517584	0,820471114854731
AAEL025436	129,657416968259	-0,0455640698384717	0,395895211950198	0,73216853365822
AAEL018059	493,754297592845	-0,809649974532121	0,37541671039904	0,266547640365945
AAEL005520	1018,95264926912	-0,0430258866081265	0,217231872697512	0,850332233542997
AAEL005522	2022,5605882389	0,249984378072108	0,171374652024124	0,849733277820205
AAEL005524	2269,10136028998	0,746236556115045	0,297457459431563	0,367212331063093
AAEL005521	1491,62810425427	0,39651656122726	0,224190491490671	0,764508435289698
AAEL025076	7,47845560394382	-0,220836079261915	0,490919868664753	0,572060544009161
AAEL027790	115,758256468843	-0,3621450300993	0,500076284278944	0,485888948509038
AAEL005526	905,500457236216	-0,410086602520369	0,278386271953999	0,689548320096257
AAEL024086	27,5336074944947	1,12123553818318	0,637824716139037	0,11101630180546
AAEL005518	110,717483349749	0,641817185269299	0,297890173988796	0,465271439195099
AAEL002357	325,26289406843	0,0665017765636687	0,179850062816993	0,861291024928309
AAEL002346	2331,14843849813	-0,326964220230116	0,276916019386359	0,734770907034557
AAEL002321	65,936924676528	0,105674433700715	0,309201248034018	0,781900791093779
AAEL027240	225,34275798117	0,0196937062461154	0,280922053034167	0,819654029276792
AAEL020042	203,724084602137	0,669821913294991	0,208808555760773	0,570924280204606
AAEL002335	75,8445146653178	-0,0879193347990605	0,311901426411422	0,784575548272319
AAEL002348	51,8626116329753	0,468599799186354	0,414488484212388	0,488078236617377
AAEL028030	13,4811431460662	0,442047990626396	0,637864474685721	0,373077398107453
AAEL018057	1065,70157820823	-0,140514246500335	0,162688432545953	0,862178761823029
AAEL002343	49,1039566971052	0,27029072295327	0,351582518025623	0,682155623862432
AAEL019424	1788,92588036274	0,135327814298803	0,15669110742117	0,863730629054491
AAEL002331	1420,48766278087	-0,289653341993814	0,340770174199693	0,683594819843892
AAEL002354	18,2207348317448	-0,743510917047715	0,616896371649669	0,244168200129752
AAEL004167	1286,10335711429	0,109354543081927	0,19672022710148	0,852488163582064
AAEL019821	42,7393889467253	0,0532085524990406	0,320175151315509	0,787217991236822
AAEL007657	13046,759578493	-0,340311008948554	0,227502745672972	0,7826716027876
AAEL007661	343,879103730475	-0,573110506833864	0,280601163018721	0,557108438745023
AAEL007662	1823,76949014007	-0,238932964145441	0,348629622055667	0,699145120086676
AAEL007652	101,880201301557	0,115170394773173	0,290927290514561	0,793916231865817
AAEL017987	37,2125817980038	-0,904418703634496	0,515314739102877	0,190234346266697
AAEL007651	1463,01134111131	-0,251476680248225	0,180086552166523	0,844301364014903
AAEL007660	1501,08836272314	0,265867651049191	0,24359261931417	0,79167090363549
AAEL007656	457,832573701348	0,388673168235559	0,24693204191134	0,739970239104913
AAEL007650	4141,0493258429	0,340586406031187	0,163618456772816	0,840780561891055
AAEL017515	1240,77871524687	-0,205131051868169	0,248095975272867	0,804232299191757
AAEL007659	851,218850336256	-0,0805775211563026	0,162958049557543	0,864424529129873
AAEL007653	751,2556480506	-3,71579281271572	0,487167920189485	7,45406975901021e-10
AAEL007658	1636,02393609829	-0,463806941488933	0,186545554179669	0,780441102335896
AAEL007655	237,538826531231	0,378119044501223	0,215053439561211	0,781804063472161
AAEL007654	275,093223012062	-0,0874947961823651	0,207255993111077	0,850301633976841
AAEL027380	196,559410764962	-0,438448081923987	0,209089849890912	0,763946636131882
AAEL021365	1667,90096036229	-0,783786332157609	0,234256616518977	0,387690995234788
AAEL011293	233,148244665001	0,163727539143119	0,27218013400848	0,796340352453882
AAEL027190	2344,78273282063	0,355270726052357	0,1822192297927	0,821823945260504
AAEL011289	1470,23831233385	0,251006103586817	0,193848600267942	0,83506103332148
AAEL011288	25078,2411913481	0,178744732302172	0,177807717562287	0,854322493237139
AAEL011287	1889,14931811608	-0,399822460984165	0,224579535805672	0,76213123506597
AAEL011292	299,35463344564	1,07843669775514	0,508454407642896	0,119385994249388
AAEL012217	5290,41464797827	-0,28827938380295	0,23832150807548	0,789557644866224
AAEL022631	909,864750632988	-0,0694356092582725	0,170757455823646	0,863412866369391
AAEL004193	328,156707929628	0,0821606968654978	0,242581332528947	0,83228513707137
AAEL004195	2711,13717371498	0,113934843573404	0,149983422251571	0,865557229041812
AAEL004163	193,916439581563	-0,0622722932138741	0,262803021643809	0,823263296452532
AAEL004155	25,8261937555574	0,274807358145758	0,461164425826414	0,568520730062269
AAEL022285	64011,69876699	-0,568891110793313	0,327711103378046	0,498923006688785
AAEL004169	216,233280115491	0,659070095961605	0,236505485377462	0,534602717361586
AAEL004180	376,105858755031	0,28460510778525	0,248625568418052	0,780767109569989
AAEL004179	70,8256848355057	0,671427451018824	0,332992745215264	0,402615598970989
AAEL011361	443,136492289502	0,175831391549236	0,161434101553222	0,860564593163513
AAEL011359	674,780790747875	-0,392436268863321	0,309405676116784	0,661769369417807
AAEL011355	336,197701727835	0,0697156625331223	0,211613080023771	0,850163781056984
AAEL011353	33,4757821497295	0,415433727248389	0,512805961149432	0,446410384110884
AAEL011354	15,2757688426917	0,334142265398229	0,486592955588922	0,514089289914222
AAEL021866	51,3897865555386	-0,15590819275117	0,336529031177165	0,744282368278619
AAEL011352	607,920994833672	0,19862323237355	0,233697445254365	0,81697543797491
AAEL011362	173,187941147046	-0,319089428198572	0,233716738266544	0,783881183644484
AAEL011356	105,039895057059	-0,185014031341211	0,315383453411718	0,75214065858021
AAEL011357	1087,58831555956	0,348506499952313	0,190744094228526	0,816310686453831
AAEL021736	754,891476759526	-0,0544888763767148	0,191544267120522	0,858735229952426
AAEL013847	794,125329137194	-0,405360700042865	0,229933582858922	0,752346693529192
AAEL004824	221,287100296817	0,555413765577779	0,266896528350341	0,590700061682565
AAEL013894	275,417151745275	0,105315225162668	0,24892317724954	0,824637760650637
AAEL004809	893,279741522288	1,63891930103284	0,48868532503519	0,0135844498853279
AAEL016969	162,852693692696	0,342963764124661	0,226584990093464	0,782703603530342
AAEL025363	6722,0463734896	0,648194853035479	0,191385827894636	0,634318716251993
AAEL013844	1664,82351524305	-0,140653998593627	0,188442558510669	0,853065411788795
AAEL013842	234,699326891807	0,011004791538859	0,204199785335328	0,857442507860827
AAEL013839	483,032808059942	-0,171950478103858	0,188922635295404	0,849887312465395
AAEL013840	767,268994590608	0,890953363404156	0,211204353681232	0,270039261952319
AAEL024429	313,012551361371	-0,730279164395511	0,405474472852289	0,307927866097532
AAEL024616	704,991983876322	-0,315543465801551	0,192833769144846	0,822406774039891
AAEL013841	1191,23809253217	0,655360154224919	0,262540100622005	0,49802290459355
AAEL012718	9,78134627753144	-0,393905717456949	0,617675642546258	0,40120487867549
AAEL014201	589,917761314175	0,172915843963075	0,210697155167246	0,83731427688085
AAEL014198	1421,07994280601	0,147090524214605	0,257382781071371	0,810791162903755
AAEL012717	20,5718331960976	0,0392402332532173	0,368468268808894	0,754632012828195
AAEL008299	29,1999836927909	0,0215884270847969	0,441090539960606	0,705034481707121
AAEL021318	876,74104472768	-0,325596436082326	0,264038975547742	0,749052994368606
AAEL020454	48,0779331730428	0,300747727781591	0,331007625600936	0,68841239941583
AAEL025198	473,608521527153	-0,0647633187985139	0,247031402212186	0,832381083734962
AAEL021032	28,689972503958	0,231168894430344	0,545030583706011	0,524541333497927
AAEL015411	609,697449596352	-0,0665295621009902	0,193216556497766	0,857289684048968
AAEL020941	74,2680826731529	0,293029027662642	0,367238842692325	0,654411032471711
AAEL026955	9344,47411443032	0,391920064126547	0,324476321598978	0,64272714090753
AAEL022315	19,7460778735374	0,164499639788267	0,460335842495973	0,627654629734607
AAEL019787	1435,59480421714	-0,547081119059938	0,250574391229382	0,62552930878942
AAEL010711	400,849403094348	-0,850838246463503	0,380518832979981	0,236615028648626
AAEL004404	1252,20204199943	0,455145771285579	0,299734886368307	0,628970924044116
AAEL004410	793,118261568402	-0,489309938450062	0,280744419128154	0,629320391439996
AAEL025130	2454,5817759483	-0,619874175434775	0,268089615480007	0,526585919213964
AAEL024887	147,427424082998	0,395092152312862	0,304964828907779	0,66577442041205
AAEL012595	910,756236421251	0,842455312044355	0,247112723917515	0,300045727988811
AAEL023629	1072,75511964565	0,278702220820608	0,170384658194267	0,846182010778559
AAEL027209	98,5616937703373	-0,446050023481214	0,335279802703834	0,587215694545925
AAEL020236	2790,02503229239	-0,441275668628349	0,229555321673091	0,735425643286296
AAEL028021	5464,13387512281	0,368428796732856	0,268974355852414	0,723761968369947
AAEL022589	40,977260131543	-0,341714120211574	0,397479778050164	0,588171433247939
AAEL027257	94,6241642651988	0,508072036105614	0,37217057998889	0,500863235486099
AAEL025814	206,702975354743	-0,471263225865131	0,251839026982995	0,686245350878848
AAEL024606	109,639088288148	-0,224798157061942	0,485868444682653	0,574093109214983
AAEL024497	4348,36527058329	-0,426617275928537	0,21129374838504	0,766289116820346
AAEL005832	2954,61812363824	-0,46153482255661	0,34897188946991	0,56163818863326
AAEL015458	30879,4521684223	3,01040822281229	0,604809289989357	2,96467333155443e-05
AAEL005826	611,580298234845	0,894385428025212	0,410360059154802	0,206773575071281
AAEL005825	537,8865543264	0,080527369535445	0,216924246737942	0,846407864847433
AAEL005839	2615,78421588364	0,958409818594727	0,284997263850819	0,180217003409047
AAEL020998	1339,14449273451	-0,659022450743169	0,188943647051996	0,624905137097383
AAEL020642	435,8998989801	-0,0285433109240622	0,181687418765184	0,862708545111721
AAEL022930	1252,94153546167	0,0268903109583611	0,203149766783935	0,856787234719222
AAEL021024	465,018807969802	-0,150374454201345	0,235731688727624	0,825056406237673
AAEL015077	865,711959136528	0,338018913948786	0,179966385130989	0,828214602600669
AAEL012964	8223,91035453644	-0,000237931702898949	0,155997971426525	0,866440107503766
AAEL020862	31,865022762966	-0,265440407727711	0,41932159591904	0,610376441768217
AAEL026256	180,071097287626	0,0304565272334916	0,23446475211907	0,843703163618586
AAEL011387	486,033380204024	-0,240422822851106	0,167698957765838	0,852517876317362
AAEL012962	322,585234392894	0,0305652369169425	0,192987784965552	0,859696212587573
AAEL021162	203,157771398508	-0,427202778491498	0,249316326595571	0,716714295556865
AAEL019990	2390,61413636407	-0,66293085270732	0,403572196798874	0,363489777741707
AAEL014720	417,487721396897	0,0306750514694801	0,187003469483988	0,861225298588328
AAEL022712	733,386601258933	0,331252778157266	0,202773755693307	0,809884369470764
AAEL027287	130,040251133726	0,300687603721757	0,250080554234041	0,773648079267938
AAEL014719	730,903819961915	0,126711555576081	0,246872304615555	0,821737276483162
AAEL026758	120,08640715289	0,127767442338256	0,270306832814949	0,805733992739611
AAEL023069	2853,94329768902	0,6024061492014	0,235538812849017	0,594035173620361
AAEL013679	574,589211179783	0,494765951701734	0,202419404648374	0,742476654497437
AAEL011728	2032,04451164293	-0,021218752722153	0,176163211836848	0,86398377665924
AAEL011730	111,123805107103	-0,739681587224214	0,343210404736267	0,337379472232898
AAEL011727	18,0627983092364	-0,676228872123125	0,50892941259221	0,299533421461347
AAEL011718	231,830337088079	0,421409174144784	0,294094963458081	0,662577521723592
AAEL022615	505,377174847679	1,66396665125469	0,396038727482016	0,0057896142806549
AAEL011719	442,576036908677	-0,0864718777400956	0,200102542419207	0,853227409658539
AAEL014389	411,46476566137	0,333769892770458	0,285674554049528	0,722184732603751
AAEL019539	922,271202824846	-0,31295338844469	0,188951138692115	0,826279918261472
AAEL025449	7,16684693572762	-3,19090496452754	1,57967429397287	0,0118196891137704
AAEL021676	263,460520840107	-0,308772463589218	0,245465459609288	0,775127998510457
AAEL022060	96,8813153072906	0,0164319693448641	0,279581185740578	0,820975340297792
AAEL022855	674,104693569904	-0,205569911753804	0,211371158589153	0,831203004216951
AAEL015095	109,656017336799	0,380631423392769	0,23834094001513	0,75382045406919
AAEL027829	1151,7371242307	4,842679266756	0,183364856113502	1,3650750867143e-98
AAEL014551	2152,84255895843	1,67125878649586	0,390433187904707	0,00512207813466948
AAEL020599	133,293984340975	-1,08998445865055	0,686476724731121	0,122380780554377
AAEL008118	78,8183321152933	0,0795788917355028	0,280591698698242	0,808993826333481
AAEL008109	62,8929725082808	-0,0519948917958697	0,304075495002257	0,799039379133812
AAEL008101	530,290280603716	-0,382031102436036	0,238883184908061	0,752511278992662
AAEL001008	365,729991526927	0,437760620281745	0,290136471092586	0,657147677246208
AAEL002159	186,578311464942	0,146142994258175	0,207075905913079	0,843435820482598
AAEL002139	257,703316036393	0,290849134362026	0,278227915690197	0,748418201489905
AAEL002175	1663,38912486305	0,561610419782254	0,184152434895288	0,728443999777181
AAEL002170	1135,53707783958	0,882600926234275	0,196397757659006	0,291542790752204
AAEL002158	5939,1827798468	0,47142567505307	0,223258342378298	0,726519835275866
AAEL024183	29,0365651486793	-0,208260737734736	0,514230808575121	0,560809135125939
AAEL002152	790,77986415103	0,104962301878387	0,205037718871983	0,849470692605425
AAEL002176	403,433166399579	0,123247505211536	0,332558303794661	0,757827557453436
AAEL002161	481,68815827149	0,213358377836206	0,261467095862375	0,791375783820392
AAEL002157	499,819616722917	0,263941393654055	0,173202737120812	0,846665173580511
AAEL002135	517,62521786936	1,24397244411323	0,242300226684296	0,028137299307748
AAEL002148	523,596842771346	0,42644956303408	0,302859304201667	0,648027492239596
AAEL002163	1775,99556914385	0,809830248694929	0,181820375163476	0,419566607990306
AAEL002287	1006,74542331846	-0,0568437310619438	0,187356628193991	0,85983051290455
AAEL026744	250,583680769978	0,554124890012462	0,296072349023145	0,553473214215401
AAEL014657	1818,1133878318	1,14228742547086	0,370997574362278	0,0856916293246653
AAEL015127	405,056628525139	-0,53292830845983	0,223571280168924	0,684115262719518
AAEL021103	448,32177525549	0,035723653516718	0,172450347829154	0,864185618560133
AAEL023395	22,2579044324902	-0,0820840006188942	0,504159613804739	0,629756349371198
AAEL013823	945,323834293424	-0,312595405739666	0,258093071574606	0,760674598176661
AAEL017391	5457,50707853492	-0,691406338796986	0,371245136938488	0,361948728590081
AAEL013600	1018,51381653547	-0,121267843852283	0,231111490209033	0,832897313200339
AAEL023829	608,543667262676	-0,262590275969252	0,283310988265085	0,754186280306955
AAEL026819	91,4927035088328	1,23266973548013	0,326794682142574	0,0496527645700784
AAEL020508	2945,04650638198	-0,263533551461572	0,278911400035669	0,758300034447871
AAEL022743	393,254205299785	-0,455093391415664	0,274848163777465	0,665630303863789
AAEL010712	245,08953203515	-0,46044774335393	0,521122733624866	0,415308075690707
AAEL010710	71,8615476625935	-0,46679794062172	0,596492220745317	0,378434831718287
AAEL027520	32,7051401392912	0,492150849077529	0,388036195348542	0,496818293852622
AAEL001094	979,826044009785	0,545962719647383	0,166708035527801	0,766840371968285
AAEL001099	1569,33470556422	-0,347914367371014	0,207742426624971	0,80029499144609
AAEL001086	256,918275626126	-0,101122072199566	0,244711866062783	0,82797259125772
AAEL022505	845,758504219132	0,161356993199494	0,236931515470641	0,821867248257899
AAEL001080	244,467965095109	0,415986748242868	0,237399800343356	0,738288951396407
AAEL021491	1130,76196743229	-0,520570786167369	0,233711219709412	0,677020212948248
AAEL001439	747,359537165066	0,306975023699837	0,24289875726197	0,77863106167909
AAEL001433	159,7674348329	-0,0787313241405849	0,289892188930657	0,802866398544962
AAEL024804	6,06335712967169	-0,0460289801989352	0,49834006157612	0,652719275865898
AAEL024396	62,2370777511116	-0,368103496238524	0,405160840239711	0,565859867060225
AAEL001427	439,237057026052	0,872307214439467	0,393803293138288	0,222492575982653
AAEL021728	1001,14540834946	0,66343772882718	0,296764210375303	0,444983568018767
AAEL026142	563,05595056217	-0,207636414344812	0,283368609297348	0,773578790637951
AAEL021179	417,382542028862	2,29388098906785	0,493651744735656	0,000432244718133237
AAEL014518	219,144132806275	-0,698633106230849	0,239687835730557	0,480822849536374
AAEL009016	89,1468475728337	0,329371257643658	0,339373984342116	0,664473338992868
AAEL009017	550,065432831479	0,393302132746704	0,281180067314032	0,695239218698317
AAEL025929	404,408352764199	0,023599520572807	0,26823640343376	0,826526688919801
AAEL017081	1603,92991656389	0,472314781042227	0,262949844504766	0,66934134707304
AAEL014295	414,569907382617	0,170051278536072	0,235215060750164	0,821367996751132
AAEL012552	7990,88030712767	0,257364579463764	0,225118923351684	0,809933604865731
AAEL018212	1309,66548575185	-0,428075293439487	0,208422890421241	0,768624086391639
AAEL012551	217,428823355115	-0,29145156849754	0,242245271166851	0,784669897207382
AAEL012549	1562,56130450314	1,39116628371128	0,222573313600729	0,00491573670996611
AAEL014853	41,2378822160703	-0,0435455619485559	0,358953702493014	0,760828749469568
AAEL028236	41,8906696849165	0,452458411090622	0,432612792050638	0,482890785295273
AAEL021231	49,2780471628885	0,293963290341169	0,37133314829994	0,649996741943142
AAEL026915	194,814417858962	0,173194246320272	0,376377805977155	0,700682459388132
AAEL028087	96,2574729196472	-0,109940211365731	0,372968444432932	0,729323379199771
AAEL027088	893,178853086917	-0,345706306103984	0,165798078043775	0,838212765104424
AAEL027809	398,815539250114	0,337832666772947	0,3992551622883	0,589123133211362
AAEL014583	60845,3476758653	0,364835518852419	0,262783252018167	0,732930595974405
AAEL015640	314,385740002321	-0,0982228708026316	0,239721112057889	0,831319612060906
AAEL023617	449,973303185854	0,207463641569336	0,181478416044466	0,849517097807103
AAEL019733	1517,27127159762	-0,632480092288565	0,221567744714932	0,589228603730879
AAEL020482	74,6702368314833	0,291415729482861	0,34238290514731	0,68090294478713
AAEL028129	147,238394052383	-0,0241018462701827	0,249126627186473	0,836988377874538
AAEL023628	13,9500910919497	0,326719078853203	0,692443590280263	0,398980281265888
AAEL020033	447,760285431263	-0,408333393820113	0,287134706132015	0,678839018376419
AAEL013076	1502,7012739272	-0,232171718100812	0,159352242112499	0,857108651167484
AAEL013075	6560,47937703021	0,0465098991377808	0,27802079520058	0,817021107068444
AAEL013077	349,437254029662	1,02148071759052	0,295068378332098	0,13519558692566
AAEL013078	1246,40517111103	-0,315571785957919	0,231041376083923	0,787647160358783
AAEL028002	11,1222717820723	-0,0270093658729611	0,463550746537477	0,686117021439364
AAEL026089	440,713451792574	-0,316998764320438	0,349836190611036	0,659398202457802
AAEL013263	224,000030222528	-0,822864396964253	0,32899164467129	0,277985770148889
AAEL013265	298,471548396147	0,489758641605114	0,200978975156131	0,747438862152889
AAEL013262	1597,17028304332	3,42863217141557	0,27127512439032	7,9505385819697e-21
AAEL020559	3749,15430584991	0,748953749704145	0,184366251392392	0,512809418290352
AAEL024179	2213,61838866724	0,167912434174839	0,182224201307418	0,853242119029967
AAEL026769	140,764043908798	0,344687745492731	0,352063890052951	0,639936750111435
AAEL022443	213,296452519473	-0,157085137781379	0,212344277769427	0,839030669013395
AAEL014000	182,602029610251	0,0139021847831727	0,197815142470159	0,859318798983209
AAEL021100	32,1061071142962	-1,14353136609318	0,625535602641014	0,108958571873264
AAEL020619	30,4012055272009	-0,401882617908562	0,442601844962454	0,509078998679363
AAEL024777	7,98886115801928	-0,363675152218016	0,626570734339223	0,409612197244509
AAEL020094	5,09056259992839	-0,0717486312813852	0,512687402290848	0,626329006269428
AAEL023728	6,17779728171112	-0,109465338508884	0,524206826379167	0,597525923989825
AAEL027338	14,2911913431468	-0,208778892607442	0,505733207716738	0,566556750835035
AAEL027311	30,4937069938121	-0,178812908464559	0,443887713087332	0,637608984602984
AAEL001319	119,794479758491	-0,649875011481058	0,426701622874152	0,358847859320272
AAEL020203	1874,1548691813	-0,499225344778238	0,196363694769921	0,748545408023696
AAEL009250	372,685797102562	-0,0840245127329651	0,196677248699684	0,854943004058608
AAEL009249	378,871705331917	0,612763856302461	0,322725826014365	0,464094613021916
AAEL020359	1497,57644227274	-0,434491442012904	0,197050508652751	0,780015878550771
AAEL015238	585,191506906591	0,773729315485414	0,195978671056489	0,449602404757049
AAEL027002	941,709818183285	-0,16341632503889	0,260029768671116	0,805141220077295
AAEL021061	68,0742412745416	0,17091889695018	0,283358923578274	0,784764165370848
AAEL010206	1993,65700518464	-0,466059713633662	0,24677272348442	0,696148972652695
AAEL013818	620,896779257638	-0,0613679949225915	0,164617525613361	0,864762591331676
AAEL013816	777,67430061663	-0,168387114943856	0,220593126089711	0,831610431397377
AAEL013814	71,8364734676234	-0,394186745389715	0,274764316490569	0,702496108052887
AAEL023635	537,012858051999	-0,269674163926749	0,192384408087325	0,832630034589918
AAEL013822	488,451030641443	-0,347569754494748	0,243667037999044	0,762739379534612
AAEL013813	1142,9370268103	-0,0811320864440953	0,190174766628533	0,857317494560182
AAEL014749	1306,52744080083	0,639730100745513	0,161825074555802	0,706911095153172
AAEL024519	108,869775311585	0,160102055245299	0,247549144915676	0,815129962338879
AAEL019626	1140,21265136614	-0,179788289265619	0,233802493233962	0,820537043172692
AAEL015356	509,526581228634	0,065007719698909	0,247656944896101	0,831919538511386
AAEL012737	32,1134365195926	-0,927846825304151	0,54216490956881	0,177558598329205
AAEL012740	41890,4042984594	-0,0114511410581528	0,206851981195369	0,856576835242919
AAEL025553	45758,2944263581	0,311199843073126	0,284243603587652	0,733782967863404
AAEL012741	145,843178467357	-0,20976712821382	0,21551674049103	0,827709645034175
AAEL024982	428,373158441784	-0,0512585834334363	0,167880594543324	0,864487260696971
AAEL023750	309,653363024924	-0,544960627563523	0,350589550874529	0,49286576948262
AAEL013653	1970,29504822455	-0,490863785514524	0,274244844135378	0,638942427934927
AAEL026894	1659,85698485358	0,305966908584418	0,226903009721054	0,795235106899395
AAEL013652	753,791547340631	0,142121586391793	0,207249016472485	0,843903073134775
AAEL019481	462,577510142377	-0,667249738514501	0,492568026906692	0,312182273589665
AAEL009531	1081,42560623384	2,25372012635399	0,432100536262562	0,000167346807215895
AAEL009530	1432,99908543918	0,450971210319152	0,20554175320185	0,761902399300786
AAEL019656	4565,09469983289	0,0381983082029128	0,197548849094787	0,85773335550742
AAEL012861	1023,46940428555	-0,0797968565476627	0,223861653385515	0,843066729099897
AAEL009538	374,532242143687	0,055711499590985	0,175503522543419	0,862875675777139
AAEL004397	676,50432649267	0,381103513106446	0,230534326433604	0,763608308750483
AAEL026603	36,1115033501763	0,149861790763978	0,446766516439649	0,650231666963998
AAEL004392	204,051745184902	-0,31756684427851	0,394727214747756	0,604637361017378
AAEL014196	81,6371698111012	0,853700186689572	0,428109113198402	0,227020296811308
AAEL023376	1,79925365162925	0,125708338569651	0,554285097690831	0,570011525136923
AAEL022453	55999,2648117076	-3,51414034025497	0,584390349270139	4,90158408307231e-07
AAEL027068	92946,3588725382	-3,15647931055209	0,676812603496954	5,72036902330012e-05
AAEL024438	1415,99129768504	0,379840788266006	0,335171527524364	0,637692593208519
AAEL020983	34,1681326961742	-0,0993825339427769	0,339480637558483	0,759629097726431
AAEL007619	745,822413429609	0,365060623736778	0,24919003835475	0,748205909274618
AAEL007607	35,7786629052043	1,08926963657373	0,512612635110569	0,114310771339233
AAEL010620	278,268644268382	0,575569435016214	0,323544204623145	0,497722205188749
AAEL019521	710,036254651496	0,265727041912545	0,202536730167053	0,825846384389733
AAEL026297	526,802761620535	-0,106159053103409	0,162015201436257	0,863717946936871
AAEL026478	145,774922102041	-0,757835115188448	0,235392091990404	0,413744895966933
AAEL023603	7842,01049522521	-0,640264164776317	0,161749792034338	0,706401583855634
AAEL015216	1570,11819432298	0,107093473629625	0,149841040453952	0,865729812828048
AAEL013656	4077,56674013985	1,25370586031067	0,299231817305759	0,0375227438587091
AAEL023745	411,930298756194	-1,5289664161549	0,38521348838474	0,0120599294023692
AAEL021387	674,530018732112	-0,852624967379824	0,165533499201429	0,376941551895952
AAEL025993	2974,2483512372	-0,246451040467682	0,272886434443127	0,770132360843623
AAEL018189	36,2832281833483	0,166995812076681	0,459349805905948	0,627390230799721
AAEL010205	5837,87289529212	0,210855297927881	0,280427682560149	0,774922610281488
AAEL022184	114,921504388618	0,656772636143698	0,377460463743925	0,383300936827603
AAEL020960	1102,14602110175	-0,27041320062584	0,278056955596721	0,75663870313155
AAEL003781	238,875250580064	-0,334775662461651	0,192855215941307	0,818020144643972
AAEL008232	1077,49075838369	0,143308486936314	0,212497709948427	0,840849768135027
AAEL003774	721,034060230867	0,228955013098797	0,241330094983652	0,803761595529816
AAEL003806	18,6324377759781	-0,89137183727332	0,727153951485821	0,180513221615616
AAEL026572	9,77312504143287	0,389639138821301	0,676083060267151	0,380557996114679
AAEL003791	600,519732485994	0,0432760941132098	0,170960337824019	0,864210806685211
AAEL022914	22,9871968913222	-1,01341325749969	0,5727367815214	0,145039653537908
AAEL003812	1600,93776623909	-0,0760228865998333	0,170418751227788	0,863221496428004
AAEL003782	81,7073210825592	0,50965590607196	0,341705403930749	0,532755378965081
AAEL003803	87,7472522619973	-0,946501418913872	0,516024136779962	0,169837772355441
AAEL003789	1590,07611968585	-0,299310288713938	0,225471590356768	0,798433371790507
AAEL022774	42,5181392822088	0,676173971868136	0,608483787427212	0,275880216934033
AAEL003813	41,1249759621904	0,119056162815771	0,427138963057198	0,679574278209796
AAEL021952	209,448217132093	-0,0773007169867717	0,3574300725319	0,752016884005537
AAEL023552	159,496734494755	0,0982382855285988	0,338684773364935	0,76059745041669
AAEL021175	367,219195948187	0,502881329838658	0,310405797300859	0,576108099029882
AAEL003776	476,157449073496	0,328596776151456	0,208887851926365	0,804882379311125
AAEL020563	23,458377994698	-0,409464455742249	0,499136229664138	0,459513632546639
AAEL027914	440,472553811007	-0,125052020799892	0,254302811984426	0,81754468347236
AAEL019900	781,136266467739	-0,533667470943932	0,44384999154939	0,420910039469143
AAEL014704	838,916988854254	0,212594795662171	0,171310956640974	0,853798899240683
AAEL014702	4054,19448602956	0,687708171393276	0,243594315086267	0,487922466701712
AAEL019425	979,182262774641	0,0164701406009219	0,154819006231825	0,866415739707302
AAEL014705	423,277099362538	0,559410109894642	0,211323065213873	0,683659955753168
AAEL012431	234,075315219061	-0,453092679264357	0,290512906255323	0,645235627954458
AAEL012430	205,899344545497	1,38970289202976	0,249609834307005	0,00773293103801972
AAEL007465	469,319596485089	-0,178000318432505	0,364381467821296	0,710929141500795
AAEL007455	97,5703147049707	-0,183959006315339	0,351346744415407	0,720331870874369
AAEL007461	194,763189173451	0,119740229671816	0,207830728259191	0,846246608223314
AAEL007464	154,669722098415	-0,0560127393974497	0,234455699013899	0,840676639727502
AAEL027533	103,299278858386	-0,44508284467446	0,266841753573811	0,682876717764377
AAEL007468	336,917334215277	-0,0810691701090533	0,184408016325458	0,859305282371841
AAEL007469	1247,48322791551	-0,104391472232331	0,218074359372453	0,842982602244437
AAEL007456	117,692917981566	0,0161807602422238	0,331067824308429	0,788530775832323
AAEL023625	977,538491635438	-0,0558692891118972	0,190374236416688	0,859007258440789
AAEL007476	1304,46602577598	-0,519684461827781	0,202432106488123	0,727164132415688
AAEL020543	683,099864890784	-0,0697954840519202	0,203987437023634	0,853050666978597
AAEL007458	350,722664099449	-1,1548082795537	0,263431735674806	0,0641219880416848
AAEL024210	403,999107907938	-0,140112859757051	0,278954025243253	0,796874602708459
AAEL027512	101,169967117274	-0,0925956677781634	0,241612094815214	0,831086235706654
AAEL005638	1525,84565204707	0,423866471000745	0,194624101362236	0,787494080601986
AAEL024005	42,4556862587672	-0,269205042578365	0,417703295542804	0,609607286592416
AAEL005628	1480,37341582555	0,221944307320907	0,14665067163579	0,862437702506566
AAEL005629	33659,6920449792	0,398207841806815	0,25349040792202	0,727411158478905
AAEL005635	1286,89617004595	0,131273621187047	0,178343268653177	0,857788620569526
AAEL005631	359,246092662497	-0,2110942988984	0,278215054565282	0,776859171864625
AAEL019735	853,274729768878	0,445175908948105	0,22282435300625	0,741408124727064
AAEL005626	665,693803069848	-0,0767882322639394	0,205753324760828	0,85174143612556
AAEL005639	976,316626609861	0,132324668161984	0,212478427604259	0,842408143566703
AAEL005634	1313,97201960373	-0,262885596074343	0,263420711230434	0,773924818748742
AAEL005633	27,8533963294334	-0,621634324999391	0,55535312760332	0,313426832047584
AAEL022025	276,834751686355	0,0977506993530878	0,238522239155105	0,83222751648803
AAEL024164	70,2859486719444	0,263726221182025	0,332306247389807	0,704576049481204
AAEL007668	1024,27497133873	0,213168959392222	0,266889007161066	0,786416438370646
AAEL025045	1373,48293880599	-0,0781291099246416	0,172257889349977	0,862747149876266
AAEL007667	95,5183474944579	-1,8949616476406	0,766511234915276	0,0214993417297622
AAEL007664	140,706831515272	-0,279314059385801	0,453617995455556	0,572513732541369
AAEL010558	1404,89460150143	1,68014843172654	0,219728919258551	8,49926482470991e-05
AAEL010567	121,640369980785	-0,228584428377911	0,568304960577358	0,511380910577732
AAEL010570	51,4651019976999	-0,114817147937399	0,415122056257676	0,691363017972746
AAEL010563	299,26305489919	0,195180356314327	0,212592717652067	0,832361903157944
AAEL010569	616,048530155948	0,268622019532279	0,212977023906018	0,817226338673085
AAEL010568	915,118963219069	-0,258333227215628	0,25006125838796	0,788013673426609
AAEL024184	3258,71601614614	-0,029872364438547	0,275778007656868	0,820931606109173
AAEL010559	685,064426378872	0,666202794759889	0,208466877881628	0,575885123532631
AAEL010561	472,963813981972	0,153842979018101	0,239822667346436	0,821346227227377
AAEL008031	83,8112545661958	-0,217676709016257	0,338682974143863	0,718507761624994
AAEL025234	29,8249086316555	-0,109506109963633	0,483753968412739	0,63491340623136
AAEL020762	26,507921926222	-0,392405358032163	0,545036708020403	0,438666320830927
AAEL008029	195,047341261157	-0,256235596954649	0,215933020707383	0,817794041290591
AAEL008025	2029,62815403229	0,82881481246236	0,329299084554209	0,271906023417304
AAEL008027	1509,87520830312	-0,290121409515766	0,218699693047433	0,806959680300991
AAEL008032	132,414479491954	0,356843935724178	0,240191895080463	0,762777287970815
AAEL008028	1598,42143750643	-0,470737439594207	0,202198309519707	0,755839851653698
AAEL006825	236,073374450618	0,209527802361951	0,342343303568147	0,718402850291228
AAEL006823	732,084809980349	-0,0452181920145027	0,295420235322748	0,806144262874403
AAEL006819	277,190185979024	0,348240199053883	0,233656423458505	0,772744049863247
AAEL006832	100,27032254807	-0,88290645683611	0,390202296569084	0,216510776158521
AAEL006820	18782,4383772265	-0,346399869592369	0,183061125797701	0,823369784792396
AAEL006826	8,31717560021406	0,113795552500448	0,455941588763925	0,658276048322755
AAEL006829	3446,76015628988	0,701512267031034	0,277353884834839	0,42717401022234
AAEL006818	63,6007015237424	2,62637968714608	0,596919314022889	0,00032366863980185
AAEL025894	27,4091163173441	3,67048571000141	0,624542856258148	5,31194661408833e-07
AAEL008468	2128,78663295679	-0,593346151285223	0,344503513087752	0,458486780207731
AAEL008467	154,576906266166	0,587267318510591	0,535371436263446	0,341823157720717
AAEL008462	921,954248433823	-0,245991899020837	0,252865127280201	0,789286772461607
AAEL008459	431,921401499558	-0,228274143740634	0,235983027732348	0,808295460795578
AAEL008465	364,314296585102	-0,157889215882721	0,2157480208062	0,836588283580559
AAEL008461	3131,29309594867	-0,138701308855435	0,15430354342292	0,864109998086872
AAEL008458	208,656534952399	0,198093607465899	0,270015942032282	0,788378944034493
AAEL008466	40,7653076488583	0,286881786905798	0,346008183857851	0,679240482522118
AAEL008463	384,728643011989	0,00241792846367969	0,170057512267752	0,86537182483702
AAEL010856	69,8418422209289	0,633782725770934	0,365421906514957	0,405028099929031
AAEL010861	169,647289834524	0,438633532138109	0,320926265974724	0,609318114766613
AAEL010860	455,0790766645	-0,220857722382093	0,184146024226688	0,846101187641107
AAEL010851	17,4503407559935	-0,0624878444151111	0,394125830861213	0,728198758387926
AAEL010850	6170,98253094058	0,53732047487278	0,181373416098065	0,748757143356954
AAEL010864	160,360339966307	0,314405425374319	0,20609599296951	0,811665277653776
AAEL010854	366,932834572867	-0,0202357873278533	0,312228991403821	0,800267858531257
AAEL024441	1284,09097646558	-0,00539554394372786	0,17811809595123	0,864122607346421
AAEL010855	110,438853344936	-0,351511635285062	0,282629379747972	0,716342394358423
AAEL009324	1274,16881048232	0,0615602384550486	0,217099891864318	0,848520877966812
AAEL024343	2107,9184340192	-0,145699403004655	0,202621910807683	0,845825753311286
AAEL025647	736,40653630328	0,740475641783871	0,310398808250537	0,363928786100441
AAEL009330	3580,6781053119	0,12676708835607	0,23397366410244	0,83032330219188
AAEL009323	404,889654543768	0,50932761585082	0,27778948079635	0,61502456591632
AAEL023088	63,4549486478525	-0,311955852614677	0,53242601044199	0,490867600943949
AAEL009326	1713,00591759588	-0,578185534909964	0,386296648454968	0,431854017241826
AAEL009327	27,9787242628445	-1,19612989114167	0,630349773256418	0,0966345303972925
AAEL019876	66,7231236721651	0,27709356087849	0,30091985720038	0,731402521247144
AAEL019877	492,32439682994	0,423412991704459	0,242383649262907	0,728247838253255
AAEL020151	1288,71121760181	-0,757962738034229	0,299255269774364	0,355276838083325
AAEL009469	51,8546841540591	-0,288864519298918	0,40040409209639	0,618094738460869
AAEL009458	232,520005952448	1,92159284073102	0,271854468217731	2,56948447183537e-05
AAEL009464	32,6673665846949	0,803615095576224	0,46752399112389	0,246106381005177
AAEL009471	20,81233991282	0,744071179427687	0,579608199113061	0,251877800198207
AAEL023991	2189,19867921148	1,90546010475935	0,275408964751786	3,84345420374539e-05
AAEL009466	701,440601104593	0,203808076037998	0,19662210524317	0,841401263104209
AAEL025906	858,189700534441	0,0603537373745896	0,202473514038875	0,854727147914612
AAEL009467	1303,89604106571	0,885784668134968	0,295348936545982	0,23548663096661
AAEL009465	781,908159573679	0,0028680784117759	0,221256643381897	0,852085867130984
AAEL021953	615,545579442964	0,0178741566895432	0,194396382091579	0,860018102009771
AAEL027821	702,67260490689	-0,335012401628774	0,406131016012382	0,58432481469445
AAEL026227	1406,6538652189	-0,404820952099329	0,257559528633103	0,718664988643457
AAEL026323	84,2294162418658	-0,607542218499899	0,404196995978254	0,398370864889325
AAEL002047	35734,5955330421	0,341073751273438	0,296057398889567	0,706684858321435
AAEL002084	1238,62141360188	0,186872256794615	0,176463789616313	0,854046620106879
AAEL002048	1719,18166016951	-0,164045372939701	0,165831940847119	0,859897566699467
AAEL002078	427,191995821812	0,261489941074327	0,169535281375302	0,849300295251248
AAEL026571	1075,33928845577	-0,0435708751432114	0,185933520941441	0,860908943158252
AAEL002077	1765,04990953977	0,169947240807203	0,168101834323958	0,858776101118677
AAEL013959	150,770440340464	-0,0792526259028546	0,321079244784255	0,779753397366609
AAEL009018	3050,84285619971	0,206273471485498	0,311974773743226	0,747908127289518
AAEL025438	311,316668897206	0,210577424225895	0,207073130457214	0,833277667212795
AAEL026486	1835,86422094042	-0,372186010064645	0,230076234957903	0,767316170446096
AAEL020950	203,933862537945	0,594190762232352	0,272193449498388	0,549290474040856
AAEL012809	185,039622789904	0,0457648338648003	0,206799965391982	0,854206463316152
AAEL020095	1521,52248426409	0,106064284590902	0,170024522522282	0,862009926992128
AAEL025503	77,8480430179604	0,306792738577563	0,360816357302534	0,653951067132506
AAEL024977	55,3176914490647	-0,0111322242855677	0,374668994414968	0,758221412385662
AAEL012298	97,0731586451695	0,330217424525731	0,336141585375493	0,667566202305636
AAEL012297	560,186269373727	0,498029641332085	0,316780575810058	0,571833687733377
AAEL001236	882,708917977001	0,476911988634373	0,169089877847784	0,797656920564506
AAEL028056	289,53379608441	-0,696537955165113	0,417689128529311	0,327619756543614
AAEL027069	53,3338904086841	-0,325090612589344	0,327254345311684	0,679507572606179
AAEL014331	970,553425515774	0,443904314242968	0,206043054986407	0,765104858521711
AAEL025658	448,322549533314	1,28464686828447	0,228249011471241	0,0177620233279776
AAEL021548	2130,16383755852	-0,295602810768251	0,176522904287685	0,839629922947148
AAEL025656	713,20666381751	0,588811212058712	0,215410944394562	0,651634942682273
AAEL014505	2346,6476343567	0,0756346395656027	0,269662006151398	0,816884031482988
AAEL014501	378,294997228219	0,501187364446051	0,219058136769593	0,714038062489289
AAEL017994	211,810992225269	0,541698603830393	0,323379919950112	0,526314164852774
AAEL026253	2613,24942822957	0,215556448303589	0,182337891850555	0,848159634129175
AAEL009650	155,806286412778	-0,00356347157472205	0,251834243843952	0,838587182685254
AAEL009649	1149,27073509794	-0,0787763053258556	0,227976834503869	0,841160454323858
AAEL009646	6743,75817393761	-0,00302163360055814	0,167268387776598	0,865766737436877
AAEL009645	5614,40534774963	1,35326738690905	0,179789738735006	0,00300100515128238
AAEL024053	1202,28532765209	-0,19635446186625	0,178984247950796	0,851861419914339
AAEL007388	50,9198442365944	0,279704477941042	0,332960090642444	0,696088480712195
AAEL007268	306,237743671113	-0,827740306371831	0,341939641185755	0,26600749044453
AAEL024913	2057,10266238838	0,906126299127953	0,2385931860086	0,237178855450695
AAEL020162	166,478086353512	-0,0413470677580843	0,271230479572292	0,821607115648057
AAEL013802	1,43490056731187	0,0334853196292313	0,524498685479453	0,635337092065916
AAEL013803	193,644629586334	-0,21252171652878	0,310917502014683	0,746452268073672
AAEL011818	55,1155253309781	-0,237725969644472	0,33117374163455	0,717455391487913
AAEL025815	302,818273620751	0,234179163544888	0,268268163008084	0,778863029702938
AAEL008095	531,985048355012	-0,0429487719713209	0,224614248956987	0,847001587010906
AAEL008096	1234,22928551175	0,931189416170585	0,447046977819428	0,181107026823959
AAEL013627	482,074237944839	-0,445248666012145	0,310989861370483	0,619658451120839
AAEL008084	1161,45118825527	0,150851048493906	0,183258322725521	0,854568444765952
AAEL021868	274,726256890963	0,169104614841154	0,207802941200915	0,83980532796816
AAEL008080	428,461004473541	2,45056815266858	0,257596660820516	3,06834833790848e-10
AAEL008079	6694,27169095318	1,46635189861028	0,424087225047284	0,0236384544200241
AAEL013633	815,760620916484	-0,198913457791494	0,155095689867157	0,861054118244996
AAEL013623	4991,15726432533	0,85279249255108	0,28413463729302	0,271373803707086
AAEL013628	3449,19211260332	0,687058227492044	0,227717380341252	0,514939951179254
AAEL008097	2008,54018380899	3,34979585861128	0,356367326753463	2,02241820507092e-12
AAEL008088	586,850955359957	-0,283002961745917	0,246719102825429	0,783278043164764
AAEL008078	1675,79448431236	-0,617671240053209	0,267228952664289	0,53102743665195
AAEL020238	55024,6426063988	0,297804994479845	0,265776108051006	0,758496376305431
AAEL008090	9,14560381329816	-1,40776483347393	1,1083606200845	0,0879189640951275
AAEL022595	252,622865330695	0,238881629932678	0,259840155319719	0,785046486940234
AAEL013692	4082,79847452943	-0,35345974873119	0,202795893001525	0,803288662803104
AAEL008098	921,254380034497	-0,369043017341746	0,270796166598235	0,721877566768161
AAEL004217	54,4937666583556	0,574040865505268	0,370450886485794	0,448009302074444
AAEL024176	20,387381936138	0,420935561202188	0,596670165472738	0,397963914558978
AAEL027138	11,7471962444805	0,0026939385430799	0,444711045930461	0,708877150882789
AAEL007892	1331,41327647737	0,227941587679348	0,267385051536738	0,781513381558276
AAEL026440	5956,76829810446	0,62529573559217	0,298442010911953	0,48018382160802
AAEL007904	752,583583841137	-0,00541128907862561	0,191496327386419	0,861382937281379
AAEL007915	4795,44057004804	0,00571251537781475	0,263850490483495	0,831571713266131
AAEL008542	3817,27043994265	-0,176408623844821	0,243334166722051	0,81466282382177
AAEL008530	877,594182675992	0,0980115939728783	0,208677190243595	0,848505207429611
AAEL008551	489,248231156636	0,445145387606374	0,220676987929748	0,745067449580909
AAEL008545	146,441536785116	0,0561041751480126	0,229011294787368	0,843368841986756
AAEL008539	290,37154266358	-0,158572004211648	0,224823098420034	0,83059796389632
AAEL008536	157,22866748285	0,0956951231727634	0,283525458432115	0,803367641196722
AAEL027672	201,885231907951	-0,230871953832095	0,230159378829507	0,812291639083483
AAEL023261	181,221313914731	-0,107489945869863	0,27278031032074	0,808395536308377
AAEL014406	207,67426702204	-0,00833122801812828	0,188511535490322	0,862022928970945
AAEL008540	177,4743254991	0,0604194072529371	0,295521956610182	0,802945707109868
AAEL023095	63,2086933670606	0,233491741053906	0,371945743477904	0,679106776358918
AAEL027239	791,831168803049	-0,106959757656193	0,191905299299191	0,854899884146954
AAEL008533	90,3017144545272	0,144923845957057	0,249232262264691	0,817112377278014
AAEL019840	64,4471624045376	-0,149067577925292	0,272916561987816	0,799066839664271
AAEL019839	80,0970992999301	-0,36299177810163	0,309133464672074	0,678906001619809
AAEL008547	243,347988684357	-0,0200885711023601	0,182504809646235	0,862849989856707
AAEL008524	17,4903647112039	-0,149079017677447	0,414305973661915	0,67722323960189
AAEL021303	130,679146835188	-0,617491329049187	0,285569732102197	0,505441172148114
AAEL026574	144,32492549644	-0,27999423418676	0,269386018416783	0,7621693322716
AAEL008538	124,58631592742	0,303877122590601	0,319720267661704	0,698311681664744
AAEL008535	207,675833546454	-0,309667265486473	0,243630273116206	0,77669058728261
AAEL027897	254,759753995819	0,0966985799003663	0,201285003719244	0,851801452301775
AAEL008521	2113,43320856672	0,254149809537232	0,205338391301516	0,82613564546048
AAEL019853	1585,99966334763	1,79833144135463	0,405785246028444	0,00295678442885491
AAEL004524	161,573811272451	0,624862732073758	0,328810060769569	0,446588370134202
AAEL027343	146,430258989342	-3,90479780436973	0,775573336261236	7,70842543102843e-06
AAEL022680	863,364201717607	-0,406524495268618	0,204355911737029	0,78315064493783
AAEL013682	364,414420110517	0,195261961713161	0,217246913962669	0,829275432170222
AAEL004528	165,638683100275	0,234692813410907	0,356303046179058	0,693773171973199
AAEL013684	1153,02330382646	-0,64596672753931	0,399062365036427	0,375871025823877
AAEL026960	119,406170891474	-0,398997659267612	0,423639206137615	0,527128448607252
AAEL024784	194,869497169513	0,248884982427005	0,285098904550368	0,75770915880055
AAEL008921	2727,25399206184	0,883089443807416	0,256602484559763	0,255158512585174
AAEL026186	24,8632648856643	-0,137132901708565	0,43888905994623	0,662284072878314
AAEL020542	122,233274563475	-0,193966619689287	0,288384780197603	0,773370670686137
AAEL021200	151,646946484533	-0,613630209070928	0,313761636971411	0,472902889268179
AAEL020709	541,356623601455	-0,037953322799801	0,241434105936986	0,839506911426808
AAEL003883	2009,97319322771	0,436537764846124	0,148077683211579	0,83299256384255
AAEL015393	249,178259504055	0,0618265810088412	0,245097751700256	0,833750690703764
AAEL014357	55,118179103285	-0,0553041567561427	0,296209254165809	0,803341322044811
AAEL021471	608,06624072933	-0,313830763976171	0,177360603923377	0,83515384185605
AAEL020614	1098,1391272049	-0,288065164963689	0,160405125363151	0,851002275321738
AAEL019953	166,204031994659	1,05654992229251	0,41189300275784	0,121181382577797
AAEL023125	143,1443006274	2,56227939599781	0,540770813836453	0,000182175593374214
AAEL009782	1045,12777590463	-0,143887938665855	0,175541871725042	0,857830041201627
AAEL026010	875,402503836931	-0,820052644863149	0,250838864373891	0,324720860259839
AAEL009779	220,942839703898	0,212647399307698	0,231302887453483	0,815617957621555
AAEL009777	36,7000257408177	-0,0457121485908524	0,324653710379501	0,785795841965319
AAEL020789	845,7066042707	1,50147904192872	0,373996749838542	0,0126849540908877
AAEL009776	684,838714852288	-0,194027524769019	0,189164446257262	0,846985600779853
AAEL009772	1510,46655655001	0,314674056306787	0,178822618691	0,834052024192481
AAEL009773	1282,04886112563	-0,437281852612508	0,188787499533266	0,789135996202642
AAEL009778	97,3329274012266	0,165518619786305	0,283176242347016	0,786323571505392
AAEL027903	870,424962288643	-0,0786454794715321	0,261915027548215	0,820909731009957
AAEL020230	449,844187997869	-0,200514690089802	0,175314214533865	0,853080153640323
AAEL020075	617,593779371365	0,0154991978051542	0,241913487962567	0,841829471232728
AAEL024849	2608,8246073296	-0,73542017690937	0,409000764825844	0,302346806851542
AAEL026329	21,9528035939784	0,361325291725986	0,562751747915402	0,445162224656377
AAEL026468	460,865283351451	0,283286324836614	0,162857208280188	0,850286329506673
AAEL013608	788,715767780087	0,132328579700727	0,235433183378651	0,828496094534176
AAEL023159	2328,5226257461	-0,331426252880174	0,23462800117668	0,778198991629043
AAEL013611	1998,65918417661	-0,760691350443404	0,171235798482963	0,521791688944891
AAEL024258	236,325083336077	-0,33214406042864	0,361248206482078	0,636854724000307
AAEL021254	24,9632976502502	-0,26038267201694	0,583270639908968	0,483366299734188
AAEL010960	732,81290658059	0,0846899405138697	0,218420059445582	0,845239217816273
AAEL003599	292,821019158804	0,627689920314767	0,353858162530757	0,421865868111317
AAEL003606	27457,1273698695	0,435478643576925	0,378809227643916	0,548918082284896
AAEL003581	9405,5007833173	0,228852941068042	0,313033787198258	0,738654192616069
AAEL003605	2664,06764513989	0,0937785458821622	0,16106423808548	0,864336607299737
AAEL003597	478,229435211638	1,29076257115446	0,285496894600615	0,027420764799596
AAEL003582	34908,6944382563	0,392002158356024	0,234516994648601	0,753085676627839
AAEL019997	1103,44612381356	-0,370728003292187	0,197100007041059	0,803604201509697
AAEL019996	117,613983729679	-0,250453720290379	0,250831536606122	0,789737847735194
AAEL022638	182,857225864276	0,253518597524396	0,299601877412364	0,74167606690028
AAEL003600	1961,50407436618	0,208171402978498	0,242064006191968	0,808345511371322
AAEL003601	826,586440881865	0,00544486407309441	0,27287956853525	0,826752282806185
AAEL007872	69,7564224160675	-0,0669779106649135	0,32617781012629	0,779193604393683
AAEL025763	28,0463460042883	0,0680457491916799	0,368966913715283	0,745848108168508
AAEL014729	701,421161662014	-0,0520786001501867	0,164580432170079	0,864962130105169
AAEL019586	1406,53486731049	-0,924214779484571	0,331613384064537	0,199536997644826
AAEL027927	222,794261802593	0,196991378887785	0,282712277133253	0,777262775847627
AAEL024540	949,789969952688	0,582375785522882	0,319021228453142	0,496969154810082
AAEL019980	674,530226624706	-0,118361979665091	0,235567444157681	0,8305783745198
AAEL007758	627,25393689493	-0,280127642733435	0,220277088494676	0,808245384274982
AAEL007744	62,6118952902137	0,189609933678442	0,29062463611084	0,772639286497542
AAEL007760	625,746761484149	0,145338945604502	0,222829835855408	0,834145967396734
AAEL025966	140,234277523295	-0,470904403727319	0,316596844158879	0,591119037564313
AAEL015571	134,71280697835	-0,1636689359047	0,222897647927946	0,830969306155668
AAEL015180	61,861380643063	0,191616906201491	0,308482532937825	0,756239910750206
AAEL020753	374,906090133694	-1,0620044924713	0,5322333186543	0,126862879820091
AAEL007757	191,738991286386	-0,416992988320288	0,272491480952715	0,692232271011618
AAEL007750	82,6822036610378	0,0365600358130217	0,325268377062645	0,787616561462271
AAEL025134	1622,07748232885	-0,00120951275170986	0,248089262180187	0,84065930620969
AAEL007752	5588,29710932742	0,288623410956751	0,258324152837117	0,769308749210444
AAEL007762	226,790037954836	0,486421750380964	0,224915123645478	0,715060570240046
AAEL026777	215,539076070741	-0,0832054189122248	0,229596402774675	0,839700130881363
AAEL013890	328,605517503794	0,303794016028915	0,205038990244803	0,815246383110925
AAEL013888	1184,22203570132	-0,122566798896254	0,16663399364001	0,86206192021059
AAEL013887	611,001345471179	-0,161327346175776	0,170397136599876	0,858516850267417
AAEL019465	422,261146006314	-0,546358132346083	0,194745897451233	0,721826311361224
AAEL021054	773,014822511912	-0,386379021692638	0,222674751694651	0,769524152183733
AAEL014251	244,963431647068	-0,264605324041643	0,298889172758005	0,738380348493782
AAEL014248	1613,24788440481	0,0921158158073307	0,265464285790436	0,81649454270835
AAEL019975	299,203883954739	-0,948638452548938	0,373943684199503	0,178445169521823
AAEL019976	380,589479668108	-0,463873733238753	0,268618876862249	0,667851321434452
AAEL014250	512,028971889788	-0,268090400995565	0,261089637620893	0,77420090835311
AAEL012466	2693,81083809277	1,01575516046545	0,181142443339562	0,132213747126764
AAEL024925	135,201933228427	-0,0238227964575226	0,267075417514118	0,827140573289293
AAEL025784	46,0093104337844	-0,45699059323497	0,396952652793876	0,513805295566579
AAEL020748	13,8508789451461	-0,199020360729944	0,461176258431991	0,606795349261841
AAEL023028	560,309915380652	0,0512703210447948	0,211422510204136	0,85177145028826
AAEL028155	325,812832399843	-0,370994470380912	0,256391085303202	0,737739312180559
AAEL005602	95,1554406703609	-0,665706837660401	0,534668054765877	0,295673653069388
AAEL005606	53,4812037852645	-0,458500027234594	0,672077168434216	0,35392835548226
AAEL020550	24,0222343948134	-0,159991759304037	0,441846818599364	0,649918376765377
AAEL005615	270,103105043965	-0,577152113629122	0,247996283650464	0,59914847540494
AAEL011019	1789,53074452424	-0,0874650242283479	0,169576577425664	0,862888515129877
AAEL021342	1713,63381310505	0,236355574295093	0,249789972476173	0,794978368629607
AAEL011013	16,5420973109692	-0,555180684293969	0,604340349849029	0,32978213384639
AAEL023646	157,507789086922	-0,320163648631714	0,221345840433229	0,79625574935628
AAEL011021	288,905381172664	-0,263220740563625	0,254978075650273	0,781739531066869
AAEL017566	856,246368019323	-0,257832389728874	0,195189443390761	0,83291637196409
AAEL011017	1128,41498361431	0,533337925470836	0,195871230360055	0,728737731153718
AAEL011012	351,159669202387	-0,0350956805556803	0,260310078516875	0,829354965713545
AAEL018208	606,219314919349	0,124096331020742	0,19914373932565	0,850179110580727
AAEL011022	1208,12497692565	0,0992497623464685	0,248366845798333	0,825929128010117
AAEL011023	1911,20956067543	-0,445241450667091	0,234632604214158	0,726022297540041
AAEL008021	825,876492459591	-0,332948234424974	0,188005086180084	0,822385255333209
AAEL008017	81,0010737483456	-0,0246579338805869	0,322376277760016	0,792639040991011
AAEL008018	34,9297704925649	1,26200262309511	0,615255482272494	0,0799176361258071
AAEL008022	91,236717845224	-0,295584865926845	0,293654759723782	0,730921697418661
AAEL008024	872,945756041407	0,598639606188683	0,313629935141411	0,487298324168227
AAEL027654	1984,80563748785	0,792938914206547	0,199019569399215	0,41783189397074
AAEL008020	814,954109979668	-0,290897331878079	0,220947709647358	0,804622858901148
AAEL008015	2067,83429074507	-0,187294515381823	0,212495678311655	0,833675186702618
AAEL022809	108,322793716789	-0,541079167055237	0,476247511109326	0,396537113390606
AAEL029068	15,175215171412	-0,464750124077688	0,579582482211877	0,387898562413586
AAEL019621	377,35880101485	-0,17896712756181	0,191648923634272	0,847670007748812
AAEL012260	568,824091047989	0,24438556744977	0,187246889828261	0,84097073461193
AAEL012258	273,59045056434	-0,307552246479254	0,227187651217874	0,794462990287951
AAEL008909	97,0624175121166	0,0131745787724494	0,323316228872884	0,79469235754098
AAEL009729	19,0284519373884	0,375559273303111	0,625373640368403	0,40442590686959
AAEL005431	1512,88672158789	4,06506325085872	0,253582050830737	4,27890262480042e-35
AAEL023365	445,297891025294	0,0880215367137178	0,228409776202034	0,839682584652163
AAEL021556	1358,9511734877	-0,562833232055004	0,302569124977649	0,535914126082626
AAEL017005	84,7415952838189	1,01690057344157	0,650205307538425	0,144443557857234
AAEL026161	570,118886542296	1,04270273475096	0,311276705149001	0,12148106889601
AAEL005440	36,24967429535	-0,382406780155087	0,416141751324741	0,54692207056392
AAEL005437	206,12163942255	0,367520138220394	0,295451812201921	0,692417965916524
AAEL028938	6,34746457105443	-0,178226836840883	0,523644640157978	0,567713925300728
AAEL019332	17,1875749133793	-1,25356394682412	1,03444663598917	0,105771736417013
AAEL019333	1,93391784190635	-0,118886038938007	0,558281935427242	0,570354168922151
AAEL005444	177,467843293966	1,00452400564299	0,369246192620428	0,146533437122603
AAEL023379	45,5230435383808	-0,402537784422323	0,461251636217225	0,492252417089203
AAEL022735	73,0843046364789	0,759969944514328	0,411066768413164	0,287654633454431
AAEL005432	12463,556629587	2,82913994662949	0,30553161115617	6,05478254431098e-11
AAEL005429	1022,92694897769	-0,0425513034517179	0,264643812770476	0,825597683844449
AAEL005438	124,47111360769	-0,22648717625685	0,272160267838335	0,777531054039998
AAEL008940	180,350967560975	0,358006907680991	0,259280252487407	0,740060540037108
AAEL008942	556,191146133374	0,53981378878763	0,190940432272229	0,73212077160586
AAEL008938	1208,30733645724	0,00808768434859107	0,176531400021237	0,864324037728394
AAEL019533	1981,2086663963	0,12010547304855	0,202564071028976	0,849082867583556
AAEL008944	304,442350908278	-0,183917257673723	0,247255734575786	0,810081159738518
AAEL008952	1773,93953448688	-0,158054800410457	0,162195619763623	0,861317298035692
AAEL008962	321,479532115599	0,568875222048435	0,298041942054849	0,536306167684585
AAEL026060	30,0517433275085	-0,0840446749678827	0,376485826653479	0,735192173760741
AAEL008947	394,921434975861	0,117428098020415	0,259368898560935	0,815571591632381
AAEL008960	1064,98758314488	-0,277783994081441	0,155125162373982	0,85492863360154
AAEL008958	3246,9362479402	-0,439139674314792	0,322504119487033	0,607087908969541
AAEL008953	6044,26712615322	1,14627971206846	0,21898682076984	0,0531714732220117
AAEL022079	24,5933703062649	0,585515975257589	0,631582002721273	0,304383424666612
AAEL026028	692,223197181709	-0,275305520351899	0,208281487881362	0,819231573827093
AAEL008956	649,021134031683	-0,339453670857881	0,196567020807116	0,813389798973168
AAEL023158	21,7423843022139	-0,0369069706373865	0,460402263776346	0,684763588988121
AAEL008963	8682,84380767611	0,465735651930443	0,2816954390226	0,648738833271291
AAEL008945	151,499874823579	0,080683049479946	0,335419842873861	0,768443277021547
AAEL008941	392,674477263645	0,114777675491941	0,167288028555703	0,862256546326449
AAEL008959	470,125362040757	-0,192641524194519	0,18894500541339	0,847352441585636
AAEL022137	52,1334883155224	0,0959647196964432	0,455320322896405	0,665990376973741
AAEL027712	29,63429777951	0,246467899184071	0,380937897983666	0,664835655760066
AAEL019549	2043,07438589329	0,0902389994888122	0,225805297515423	0,840728617741715
AAEL008341	9547,85039869013	1,25858610413456	0,42189160084733	0,059468946671277
AAEL008342	153,23753628772	0,199135152273437	0,309262761557005	0,752798795970554
AAEL008347	498,351515307462	0,0343961322005129	0,212980172042953	0,852577265907038
AAEL006824	4988,44480293587	0,198437435584648	0,274859799748385	0,784007751589915
AAEL006830	4316,82536465314	-0,469403297920502	0,177398291234547	0,789857818016915
AAEL006827	217,839799486905	-0,694104322795063	0,219401115733391	0,521100512100445
AAEL006822	254,512710198988	-0,400105714937524	0,310351214250979	0,656012352068655
AAEL014273	1459,83479396944	1,10662499589956	0,253637805280557	0,0807357167560666
AAEL014272	951,136399152327	0,699800737314461	0,254743253265631	0,457628047952387
AAEL014275	3381,5113365179	1,12036816713528	0,346897836303579	0,0910006672172721
AAEL014274	403,465859171724	-0,672001846773555	0,270991743807073	0,467112424005394
AAEL021785	13,1223553220088	-1,08938205027435	0,819160059656029	0,128942881166891
AAEL000609	21,2005468660253	0,0212011707140852	0,36653757130875	0,761749602698269
AAEL029047	497,872366874909	4,58594783283975	0,582026010119088	2,58872515275656e-11
AAEL029046	71,1780688694093	7,50258054993744	1,00700813911964	2,91384399107053e-12
AAEL029041	278,86895074834	6,07982196422591	2,51749614508538	0,00261740513733503
AAEL001351	1480,74792717427	0,901195088937225	0,317213788643047	0,219651753437084
AAEL022208	42,1342261945472	0,439573327775205	0,381952710885462	0,542115892601922
AAEL000626	312,432573361737	2,79316377550301	0,461357343855935	3,82606678410624e-06
AAEL026560	6,59984203122616	-0,2156481739925	0,544293455003317	0,534339555935052
AAEL027798	27,5877500422196	0,605662415827377	0,500987256304074	0,349631127291448
AAEL002943	50,8071207668402	0,0341429393002038	0,307553970341365	0,800376347021443
AAEL002925	474,70680870609	-0,31859478103895	0,268624198442678	0,747182205720949
AAEL002935	260,025088562757	0,0930077827426053	0,213946687734475	0,846423971918868
AAEL002948	283,1549086118	0,223516552635235	0,267687298394011	0,782799550730434
AAEL002934	322,96861999852	0,132219129040664	0,2408957557959	0,824931021125978
AAEL002924	996,839848150755	-0,139510912513185	0,246630260196669	0,819609652324094
AAEL002944	583,574705624846	0,0580383836991266	0,188595639079591	0,859413342600039
AAEL002938	539,276245038283	0,316369930963336	0,20479325972918	0,812075285586598
AAEL020942	14,4707926730497	0,524940786129708	0,581284928359053	0,358180799368394
AAEL024800	374,669682015251	-0,319063711319288	0,332351755471204	0,676341682251615
AAEL002921	243,537673261232	-0,0262847254013125	0,291317483143737	0,81233965052504
AAEL002933	761,981035457755	0,535370886377916	0,210932184578294	0,70197174963439
AAEL019831	194,001346194995	0,333470524713026	0,224592269253502	0,788226898134152
AAEL027399	134,123389123519	0,0309428998183678	0,297863070065035	0,807339589401063
AAEL021206	207,616844201653	0,188106987551669	0,225283986684766	0,824993736106781
AAEL013883	542,318500577204	0,048668120314969	0,197560268324788	0,857094706537311
AAEL013884	1099,30802420751	-0,484818298109365	0,247660098607819	0,682942120993554
AAEL021126	19,1645549693938	0,179123985375318	0,391987882863758	0,685215935986425
AAEL024950	1137,2030884955	0,457891499927516	0,165588680046669	0,808470525860087
AAEL027772	105,704207484795	-0,556437800659076	0,384154849443523	0,449778918020904
AAEL002537	32,1478996708226	-0,213268186008856	0,401217472138537	0,661253266834721
AAEL002524	207,160790917713	1,94338536483011	0,418959908136956	0,00140621654596733
AAEL002520	98,3219573727497	-0,666485605532281	0,489351390232248	0,313675308508233
AAEL022080	1867,30931742454	-0,491814751637147	0,244185892806187	0,683203479636658
AAEL002523	356,13249446679	-0,000536150464532535	0,256249184295055	0,836460569878777
AAEL002503	337,296232404215	-0,109397406182679	0,193313658310218	0,85403207152772
AAEL002534	52212,6879396174	0,460079731729369	0,292100278240756	0,636770718420326
AAEL002538	86,6813717529126	0,201914793246237	0,299634966693777	0,760713153779714
AAEL002506	457,399910463974	0,455442191747742	0,257130390555628	0,689359526748338
AAEL002518	405,906616455211	-0,271299106368141	0,323511487757006	0,710653411341263
AAEL022196	221,245575050715	0,454916252192296	0,281457894611891	0,656996698340982
AAEL002529	251,900234093975	0,0943455930997474	0,197723147000685	0,853564981047421
AAEL002525	1082,19331381761	0,325663220581678	0,208722923583702	0,805964981583196
AAEL021554	1032,87091117243	-0,403465886781442	0,374958159959993	0,573078961637896
AAEL002531	239,092953583606	0,224084040692595	0,189524944274882	0,842729680892069
AAEL002508	2246,65099452451	0,574652873463898	0,18001423796307	0,725672989965121
AAEL002514	361,537427572896	-0,0324390609908797	0,176804827378917	0,863552864338832
AAEL002510	32680,3477577038	0,715188095685812	0,364080545268705	0,347355444118783
AAEL026448	76,6580852499166	0,908129428568074	0,511344351827222	0,188772659725326
AAEL002504	9074,48916100543	0,182984677396333	0,274642276269965	0,78877326923893
AAEL002501	4164,59589681742	0,345722703669181	0,168039534807243	0,836131246431182
AAEL002526	1632,06885318746	0,0881444580181931	0,271631094757999	0,812985441710209
AAEL002502	411,149266246719	-0,618846607312871	0,21827107376772	0,608641709221861
AAEL019422	1024,12973241403	-0,489604203302407	0,281297932577401	0,627566534254214
AAEL027527	825,344122913785	-0,567864361747199	0,183803492700385	0,724065387748544
AAEL002499	502,728663968595	0,0883226421068476	0,184722675148576	0,858707969363609
AAEL015326	209,002081260644	0,222492853627845	0,372133569670856	0,684310032018148
AAEL002512	198,618021956076	0,304363272148301	0,297933657706584	0,722593280505937
AAEL002527	8462,06445708925	-0,0138203334605874	0,230147801988208	0,84768585139918
AAEL012941	1471,71894549177	1,53946988011622	0,340438884428435	0,00737280073572585
AAEL023242	1097,67015072184	0,305425326470261	0,181739415339357	0,833599614392288
AAEL012931	383,767161955365	-0,0755208280717157	0,291300239690566	0,802654603333579
AAEL012940	102,708513322554	-0,258807877150094	0,324871981726576	0,714577078055082
AAEL023386	154,404412966203	0,0452465820434614	0,205827987542857	0,854655053072344
AAEL023574	700,430745594453	-0,260182452291637	0,18750362031353	0,838141250779666
AAEL012939	7231,57164864262	1,40426874433724	0,328391896421935	0,0181809392540914
AAEL025729	2767,36396159073	-0,414457536290535	0,225745469069226	0,753331070707933
AAEL020572	2,75536885945522	-0,300561925405387	0,614815406762803	0,445697632485124
AAEL009873	21,5330156321196	-1,54922672950987	0,965396005899771	0,0660959560280177
AAEL009871	1158,8351976559	-0,0950082679149974	0,19864775638212	0,852903055974505
AAEL009876	129,766010788249	0,220981898501971	0,274169440596421	0,777396995277135
AAEL009877	1006,2451506422	-0,0843397952900191	0,156234183431663	0,865347065632807
AAEL024410	1018,19079187372	-0,105900738111706	0,202555734564465	0,850423957302126
AAEL028144	13529,7373725959	0,83070641078454	0,406234927659056	0,244723028140065
AAEL009872	4303,4574296395	-0,194146003790055	0,147307090194937	0,863540149110664
AAEL025002	49,2454286638666	0,157356522021311	0,44028054156334	0,652487431900052
AAEL009869	1373,30658990479	-0,312622335558227	0,216377535208454	0,802787027560694
AAEL009878	1343,01279358975	-0,153290008108082	0,178885233934302	0,855927738384758
AAEL009874	782,257707739579	-0,300313294450443	0,373777668400908	0,642237643662671
AAEL020757	429,725995907749	0,0349646747196527	0,264316912865687	0,826997719952189
AAEL009647	1385,65843839171	0,156970207348029	0,201330671778006	0,845075499255659
AAEL009653	35240,0918466544	0,266723084032184	0,282113843288745	0,753861153057957
AAEL012711	124,813965076292	-0,298154258427201	0,339576862695487	0,680439087271683
AAEL012712	624,149884294687	1,77863395175645	0,377588020348069	0,00238743418895824
AAEL012709	159,658410482154	0,109196659101311	0,318880686932854	0,773196950718931
AAEL027910	1277,14249885555	0,999633693933243	0,230450396160205	0,149521414921333
AAEL022307	44,9799355281722	0,688668180864693	0,416963518452332	0,333838528647648
AAEL012715	24,9985891738822	-0,0878838492668387	0,445778694895497	0,675933306046994
AAEL012710	407,841194322915	0,144636658167487	0,24034186119515	0,822836063757948
AAEL012708	728,250986117115	-0,477828119937638	0,193291034422413	0,765439079108728
AAEL025969	686,853453383927	-0,517458323355315	0,174426027150119	0,770630900729046
AAEL008397	1284,96608924855	0,0395934146560634	0,297495910599724	0,805811049083826
AAEL008401	23,3352813751645	-0,176544214979301	0,449296423322941	0,633123875126155
AAEL008410	213,973446551687	0,362512565938314	0,30931855997544	0,679173644041354
AAEL008408	1369,41573594314	1,8835220836356	0,344613161602814	0,000499741193376773
AAEL008403	315,940376853554	0,336616704615525	0,235323346996992	0,775639855941284
AAEL008398	1132,20443995963	-0,184090613320435	0,165074708537956	0,85883055923383
AAEL022775	313,144344152473	3,08752017374475	0,372608982958622	5,17615801336031e-10
AAEL012845	267,064507362683	0,224402917696728	0,272956095525807	0,777464044592617
AAEL023839	1583,72912228029	-0,309428201885112	0,200565616140366	0,81772610181037
AAEL021017	231,408568422341	-0,437797459330524	0,260883266163591	0,694690953455597
AAEL011366	75,51047460056	0,278783039662522	0,319238048629274	0,711424237780065
AAEL011365	68,0972572332563	-0,131606222480902	0,259533787525006	0,812579344151359
AAEL011367	91,2324810098009	0,079763304241037	0,350913409969403	0,756479337196825
AAEL012089	589,236137461903	0,249397886924901	0,218103730209048	0,817612757464024
AAEL021367	76,6022535675007	0,105417941770456	0,362372119020391	0,739336451872159
AAEL008306	906,904761924894	0,135376417869199	0,169837651448826	0,860378466799971
AAEL023258	199,585076512085	0,233479780743415	0,283344414902423	0,765772387063696
AAEL008303	2287,0755557113	-0,000260985790425518	0,188654580854443	0,862373058596468
AAEL021230	219,04663455716	-0,444326018870525	0,328628330227066	0,594345505246516
AAEL008316	164,458600917158	-0,519741032850357	0,309641906996387	0,563992594420822
AAEL020390	76,8072005889812	-0,35521787958649	0,376530547834194	0,601059732350387
AAEL008305	841,911787984275	-0,100475101592096	0,250054692888308	0,824763562860543
AAEL018339	736,58866896342	-0,403455289686405	0,228749481736754	0,754672458304413
AAEL021276	471,476323030024	0,503608349746629	0,21552216437194	0,71771916313809
AAEL009476	488,949756911519	2,35389546285595	0,317196437296166	5,7335031184092e-07
AAEL026834	228,429156812642	1,08006913805719	0,31748888855222	0,104323145535088
AAEL009480	79,1335840781675	0,0981207989719697	0,328248833584844	0,768912832924238
AAEL009483	899,266432671471	2,12608774623428	0,211481914065245	3,06430593179181e-09
AAEL009481	65,9927243474081	0,74125346248364	0,324491208419549	0,351670477610721
AAEL009475	2569,46247494021	-0,534646696941552	0,156122632201021	0,789105815191948
AAEL009477	465,69299464237	0,809537000015068	0,242561321327584	0,348950106900098
AAEL027371	251,334495320564	-0,388106094942152	0,24383546790801	0,744457232478552
AAEL009486	992,725198690677	0,0218014164477503	0,197557900667725	0,858912167713563
AAEL009474	431,661786043922	2,30452510666975	0,469521084551356	0,000250119001912948
AAEL009487	1595,29157008929	0,216319157498525	0,290954814863214	0,764732432533839
AAEL025610	179,177018494723	0,235852793669373	0,337820754709336	0,71197244359052
AAEL024520	344,126778922254	0,142919160344071	0,298688685843155	0,779983102059174
AAEL009479	70,3635848426907	1,05339945456769	0,398842035397869	0,122080527230736
AAEL010565	2426,86548352782	-0,0891083797151739	0,181491951090628	0,859642420377968
AAEL021489	93,101029249701	-0,423689525576971	0,319260373542421	0,625083667070787
AAEL002455	2818,49069191292	-0,558444896528106	0,279002740690778	0,57115199249747
AAEL023223	607,765334399401	0,153145069570786	0,236331495460377	0,824090533809316
AAEL002450	178,418559070411	-0,1384932711317	0,206122720244038	0,844878579507842
AAEL002436	1143,5226779854	0,173613662513751	0,220657593284016	0,830734963201035
AAEL017562	339,301891822925	-0,119775109576801	0,186866047173348	0,855643686554528
AAEL002435	1877,55105403352	-0,107395246093163	0,181547078510311	0,858421096712282
AAEL002453	206,976935309243	-0,0397654571534486	0,234654217864395	0,842662097768503
AAEL021384	454,978121922753	-0,192624418158504	0,19306166558134	0,844927856312806
AAEL019967	148,392673332234	0,268836170364598	0,216595997535829	0,814146263158334
AAEL019968	171,945152738532	-0,11061146838975	0,281144717177557	0,801989856616746
AAEL002454	31,5292256484918	-0,263327653441936	0,424176489640436	0,606697762602767
AAEL002451	516,730340451152	-0,56938550911742	0,269401752037638	0,575102921923151
AAEL006377	426,474698092575	1,80590232737465	0,301349376349077	0,000366005831438233
AAEL006363	791,535137349456	0,0186002710770997	0,151072701745443	0,866488816436092
AAEL006372	1344,15872179588	-0,258579499201217	0,238741467821843	0,798322805013583
AAEL006384	205,154866908612	2,68930142110276	0,420944539602916	2,28700518740661e-06
AAEL006378	18,0436111271219	2,34308427884322	1,00376726381986	0,0128122146012139
AAEL006368	17,5474814430472	0,256885032037248	0,574025331025639	0,491945328492626
AAEL006376	40,9112277512514	-0,0132926042734721	0,467461350860334	0,688032010218359
AAEL006382	44,596043862774	0,367221632651692	0,469096516800198	0,508210356107567
AAEL027429	62,3656873897534	0,281469637954739	0,323922604638092	0,705091690372881
AAEL006381	5202,18617123023	0,0674932209933988	0,272366464790216	0,816678035665914
AAEL002413	1044,07184065542	-0,0445915843122435	0,287498056387186	0,811326295012391
AAEL026274	91,5945498674924	0,518181360816964	0,282725828935558	0,598946295454997
AAEL006362	3260,05374242683	0,160657211087919	0,289678331623354	0,782415260337222
AAEL006367	269,726250010059	-0,00395386263079478	0,246068618176808	0,841366906475202
AAEL006370	237,635994750947	0,354534576058379	0,186262911771244	0,818695142511626
AAEL006364	1167,72315268545	0,00712214822404799	0,234547156328305	0,846165852938723
AAEL006373	318,813930579783	0,0237671300910634	0,278970284936498	0,820074531630963
AAEL021495	295,653317588481	0,24443727513713	0,201057824944847	0,831183553961628
AAEL006374	347,803068219004	-0,478755652478424	0,313545777151148	0,590070489622527
AAEL002178	3321,02537981236	-0,515732910138187	0,365086218652225	0,501754472853151
AAEL027078	187,866474146552	-0,394778749842725	0,305722794211371	0,665052711115593
AAEL022806	1007,09340314271	-0,313215728901958	0,310183406300939	0,704058634134634
AAEL002174	3287,20660626853	-0,0488679431123628	0,232416935758504	0,842695896575321
AAEL002155	1121,67093835896	0,539006553416261	0,153421066586149	0,790842487902449
AAEL002160	3491,98342144036	0,079828331817338	0,193485504302626	0,85621067477846
AAEL027143	15,1603938919429	-0,0074494821707777	0,436988523483183	0,713171645072744
AAEL012404	31,9892094897755	-0,114612682190907	0,345099746900751	0,750104291296152
AAEL018031	1553,16037057162	-0,287432098426994	0,22812255795783	0,799450514334449
AAEL007838	534,486587315622	-0,318623643810865	0,250091337803225	0,766877039131295
AAEL007830	691,013533048607	2,50185811288331	0,418113230067027	1,26814565997354e-05
AAEL022771	207,79478794099	-0,506252421293244	0,34428032282073	0,532490360544905
AAEL013845	2687,43196719383	0,236437978738154	0,154358896398794	0,858844167202144
AAEL023759	782,340921043148	-0,366976411600055	0,309770638454626	0,675592259443355
AAEL004233	29,7092180714039	0,154539070907452	0,383162844680547	0,702786659299232
AAEL026731	175,818842892894	-0,4590363380021	0,288386243505349	0,643458937269352
AAEL011822	71,4608757799005	-0,69148778363751	0,76805998621851	0,239987157211821
AAEL004240	290,088230875332	-2,19738635896787	0,535902288278528	0,00145683106475554
AAEL004243	773,853792633482	-0,104165096149297	0,191097735286231	0,855358512693737
AAEL004237	519,428932415221	0,725393305739472	0,159560359305678	0,602756460373597
AAEL004228	2046,57691141278	-0,476036100979567	0,160453173318191	0,808145155304611
AAEL004239	104,078532287933	-3,2094287649466	0,74053589232966	0,000126657249443722
AAEL004236	1339,67161478182	-0,365419856379135	0,25777959662186	0,738471689986156
AAEL004234	2495,48262085639	-0,00551672851472547	0,165205589870386	0,865877389511795
AAEL020477	911,610383889906	0,281357012496942	0,337872857881478	0,690426788119451
AAEL004227	2822,11455094209	0,500453170493904	0,250041473366261	0,668064869713311
AAEL027036	333,570300684639	0,132924402988961	0,217651418874967	0,839471730697886
AAEL004238	61,9059086865069	0,16507594705117	0,293063951376956	0,77813237206473
AAEL004235	2249,95687521717	-0,261260421137003	0,236525963832553	0,79939579151741
AAEL004244	314,006670179466	-0,358263417223347	0,237119903677274	0,76588328813703
AAEL004242	1144,51006501863	0,06676769408535	0,256639924048729	0,826300509224328
AAEL004229	1037,11183627064	-1,24236641847825	0,398259412095813	0,0602070842245105
AAEL026432	78,6156254835424	-0,115819576876003	0,298144237958565	0,787983178275718
AAEL004245	6,49650540843585	-0,413594953308443	0,657323264313187	0,378008845557206
AAEL025638	3,8881838195121	-0,213340536166186	0,575229235715241	0,51366316282629
AAEL015451	2983,3899656137	0,482731553098008	0,524844897736133	0,402011473554977
AAEL022695	12870,1516278202	0,339050095909616	0,432486530630254	0,55938244309332
AAEL002895	535,531524588822	0,10889667100965	0,205714238159907	0,848755547874423
AAEL017139	158,397112551159	1,79033926680602	0,489224568256843	0,00667863953134502
AAEL002896	38,8543174865718	-0,0643113403676446	0,437083766471067	0,692479815466292
AAEL021084	45,8930899995065	-0,552230421539316	0,639582893913558	0,319111143422088
AAEL002888	378,520271201452	0,21244749968175	0,263723658674226	0,789467428718882
AAEL002910	480,332415562275	-0,257983670530497	0,19701732930234	0,831416662942277
AAEL016999	783,635725735245	-0,362610026040192	0,23492480744926	0,766215429460241
AAEL002903	1240,35663565085	-0,276155214839724	0,258942293303292	0,773405383650977
AAEL002918	321,3085790863	-0,397695187934212	0,225231380071189	0,762321602377607
AAEL024657	26,6657619663527	0,142767402905099	0,40342255340134	0,690113542372599
AAEL002890	576,610415574405	-0,339780900021621	0,192545728564512	0,81695259489552
AAEL002886	10616,8275162985	1,15332747603972	0,227187578606154	0,0524534507980047
AAEL015653	609,720974097208	0,676539408173801	0,232383872688796	0,520268855283919
AAEL002917	213,10324541671	0,176222992986509	0,347076897050837	0,727361787128789
AAEL002887	2140,18764211504	0,168693348219213	0,194992554869407	0,847065498571675
AAEL002905	276,44405946489	-0,434577687217032	0,21213418675485	0,760944236062406
AAEL002906	3114,14797031176	0,320898155162437	0,21933411734935	0,797823793161043
AAEL002892	946,013037809253	-0,667698749253667	0,228655853379528	0,538516296552047
AAEL002893	83,7843377057597	2,86683435323662	0,574425132005416	4,97242643483543e-05
AAEL002898	2609,41320548018	-0,396870776279335	0,288610606121229	0,684439742290373
AAEL002891	262,311900503437	-0,540366470201304	0,273392972215352	0,592477163514381
AAEL002913	2039,47892877061	0,493635398337349	0,19782675922172	0,74960068994638
AAEL025618	657,906328208658	-0,250111079973243	0,311897307646626	0,731642320356478
AAEL002912	663,027980675207	0,191037702786194	0,23083522825205	0,820295070098432
AAEL002900	1817,29914105174	1,80032502784982	0,205969137347276	4,01189784736257e-06
AAEL026043	172,083673047866	0,176798328595217	0,269470301281177	0,794835460480024
AAEL001447	745,428803068104	-0,219289525856325	0,365766768631296	0,69154965117201
AAEL023497	912,005674492213	0,260600343081376	0,198363919713762	0,830087171979993
AAEL018235	1593,87988352767	-0,601456488486106	0,368142267610524	0,429241556508845
AAEL001449	55,754293117168	0,0491502045409176	0,312006760609156	0,794405570824174
AAEL024973	385,520530004733	0,0803426421656798	0,173362110301261	0,862424778583105
AAEL001446	769,13009177871	0,0847807482043913	0,20094666079361	0,852873498187404
AAEL001442	279,952710877797	-0,483098080151033	0,270498648842829	0,652022899989274
AAEL022657	168,776878536989	-0,290579404192959	0,21086486136785	0,813603168791427
AAEL001451	187,522417229267	-0,327993225060863	0,292727740093866	0,716608124164471
AAEL001448	1491,48861355663	-0,496887658603127	0,185497935746175	0,766104813097563
AAEL001457	188,744212945202	0,172440802704825	0,262012819594021	0,80177620992971
AAEL001464	276,797727139542	-0,521411366264055	0,319012903524501	0,551636717292553
AAEL001459	193,340036664892	-0,229874712096158	0,227327710463519	0,814803210647149
AAEL021235	49,8088938912102	-0,636625119186446	0,332374710964685	0,432411555494092
AAEL020264	520,970421951663	-0,943048650734003	0,594820763303631	0,168643094528783
AAEL009151	34091,9598594714	0,315094504504185	0,238452335120376	0,78027774555368
AAEL009153	50,5860138098795	0,0248312758745374	0,395121477641026	0,739200276288145
AAEL023309	73,1469568945868	-0,0581678311851608	0,305370512445455	0,796958707510175
AAEL024110	19,598271943133	0,311034276885847	0,542877235991642	0,483840978584799
AAEL025687	83,5262349977463	0,0939307457654066	0,394374289572767	0,716767350495115
AAEL009149	80,8348718773316	0,601199843332962	0,279582662231886	0,529421367017111
AAEL009160	3962,97276428041	0,42969089093895	0,140437598754523	0,841675582246919
AAEL009155	495,060808098116	2,38196027790507	0,286906099783033	4,01527085136124e-08
AAEL009158	30,5378766965803	-0,112347838534747	0,420405538414893	0,688222310847736
AAEL009150	2247,21140116255	-0,417403427525075	0,24652027242172	0,725872699373994
AAEL009154	977,34093188267	0,466557993716952	0,228813262808665	0,721980028297361
AAEL022328	740,172030458612	-0,860631617791651	0,329993338743606	0,246934645709277
AAEL009156	256,518168385808	0,147079736024092	0,229528321827633	0,829652561742479
AAEL009157	1084,72651104615	-0,411457938529096	0,379954605188545	0,562582954826173
AAEL001228	43,8999973234711	0,47964338290082	0,394540412969491	0,500118531312007
AAEL026835	34,8212906358588	0,551864174424947	0,417550231306109	0,426985404692891
AAEL001231	15,1825481349017	-0,228119211157556	0,458723266631136	0,592893594054666
AAEL015051	309,248009714036	-1,75107596887233	0,414799917603031	0,00447196124909162
AAEL015052	325,704486657314	0,157073112587686	0,20492670776651	0,84311716203428
AAEL020191	2506,37001347707	-0,385723714849985	0,270167037797173	0,713551320189772
AAEL027459	145,843646211575	0,170269301312939	0,260460320178181	0,803183261611956
AAEL005829	136,358188167029	0,330190896515101	0,246758190308424	0,766325944096281
AAEL005827	511,517923405643	-0,626715306219192	0,321155722059459	0,451540025984485
AAEL005831	386,078079248658	0,185233550976245	0,174936270084959	0,854957371669109
AAEL018353	39,8614471591073	0,571195311723098	0,450325565752258	0,394493795411233
AAEL005837	588,000541440134	0,0122871684427417	0,192065563209404	0,860895730379463
AAEL005830	1407,76662490331	0,615655481003611	0,220763960042697	0,607380090319872
AAEL027718	19,4293590641367	-0,062303123933925	0,47528977534519	0,664110316289701
AAEL005838	161,621772742731	-0,0825922241853065	0,197993166201118	0,854554000014405
AAEL017572	108,097875940685	-0,54378609302992	0,386671519853503	0,458143662603524
AAEL005840	25,3879156062148	0,0855022769818736	0,36563847816912	0,743272430698337
AAEL004701	145,12338751522	-0,392443595961695	0,22980782082429	0,758653230778011
AAEL004692	21,7326616965541	-0,0542470405300673	0,399062730385616	0,726817557426481
AAEL025650	161,612373219914	-0,365253472007089	0,407703178062099	0,564928043344327
AAEL004691	2137,46793058235	0,175507898392971	0,230793169367724	0,823518654112847
AAEL004702	1486,75050375169	-0,236647784266708	0,206468510928787	0,828956559447943
AAEL004688	1571,94820888418	0,490492035016439	0,2810563289224	0,627037160224187
AAEL026452	640,502474499805	0,0830832943976819	0,175290119592116	0,861775471647856
AAEL004698	496,571875596553	-0,601882948111788	0,213084238478396	0,64150105257097
AAEL003103	4579,41930363192	-0,174873921046463	0,307701569651484	0,763231267420778
AAEL022268	189,445546022715	-1,08987502790748	0,227756815686161	0,0843101625339228
AAEL026922	1596,43077954908	-0,195689183469815	0,147374810653286	0,863489264491347
AAEL013866	1066,43490279673	-0,0778044677929988	0,227212759579437	0,841641344131338
AAEL013870	183,918127744575	-0,0612420317670943	0,23933928989809	0,837187693025889
AAEL013869	879,046938657014	0,0522462551081285	0,178933361917252	0,862308353903026
AAEL014695	891,5481262849	-0,553471580039401	0,342580793103972	0,495000949591514
AAEL027589	1169,55722937839	-0,350252812935011	0,249922703183688	0,75394251239578
AAEL024353	23,0024063043418	5,60247657381274	1,18113074804614	3,6396412602716e-06
AAEL025378	58,0174693889961	-0,49470707872477	0,534337973097866	0,39285235206314
AAEL011580	94,5855537823361	0,550651767572008	0,409928524247141	0,433708311192272
AAEL011578	226,360662463175	0,0198450778091895	0,324008490434377	0,792580617074459
AAEL024283	1650,40297535515	-0,333080044283402	0,244504883833259	0,767279636728858
AAEL022397	241,980991225433	-0,575165635018609	0,298686937067936	0,528209992902466
AAEL006294	348,488868389471	-0,178855583170972	0,266512188378137	0,796790430493291
AAEL021386	1485,35210893497	-0,169793318029904	0,175259802222079	0,85599857680081
AAEL027213	98,5828165762632	-0,181418196274917	0,329731141919961	0,740646079453586
AAEL005790	12715,7358991613	-2,61755331237286	0,54462387721238	0,000145812997770059
AAEL005777	30,8528446996478	-0,886859101236512	0,608065229064893	0,190817689466804
AAEL005768	2238,10052459348	-0,236648927393169	0,206958999781476	0,828616453098853
AAEL005787	96,2610741357954	0,108533957567646	0,321350324727338	0,771233480402678
AAEL005789	101,780305577231	0,315419131902988	0,362552568297347	0,64707492793427
AAEL026430	352,197653247754	0,382900909755602	0,388618666494224	0,572173928677741
AAEL005770	325,705219320582	-0,142164798223268	0,23257561410304	0,828596405022059
AAEL005772	6407,20108706959	-0,390461479321156	0,306360009926071	0,666851646130198
AAEL005774	291,874199878079	-0,126042423758274	0,308902686087652	0,776318826035042
AAEL012458	29,0542619825272	-0,381870717999332	0,416875600843334	0,546420483355545
AAEL020378	440,836292456881	-0,103740278358792	0,1748227967093	0,860763464401349
AAEL019747	543,631096368242	-0,409332400014224	0,24770047132161	0,729079647906574
AAEL012460	703,613277824636	0,060476852805788	0,158348872706515	0,865643576356753
AAEL012453	455,504142516081	-0,118635912331143	0,204426410596781	0,848285479208598
AAEL012463	833,935432573374	-0,664062450674405	0,248156959733559	0,510088523119262
AAEL028013	1328,34765243715	-1,63769622330464	0,24802239138499	0,0004878711572147
AAEL012456	756,637012003316	-0,69779983246344	0,243535364003259	0,476646135476177
AAEL021904	46,4326084380818	0,435724650191019	0,439186111646648	0,489010856496985
AAEL012465	210,1903553365	-0,0577160888225687	0,282167966613229	0,812147458321629
AAEL012457	612,051367248588	2,6886630385289	0,410925995185058	1,29516031059794e-06
AAEL012455	205,859790778384	0,0499305939639739	0,225187345158244	0,845906865527412
AAEL005726	817,260750887789	-0,211472659487671	0,245434462188081	0,804804594203949
AAEL005719	514,399465765763	-0,106875740772724	0,164698670437367	0,863234271105713
AAEL005717	149,007318694717	-0,221399952721541	0,21356675516986	0,826895538430168
AAEL005722	65446,596240834	0,467562530232751	0,260291693169707	0,675728762992938
AAEL022542	43,877147612604	0,0837982144726939	0,390828246018914	0,723356482808813
AAEL014335	618,628898016232	1,48133426343758	0,227541567528368	0,00201596938956532
AAEL024746	64,2836259603308	0,276811139130394	0,330624927732313	0,699441825821706
AAEL006157	0,376682855380783	0,0470532202792668	0,542185058684608	0,611906148007606
AAEL018112	37,36391698597	-0,598472742678611	0,540548248987127	0,3324121823389
AAEL006169	8271,20041451624	0,522300860545547	0,23441535384298	0,674702651101102
AAEL006166	216,851926219203	-0,333369047005432	0,216275623563089	0,796846552855713
AAEL006158	5818,74818009064	-0,164673031663169	0,255095018844554	0,808595378735634
AAEL006161	342,185103700964	2,66495922193359	0,237913732345495	7,24606454353404e-14
AAEL006168	939,297783666835	2,64354952979067	0,31260608716891	4,45974660520108e-09
AAEL006160	20,5416578508191	0,801589396319111	0,520755931169282	0,234357257564517
AAEL018130	368,599031448665	0,117297645213039	0,197367036347031	0,851500884734563
AAEL007040	30,7509516981952	0,259087632047525	0,387414179306382	0,652255303580341
AAEL007030	2071,67362266959	0,42996146802617	0,196051965795444	0,783500636068086
AAEL027019	113,514798979785	-0,177020046801466	0,344628976088319	0,729518068505788
AAEL007038	400,09938419902	0,264427959253691	0,197398452095526	0,830047753235986
AAEL007034	624,544942512953	-0,172514040988949	0,33833061343456	0,736772244095884
AAEL017524	9,55981865964575	3,16792496763903	1,15731724748652	0,00402116364184894
AAEL007029	1259,95242413448	-0,0547197710387563	0,192719438012794	0,85828408089414
AAEL007039	176,612505431921	2,44591695439227	0,556758598676521	0,000453441584841361
AAEL017056	127,008261325357	1,97418303632185	0,518561460459734	0,00386550428605765
AAEL021618	307,505997281304	-0,805898550769105	0,292871520190916	0,307171387396416
AAEL023166	601,600008083248	0,29703272781395	0,179120220379735	0,837296205498426
AAEL003032	849,578183500016	-0,247353323846578	0,301626018988999	0,742299163640163
AAEL003039	2724,4040115135	0,176327224772413	0,153586592886565	0,862824294311945
AAEL003046	12058,9454309852	0,569111524032859	0,201058695612719	0,693158571317046
AAEL020006	76,1390355561022	0,0656842882539644	0,316463610002821	0,786756282108035
AAEL020589	242,516431780961	3,84795983834482	0,426334547385585	1,12140510340438e-12
AAEL003043	44,2685559807035	0,0926812319393668	0,290385190025618	0,799559871020349
AAEL003026	142,272134641735	-0,814066427181631	0,741144604414898	0,205331451120704
AAEL026862	39,007731467789	0,416772051150602	0,383189309880385	0,557468935159996
AAEL003047	135,952930386289	-0,377454920448797	0,388330796518238	0,576664553099334
AAEL003035	1466,32152689918	0,70668718516102	0,275933603503578	0,424341058466288
AAEL027482	50,3197799780968	-0,176505639369244	0,289397628331516	0,777865506694972
AAEL003036	272,532280529509	-0,320584134924883	0,326537763584912	0,683007500264392
AAEL003019	419,123381144945	-0,0989037483187482	0,193412903047936	0,855000457430609
AAEL003034	329,758554176099	-0,12124974634943	0,198412026736877	0,850728893474824
AAEL003022	523,123124123513	-0,282700638385333	0,279089110807576	0,750731084038245
AAEL017455	3294,78755899165	0,337403148687257	0,584392114998626	0,444625952494755
AAEL003049	40,3558984168718	-0,311136817813408	0,389085233096201	0,616146546962363
AAEL003041	31,8967197533573	-0,291304122199773	0,427392174025476	0,58901760765312
AAEL022352	46,9385489640543	-1,46416120783702	0,45195321607597	0,0270645589074611
AAEL013434	265,416606726792	0,662565716250759	0,209141998417472	0,578767193147529
AAEL013433	205,426770383708	1,11244946364022	0,380510117516293	0,0994632275504096
AAEL002740	192,465043520168	0,145232263730124	0,388537449752781	0,701445598327422
AAEL002745	11,2126052697294	-1,29475257735416	1,11868426070686	0,102880935307837
AAEL002754	16,0696157136928	-0,535022513263061	0,70034014308976	0,307675793637377
AAEL026214	28,2707741248944	-0,0523864438651554	0,386582376631014	0,737325692016346
AAEL010598	302,252494496537	0,100348492659465	0,236770230373096	0,832801954279485
AAEL022931	4447,41888932489	-0,251489839641946	0,180575394613045	0,844019451368219
AAEL020850	116,139679447748	0,781432633301885	0,365538590588608	0,291800835210065
AAEL027067	56,2922759246233	0,165243824738042	0,393836199272795	0,689611206882389
AAEL004075	414,229683220827	0,316621731671615	0,255924804433531	0,761711373078979
AAEL004057	269,402218906606	-0,284523458904618	0,211423453918425	0,814639405568881
AAEL004071	2831,79785321942	0,842903447529625	0,242762981932524	0,302601670816484
AAEL004069	660,218056918047	0,18806886893887	0,27792517781651	0,784228903504165
AAEL004067	1368,85187206935	1,71048250706726	0,214103852668172	3,10474776730769e-05
AAEL004063	573,824992576541	0,167868184891442	0,177003160144125	0,855501240287381
AAEL004065	1000,47249768227	0,0844016750560429	0,198636724491165	0,854075708568855
AAEL004064	475,306265834276	-0,510290440745134	0,204629062396557	0,730197401710003
AAEL004043	230,311372048123	-0,570541147144985	0,372979653249225	0,448895383200614
AAEL024655	857,97729590599	0,0164801123434111	0,199880973856356	0,858475828893123
AAEL004055	523,566648461491	-0,202223080539357	0,180820924552054	0,850408677807703
AAEL022486	290,891694625992	-0,539184323197474	0,255506835136309	0,624368530246916
AAEL004056	181,880809565061	0,0344091792318763	0,276151017558215	0,820030359635439
AAEL004053	718,273778517202	-0,363418880174437	0,195268863275336	0,807843851132588
AAEL004052	517,522536296271	0,0281579093474325	0,25642960468185	0,832496075579552
AAEL004042	1326,16846748571	-0,603748527109131	0,252231728373227	0,568060024190142
AAEL004076	651,039520877902	-0,170665176604436	0,231468663550646	0,824069418844919
AAEL004054	8269,39624895653	0,323395909483728	0,13969304863306	0,857456384708321
AAEL004046	30,1332054303651	0,0619836443178259	0,356806434824038	0,757353338723511
AAEL004068	691,644157334605	-0,0129631758364402	0,346898647926619	0,777832104852951
AAEL017198	37801,924363558	0,36735692677827	0,28586816548881	0,703943415518259
AAEL021479	19,3769841479774	-2,38041606549561	1,03261939512106	0,0129393879617254
AAEL004048	736,663349038231	-0,0331527498474982	0,251396623731557	0,834501986614912
AAEL004060	5711,36847743472	0,154236063617614	0,268196186304565	0,801401233294545
AAEL004050	225,117272118689	0,161514156631083	0,221218531808222	0,832515225607391
AAEL026169	220,270855361038	-0,401715955061797	0,258894765365529	0,718717359852168
AAEL004070	161,631404743155	1,18974663739214	0,265845049751631	0,0489579833546037
AAEL004074	687,179506518359	0,294416624805402	0,182044256350727	0,835542502968649
AAEL015598	242,716639076342	0,265094655824215	0,288031360972775	0,748884013988118
AAEL025030	73,5557505188633	-0,406578674030702	0,308737737148383	0,654104492327068
AAEL004059	8060,76684594184	0,365393240378974	0,342204371605016	0,638693072196396
AAEL004081	1165,38760297206	0,0709670877803697	0,242474661705025	0,833976793147614
AAEL001616	1180,88807694681	-0,0127809948784427	0,162053529179376	0,866085902028148
AAEL023527	5,18316131470437	-0,225516723954675	0,573293498522245	0,50893442704594
AAEL021006	77,4187937810415	-0,846867856846013	0,686239460143001	0,198081816472696
AAEL001619	392,928239431433	0,109605976904774	0,182378641912184	0,857871437714925
AAEL001631	134,159672523382	-0,160576748411764	0,255373709431583	0,80944012184429
AAEL019987	503,394636456982	0,173756544858549	0,176668743518522	0,855244127499191
AAEL019988	876,478743262437	1,6096418228982	0,284871580936677	0,00185691483323406
AAEL001622	784,50459390932	-0,133378968830409	0,164708797688685	0,862048925579414
AAEL001600	104,455716660773	-0,298535330568998	0,277226785418168	0,746193666838292
AAEL001625	51,8765991327342	0,214041352607459	0,308414868078097	0,748290868790159
AAEL001601	316,906385847619	0,277074997643827	0,240730519519669	0,790723611594071
AAEL025607	384,809435691169	-0,453078986072503	0,236526923104034	0,718978933669357
AAEL001623	3279,23855715446	0,156349962868891	0,1524490430665	0,863844661987246
AAEL001628	31,9047069924952	-0,302459889298835	0,379562704786162	0,634148473289161
AAEL001626	813,403367590708	-0,712901382059169	0,207307117574579	0,518457869195637
AAEL001612	204,036383343596	-0,557398789077208	0,543984422099924	0,356843748179139
AAEL001627	473,491950527926	-1,6422085373	0,210408800762993	0,000108524506482553
AAEL001607	1786,82918190976	-0,675662258109172	0,399169516217547	0,356396752944398
AAEL025425	64,071895342164	0,123539394485165	0,339541179960098	0,751975602711497
AAEL001610	190,451205542706	0,0826798158801473	0,245653837672103	0,830362593730186
AAEL001615	551,270624317255	0,159610835563997	0,211007046187063	0,839401323017702
AAEL001624	117,443349110749	-0,0487622081516696	0,25556600333541	0,829850385738831
AAEL001597	60,0267440159638	-0,53520198525767	0,319079615416446	0,539291787432665
AAEL001604	393,092874523499	-0,550391063891105	0,372040933582934	0,466444132920327
AAEL013702	647,686066727784	-0,383847135338161	0,364315390896082	0,594552189142662
AAEL010932	1445,86165365619	-0,304433092099925	0,183945829736225	0,832131394247548
AAEL010931	171,078997527483	0,50660750499756	0,252479019738323	0,659993939253864
AAEL019957	787,364084319384	0,338563040280264	0,208204777740617	0,802813491538632
AAEL010938	209,989985731844	-0,378056325691642	0,276222977231565	0,710598214130922
AAEL020441	108,307478583104	-0,47680930132209	0,379220060674485	0,516493569954589
AAEL020617	430,859965950708	-0,165645258022018	0,265268455844092	0,800728135691233
AAEL022296	34,5823357322774	0,286226535016197	0,481868651812052	0,545791911024453
AAEL010933	489,63829583855	-0,614386371393547	0,31206845298892	0,47453638762403
AAEL010939	774,134605308238	-0,386074006649147	0,201932402003972	0,793858512380856
AAEL010941	51,3513995261663	-0,349830468791425	0,462356902283428	0,523444431202887
AAEL026383	39,1200760458736	0,162039538154211	0,397548451091605	0,687523466163719
AAEL025404	793,601950830469	-0,202795205462225	0,181989484953524	0,849825736497484
AAEL013808	1140,19365774942	-0,646715809573001	0,321042036178412	0,434262895315449
AAEL013812	949,236056350803	1,31892083983077	0,370329540442692	0,0362558627037461
AAEL023664	209,948610605589	-0,401067246802137	0,246397593707785	0,734817777795101
AAEL010089	165,036849613023	-0,170897387866549	0,242098830329162	0,816723852197141
AAEL026267	29,801792195677	-0,0729543643283536	0,38111689245114	0,735098672686446
AAEL024592	108,34121604353	-0,805387430073453	0,484495181414463	0,240266763048136
AAEL005165	12053,5509923862	0,163994476804272	0,14624049912645	0,864800049757443
AAEL028105	4659,01920115742	-0,0812904848141808	0,213611308793639	0,848080874975787
AAEL009515	248,398052780818	-0,599508562732945	0,371624579519338	0,427927069181487
AAEL009517	5,8267282901608	-0,259516682395987	0,560816252880436	0,500416622708141
AAEL009513	109,598749234092	-0,240517224267289	0,368001114313211	0,679840840166627
AAEL019522	645,272323434977	0,0175877744332858	0,266356254726976	0,828576352251403
AAEL019874	49,1726820298744	-0,22170103552033	0,440701042757914	0,614649177880482
AAEL021432	533,802044997138	-0,452595791908279	0,175238682635215	0,799477864569551
AAEL012135	579,683988376469	2,03234659915783	0,33606580574481	9,6419462175185e-05
AAEL012140	288,933484049057	-0,13352359452747	0,211402797708454	0,842864673358305
AAEL012137	577,680467130736	0,0368062575145107	0,203577354157087	0,85588520187671
AAEL012139	115,104586516891	0,79753092764583	0,327279868390583	0,295156424870018
AAEL012138	269,666796556346	0,553103807810317	0,297163151534434	0,552618000053937
AAEL012143	262,834907491293	-1,04804626924341	0,227062758899197	0,110120510937337
AAEL013108	640,071701845204	0,335587749194356	0,165169445265178	0,840589934470035
AAEL027982	33,0002560271715	0,237105571837351	0,401613324184993	0,649368876847973
AAEL013111	729,406188507562	0,426859442284645	0,261541874779252	0,699856390063527
AAEL013109	82,7240551397269	0,0288568505258019	0,274679341089849	0,821650523534226
AAEL013107	201,527320340912	0,332474228987465	0,232397952302798	0,780310435901811
AAEL013110	308,846274997935	-0,440376101455869	0,253927043009573	0,702205021202971
AAEL013115	220,699686408554	-0,375649040090372	0,211942204202317	0,786230626945114
AAEL013114	302,76393938562	0,101753574942395	0,234161316147707	0,834183515003419
AAEL013116	1131,45572175687	0,255244637997041	0,193861247722617	0,834408445120922
AAEL013113	238,811976638379	0,349232738833389	0,24513634715383	0,759939782925765
AAEL014040	165,97899497182	-0,0338106839854589	0,226187100203378	0,847304692508935
AAEL017435	293,890723221907	-0,166525588230246	0,213219729988072	0,836697594168172
AAEL014038	259,353660525162	-0,445849403635063	0,217410505647255	0,748460616743631
AAEL014037	399,47170826641	0,269632437915046	0,189309942157105	0,834875103416357
AAEL014039	4871,79899664021	0,351001350584328	0,222050325497635	0,78444962207363
AAEL026668	1081,37971450526	-0,307242171660873	0,376923219712719	0,634233613999403
AAEL021395	537,384795689062	0,201474100003712	0,177745580084323	0,851921339037011
AAEL013406	57,8334724001617	1,49429749223124	0,744570147159783	0,0536507040002802
AAEL013528	1847,13624334568	0,20974935469493	0,26111401490881	0,792784957543448
AAEL013527	762,630564736781	0,380092361043113	0,24718490082049	0,744238615960334
AAEL013522	384,343270201132	-0,230046878218821	0,298280351877177	0,751934307812363
AAEL013521	1060,80456223265	-0,0275635572720219	0,195791331135108	0,859047972386925
AAEL013526	274,409358666055	0,627204096503441	0,251462994444071	0,546169253641612
AAEL004544	45,7694163789132	-1,18187584399436	0,56075761238721	0,0943772946203182
AAEL013525	1939,98723823659	0,789189748635165	0,31591621467314	0,309935425431024
AAEL004571	191,23506268153	0,0454775684039625	0,204916569904158	0,854971736434152
AAEL004551	1143,73062258846	-0,0138508263115691	0,264795923594685	0,829909643985575
AAEL004577	244,526863263922	-0,155243729888303	0,214481490326292	0,837854561446681
AAEL022687	315,323510569074	-0,133508764836961	0,190384268007751	0,852814346972264
AAEL004579	398,811660165301	-0,315841725915416	0,173743673560932	0,837800694229109
AAEL004562	300,673999658742	-0,29485179200376	0,270865942313033	0,754307993774723
AAEL015603	562,97598506157	-0,871840755021267	0,188942958462898	0,312680318927567
AAEL025769	1934,49349972831	-0,0444441108270508	0,184050730085536	0,861330430857457
AAEL004552	94,9021930778458	-0,107859792797873	0,316492578813972	0,775503585257044
AAEL004567	754,947753015922	-0,0947576989996033	0,271540795398599	0,811954877359509
AAEL004580	366,439257253326	0,088003804906263	0,304570747421506	0,790157154625192
AAEL004575	325,275093996398	-0,46771215076534	0,203654794207598	0,755197113778335
AAEL004582	1555,93517868128	-2,12157704915778	0,42154391674403	0,000384148260254517
AAEL021258	68,6660108616122	0,084792624674594	0,289894881334483	0,801615676723294
AAEL004563	2009,96196360086	0,474329569567019	0,216470566800527	0,734489358226516
AAEL004558	284,314936201681	0,196812048512825	0,19129307721678	0,845451535787275
AAEL004554	464,912209845119	0,0650590788767002	0,186887235918044	0,859507759237448
AAEL004570	262,589931717607	0,079120044036507	0,203488187226346	0,852428702192388
AAEL004546	1911,02935858661	-0,189432096970021	0,164539865045885	0,858571508458247
AAEL004547	688,358625496848	0,0958444203763689	0,274924191294444	0,809489583355689
AAEL004553	144,76998111592	0,642480557510078	0,309064901688001	0,450307884201237
AAEL004555	76,8748484255438	-0,442977404121118	0,287041468472983	0,657750364649775
AAEL004566	410,559151333839	0,735117077680513	0,217273331877843	0,46927580468375
AAEL004576	53,5194667883003	-0,33346404534371	0,349422217059208	0,651479531951717
AAEL004559	867,166649638599	-0,408429497843204	0,332308227918755	0,619015937426136
AAEL004574	199,311528103897	-0,169468136978993	0,205686136468618	0,841039775910774
AAEL004569	150,400909871242	0,422997083698586	0,306137183777675	0,646117631273203
AAEL024264	499,759063545193	-0,642827795211244	0,240841766064716	0,546671403590304
AAEL004581	297,920753646286	0,0486867079740172	0,253036178441561	0,83124189135912
AAEL020830	904,392132396915	-0,651683817603663	0,388151969694953	0,379709444529632
AAEL022388	13,7870888784862	-0,164736609855615	0,465277176704196	0,622750405222494
AAEL004690	247,875274480152	-0,0244125500203898	0,218247301970568	0,85145569446323
AAEL004694	1501,72326632999	1,08517720744569	0,248403986414294	0,0915617883923472
AAEL004685	461,435497790357	-0,509642197091637	0,205914485886366	0,728541980043883
AAEL027356	42,17166646596	0,328221415650273	0,458460647105151	0,54173256701092
AAEL012616	2923,60927742417	-0,295370102877328	0,209090079929288	0,813957716557852
AAEL024447	338,51127590695	0,204070693267024	0,172770261316537	0,854017520048685
AAEL012618	624,955643085606	0,0358056575434916	0,284076946765531	0,815153258110093
AAEL023193	668,028173460776	-0,46718100587996	0,454326175331013	0,454513753995934
AAEL019473	487,063378198005	-0,0644517388924881	0,293053818882505	0,803577944842834
AAEL012613	90,2203518421722	-0,0685486016778354	0,404907688744168	0,717138234037421
AAEL016967	281,373284160674	-0,0668084755703665	0,253938639731946	0,82809368166294
AAEL012242	92,5693444511541	0,0287483223796845	0,253506506968912	0,833920325128112
AAEL012237	487,10294300133	-0,12522215091975	0,169463555633295	0,861040933033228
AAEL012238	1294,43802248551	-0,173612237700829	0,350563151498855	0,725022006281741
AAEL026714	582,902975752343	-0,428128839925987	0,226381725976584	0,74597779031627
AAEL025078	1295,03414125677	0,0144448077459101	0,196800243851836	0,859561654687155
AAEL012243	3515,61312683784	-0,368039078187844	0,178271640768843	0,8222775847657
AAEL012247	551,847129094408	-0,236504233009898	0,196473269807717	0,835782188122682
AAEL027026	257,302141737072	0,520456423505951	0,270292041009429	0,61763264481959
AAEL021113	1266,21152598295	1,12920777017666	0,213560633359741	0,0611890607773695
AAEL012234	1988,4209172177	-0,024676773677007	0,156321317334289	0,866244915845226
AAEL012245	34,2535616423123	0,128555629914336	0,355412384496377	0,737647503433942
AAEL009585	146,285706684204	-0,774341683653192	0,322291118450521	0,319356519630199
AAEL011750	1050,14114052374	0,704944067475571	0,175717375152245	0,592059996961849
AAEL019670	415,917152195195	-0,104638715983488	0,180015085320056	0,859169973275732
AAEL011753	241,548122707258	-0,322507309332517	0,218581683174169	0,797990396215147
AAEL023265	441,652695679269	-0,776669257762312	0,415328113877479	0,277460524789166
AAEL011758	32,2562269165406	-0,00228710551044386	0,326810451056943	0,794720993495737
AAEL011757	36,8417301440994	0,437249113025159	0,38585131384515	0,539807579517525
AAEL027336	953,123026011793	0,136183255109102	0,43796059985497	0,663746607840642
AAEL020474	12,7944815225328	-0,206181569667142	0,544619853296581	0,539549828126229
AAEL011752	418,611020629486	-0,0488463500783217	0,276531590554079	0,817499272830742
AAEL023977	322,054133436749	-0,0190293701947383	0,213703202320706	0,853740489756624
AAEL022938	398,423972419121	-0,135622491183876	0,302076026979102	0,779292591281914
AAEL014051	360,026905810563	-0,0425888160309948	0,239105877990222	0,840015309186899
AAEL014055	940,996248617232	-0,195909129275453	0,177101431483148	0,852651435705419
AAEL025786	52,2127212291296	-2,2330247591268	0,96649802829505	0,0158605249833139
AAEL014053	1009,88880743834	-0,754500232261595	0,189265923502711	0,492559256035124
AAEL008425	1062,98670467871	0,861938343917782	0,275684272056979	0,265467501711967
AAEL008426	30,2034341641796	-1,62934637431458	0,538264935814275	0,0213507694052364
AAEL008424	465,156743270607	0,287853446339046	0,227811915573918	0,799614505609166
AAEL008431	2742,25754914759	-0,438516468021974	0,277256891558772	0,67242455658339
AAEL027398	30,5818596804137	-0,239293209298219	0,438221533441009	0,606013222269092
AAEL007822	347,900656580397	0,360422652926803	0,24958643373188	0,749852728208856
AAEL007820	558,832549597701	0,00785895594147902	0,205697229987057	0,857206187437718
AAEL014820	55,6834117597836	0,593390489588205	0,375486355412102	0,429428846687149
AAEL007825	257,142638583163	0,0108917076669687	0,199693574226983	0,858952936582568
AAEL014821	1466,23504278018	0,745705665738595	0,311105316224842	0,358403174812899
AAEL007824	25053,3495859787	0,31152120170044	0,283920104677051	0,733924529298753
AAEL014822	150,40161576169	-0,25319508782608	0,270610578720113	0,769953801612392
AAEL011643	198,907398332186	-0,554574332556252	0,624977693887834	0,323021391934863
AAEL014523	159,09204001502	-0,404583364908998	0,344169315707827	0,604834408178005
AAEL014522	321,37187607017	-0,244049582536008	0,24347426787697	0,798212119975385
AAEL005500	948,327855731681	-0,0511921391827354	0,152315032702413	0,866232697421554
AAEL022920	20,2714885608427	0,108668847407965	0,459243933930892	0,657825557893669
AAEL005510	278,711358640868	-0,611724327184772	0,502341037442091	0,342520235372578
AAEL005504	216,727297495394	-0,142289792452988	0,218999125910391	0,836952086420591
AAEL005507	19,4619718057109	-0,766948561879025	0,911781340345968	0,206485203970773
AAEL017437	2040,9492127969	-0,0968307699805931	0,358079719602277	0,745545035832427
AAEL005508	2279,2448703763	0,158539581318974	0,220245851493602	0,833486127524973
AAEL017331	28,3697308561499	0,113750149050193	0,362030603135305	0,736956968944253
AAEL025015	18,8001910944598	-0,278781749898196	0,48380845911332	0,549166417725659
AAEL025669	33,0712743003945	-0,210890626679779	0,464559164395443	0,597424103325244
AAEL014760	320,928077228297	-0,0205534072505068	0,254501839864639	0,834539373819245
AAEL015064	4448,11101100837	-0,235192584897903	0,197476236747915	0,835357654627482
AAEL011830	476,669996929089	0,151094196133052	0,214825109776158	0,838462569198588
AAEL021859	46,2729211024457	0,279066382642899	0,324815547335185	0,705434481265803
AAEL021955	56,8423926471087	-0,466230395127095	0,374048683974383	0,529689791291221
AAEL011832	1074,01743232685	-0,00695713210721721	0,243373689582263	0,842238385391434
AAEL023944	25,5276179302171	-0,834772274588432	0,641222037269231	0,207061611583124
AAEL015305	38,3493342905996	-0,314876546533543	0,407813238383337	0,592268671500463
AAEL020467	132,016858358148	0,189011563619668	0,269524632591657	0,791434872738871
AAEL008072	135,946520375754	0,214228502277767	0,275952733873946	0,777999015984023
AAEL008071	80,619466591324	-0,249311543220419	0,468282303128883	0,57655337692011
AAEL013402	211,631602527518	-0,260391518988414	0,24171589985216	0,79532054515542
AAEL028036	48,9570948466602	0,168547690086548	0,435583017596131	0,651557255924332
AAEL021068	33,3045126977512	0,257359814422164	0,487375635647016	0,557828865295525
AAEL013404	182,418593583063	-0,381473529013357	0,203473263336523	0,793829640765419
AAEL013661	1128,98244052571	-0,0364841438978855	0,319362090426904	0,791935819475058
AAEL013662	82,8622048240597	0,486595949819965	0,402849718914006	0,485574867132789
AAEL018263	1346,43510297266	-1,1510903445821	0,352881486238698	0,0796449937508097
AAEL018226	830,357826537515	-0,388283828865914	0,373171566674981	0,584647682958391
AAEL026237	20,3787357668491	-0,265795184338684	0,491674972588457	0,549786146095271
AAEL028247	12,7257577012635	3,16363179744991	0,912640215953059	0,000925301580386701
AAEL011848	544,96453661695	-0,121010488921088	0,206728880994524	0,846697276636717
AAEL011850	252,238051127108	0,657879124635903	0,2250184077135	0,556626846696124
AAEL025089	20,0626938009475	-0,11097986713757	0,374616577232028	0,727312399759189
AAEL013304	616,819100574753	-0,92914431886202	0,30523948981249	0,200698319538997
AAEL023350	17,7839714157473	-0,202033654799041	0,4666619596277	0,600558410918154
AAEL013305	741,736778614752	-0,304870643661538	0,195199961645399	0,822943064056746
AAEL020822	1213,38218010848	-0,204818962517093	0,229905976279526	0,818268220119224
AAEL009167	167,215624825265	-0,182167286383329	0,278102813263991	0,785826955416743
AAEL020256	67,8211474698976	-0,365018650826822	0,419633369901412	0,554690240691739
AAEL006937	132,631745924035	-0,159305027588927	0,441741681008039	0,650309907831662
AAEL006957	72,4503938020666	-0,585475090544712	0,417020531604579	0,403219253765724
AAEL018127	340,738556779254	-0,181982288035793	0,2518418940556	0,807137154171151
AAEL018054	538,270385905929	-0,0573613169104161	0,175005443607508	0,862914186623703
AAEL020205	800,228958337139	0,672769906256778	0,354192169429408	0,388105977087734
AAEL006950	254,404979718114	-0,086444890945742	0,250261038354811	0,826977293188997
AAEL006948	599,820335533345	-0,195043091370488	0,315153228049512	0,749010768973493
AAEL006951	1168,4249642826	0,269359169931997	0,194910384560389	0,830910780934023
AAEL006956	2580,05838556444	-0,103049966434034	0,291207586196606	0,796621879026855
AAEL006958	802,383698396052	-0,499300327456077	0,31784516190472	0,569439254635188
AAEL006949	339,682950303771	-0,457971794516871	0,282942728990764	0,65302794040193
AAEL006936	81,9849975940432	-0,423780800704852	0,330923583232442	0,607574669500734
AAEL006947	33,4606475162982	-0,254587587949833	0,37163547127209	0,669058423794255
AAEL006955	44,4665373685466	0,210079400364489	0,382842448501393	0,679707610659795
AAEL021877	104,113054828921	-0,228042227753889	0,359408276611773	0,693711809671899
AAEL013828	484,013843610983	1,34789233420242	0,277677089326926	0,0173516771911919
AAEL026747	73,6856504187327	0,21971116594614	0,335489968183127	0,720900558975712
AAEL022628	1538,51541836907	-0,882878674206945	0,447289850915522	0,208211670915787
AAEL013826	1081,20715962507	-0,864256033160784	0,381322634759453	0,230126017539509
AAEL013825	515,197895115863	0,00472809730436627	0,164395743770282	0,865987859310211
AAEL004689	308,275020043716	-0,0165024346755043	0,232148527373021	0,846327278817183
AAEL004700	124,233511469218	0,311251001030201	0,309879855134141	0,706060956597965
AAEL004697	1136,7027182484	-0,231096032210526	0,167531881911229	0,853711267519533
AAEL004699	5330,41794098394	-0,570621762650297	0,368275384254274	0,451891487845283
AAEL004686	510,094019842375	0,0143899732849343	0,187495935591347	0,861983915682039
AAEL026332	21,3076771833469	-0,156636685547201	0,402170081663007	0,685731423523923
AAEL014426	6461,11150159442	-0,107093686869654	0,310103156883128	0,780929759365037
AAEL014425	38,3052395536588	-0,508718526043793	0,517046912760813	0,39387890583846
AAEL014428	224,111444403998	-0,823115198168758	0,244458708994762	0,326172337068645
AAEL010045	85,4182113819945	1,01562813203027	0,389916062488837	0,141463808422629
AAEL010048	101,838259153356	0,642207434244683	0,445979730653855	0,352800646885108
AAEL022213	56,3697595052623	0,152949432702152	0,41292731892586	0,676952488320085
AAEL010052	231,832556239958	0,621127834385323	0,306266136424023	0,47469932000932
AAEL017421	2713,17236764401	0,0143159974764542	0,134437137285721	0,866634730297897
AAEL010053	172,804293877523	-0,115290928120614	0,219939107111585	0,840572582125218
AAEL010046	418,879101184085	-0,404829764652021	0,215336175835943	0,770417495140236
AAEL010051	952,474572967251	0,158815584873342	0,14259222966305	0,865495484406374
AAEL010047	1377,52320771666	-0,0551136365861842	0,185425940491013	0,860431696444387
AAEL021853	18,6742594424888	-0,0740123415044386	0,396558118311029	0,722644268621693
AAEL012209	220,578095157303	-0,564532919802278	0,231258949519783	0,645396313071516
AAEL012208	406,61391683582	0,961750650452271	0,306183674819369	0,175489096504203
AAEL012211	305,796174749315	0,0298845080049784	0,204648046204582	0,856041046427924
AAEL012212	116,121972243609	-0,713947026246529	0,382982367118137	0,334075610930057
AAEL012207	10508,7139177722	0,339876206683397	0,188968690204393	0,81987558954863
AAEL012206	259,519220013802	-0,574281599041746	0,415109375607519	0,412961521533021
AAEL015271	244,761326571381	-0,122027091638499	0,312646501176477	0,774579490577433
AAEL019672	754,995315969641	-0,292581942392559	0,290843009392368	0,735051897712875
AAEL020403	56,3088620441911	-0,472650054981045	0,477318286408456	0,436104611732799
AAEL019514	930,926918093319	0,57033672973519	0,266707627090912	0,578325877922518
AAEL019619	100,984333298757	-0,610079910387282	0,616206185808743	0,298764084615309
AAEL026109	103,963398100578	0,0597950648490181	0,236680278998587	0,839101401271778
AAEL025569	966,614081119093	-0,535772941532774	0,34732495081575	0,504413864722337
AAEL026018	452,134450163536	-0,0926560635731695	0,175127170479136	0,861185832878202
AAEL028872	3,66356222052831	-0,268938125854071	0,600024856854466	0,469109932276731
AAEL028895	598,644799205222	-0,303629408521011	0,596179229992449	0,453118082642367
AAEL028849	31,4751535496846	0,309312691408983	0,527077444837219	0,497421196732308
AAEL013766	44,4138903139246	-0,217938759255539	0,352780384692015	0,704862724611466
AAEL013018	40,9822576405634	-0,551111632369314	0,448947814113633	0,404827344993327
AAEL009449	65,3227767052024	0,0529126990884727	0,28793022163552	0,809514304696091
AAEL008010	13,9803152686382	-1,42653999126498	0,951258983720557	0,0769280914077373
AAEL019917	61,7226852498551	0,140105144426598	0,302164507161377	0,777932280223403
AAEL006711	1585,06147257995	-0,260962608981816	0,230792144898641	0,804075644389146
AAEL006708	54,7984863528301	1,43254118879414	0,590234461465638	0,0475686885530757
AAEL025280	43,0705724345872	-0,248781131353412	0,41210102930537	0,630451830398576
AAEL006707	176,762445712663	0,146451676414944	0,225397426442039	0,832400259955006
AAEL006713	1213,65823337104	-0,126148701920155	0,207354944251611	0,845793284528218
AAEL006715	472,670209955562	-0,182210293025458	0,306328842882107	0,761520041759048
AAEL006712	702,369819097183	-0,632946284426801	0,2009488456389	0,631317778816572
AAEL022413	1086,94378476604	-0,560167977793401	0,382136804312196	0,448541313990351
AAEL025796	112,377125658923	0,138377440473227	0,317623714369003	0,766141696550042
AAEL019921	783,24292938448	-0,536806173215935	0,206046322101648	0,709989768823974
AAEL025704	209,626767890638	-0,0672542270118976	0,336164874215268	0,771339501441612
AAEL005162	464,708474539865	0,326663958142305	0,209016053125493	0,805373598641813
AAEL023306	50,9867815273297	0,181693830834913	0,354059770848537	0,71882204322901
AAEL005160	234,79273314674	-0,270112508900917	0,230382351967534	0,802309483309808
AAEL005163	333,474295404084	0,141374790573715	0,221846247871389	0,835265074847233
AAEL005169	586,395768246627	-0,0137546918950016	0,162354635333243	0,866036898607638
AAEL022001	292,478942401333	0,368879114466099	0,299235917591959	0,687777924142277
AAEL008749	41,8021264240378	-0,09148781602486	0,315911140896678	0,780604224316675
AAEL008751	150,835230299186	0,5824927212188	0,27676730459988	0,553960596934435
AAEL000137	153,527533182976	0,0679878667727977	0,266888890817829	0,819764877165804
AAEL008450	84,3338918325352	-1,06278804522067	0,360286358092512	0,11401127801918
AAEL023560	67,1209938156777	-1,44478688543082	0,693715935362484	0,0570291452441392
AAEL027406	302,761013658684	0,176708579029566	0,391299964184804	0,686821675336896
AAEL008452	584,366228381765	1,89350351143911	0,366939522932518	0,000751043619063171
AAEL008456	384,186021362432	5,02191464335055	0,436417096704227	1,19143907698924e-21
AAEL007579	2,14977674278343	0,107497405388622	0,526934090997632	0,595582496012144
AAEL019779	353,170535664013	-0,0286152710447807	0,226500994473958	0,84784410689197
AAEL008419	277,252698131106	-0,0892986284359804	0,275736951063446	0,810203948270645
AAEL008420	64,4206376540048	-0,167376613841594	0,28246775553966	0,786354535962336
AAEL008415	219,017426347393	-0,113504508776634	0,212522945394001	0,844664684792295
AAEL008421	33,2889918638345	-1,09969350889376	0,589766178720612	0,115209232492611
AAEL008418	366,274125048456	-0,193712774385456	0,210413805493925	0,834014417181524
AAEL027597	616,6870749357	-0,417126914511875	0,312593646420061	0,640349670743141
AAEL002410	7,99697610744014	-1,54065068009245	1,17073431744347	0,0758487454165363
AAEL021839	803,549919649502	-0,328378284710874	0,280571112075503	0,730245803119931
AAEL002427	115,186962727398	-0,129662055451264	0,322001696377961	0,765550282493112
AAEL002428	842,824259648089	-0,739573745408828	0,36478927571764	0,32350788667686
AAEL002412	426,073418826207	0,0494105204303253	0,25438350183237	0,830421497141266
AAEL002423	39,3851131249273	0,720674042394108	0,512295279228119	0,278511328115663
AAEL002416	1943,38336700355	1,09164397116158	0,211693942456204	0,0785559292746101
AAEL002432	276,910194600443	-1,74944502180114	0,271900292685393	0,000271248255567178
AAEL002419	333,317783853356	-0,253086533245305	0,198668182288456	0,831261328212888
AAEL027185	3,49731573180691	-0,0845161190605647	0,499692342934623	0,632866923001802
AAEL002411	3796,48500300659	0,459196616829461	0,218906209778641	0,739427167367492
AAEL002415	242,395408872366	0,535058621264054	0,2086397238942	0,707137009778217
AAEL002430	485,194114436431	-0,249500362972192	0,19082334532711	0,837638878074238
AAEL025237	288,078469204713	0,00188079894109406	0,253556873197278	0,837764762900266
AAEL002417	2167,9544762626	0,398223823987944	0,237414149753417	0,74688214528749
AAEL002433	132,472268309797	0,144321483609115	0,245013786708107	0,819787030488206
AAEL002422	4152,74632931159	-0,774113464147752	0,339250356525505	0,308682517921305
AAEL002408	117,6315211722	-1,10933420124149	0,330173912949746	0,093247995196622
AAEL002426	1080,01075777882	-0,460190417161547	0,245675546375606	0,70074129958105
AAEL002418	309,485780033299	0,0417741433246833	0,264182245345926	0,825970470423378
AAEL002407	2770,06272194044	-0,066658189346664	0,185660277012913	0,859749963583543
AAEL009981	468,465908229362	0,452492713718849	0,164993639905474	0,811107740160687
AAEL024412	181,932198372375	0,260848815650114	0,245976153829941	0,790872186313538
AAEL023919	183,389926562901	-0,56738388003303	0,27208931219255	0,572853040745446
AAEL009990	161,978955381277	-1,01371932155753	0,465432139408225	0,143548948743023
AAEL002733	165,763003265436	0,0729191183185757	0,215889291087101	0,847938902557208
AAEL009989	91,624400843008	-0,741974290007338	0,417220586011767	0,294898288072294
AAEL002742	1275,20661327754	0,00945530801234087	0,34219129181074	0,782093996403566
AAEL002741	48,6129130792214	0,431384818931314	0,332837172955048	0,600055938126618
AAEL021724	5,21705182251198	-0,22574006597084	0,56240985950895	0,515788450912202
AAEL010789	243,18436278235	0,339342368600276	0,225512103746881	0,785077811331611
AAEL020573	98,7161874085955	0,0299738791854192	0,344410069653527	0,775230554334459
AAEL010784	379,341492277174	-0,634804316729579	0,333250337859367	0,433523456210778
AAEL010793	245,671246795205	0,210224042315453	0,209462691796734	0,831649131794791
AAEL010794	1053,47303016012	0,501457568814625	0,198536552142468	0,744719102496119
AAEL010790	109,039207995137	-0,410390573128978	0,300390046831549	0,661695721591844
AAEL010791	654,716338850665	-0,102978416921233	0,166655801422789	0,86290135207849
AAEL010787	20632,2885555166	0,0943202691960265	0,207611829076952	0,849408774501725
AAEL006589	1178,2973060991	-0,320549412899384	0,201156553370441	0,814263913469462
AAEL006593	67,6675403919727	-0,197778292838459	0,319957728072287	0,744107270747845
AAEL005247	12,8395347972984	0,419811644318967	0,502468328075714	0,449955287893741
AAEL025895	46,9685064816898	-0,248871405861735	0,48191661358957	0,565510889888744
AAEL018334	476,068860075504	-0,367097984327733	0,235669350065444	0,763796388000287
AAEL021926	206,179440958872	0,852531198251275	0,307340441363141	0,260862312741925
AAEL023863	484,511652346487	1,88843587503759	0,771461543156314	0,0223959108746631
AAEL005242	174,944118725115	0,510249042616558	0,272565120768604	0,623111117907104
AAEL005243	57,2324388266621	0,396439002107367	0,305496683218581	0,664328208656006
AAEL006071	416,310737479435	-0,791873049611057	0,32958937416683	0,297993749786985
AAEL006065	791,033170897397	0,223565076291162	0,198416589314235	0,836861287284634
AAEL025199	6376,6106336447	-0,401723887662479	0,322694605329235	0,638609893517098
AAEL006067	232,388076408449	0,175222432116692	0,267392205345137	0,796986727191218
AAEL013916	14,2001265411548	-0,136433648681981	0,524681826662141	0,585935361747627
AAEL006070	2849,0503975498	0,0321838005065817	0,236611620927295	0,842611372320663
AAEL006073	705,021699400309	-0,456829297331016	0,286025811206265	0,64929023364438
AAEL006087	1467,94992964371	-0,234018552542517	0,258449635097636	0,787800025771661
AAEL025013	242,73767784548	-0,0917297829167554	0,302311347355775	0,790812781133065
AAEL006066	731,621848447678	0,0552811478407413	0,192501312979583	0,858338919031226
AAEL022183	517,430361046869	0,0746820274580419	0,206343451284269	0,851711409809287
AAEL006069	588,451147105288	2,36732798236279	0,244406784665093	6,63324742995105e-10
AAEL026364	8,35560283538568	-0,148100767662237	0,517116446244416	0,586469613521429
AAEL006075	91,3560959370023	-0,247456039488455	0,298266750175078	0,745675006539328
AAEL021592	295,46914637015	-0,248467174293538	0,228834042354618	0,809217231909926
AAEL006063	80,0758042833242	0,294351045160899	0,36579528809523	0,655251638348961
AAEL027361	309,905903442158	0,481685957407824	0,211227658872931	0,737785193742087
AAEL006080	352,303393336152	-0,190778297629669	0,191019134595594	0,846311151469396
AAEL024207	160,351436269855	-0,138823133885435	0,457719848236826	0,64491382746607
AAEL019499	759,520555069436	-0,83188708420559	0,270418141217852	0,295414846742081
AAEL001065	269,394178044927	0,194436519683912	0,23253733640119	0,81862786660128
AAEL001088	423,477542592302	-0,308378011155564	0,269928875945035	0,749768768924793
AAEL001060	33,2224302907862	-0,147066056598672	0,383187139598806	0,70679802089103
AAEL020074	115,705967737365	0,395704592411064	0,50596097734815	0,46291342528986
AAEL013732	34,8652174203508	-0,650265090427511	0,379012954640552	0,387483295746452
AAEL013733	676,534524179974	-0,721313892849161	0,366977891844016	0,338084460589718
AAEL007646	37,5736647295108	-0,178273266146814	0,407914438557402	0,6706090618647
AAEL007644	97,6881039787354	2,13543729250455	0,416011628174695	0,000315968944792296
AAEL022229	549,111063809304	0,277026220421304	0,234819287352169	0,796537499358553
AAEL027751	822,457367950927	-0,481409242569586	0,218825830128946	0,72676798195285
AAEL007647	212,865643573382	0,0987033143444355	0,199115530168194	0,852458438876601
AAEL007642	313,488133657066	0,1112905879332	0,214936069941406	0,843686481391952
AAEL020347	47,2218993174207	0,61068945754442	0,462946607032842	0,364587262204938
AAEL020016	7,78564617904363	-0,296163839273022	0,527694910571773	0,503382787393885
AAEL010907	20,4371205123823	-0,287887327169226	0,421981615087846	0,593516993750434
AAEL019767	2948,68079625267	2,40994291623596	0,341041976508912	1,06277044113536e-06
AAEL019768	122,417542900371	3,07198777379049	0,410938384192662	1,62094076729141e-08
AAEL022578	2701,484300594	1,24707194092666	0,381537955911946	0,0553373413768662
AAEL003632	120,134201548368	4,89714585787974	0,579541245674769	5,94443801393995e-13
AAEL015465	1354,91175579032	3,36492609841836	0,367457747359117	3,47053743054119e-12
AAEL003631	140,772405554067	1,66131822971526	0,514037393494092	0,015055642045644
AAEL003628	40,8240843612096	0,198117553336479	0,393148795922507	0,675045327021111
AAEL020126	52,7032257401973	-0,0982279856853706	0,310571266307582	0,783118773019522
AAEL003634	1317,68805875341	0,137179111384966	0,182809625855046	0,855814251872016
AAEL003645	2616,7122082511	1,97801254435048	0,355058140022549	0,00027843888185501
AAEL003611	840,270835169612	0,764369262338679	0,264677680125297	0,37672762692401
AAEL003622	52,357861251843	0,265794034599914	0,357108029153185	0,677696097155243
AAEL003203	29315,1927861697	-0,502544830317842	0,309589253020753	0,577773332174045
AAEL024681	122,933150408973	-0,0410571511021024	0,275525683008749	0,819253857261779
AAEL021664	314,440316236549	0,272697405832269	0,327616439353528	0,705548572801346
AAEL003190	72,537663168647	2,26536722561903	0,561420797912164	0,00138197466512381
AAEL021813	151,355699238396	0,171775909669958	0,27491970375783	0,791641427698197
AAEL021106	36,882356627434	-0,381689172647881	0,413372219515352	0,55015738315548
AAEL027013	353,011140107071	-1,16638725678776	0,452049119271112	0,0876406684625771
AAEL003180	760,431606503894	0,376857765763102	0,165590379826951	0,831358445741561
AAEL003206	1213,77184286782	0,25691722502414	0,242367166704518	0,795916644914618
AAEL018296	223,792975730338	-0,196791270237168	0,211599797372837	0,832610910619412
AAEL021423	18,3726796127142	-0,756146652728071	0,59897102300477	0,241662779123462
AAEL003183	35,2299925211364	0,320647499781259	0,39611470456154	0,601459995664973
AAEL022637	839,672611556442	-0,077324224240722	0,217370623623518	0,846568783792895
AAEL021901	31,9862211556595	0,331631202758403	0,499342753433488	0,504854649588934
AAEL024684	11,8016741660429	1,37903165709426	0,780607688795601	0,0737287558055747
AAEL003184	633,731157438046	0,51106245495632	0,208000069905694	0,723964316775601
AAEL024958	159,004965176591	1,68015169092686	0,663892489741493	0,027241903362167
AAEL003194	264,376951907537	0,447129871743722	0,251101369872292	0,701738121554233
AAEL003193	3418,55098888568	0,337791824229089	0,239635011764267	0,770381891048267
AAEL021542	298,231759224287	-0,164243216054557	0,393514033475456	0,690050822710708
AAEL003182	622,419981198512	-0,0923746397512426	0,31157023774714	0,783849519995453
AAEL013334	2139,148383738	-0,304828750681788	0,308074717231725	0,711039300642866
AAEL013336	54,7781975618203	0,294962871714698	0,321279238638186	0,700151904573635
AAEL013335	281,633099339357	-0,57751494827424	0,297898047334705	0,526857344743497
AAEL003154	387,977249315912	-0,263031839170909	0,317464482891878	0,720280060757749
AAEL003161	3333,37083723756	-0,0891514975649109	0,231549281709602	0,837674865053231
AAEL003179	3867,86680674699	-0,243765210453854	0,235000868801925	0,805192906907109
AAEL009999	107,115844900991	-0,181238707113153	0,275236078659359	0,788742987587775
AAEL010015	757,950047116141	-0,385411507326028	0,178964472136752	0,817249114064916
AAEL009994	89473,1269867207	0,342980421605838	0,232809057003579	0,775877942080816
AAEL010003	309,975398513316	0,233562801497808	0,208293838619276	0,828254871983346
AAEL020002	788,744271629863	-0,516695885733537	0,441186491278131	0,432968073206572
AAEL015644	331,948568014418	0,601332337973635	0,213647163584943	0,641090671728714
AAEL017329	620,339211226686	-1,70275841048631	0,329633058385642	0,0019195046400664
AAEL006859	407,621555815483	0,489903150425903	0,347458434076462	0,542498620812446
AAEL006860	30320,4490222604	0,428780083819836	0,270164934454773	0,688918187512118
AAEL025042	407,173967477369	-0,438104942356247	0,20566515945904	0,767644478290651
AAEL017213	1905,59456475677	-0,146630906225117	0,157343336429999	0,863247043397429
AAEL003160	4565,37242697813	-0,0683816077608658	0,273058268950176	0,815988056908697
AAEL026858	67,731766987097	0,113894500811595	0,316882572502336	0,773613440298996
AAEL015442	282,29722657896	-0,186449581472841	0,1849610627755	0,850194436968372
AAEL003165	65,3098900089074	0,434190309189562	0,429231777266417	0,499820162218563
AAEL003176	109,140199370147	0,229734480309697	0,344744845364621	0,707925199696304
AAEL021475	200,239078765182	0,222563992956345	0,233715535971787	0,811641104859917
AAEL010007	652,869398819394	-0,0101457565324268	0,195330610270148	0,860191842891039
AAEL009995	929,430906409316	-0,143833861581847	0,184220446040981	0,854827960650565
AAEL015575	2941,3528879309	0,255826509841291	0,18786180475435	0,838747118445947
AAEL010004	3500,5874621151	0,188894385092323	0,155884430169055	0,861487830933685
AAEL010005	347,566558050225	0,207672919370522	0,214249634033556	0,828996483498627
AAEL010012	3313,98589578449	0,309311019870277	0,136253513738508	0,860205189712739
AAEL010006	132,89768687468	-0,256486034233432	0,242765970509197	0,79563321615607
AAEL010011	301,800118529452	-0,135972804796567	0,216296258666254	0,839717673293114
AAEL010010	280,003432153783	-0,0693671611280782	0,232224663204494	0,840067718671048
AAEL010001	221,569879335155	-0,252735850313025	0,297298222721002	0,745023953843821
AAEL000122	319,036472639912	-0,204085380181253	0,338535418552566	0,724014861789406
AAEL000140	316,172366927443	-0,128814935166812	0,167830554815612	0,861304162726226
AAEL000148	90,6009058342159	-0,173850643035403	0,269254882571721	0,796029800695852
AAEL022574	388,633899253732	-0,11656207107761	0,204399988875218	0,848489533650421
AAEL000134	67,4502816331328	0,506349098504953	0,343582811981303	0,53354873007171
AAEL000107	192,876795632768	0,0580022723322136	0,209044918744665	0,852041032079117
AAEL000157	375,407089007457	-0,182656352636935	0,272953646944596	0,790187042525575
AAEL018111	460,619221107317	-0,0690202747891923	0,187233556714537	0,859142880221022
AAEL028112	250,695424469572	-0,339126984868779	0,19542519348787	0,814451847825389
AAEL000138	1999,7230566452	0,271457993912508	0,270565461412723	0,764583147618056
AAEL027562	328,536775576973	-0,0747508765045963	0,241536909755888	0,833863818717098
AAEL018110	559,131793429174	0,0544443994651578	0,303007064049315	0,79925885667071
AAEL000109	59,6021860793625	-0,796125409389076	0,762934761683821	0,210789276792341
AAEL000147	859,706747194544	1,63051144243957	0,331762193919596	0,0036629093691803
AAEL000116	222,842741456209	-0,0363815624772899	0,191355713468756	0,859843928797458
AAEL000118	548,068324567573	-0,175181620334606	0,168821760154092	0,857926595584906
AAEL000154	188,537517534826	-0,265598565293356	0,474343028278718	0,562229025707536
AAEL000149	656,57802929473	-0,339624256952089	0,217950578068325	0,792959794420279
AAEL000115	310,430336995141	0,284250437018891	0,21427433422479	0,812171503756565
AAEL000106	254,738762086112	-0,245481601290118	0,18817650227957	0,840172434944171
AAEL000119	158,850999618966	-0,315918241084294	0,243213407350281	0,774785482965039
AAEL017533	17,2011981455774	-0,919963522348414	0,634273971859215	0,17637663149767
AAEL017443	23,8845012839967	0,478540912847595	0,490096161794006	0,424720263887513
AAEL000101	334,669694812466	-0,799803938382857	0,393220081561015	0,268161781583741
AAEL000127	45,144972910196	0,334404430839696	0,539066362168584	0,474373429425697
AAEL020570	15,1483078352949	-1,72280775813457	1,15968978817239	0,0584872661332464
AAEL000146	27,9630905622405	-0,241872165202111	0,519050308009753	0,540450863864438
AAEL000143	608,622261449928	-0,271181279729815	0,211726611176083	0,817658112009953
AAEL027575	2146,73881304124	-0,102246722137199	0,316719804303608	0,776791767476166
AAEL000111	1308,04825590279	0,474496241935994	0,213411852804036	0,738517338540149
AAEL000102	2770,27751657283	2,12186292216535	0,250230206620279	2,65380391543358e-07
AAEL009385	245,791006404897	-0,907974889044066	0,278699371914301	0,22419383342237
AAEL007518	476,961537063187	-0,396677489930535	0,350399077904455	0,603054501823857
AAEL023877	40,8861874451381	0,256772917462331	0,464144919428699	0,575996641094318
AAEL007512	573,360964801246	0,0437170605656248	0,151353623307039	0,866354781297074
AAEL007509	494,280554881322	1,00133009787021	0,167745108214264	0,147132237947615
AAEL018141	116,644161560427	-0,225241973897089	0,255658840925982	0,793018009175168
AAEL007511	21,6488740452402	-0,0502484791630592	0,377713954390697	0,745110930549831
AAEL007519	136,812117303612	-0,983456995257366	0,549088157642431	0,154624119892141
AAEL026347	155,319739764525	1,80613247446292	0,325569300056377	0,000672479142266399
AAEL014567	27,5835602246797	1,93127140613181	0,604094803635084	0,00847748780147956
AAEL013026	32,2692786332492	0,233553289592721	0,382911922100182	0,668562247611331
AAEL027166	5790,0530156225	0,0103236205746199	0,344791958480095	0,780081402859437
AAEL024256	150,400275054455	0,161221315642647	0,249130148467084	0,813626847080953
AAEL017135	1110,3055914759	-0,254621189319041	0,202558991505596	0,828295122545861
AAEL009317	2898,91525135599	0,157760537854529	0,299569929613579	0,774716857815941
AAEL009308	511,698538582265	0,00291349660075721	0,206593012502376	0,85723403049395
AAEL009313	7840,94172033592	0,0155640876590681	0,174269029652745	0,864462175037717
AAEL009320	4098,71568294217	0,268516424075496	0,167380150314396	0,849609822462706
AAEL009311	855,700900715894	0,293632293053971	0,213774598487633	0,810302066313571
AAEL028224	45,7208757359719	0,0382574890991945	0,28815934843828	0,812051215879371
AAEL009307	828,798441939993	-0,149796730998507	0,184735322536256	0,853857262107802
AAEL019734	178,176696639175	-0,103549645623944	0,282479678695754	0,802628097648091
AAEL021135	65,0270102815791	0,221082189907857	0,403468923080426	0,655708450085349
AAEL005817	39932,5831663865	0,45205415016258	0,259240462789993	0,688791889668391
AAEL005811	87,3447436453983	-0,238552450881526	0,320940411575144	0,727065197833222
AAEL005798	3048,25548887878	-0,0584897336028061	0,209557027523666	0,851951280427245
AAEL022008	394,904954871067	-0,12003767644348	0,314034246188141	0,774097448856207
AAEL005822	714,00682013712	0,207457187580106	0,212941990115182	0,829830623876994
AAEL005803	23,410227179045	0,0819306832015056	0,360938051178525	0,747865533943979
AAEL005793	610,181765553049	0,836092191169829	0,279971708126407	0,288174597412328
AAEL005813	1368,9907893541	-0,383607241346669	0,339303950795217	0,628708395597165
AAEL005802	1062,56492227024	0,0178418504341611	0,255066279995973	0,834576744251155
AAEL023850	4901,9874090202	0,17265171135887	0,192313835606011	0,848143888831224
AAEL005816	527,507624415862	0,0405479708440823	0,151164137471158	0,866403552474368
AAEL005796	970,318719567447	0,232859765677064	0,140856816930856	0,863387381322584
AAEL026710	66,6547630528401	-0,29761067149944	0,365690083074832	0,653720697238194
AAEL005799	585,201680580774	-0,00471030681168523	0,248270954324985	0,840137544744475
AAEL005819	771,447713298502	1,38692357122347	0,356275593724252	0,0244592488434011
AAEL005792	166,480998838229	3,03163335333188	0,333272140035372	3,74813188894948e-11
AAEL019781	609,710761233926	2,60595301335208	0,320445029235946	1,88540877532244e-08
AAEL005808	383,779280419373	0,841728191349022	0,239963591256555	0,305906855520738
AAEL015247	1630,01970215567	2,12165183948188	0,421803753419528	0,000393323361876101
AAEL026928	106,686703948157	-0,465175532103654	0,360666582634101	0,546545981422141
AAEL013240	198,143047753954	-0,031516898270482	0,267260296059379	0,825825686239604
AAEL005791	801,771796588941	-0,135632110914764	0,146048519629566	0,865594248620319
AAEL024332	301,708568330037	-0,683824443380709	0,300200803838646	0,422247309699046
AAEL013244	71,4101722647599	0,689531510175944	0,369459468742271	0,364367785604614
AAEL013243	177,323108003513	0,452996254259697	0,284397006686675	0,654181171678979
AAEL013245	339,043486397053	1,30721148995049	0,478789320511701	0,0567883906810152
AAEL019601	159,323097639802	-1,43141402489577	0,564188734012605	0,0441521413528176
AAEL013546	753,426881921138	-0,615878010545151	0,269209466389055	0,529555621129893
AAEL013545	69,865406540041	0,46232840943621	0,353628815568785	0,556747333829397
AAEL026044	327,120166277641	-0,920050935540766	0,429931096626901	0,190526223548172
AAEL012704	87,2668036256663	0,0454431893168265	0,283262446394864	0,813934121892892
AAEL026023	1844,0191463695	-1,77683738822861	0,524777041695615	0,00995139701024059
AAEL025252	39,6282688125176	5,67253148977823	1,33820355273357	1,65804456525031e-05
AAEL021449	19,3370996854831	0,0446804762802203	0,45727376922002	0,684180213214858
AAEL003777	1135,06626171809	-0,712674109416805	0,270588889058499	0,423581087746697
AAEL003801	1105,64360854448	0,395535041492154	0,162303541882301	0,829929387588593
AAEL003794	77,6945934731101	-0,215346938282761	0,332059175299679	0,725822799086755
AAEL024720	1652,04175132442	-0,231512535847496	0,242782875450319	0,802176428723077
AAEL018307	172,989989260824	-0,170133398087375	0,216141631574606	0,834296056156932
AAEL027937	44,5839782462976	-0,174842310727502	0,484027156781694	0,599047410345399
AAEL023584	13,2772273172973	0,359885876244973	0,664184938536997	0,396741176812847
AAEL003785	1998,61741956675	0,122492004118123	0,188140950047931	0,855072210192493
AAEL003797	18,5991640020896	0,0303895330579446	0,428245196825727	0,712300418599041
AAEL019560	2140,09178151447	-0,435362627061851	0,253462165855104	0,707080559397171
AAEL003773	65,7538266240102	-1,35334768360058	0,372059036482525	0,0316585048375641
AAEL003779	977,497251529049	-0,59681069597047	0,250922210766325	0,577883896985219
AAEL010465	357,890621805685	0,456171061858232	0,26168488303365	0,682549326589432
AAEL010474	283,229424370621	0,0502914745997973	0,178268842005083	0,862515195087235
AAEL010470	1032,34688223752	-0,455449345149598	0,263060839482721	0,680969112815012
AAEL010473	478,160429759267	-0,436272468996444	0,201810509453704	0,773092592645019
AAEL010464	13224,9770057779	-0,405466002641299	0,168698347109625	0,821237300604782
AAEL023327	284,818138978786	0,392460201208657	0,287482613075016	0,688665495239448
AAEL010469	452,980066365084	-0,176235053867816	0,273468361730283	0,791611944074778
AAEL023675	608,544544244167	0,246001249726949	0,179466304784349	0,845484148465321
AAEL010468	333,655500445874	0,352012445252706	0,347881049561774	0,640184581197092
AAEL010467	3394,26505317806	-0,37504904376196	0,359932700074751	0,606404702464293
AAEL028161	243,429653437836	0,00848639412778533	0,194718846521853	0,860405086696203
AAEL020215	34,4741438451967	-0,148467544057977	0,374557770900377	0,713442942037431
AAEL010471	10,3527880071268	-1,27336674346081	1,45323937960798	0,111615135268708
AAEL010462	23,3133089674892	-0,386911842498124	0,703369818067162	0,371781552545714
AAEL024359	37,9975797093975	-0,766328067657946	0,716376997782703	0,223343713755508
AAEL008422	401,591482932542	-0,849447688752706	0,247304867888089	0,293348173962637
AAEL008428	1280,78287073634	1,2891334497948	0,406766818223894	0,0498840357900317
AAEL008427	474,956579428241	0,125521724672496	0,276089201475185	0,802256282479874
AAEL015151	760,756728194306	-0,0621836433040341	0,275374039144995	0,815687463414439
AAEL028769	3,08115236677019	-0,0187379080764279	0,520771107804515	0,645877527816503
AAEL028996	14,0447068744194	-0,321197246564825	0,491258669484856	0,516915840175513
AAEL012926	36,2206985658423	-0,0741785702124726	0,351570459452147	0,757630168361771
AAEL012924	453,453704719001	0,0309812770505292	0,239340730702344	0,841384086646565
AAEL012925	846,869950878416	-0,312017870198554	0,289919877866122	0,727262995345394
AAEL013462	89,7417110866402	-0,242638580106608	0,25865424424046	0,784952460094886
AAEL013461	871,883257019419	0,277697735895256	0,179111745101259	0,840901633405814
AAEL013458	5506,13587870431	0,0452574135794291	0,169396665123573	0,864411975846311
AAEL013460	513,893371329835	-0,779565707097582	0,438511828682434	0,265737546241228
AAEL013463	339,988409401531	0,160436887251357	0,194457940055183	0,848379726361791
AAEL009911	530,573002188055	0,0416668240629742	0,239648610847495	0,839840363044852
AAEL009912	893,679669704278	0,31459249161057	0,217819455342776	0,800782148958612
AAEL023347	3372,53091251557	0,164101405351059	0,203153549029034	0,843167562620196
AAEL020387	381,842221240138	-0,156858957592404	0,221538513063886	0,833068686373894
AAEL009918	359,752436592513	-0,385615938364578	0,257767646894546	0,728933213261605
AAEL009913	1475,51582592448	-0,0989001076410705	0,170057886909365	0,86236012252322
AAEL009908	389,00874990643	0,104449362773158	0,171834060186339	0,861566397056524
AAEL009915	19,707059218752	0,115671159042066	0,430487787697552	0,677290874386662
AAEL009916	503,506722284905	-0,173551340846733	0,195514812560539	0,846020279587093
AAEL009899	2353,62118263572	-0,809563487176727	0,308780544306776	0,294639885414796
AAEL019534	3178,18962313458	-0,463216256236964	0,220668072390469	0,735145431023192
AAEL018187	1778,67855986809	-0,290071305350576	0,254657413466524	0,772604344403698
AAEL019439	1767,4880493258	0,464075150212174	0,241386730744501	0,705605586495485
AAEL019438	521,682314660138	0,252968340767956	0,257957955517391	0,782222613241894
AAEL009904	422,637349872747	0,225292008599447	0,283185197152155	0,767935563322664
AAEL009906	928,118644152445	0,805450003189778	0,213287331886715	0,383931209476958
AAEL009898	1415,2968829555	0,685784712753203	0,247016645730516	0,484314983164939
AAEL009914	629,052136920544	0,0866425672788419	0,174466478647928	0,86180156157711
AAEL009909	931,654106813247	-0,490319088772342	0,21684438363136	0,723913754465968
AAEL028094	11,8532675088438	-0,818697662361652	0,956138349317411	0,191981913470634
AAEL002999	101,153917011775	-0,0204130899983929	0,236416252482143	0,843969596216135
AAEL003018	424,233036350609	0,241346741273673	0,284120411570929	0,761673131286825
AAEL028229	20,522499572251	-1,69522810877007	0,586880211481845	0,0201639994573592
AAEL002996	479,921166185683	-0,498745935980791	0,284027394526617	0,61427302718493
AAEL003000	33,9081803091628	0,536055706039151	0,454845505109132	0,410995121988469
AAEL003012	175,471430832216	-0,151324068158434	0,520520603637836	0,582161058241913
AAEL003002	31,437310810919	0,0771935868321171	0,36928268304743	0,742919334082859
AAEL020634	842,728476436891	-0,0103223008531975	0,257764523678328	0,83431479821309
AAEL015609	81,4924607856522	1,3734180718871	0,61485626420326	0,0604528569027661
AAEL023182	1721,66941585901	-0,314983178374148	0,283852010714683	0,732311732281064
AAEL002989	247,031780409263	-0,117273882382392	0,226115523421901	0,836606512143774
AAEL003004	266,046511760067	-0,16324173405643	0,326933203452347	0,749558638449675
AAEL026789	84,1402411010666	0,130204530508087	0,388194280443758	0,708709571025391
AAEL003008	290,959448108032	-0,0340979661793493	0,32494943343022	0,78856111713383
AAEL028049	52,4252128779362	-0,193411470394142	0,300562209455759	0,763457631643868
AAEL012038	327,270838505563	0,164532430783501	0,184921747205712	0,852324529352099
AAEL012040	281,605636177625	-0,271478875948832	0,263316966097844	0,770737456189725
AAEL012037	329,095595436125	0,853322421522282	0,40669025965953	0,231252377688403
AAEL012036	218,748815551065	0,518123902434139	0,301496579153741	0,574990960296992
AAEL012041	1009,26109837373	-0,36240586631511	0,294417145371558	0,696752567865582
AAEL012039	549,728911779215	-0,354967192126654	0,268851723949064	0,731017992373478
AAEL009722	2099,8174070994	1,336920773364	0,326863103592492	0,0265338823138874
AAEL020362	726,417633526612	2,89091091016805	0,30399088518174	1,86029784257481e-11
AAEL009719	1706,17441663753	0,0407393038336861	0,1745820907486	0,863629105975334
AAEL009720	488,315116055697	-0,29214448514118	0,219065677459544	0,806093073214382
AAEL009725	365,521865260475	-0,267519778054022	0,174932660140916	0,845059108356764
AAEL009727	235,489587032915	0,00266079978426132	0,205413713739399	0,857567302321147
AAEL023391	262,302130948329	0,0560702929062371	0,251318911656667	0,83112517640384
AAEL000982	352,70269288026	-0,023333897472724	0,204374481442762	0,85656278663052
AAEL016982	3642,47694106441	-0,321427146006179	0,141489025889502	0,856857230784387
AAEL026867	95,2292239879738	-0,218739279998412	0,457108709355103	0,600257070792152
AAEL001005	22751,8327253502	-0,138827389746722	0,175396601842832	0,85840740705234
AAEL020286	21,6269475149644	-0,283288941435484	0,45961823385982	0,565743604215314
AAEL001009	1934,65263826785	-0,201656284293384	0,236098467744651	0,814428376598174
AAEL000983	554,158901556038	0,185631970050452	0,199506069651404	0,842306332495535
AAEL021520	142,578865478246	-0,494591693014334	0,627253603367878	0,35415338261064
AAEL000980	310,621537008729	-0,247570846243586	0,18822251278352	0,839770277576802
AAEL025533	437,86331041635	0,412191243853275	0,188662186742246	0,798819426503542
AAEL021176	1158,02064958683	0,8700993264116	0,216549543396344	0,292573720339504
AAEL019505	25,7537629686556	-0,673237607784052	0,770233639049912	0,247760795585616
AAEL019506	2557,17592718219	-0,216638787342964	0,18533755323092	0,846004087781324
AAEL026287	47,6054874951597	-0,11774299409733	0,30899481194734	0,778896129281635
AAEL007078	5229,45844114162	0,466060804969309	0,153394660198668	0,819298407703341
AAEL021734	33,7801278392296	-1,44677263055379	0,547579119066646	0,0394639022770304
AAEL026589	36,8627425006298	-0,428474710047173	0,458759548034587	0,477615156391298
AAEL014763	7,69128945653004	0,24079355941608	0,551059965445046	0,515929617708791
AAEL014761	69,9178089722077	0,222528707951905	0,342232411977803	0,713225940530819
AAEL014762	5173,18507700849	0,21948228093973	0,254086322255205	0,796312158985291
AAEL020431	101,864647593118	-0,659600736540297	0,375626138567917	0,382248478373146
AAEL014408	707,659228712221	-0,503073821200065	0,198554273356222	0,743580608073889
AAEL012437	1188,29250345175	-0,490851054407178	0,204018919303521	0,742387939503226
AAEL024953	1014,82326757132	-1,16260632363931	0,300347042764791	0,0685985379603789
AAEL021288	2670,378749996	-0,494840664290602	0,376761188330358	0,505734005076057
AAEL012443	129,259906565112	-3,70197674147393	0,462072694750866	1,36018759264537e-10
AAEL012438	132,946811545774	0,119604802192233	0,262025012321201	0,813342317870498
AAEL012439	1165,79787918427	0,973434932135649	0,256353630556841	0,169538940155874
AAEL012440	2203,51940559545	-0,0794780596045637	0,295317142051713	0,798956952813074
AAEL024070	461,903313337933	-0,041878866474694	0,23289659620522	0,843133965825313
AAEL012448	265,536404151615	0,116313732177452	0,180008408569771	0,858380019791868
AAEL012442	802,583279794889	-0,379770131466882	0,213419183569716	0,783309869656716
AAEL012446	2617,31860117524	-0,588484259002633	0,252258509431535	0,582704010477686
AAEL014946	411,22050735155	-0,0890466774880776	0,247315397390931	0,828395667120592
AAEL014945	79,8914547182393	0,192308881619608	0,367128076909871	0,701504144575369
AAEL022490	1277,5052489444	0,518777383702505	0,261699866946818	0,634488807983357
AAEL024602	301,2429205979	-0,37391667578435	0,185802507778248	0,813863302018657
AAEL015048	570,228438695553	-0,433693046333906	0,250106593513336	0,712355013096628
AAEL009579	214,730482752503	-0,00295419769083646	0,237241388396591	0,84553304170484
AAEL009584	545,931305098214	0,296693356658676	0,187664962346448	0,830813149395585
AAEL023148	2947,56301714486	0,122886175672637	0,171009130584285	0,860776702316351
AAEL026027	525,679460005351	-0,285875239013252	0,240602762958219	0,788257324222934
AAEL003100	134,112456157925	-0,191907923489428	0,42835785958471	0,646437295523978
AAEL003107	203,628427509608	0,191769976056911	0,24973796618615	0,806501841826724
AAEL003109	3531,18162750276	-0,123939884947423	0,148804228076838	0,865446047848911
AAEL020196	174,366375178832	-0,57744336053568	0,535134863718715	0,350311348235159
AAEL021950	1714,74641928668	-0,128886757786117	0,151450049472639	0,864924761449431
AAEL011261	864,698940504993	-0,283751016940474	0,272730696205783	0,757075908938822
AAEL011264	1849,24927387664	0,0859174655601432	0,353694928627033	0,752181890829749
AAEL011263	469,832490462791	-0,246757642700105	0,271645261815466	0,771091968806343
AAEL011260	0,364889441345186	0,0467805800981698	0,542129703940708	0,612286745115171
AAEL022734	191,861867253397	0,184732088746968	0,266189917327901	0,795661593951055
AAEL027424	130,731571178449	0,327712212573255	0,379430176200091	0,616705165986943
AAEL026218	1119,17361022049	0,0760416087512518	0,18392408706739	0,859709654198402
AAEL007493	115,981859560877	0,62216352837114	0,327797419748442	0,449072313132925
AAEL007501	871,557788683849	0,0975729740281683	0,180396471355961	0,859480795998216
AAEL007494	1838,97126651058	-0,00954551955485778	0,198066587908832	0,859440331728671
AAEL007484	3572,18286387518	-0,0592670627012624	0,172573300128388	0,863438341909546
AAEL007482	244,404337790834	0,0143521611629672	0,217482139182921	0,852562422991499
AAEL007500	142,954899561072	0,152688303660933	0,263643919972447	0,804856457752442
AAEL022232	195,621701814706	0,258052340829222	0,263582309465075	0,774991113959553
AAEL015338	585,279808396698	0,296133472153174	0,184030071669558	0,833694069082775
AAEL026845	19,9323173280529	-1,09291575462278	0,806371471337478	0,127160127526441
AAEL007480	553,662989300889	-0,0626995869457978	0,209996380009024	0,851335052550204
AAEL007481	159,374562224332	0,600084289525929	0,353225880788085	0,444088509275858
AAEL007492	95,4020803407714	-0,044513081378504	0,241079066053151	0,838853566632333
AAEL024337	314,197838547158	0,455196046575753	0,203492159801682	0,762663526446331
AAEL007487	384,848342996825	-0,442201798676042	0,196436666259241	0,777195606585616
AAEL021513	29,7103620450778	0,15558471398385	0,389158916000363	0,697293948602569
AAEL026565	13256,3038259836	0,305276341447264	0,286175545905887	0,734348363971185
AAEL007495	518,05673060628	0,716365954969652	0,281698400451209	0,40643020540615
AAEL024535	1948,87840665789	1,42648500983678	0,263303760790448	0,00659423360549543
AAEL021555	1260,18772502128	0,31587411736776	0,338249882084194	0,672146433510998
AAEL019433	18,8715364666111	0,209948633813595	0,485444593176473	0,581834645593556
AAEL014544	22,2031205862678	-0,554908479863079	0,564616709089028	0,349857983604023
AAEL010891	136,353908968438	0,204862937451279	0,274936250408582	0,781868557979911
AAEL010885	538,269912056642	0,268381206973931	0,189089338552136	0,835190936178631
AAEL010892	530,525273746552	-0,304041593767573	0,219396908323862	0,802548538099112
AAEL010895	500,785149552388	-0,0636108353923394	0,225826192239992	0,844052670459926
AAEL010884	22614,5727504002	0,242117991781003	0,258499888699157	0,785171732658956
AAEL010893	1509,0022684512	0,0324730605859186	0,228654709051584	0,84613352707518
AAEL010894	65,1577540547005	0,330406522710472	0,463512284113325	0,535652412109807
AAEL010898	222,134016778552	-0,138082216662909	0,223436830636284	0,834800614366683
AAEL010896	400,665402119409	0,0275989836067924	0,198867706781252	0,858036782998122
AAEL022113	2014,01508572232	-0,373095133436725	0,24018982251078	0,754793722572137
AAEL022693	313,403095247026	-0,692535033847844	0,251073794052285	0,470599896386385
AAEL023907	430,429732383991	-0,221989474378883	0,180134413685508	0,848411116095157
AAEL009208	665,783401128648	-0,280940466832377	0,216193398550232	0,81154435171262
AAEL023582	148,320453477908	-0,329722309984188	0,298195133540742	0,709878880718423
AAEL015533	809,045654471928	1,56565726849515	0,367285394350458	0,00857065241595313
AAEL013723	648,649164418682	-0,790663227501326	0,461213122975275	0,254612713587038
AAEL013724	560,585451690248	-0,378337984381226	0,307551246331808	0,671937553893162
AAEL013725	514,816302084268	-0,146508067926938	0,273686918571664	0,799121738563319
AAEL013721	291,521941612176	-0,0313160012426143	0,272440237767247	0,822664595508341
AAEL019700	1616,61135707585	-0,503607402568778	0,436222976140915	0,445875956001408
AAEL014045	444,327178186728	1,0704346817385	0,238600032647266	0,0997454273521157
AAEL014044	66,0456832806491	-0,057144461201507	0,347257611512303	0,76639956527406
AAEL014046	337,925805683349	-0,361951099851566	0,250377852695992	0,748248396308014
AAEL004561	36,7886291588103	0,230958339041091	0,422997551753657	0,629058350079619
AAEL004572	57,3845150069295	-0,910598552287429	0,513478434433296	0,186425673349475
AAEL012865	3894,32993858743	-0,149071596948628	0,173493898768772	0,858270364725744
AAEL012866	707,831657893411	0,451917968666147	0,323731197766314	0,595273956239337
AAEL012867	72,1822709407175	-0,0794762588961436	0,32388493165267	0,777564543744921
AAEL012860	4000,37297324139	0,166388084974488	0,408388821723375	0,675250627309106
AAEL012863	623,743160908766	0,618579669448236	0,265966832638935	0,532357745764749
AAEL013851	128,175509003697	-0,00815010774177569	0,421604354008666	0,724317759287369
AAEL012868	29,1361989947707	0,223949512191482	0,345945613272588	0,709044556658861
AAEL012859	566,156276219424	2,60488485168983	0,389860889353159	1,21525308029906e-06
AAEL012864	105,749401316462	0,0018418349657522	0,352676786188535	0,776420333134117
AAEL009640	136,834330733001	-0,124198630642197	0,25088045750134	0,819698384620355
AAEL020040	4,21096048706784	-0,103865032001535	0,555152387822285	0,578987539456156
AAEL009634	1909,81822130072	-0,44449150761407	0,239816826005386	0,719448669953052
AAEL009637	6478,83838487892	-0,30209975995081	0,261792176044478	0,761021166194232
AAEL009642	12757,5654200571	-2,11988488987066	0,404299905579566	0,000257057169972883
AAEL009636	1366,6137253477	-0,353923102337924	0,234550333461088	0,769452393975348
AAEL009635	230,678816726591	0,0595541154452405	0,264413184114507	0,822750370830061
AAEL009639	412,408937345371	-0,392330321170388	0,31167048328045	0,658800482862607
AAEL009644	309,736128954898	-0,0379131510324705	0,209657438968604	0,853696652022283
AAEL011253	84,5845678130516	-0,448611098303459	0,256588440000431	0,693957122046955
AAEL018215	1282,30079623945	-0,478098433703092	0,275743714974961	0,647789773279225
AAEL011251	1180,04499102583	-0,0327438459191458	0,229583365455725	0,845777045014103
AAEL011248	416,199397718231	-0,783977589627517	0,340440701904674	0,299277050899574
AAEL011255	2936,32613192941	0,349030891623476	0,192379167684603	0,814615981471029
AAEL024493	18,8769847770669	0,544722459970205	0,652358632356577	0,318373556738002
AAEL011254	1231,38992797848	1,01958523245392	0,278675303785345	0,135790972672399
AAEL024793	410,459971015999	-0,118218971991417	0,232117562492367	0,832782869478219
AAEL007248	185,675343021018	0,111487611063832	0,230416328282522	0,8347074085724
AAEL014527	106,041341852453	-0,322201001208086	0,543872493937141	0,478098329442254
AAEL014526	2450,40273415422	0,131978369970473	0,202904081100028	0,847463740134402
AAEL014529	1462,50039663497	-0,0194124649609851	0,210881926763808	0,85487112329856
AAEL014528	1645,41965066895	-0,00692873194301209	0,193258619069705	0,860842854152807
AAEL011326	319,988752598407	-0,489076076066174	0,261316381192764	0,660365221278567
AAEL011329	861,798245684643	-0,0344306875551322	0,240425763489334	0,840416241161036
AAEL006191	1228,95774653724	-0,502254249131305	0,200236922481676	0,740915515577747
AAEL006209	445,817693389466	-0,793741175156646	0,282547832218647	0,328341178743679
AAEL006193	223,823028475923	-0,209735332914454	0,274888957315545	0,780506379541126
AAEL006189	1206,68667258295	-0,0716391062862323	0,181876619437631	0,860551314881283
AAEL006208	1387,92107291817	-0,882346186314307	0,226826823407414	0,27163995422417
AAEL006196	3269,98944034955	-0,33552373809021	0,146337319558159	0,852666260714084
AAEL006197	42,2581320387323	-0,523467265990556	0,423966183279354	0,441569000815899
AAEL019752	35,8134659048167	-1,84739071715005	0,546965571874027	0,0081048923070516
AAEL013424	50,7433840827879	-0,196389421694684	0,459548239417817	0,609221623089723
AAEL013421	58,1087780198979	-0,436721616509981	0,378952296218389	0,54742270237448
AAEL002543	943,110090688707	0,275799904074197	0,164828793615602	0,850010313179942
AAEL002547	122,308677671749	0,537711613071307	0,285351434821305	0,580086469674524
AAEL002563	525,827753842271	0,104302257614507	0,190106606621583	0,85565791573977
AAEL002539	2521,11006803032	0,732407489035846	0,227459360274159	0,456421236312789
AAEL002551	5255,03682940747	-0,352738105305492	0,303359684984787	0,691487460515636
AAEL002556	229,363654252605	-0,315669538655744	0,287095800350945	0,728982040530345
AAEL002548	1463,0922779225	0,0219605044207742	0,236587300018902	0,843669795606488
AAEL002554	3569,23217938332	-0,384587218453882	0,23410022650159	0,757313743397353
AAEL002562	520,00660283799	0,11996211748683	0,209772385555902	0,845369943934253
AAEL002550	930,781421495504	-0,404847212037547	0,315479472646185	0,646596915643541
AAEL002560	1665,67378749313	0,94547864311413	0,207627115423839	0,208785806153434
AAEL002549	227,499451008962	0,206765960764831	0,409604263674097	0,656921171417085
AAEL002569	1179,73380993998	-0,237772687839219	0,214528783665538	0,822535777620131
AAEL027912	258,294841284876	0,516498341593331	0,246922880001156	0,660809726157487
AAEL002555	262,003145102393	1,06387671820075	0,246162415361066	0,103744997273944
AAEL002565	4614,75439291803	0,170350318668458	0,259616130286341	0,803787803932459
AAEL002571	49,8194264415958	-0,0441682404470201	0,304041806918664	0,80064706221778
AAEL002544	400,287039315772	0,44920599862437	0,212599510466982	0,752962804849867
AAEL002542	4483,51898945693	-0,475403056000367	0,296569787647904	0,615586344722348
AAEL002541	98,6515782863991	-1,72620973600104	0,315957012414931	0,00117370412384759
AAEL002557	2269,98618445177	-0,73175369040707	0,179467025313019	0,550033681295499
AAEL002567	27,0447237274502	-0,830273039310827	0,544960339533083	0,219367008480984
AAEL002546	326,361057827277	-0,378724052509172	0,329882805440975	0,645476603651912
AAEL002559	1492,40255037797	1,49742940745922	0,514749675403829	0,0309024100890296
AAEL002572	9278,25702203364	0,193893878681232	0,221468567376495	0,826506151356831
AAEL003491	1406,32382173197	-0,0469558274059822	0,277463642058727	0,817294647905893
AAEL003506	58,1439204909733	0,607660259000721	0,318148299884993	0,473884105561093
AAEL003503	2130,43057045729	-0,119197104154888	0,331588451325494	0,760094834661454
AAEL003490	161,432723686619	0,24026480512096	0,205540115879657	0,82885666799348
AAEL003495	544,410225932805	-0,119356522896141	0,246365291164678	0,823624836607072
AAEL021538	136,537008058164	-0,560251788735133	0,383573484584095	0,447831728968486
AAEL010924	274,619428257943	-1,06908203244611	0,211456057953521	0,0935306529942109
AAEL002766	297,641053473117	-0,169566226707738	0,189567343666958	0,849841135220619
AAEL021418	159,389108667972	0,0669855605221717	0,267016900851401	0,819964061884475
AAEL002764	5976,54892354089	0,172374773175681	0,16800219762322	0,858585166408269
AAEL027106	51,3720294817478	-0,708363854030611	0,428165911577702	0,313178116418003
AAEL002769	753,534301371809	-0,670684334048439	0,454221089954995	0,326896812295261
AAEL026232	48,5429669207321	-0,238356373244671	0,548285634907092	0,519434624865832
AAEL009114	270,614556693447	-0,710124167371303	0,458933444505752	0,298250753715468
AAEL024889	1,08298103815316	-0,117212093422922	0,546176777524792	0,579317712695961
AAEL021440	590,446137342516	-0,105566422391643	0,275171679602357	0,807238423701611
AAEL009110	891,070313129578	-0,147583909153169	0,191890284902432	0,85103258931353
AAEL009109	208,049892754068	0,0693947298677194	0,269987074073851	0,817884549603566
AAEL009112	455,27760689543	0,514103532604618	0,346902029246392	0,522481307803851
AAEL025611	263,015905055351	-0,205619346486232	0,436808806783275	0,629233082109772
AAEL008334	1308,28122971935	-0,294386674738614	0,321335377158509	0,700446887210965
AAEL026038	8418,99287139585	-0,831707416858187	0,237431463146034	0,321802584342413
AAEL004390	15960,6461044763	-0,862636693191425	0,329531395353007	0,245000025381806
AAEL004386	11137,8398019767	-0,561373814944704	0,258316816511376	0,596914177445729
AAEL004388	4661,78183194001	-1,33713122385862	0,308333308261478	0,0241295362957934
AAEL004399	150,090253132076	-0,712522737825381	0,376464615350271	0,339023243662773
AAEL004396	1146,95688670867	-0,483469963543621	0,235026602726435	0,700800119227617
AAEL027273	55,5660076952723	-0,964706476354963	0,651920366166451	0,160283188337697
AAEL004389	228,56665118423	0,133003322552217	0,242932662980345	0,823327204697908
AAEL013739	3481,24032195239	0,0727038657913304	0,249062895359141	0,829870143056626
AAEL019447	355,008620676496	-0,0844856176016412	0,250250293466041	0,827323896933139
AAEL024782	38,0300495345826	-0,826217012545786	0,466708239326417	0,23294571997348
AAEL017160	508,246453243761	0,460296133353539	0,226804562096014	0,728296903231608
AAEL019927	515,505150656429	0,126365711058476	0,155833027842816	0,864248571360116
AAEL011522	173,865031420961	-1,01103767159238	0,24031561782497	0,139971793404025
AAEL014082	65,9386521209269	-0,0542580317595318	0,335968994198128	0,775025350197286
AAEL014080	1572,89821658891	0,122653971555478	0,259491813766763	0,814381416434832
AAEL023845	461,30422639828	-0,338668006683815	0,193739955781697	0,816149512510297
AAEL020865	149,004101343128	2,63696411998903	0,349930870209609	9,25163138643636e-08
AAEL021257	158,139152395238	2,01468082908929	0,552274740906807	0,00423710661777685
AAEL012955	960,139893428671	-1,22146658084921	0,45627276085321	0,0739910224140136
AAEL024508	979,507206569254	-0,230311182313104	0,180729931226694	0,846921622451306
AAEL010722	94,8927813156526	-0,124215725600177	0,268759074881108	0,807667656993068
AAEL029048	510,63478897137	0,614344854160701	0,23482808856455	0,58486276455525
AAEL025802	43,3352189422713	0,811364335374812	1,07039919843912	0,187601412395638
AAEL022009	4,47664122479292	-0,279268634753027	0,56789343589071	0,483998979314498
AAEL008613	820,338390943708	0,0553682297525277	0,236153986625139	0,839892886975516
AAEL018695	2509,83727246899	-0,399821358541645	0,248514860269552	0,732597704768224
AAEL008617	773,868244637416	-0,483835064942763	0,362920024641496	0,528075042110307
AAEL022467	1725,23726196724	-0,262627379517025	0,249597907248721	0,786941201632812
AAEL005552	2008,82484186898	0,129235668665478	0,200861325257241	0,848833609785617
AAEL005533	1414,67840746688	-1,76275052230787	0,347733411741366	0,00159231499360756
AAEL017481	15074,6955388516	-0,214245816363275	0,259854988200958	0,79252216094048
AAEL014628	272,922876311496	-0,116354994793261	0,230453586605266	0,834127187222871
AAEL022786	477,938080113027	-0,108205823362582	0,21019796721928	0,846520543497554
AAEL016960	1081,70409635121	-0,306662086765988	0,160425920795537	0,848458176362286
AAEL014630	2077,55837043802	0,36436711492374	0,194746131690373	0,808069916500482
AAEL010513	506,226323978523	-0,50581554135091	0,383674472016496	0,489940620233123
AAEL010516	632,936827549879	-0,190714180774681	0,181071274182066	0,851440624929254
AAEL012826	1486,89720682435	0,116636104321939	0,16532971511302	0,862682796535193
AAEL012822	328,451185103249	-0,524419305008747	0,260630985085301	0,63079866778193
AAEL012825	11919,1599183887	0,0629625096790003	0,314982366500845	0,788803542186906
AAEL012827	11738,4468424877	0,479711697049716	0,226060165046588	0,717349749649954
AAEL012820	838,404734278249	0,826958073380915	0,326414623563018	0,275352525702032
AAEL000079	2333,4837814805	-0,498166404948499	0,294946191204656	0,598440078331343
AAEL000084	1825,45402995815	0,422557813648288	0,14130573569085	0,842509823424363
AAEL000016	973,617643386088	0,19671954242572	0,265466894635734	0,792726615407205
AAEL021708	716,703367795615	-0,283916260173866	0,206795840957033	0,818470695812657
AAEL000024	794,564150798724	0,764535199125917	0,401985051097869	0,288434228700959
AAEL000064	3035,16638361052	1,15528352572925	0,396937195094903	0,0848618433718818
AAEL002169	3276,34583331292	-0,470225153561544	0,355828286540935	0,548669516876539
AAEL002165	520,08899319167	0,907740885670645	0,361439781707195	0,206196910848818
AAEL002141	211,516340452265	-0,287724123861573	0,333037976718916	0,692046359701514
AAEL028092	170,746233317983	-0,482186871411354	0,496950440677549	0,418218143584321
AAEL002137	1704,97133139642	-0,0696165245957919	0,196464674884189	0,855970249794555
AAEL027326	391,996781138887	0,140847379148237	0,183952174052257	0,855158219848241
AAEL002145	1183,1892582098	-0,337058846372418	0,168970046793792	0,83722387989921
AAEL002142	737,957729807198	-0,674301518645794	0,292154044131363	0,438848508337666
AAEL002140	432,315294431342	0,101351932635438	0,229007336560556	0,837260050728567
AAEL019706	7,99283893923817	-1,09550185701645	1,04504298487565	0,131617409810323
AAEL027261	46,6850944744539	1,13750324064553	0,394357648335097	0,090720645885238
AAEL005422	4453,30768069779	-0,439412335350326	0,15310786620379	0,827466214656703
AAEL005401	18551,3906515816	1,37218862589426	0,191382008675918	0,0031816645872123
AAEL005413	338,868287511832	-0,0490649882272597	0,223551261634369	0,846793505242678
AAEL005423	753,793404943652	-0,205497816813437	0,184205450752116	0,848332617411093
AAEL026343	372,255909194806	-0,0684028959626242	0,362495514667273	0,750689392709613
AAEL028211	3037,20450133397	-0,559966146847328	0,193821227322598	0,713008647235695
AAEL005405	889,808984944706	0,311290368215875	0,250091372103858	0,769344676983175
AAEL005402	199,591740330711	-0,253076028441078	0,239404232573511	0,799231447722015
AAEL005411	1026,1414917828	-0,848938242908366	0,223221937180029	0,312431296979517
AAEL025444	387,719014500596	-0,132509324833645	0,219669225323104	0,838302069361373
AAEL005410	396,153529597231	-0,519099257974385	0,218567293945785	0,701562668317579
AAEL005400	2727,5773433191	-0,487871213263895	0,343064704299625	0,549662309596386
AAEL023680	164,497805387364	0,55342302058608	0,2637850310783	0,595171006693678
AAEL005414	470,543070371473	0,233746737113962	0,282948042522454	0,765957168148119
AAEL005403	227,966701737034	0,100496933947704	0,253774400116743	0,822191354797306
AAEL005407	1444,29692778646	0,821967515431199	0,270229603254476	0,305146032005586
AAEL005408	1515,71024865459	1,22481176476268	0,247484591579353	0,033412933680707
AAEL005412	34,7292615175676	0,550139880544727	0,522472384264562	0,368741187038629
AAEL005426	938,241896520739	1,28782022989621	0,211711870625658	0,0121835856913563
AAEL005417	492,484442569468	3,04117593387167	0,274918813744468	2,40097932286128e-15
AAEL005415	115,93269955892	0,320825294355238	0,335841533841804	0,67200721074006
AAEL005406	333,098447971555	-0,44318208330882	0,242676339894132	0,716395577505225
AAEL005419	581,928069305773	0,126198650920468	0,241228675546304	0,825742844823897
AAEL005425	1284,96782398562	-0,548024754476813	0,244400079872469	0,637106505676046
AAEL019639	1508,4607089483	-1,82658325462236	0,355980438148088	0,00106476244780839
AAEL021147	155,966488018443	0,219746687593009	0,303414560923878	0,750980948015546
AAEL005428	7103,72151818608	3,29479662871028	0,323747147735085	2,72191152100887e-14
AAEL024630	13,5905865090706	0,174914040657708	0,483400440450138	0,599653105966972
AAEL003743	4005,86158941764	0,218676049209697	0,165624886145687	0,855743231991252
AAEL003752	390,931918018255	0,338696153961438	0,242231038388939	0,767462196137816
AAEL003769	1750,84380703121	1,1115272462826	0,246184080990838	0,0763869572985962
AAEL003772	21,0624264542028	-0,177532368371624	0,483531679625409	0,59813580759073
AAEL003762	485,197944930333	0,610710229976734	0,214294885799051	0,628620816150358
AAEL003756	172,129797281229	-0,31595216582968	0,257695764141686	0,759862185345462
AAEL003770	807,387829588533	0,13380594993966	0,179183767212305	0,85735919001089
AAEL018306	182,848934747985	-0,19241451684574	0,243443423232209	0,81096175783615
AAEL003754	162,66139343625	-0,199116016184724	0,236132515822063	0,815013396499945
AAEL003768	1110,46526228155	-0,469417658705418	0,422257810150269	0,480503527723481
AAEL003750	9647,94112358387	-0,0852068114696404	0,159711152218058	0,864862434375814
AAEL003746	3216,1835593538	-0,344396263380954	0,180486782495777	0,826156270411986
AAEL019607	52,695283922927	-0,57264009888522	0,466028162406718	0,384979674859321
AAEL003764	759,771508809863	0,908376049369467	0,281179512992025	0,223060241887133
AAEL003766	427,659391670713	-0,331435736492916	0,283487779556869	0,725072185605938
AAEL003748	73,0690858900035	0,719233016741632	0,365008291964544	0,341357859392229
AAEL003763	154,404922756091	-0,456688213020394	0,339765596629555	0,575214838279285
AAEL025824	9,20376891499976	-0,309866748974913	0,572331689709515	0,465774325811858
AAEL019437	13,9774126462027	-0,147241991187826	0,428951551661778	0,666636715043662
AAEL003909	416,074742303959	-0,249352498150469	0,230373262654381	0,807642460229218
AAEL003919	636,660250829094	-0,571458541461781	0,232858013553721	0,634828559169442
AAEL021869	75,7583954923676	-0,114623688859504	0,279835273128541	0,802043198556224
AAEL003913	200,349503955245	0,0553264978136186	0,2553163682114	0,829175911715827
AAEL003910	110,990046143013	0,102830770955526	0,220104498237408	0,842068261457176
AAEL003922	285,630305189405	0,263758725351293	0,218117329242628	0,814122715411664
AAEL003912	271,667721206484	0,113299088145399	0,209143128678506	0,846456175931085
AAEL003911	980,617707877063	-0,167431228403387	0,237816739219989	0,820140749459322
AAEL003903	1961,49859098141	-0,299463575952841	0,196506392523944	0,823113998179595
AAEL003906	132,446498220142	-0,321498946162486	0,266597933727109	0,748035823902099
AAEL003921	294,777577156344	0,128223686625803	0,235626736199366	0,829136071282074
AAEL003916	1126,31865814679	-0,11990322678159	0,176671433425083	0,859278241356195
AAEL021919	134,744154125433	-0,107272645415916	0,37340645515496	0,729809598667241
AAEL003908	643,526056734534	-0,193416679472198	0,205259381339842	0,837458703884414
AAEL003918	72,4574373697886	-0,535036471622262	0,381872335431364	0,468611734831683
AAEL003914	321,552875792394	-0,389106232483204	0,371108067929608	0,5860423211002
AAEL003917	317,659977837892	0,016400013961225	0,252429035345274	0,836259473983602
AAEL003907	1020,41086380179	-0,0163359037412459	0,181197861894384	0,863298108717759
AAEL013025	1234,3922896319	-0,215339120240537	0,200541419953674	0,836843115344383
AAEL025250	449,772061502244	-0,404537098180357	0,207849175222623	0,77952322737276
AAEL014924	140,393934678333	-1,5727282710417	0,285102945020706	0,00269828262744738
AAEL002863	408,940925604959	0,0420984741266067	0,194686552433247	0,858462149815261
AAEL002870	2002,33656832161	0,4063352105752	0,212497367895711	0,773231715492143
AAEL002876	37,8841249512743	-0,632217571656824	0,534373147015714	0,315411127450182
AAEL022176	2,12067152863612	-0,319256274846117	0,674186145287622	0,407627535072906
AAEL002869	543,178326305634	0,176549777031626	0,224496330044587	0,827770395842965
AAEL002880	347,979652863907	0,104601284405188	0,309607092956744	0,781836315521367
AAEL002879	1492,20779727439	-1,33065409393885	0,699390245497452	0,075313417859555
AAEL021443	2,83457393777609	0,0471546629958839	0,500620226836834	0,650388113656374
AAEL002860	1440,70068975029	-0,60924881566929	0,217049473655549	0,623920305607041
AAEL002864	424,104858750812	-0,23508727011243	0,170336073635176	0,851876404238544
AAEL019992	16,9205577305897	-1,27276566145929	0,615856185640473	0,0777393941822296
AAEL002856	642,007750905272	0,0232556702960496	0,222204913200999	0,850102431602655
AAEL019696	288,420386462752	-0,283950909444712	0,290101976288828	0,739291075108564
AAEL002881	12873,2669773895	0,346498812455892	0,258244518057631	0,746236801778034
AAEL002874	318,916359840162	-0,041976454538985	0,234107094235828	0,842678998986957
AAEL002877	37,3605043129328	-0,0544506455740359	0,424072863503031	0,707306240612726
AAEL021615	283,661434390896	-0,0532906671111006	0,237109662728639	0,83966503458572
AAEL002882	20,4760490978501	-0,278188359686816	0,492246411535566	0,541988173839819
AAEL002861	4478,95138207423	0,262267097423985	0,227161260291466	0,807111820569677
AAEL002867	2268,88704083512	0,062419530700362	0,213089736453651	0,850240397328468
AAEL025032	20,8845020438243	-0,0315863706746909	0,412072032116164	0,723863174005228
AAEL002866	1571,08397183842	0,194927681632866	0,139237559645358	0,865086543101219
AAEL002859	2187,98197200411	-0,282835759695242	0,324288505252694	0,70388577534079
AAEL005943	426,558203868207	-0,913652699658382	0,235974225259002	0,23181672767687
AAEL025750	79,4753318882542	-0,43296657924554	0,522839476206753	0,430176758476162
AAEL005944	424,542641557797	0,279108382308985	0,228767700556107	0,801132534638585
AAEL005947	3107,92399203092	-0,253056296446886	0,154482668628806	0,857373083080404
AAEL005950	977,68062385016	0,0372937462284814	0,213759854815416	0,851996169842795
AAEL005951	5673,62953651	-0,433672620626783	0,221590029430381	0,749306053700752
AAEL005946	2716,1712082063	0,196709335388137	0,288912696841365	0,772043868111815
AAEL021583	537,715850928967	-0,471126668127206	0,199230713008434	0,759900990377123
AAEL005952	172,12397642881	-0,346753868256643	0,430073003965251	0,556023393673063
AAEL005945	21,7980436962045	-0,339234895109456	0,499110879325389	0,501309180852313
AAEL007385	47044,7526447433	1,1458764036694	0,268859375702319	0,0683459968502251
AAEL007383	37853,0011012342	1,20851172414781	0,312272917963342	0,0534106364755648
AAEL007387	532,538063201704	0,619451705203421	0,224656441510866	0,595685234508881
AAEL020340	3104,74236852939	0,254079479782037	0,29017527857942	0,750772762240289
AAEL002950	759,540795887873	0,128454936547211	0,174984514665961	0,859264716950308
AAEL002979	95,4970741535961	0,278528085711505	0,365848283652455	0,663600898323237
AAEL002967	35,8743312309697	-0,051410705738506	0,429467696783556	0,703250409693719
AAEL020106	1876,05313411035	-0,388370893129243	0,247274016042058	0,739653709216951
AAEL002972	36,3914089851339	-0,350121528331463	0,401268398116434	0,579976793781242
AAEL002964	2219,48950273053	1,89554651308025	0,359904134145609	0,000643303608623502
AAEL002959	556,61720056868	2,59892877184609	0,490698717422675	4,80390631669201e-05
AAEL002969	888,270226920675	2,45987212857332	0,17445675662462	2,79229299563238e-18
AAEL027938	976,03383522976	-0,0375407579031834	0,24469182258047	0,837656873555095
AAEL028052	932,996314424974	0,463198236552817	0,14896653202671	0,824951931108286
AAEL002978	9889,28285375138	1,0208259991986	0,213050659192525	0,130726181960315
AAEL018289	24,4644946170867	-0,191615056458463	0,441270960073525	0,632781192156848
AAEL027293	362,510998639574	0,0866466523904386	0,239510302036607	0,833334571503873
AAEL022804	14,5800012528426	0,0725117645345432	0,42649903603766	0,697893365564379
AAEL004280	16,1106772295539	-0,982408107079839	0,90338716446556	0,151619601405706
AAEL014433	7,1931137634157	0,319106576644265	0,555788515205892	0,470930020645108
AAEL010631	16,5187071307411	2,12765608512903	1,25298559004644	0,0344143524152682
AAEL010623	35,8851527742293	0,00246325107348859	0,401140732090912	0,741050039084935
AAEL010627	22,9836283150409	-0,115562367422623	0,384363282424956	0,7172968989095
AAEL013746	408,226003612762	-0,150956197581503	0,216628388190366	0,837079035989753
AAEL023561	107,276653172245	-0,288410677696519	0,352891919166541	0,670819522206466
AAEL022263	89,3733110436081	0,393917787200443	0,296293022566531	0,675796971950933
AAEL006120	341,59255631246	-1,0177642632219	0,428652063012786	0,141165419431292
AAEL006113	954,91246697158	0,851331099661553	0,377310639022391	0,237460343237836
AAEL006118	406,594978298769	0,347681521238843	0,268907290338559	0,734113061303115
AAEL006116	476,885041145652	-0,618230926857548	0,276082265831935	0,517618010521992
AAEL007205	36,6750641647315	-0,21487330388936	0,411116125883299	0,65186780635076
AAEL007209	1008,5000468899	0,079075542045652	0,232830811805299	0,83855159839715
AAEL020242	518,999107140635	0,125650789892968	0,214734988068782	0,841880701265739
AAEL007203	205,914665093645	0,183709524435937	0,21819173434029	0,830519579256556
AAEL028157	5,33595254703304	-0,026248180473494	0,485443711470979	0,669129198776523
AAEL007202	584,790669178199	0,287851199921167	0,160596266511952	0,850865709634057
AAEL020502	466,672073449733	-0,513349533413593	0,223737695780934	0,697953193779507
AAEL025190	590,811845677057	-0,164017476190264	0,208538865553427	0,840120093936287
AAEL019536	9041,25576013802	1,17537003179439	0,245810828098413	0,0494213691379854
AAEL021292	28,0418854007205	0,439548066758183	0,72558634366602	0,342288034536659
AAEL026878	251,491757891329	0,29289505142652	0,348698198724917	0,673256322344038
AAEL007211	413,76744010466	-0,0439090246236404	0,176405512652689	0,8631575872261
AAEL010419	617,269964950346	-0,0211590561824718	0,20436415382491	0,8567732272924
AAEL010404	756,724741821792	0,289540380160198	0,158289780306844	0,851846432559067
AAEL010423	145,120774859225	0,212111132835213	0,233221801742457	0,814310932144508
AAEL010416	847,37909919122	0,850769128852167	0,322124669303794	0,257337678449397
AAEL010407	420,967392746385	-0,367783117404127	0,224281815368845	0,775537668531434
AAEL010427	159,007423725408	-0,193784474415797	0,211011888989595	0,833542890279775
AAEL010414	1562,21853147129	-0,339632071814131	0,31719307171249	0,683268756896742
AAEL010403	2712,07384948221	0,657146901316587	0,223238939120546	0,560334250774117
AAEL010408	51,1736314748698	-0,64882291236341	0,483164408573273	0,327860279771772
AAEL010401	374,341071124378	-0,805295284959397	0,249312834272665	0,346440121132721
AAEL010422	1115,06986796598	-0,494168263575208	0,175607790160862	0,781027237130964
AAEL010412	320,58153434507	-0,345266229648045	0,237890773659404	0,769200899883584
AAEL010402	3070,54392778578	-0,326572501019419	0,164566878065901	0,842645192918903
AAEL010417	207,869636908446	1,89299274449076	0,459409816807789	0,00322749794782085
AAEL010411	1248,78292199477	0,504039342395624	0,221522984452578	0,708373857975494
AAEL010405	435,386310526581	0,166585964277633	0,208533696351288	0,839752746637662
AAEL007793	78,8641919524191	0,128045340363346	0,349698566379477	0,741987981229144
AAEL007789	115,913359617061	0,977173926302941	0,329565937132303	0,162673590332922
AAEL007788	214,772098081074	-0,0340183227129244	0,212493722541781	0,852740341054748
AAEL007790	280,140702915102	0,373368718966976	0,250284838810571	0,743800293259477
AAEL007792	305,241025085098	1,20455774703394	0,286720692364021	0,0491899600934652
AAEL026419	15,7531200693855	-1,80060616213358	2,40923334984146	0,0929664698884204
AAEL019844	40,8635498659692	-0,762619169203421	0,426998741898698	0,281401220889798
AAEL020380	25,9217381281014	-0,256931024535814	0,523687561514742	0,52726387723746
AAEL012059	205,722052701033	0,0571751369511597	0,239300622181511	0,837980112673832
AAEL012060	89,6884073935073	0,565133934856904	0,362259817691773	0,464431345083308
AAEL012061	35,8941620500838	0,0867147952218374	0,332436508656173	0,768876777751171
AAEL012064	1700,90744389566	-0,186671341333032	0,268058423154118	0,793424605539629
AAEL012062	12666,9857498956	-0,0879426403701858	0,321941746901946	0,776589316215168
AAEL019513	340,061476307903	-0,647999298456275	0,463943129637559	0,337614651350752
AAEL014893	2487,39733362262	0,432663565191691	0,263303604270387	0,694568861963886
AAEL026582	1233,90323151267	0,49710319419023	0,199824130237962	0,745241294049836
AAEL017061	730,084337234312	0,302330722012119	0,195977979799885	0,822921674252207
AAEL014891	632,51513215656	-0,283706360445089	0,200269760252532	0,823773278775078
AAEL024267	4222,9809730327	3,28154029157567	0,358944441027899	8,56799586013983e-12
AAEL027536	1747,79847213208	-0,618984660458396	0,259278641453955	0,543135004531629
AAEL011941	207,530109367127	0,552107230497422	0,36127246850365	0,476160703129765
AAEL012489	992,430680358027	-0,287952617795331	0,180527919793359	0,838105469934708
AAEL018056	631,68037058855	-0,391035411097783	0,29681364606536	0,677087910549555
AAEL023169	1089,21333188557	-0,380401026178171	0,286354789833894	0,696269880961579
AAEL007343	804,338613322873	0,0299448186687648	0,205344913861745	0,855856830250369
AAEL012482	1419,7446075968	-0,322005792490069	0,216996366985592	0,79953254293241
AAEL012486	43,4935791042446	0,0524750072677976	0,321075176427115	0,786601939549463
AAEL023695	1328,17003189475	-0,315478970497601	0,301464763631231	0,713117330703623
AAEL014263	123,583990922536	-0,0752369664570996	0,322168767420197	0,780114150346315
AAEL014264	47,9853690263703	-0,314835935010332	0,386880064646876	0,616332935606247
AAEL014262	568,814529024452	0,317169059624687	0,288844331622936	0,725972448556599
AAEL014511	1906,77823512065	-0,250943427906831	0,35665756578557	0,686373580705258
AAEL019830	657,155442761504	-0,180718289375612	0,214437289064435	0,833523973661304
AAEL014176	441,159780452378	-0,232919651055427	0,2106667558837	0,826629304038341
AAEL009759	147,404781204089	0,0739217504760976	0,276526983151787	0,812651134431733
AAEL025386	16,5475848134423	-0,213936510856545	0,464473458595137	0,594861823931581
AAEL021138	99,132029058455	0,0837110665470996	0,296221259348001	0,797629082296331
AAEL013846	168,904191888631	0,26025283475446	0,40998763464098	0,624637027046152
AAEL027664	49,3453628865968	-0,167179200524445	0,414653049454952	0,669623838956287
AAEL003173	10,853968897389	-0,116783644467041	0,451726061556183	0,660439379157348
AAEL003163	13,1144295112745	-0,848113761457225	1,24306264085087	0,174896132019047
AAEL003170	468,859673461291	0,0303434853991403	0,175173059288846	0,863857320533405
AAEL019468	669,328645843443	-1,23338257987245	0,188445283266913	0,0179007138139765
AAEL009791	16,5481790740849	0,485857854369872	0,605332964941612	0,366556958999589
AAEL009784	34,9359090052138	-1,19637537130326	1,04782408385863	0,111914233803018
AAEL009799	200,667704805644	-0,181057768566867	0,259705151264667	0,8013743958162
AAEL009787	351,503059850021	-0,124750297696203	0,205647551376641	0,846825554631894
AAEL015307	24,2124682861276	0,531077187596217	0,482950893441437	0,39816748448121
AAEL023884	92,2912810687331	-0,0276227491893244	0,404248428346362	0,73173813259743
AAEL013757	166,363878939997	-0,195006800183297	0,56500318387398	0,52888373279721
AAEL013758	13,5375156847271	-0,479338965359837	0,678211908866758	0,340891959557604
AAEL010483	1634,13498815602	-0,194412168160078	0,175596389481544	0,853652788005921
AAEL014816	1714,72995386588	-0,369905663918713	0,210922580343335	0,789677813808497
AAEL010486	671,380824860881	-0,0640823480147705	0,226526075348328	0,843586313292016
AAEL010477	144,507646098942	0,224699337868613	0,364644236728421	0,690301558767923
AAEL010487	508,003606288441	-0,335027620271855	0,324257185724634	0,676749140487386
AAEL010476	341,61548222738	0,8092227724596	0,217413657317413	0,373938913969447
AAEL025393	692,89215521752	0,0302180620962138	0,188099845774398	0,860974969422178
AAEL010480	1062,55072440784	1,13913280688703	0,351512399854365	0,0840346842271413
AAEL026825	2323,11369112218	1,2699816398036	0,261989390207936	0,026710727052035
AAEL010479	3795,2458730932	1,23998157049032	0,267638503187541	0,035015987633964
AAEL010485	679,325259822529	2,29647497430847	0,279951508903378	1,33305381430409e-07
AAEL010478	34,3754896088328	1,4295648561997	0,433988186351948	0,0292326031711567
AAEL005992	344,974953626832	2,53441315615499	0,239654571278405	5,46122162530725e-12
AAEL014344	257,129495820362	2,02855256106227	0,295812284212204	1,89799625498382e-05
AAEL025717	1360,79583202779	-0,0711896746935406	0,216742501274025	0,847717528816515
AAEL012624	309,732612104021	0,228849997022343	0,239692844741669	0,805115366552767
AAEL017508	1526,7959293582	0,162584397021424	0,214494529523803	0,836642957076226
AAEL012621	2444,81364982228	-0,120551033630076	0,154731338016495	0,864687612176675
AAEL023247	216,286605559724	-1,20199600553429	0,222699859032747	0,0338127815361184
AAEL023943	28,7989217495499	-0,687119228381344	0,599423554393314	0,272437732531987
AAEL012628	45,815051601789	0,632897895643781	0,476970431006125	0,341590531814787
AAEL026260	70,6347501093814	-0,347552450059277	0,413577696626711	0,570240008018501
AAEL023505	31,9018854626305	-0,232111737566537	0,33650513883476	0,714792156583872
AAEL027610	206,007151815074	3,88607409175685	0,364060895567169	5,7921567065113e-17
AAEL022253	131,175320497431	3,29372105941423	0,581135713714353	2,81284536769615e-06
AAEL017975	88,776960031043	2,47130719747558	0,350716080706382	8,15570113885191e-07
AAEL017976	41,3791833658276	2,06296577970849	0,771508074151546	0,0119394183283565
AAEL020330	18,8401808028692	4,07526450824755	0,938947313038485	4,15649314175571e-05
AAEL023321	56,3413514255201	1,36127618382741	0,451633804578355	0,0399074808559663
AAEL023423	273,112721836418	-1,39469665673813	0,251936122978605	0,00764129460553906
AAEL021067	16,1708446291394	-0,056366389770319	0,43278291814941	0,698847942827798
AAEL014993	56,039680914912	-0,304058068677386	0,497537684760623	0,522067749428512
AAEL013085	322,608970562067	-0,149460616263005	0,263851101115654	0,805553960026241
AAEL013086	1154,52098986248	0,0277925318750485	0,160185418794989	0,866012383446
AAEL020631	581,515315905115	-0,59553568439358	0,360489643819234	0,441026709407932
AAEL018255	399,794200592925	-0,472058964909666	0,259070763043873	0,67463403596211
AAEL013083	98,9930811895637	0,12555743561571	0,297919675953385	0,785421800653014
AAEL025125	28,3787511327985	-0,844689252891834	0,582235598176907	0,209932238997444
AAEL027242	46,3055174800899	0,00890408615789105	0,412633105084005	0,731354511698452
AAEL023718	151,218617420742	-0,359712386194409	0,244163412687012	0,756399578995004
AAEL009574	1739,27683586754	0,0943598358747521	0,269523809805199	0,813366061424343
AAEL024147	1030,50887965424	-0,681239744444615	0,405466819647033	0,349404215313069
AAEL007993	131,761746327564	2,28661163865713	0,532134263361455	0,000800806315236772
AAEL007992	180,178350400268	0,876488184801933	0,307675345023572	0,23970717601746
AAEL008003	17,1660792116987	3,4524142073887	0,847571786921759	0,000172269678062082
AAEL019983	23,0617267779159	-1,35282567699561	0,629591597204099	0,0668426316877313
AAEL012397	261,767113478898	-0,96109702971045	0,234490081206393	0,184363043501658
AAEL022282	2692,68697216142	-0,408622565819654	0,226687857165634	0,75471289225618
AAEL012388	417,761948769587	-0,6824541796407	0,190435422331913	0,590909609545845
AAEL012390	1515,63802905443	1,77152889303674	0,199622196940946	4,58913425246016e-06
AAEL023183	44,3878971134343	0,522994588177548	0,367923763714796	0,492405873453332
AAEL012387	1016,52964971998	0,101654080151403	0,166124488718881	0,863029589487587
AAEL012391	68,506215228588	0,600888853315523	0,326305670992845	0,470434660929713
AAEL012394	2219,86211802351	-0,138165549609692	0,158822428579455	0,863285345963311
AAEL012393	527,162986171677	-0,551463175689891	0,347239271990914	0,490713262785223
AAEL012398	722,639267336939	0,33247580370603	0,255215702723182	0,755639351692962
AAEL022901	825,496936184925	0,45494209210257	0,213297087034699	0,74926391118082
AAEL012389	303,29955329309	0,254655978563083	0,191701368794988	0,835892577298767
AAEL012392	151,183923899643	0,023868005054888	0,21560796203759	0,852473302726558
AAEL019848	75,0187981482491	-0,439555159922621	0,609639011621266	0,386025633097419
AAEL019847	36,3839194311195	0,87231993256832	0,631222358157912	0,195176392898977
AAEL012395	801,475168745378	1,48616827391107	0,313360065485085	0,00791912055453344
AAEL023958	602,387537048924	1,98414325991082	0,330744806319267	0,000141931482659427
AAEL027539	37,1448510251549	-0,134690770936474	0,427860178263954	0,672076837153668
AAEL012580	28,4022551732984	-1,39375863995586	0,608177032984168	0,0555791202106011
AAEL012575	24,1856271717586	0,0487254788421189	0,472829869127345	0,670257815469732
AAEL012578	8374,43055311081	0,0972376887672888	0,298995185122036	0,792112063243427
AAEL028235	81,8664596864517	-0,615864523126823	0,271674044383058	0,525633620971358
AAEL014913	8675,59161206874	-0,206377134640367	0,252168997873872	0,80080914495836
AAEL012582	238,421260082763	-0,0445534559628543	0,261594901343799	0,827038559161631
AAEL012577	1520,44296923426	2,78114877981184	0,212132965356463	1,29027488643799e-18
AAEL014909	3018,66707002954	3,52904864509522	0,364741646848285	1,30591837093349e-13
AAEL012567	209,619344310245	0,0839572955988103	0,299264723512574	0,795462785900811
AAEL014910	289,447936940905	0,396056632332085	0,393242229467864	0,560215430392274
AAEL012583	526,198459309185	-0,365899491974817	0,24611915780707	0,751562078103929
AAEL024479	3063,76794157376	0,00166427989116528	0,230117479825862	0,848911591206188
AAEL012566	128,843581095645	-0,217771058642326	0,320548873772003	0,736077352457716
AAEL012579	2926,45634922651	-0,0914256840079588	0,182348556057222	0,859291763163152
AAEL011982	1116,74956355653	0,654742560016486	0,176618299659224	0,660216803594751
AAEL011972	1784,09329186944	0,876521748826502	0,250751779146666	0,263575795402841
AAEL011985	1801,77779301926	0,268251718593268	0,208775616181752	0,82036112693119
AAEL011974	231,543463813833	-0,16452311659976	0,249000462636728	0,812937755631605
AAEL011983	321,535567197612	0,0236750053013152	0,321593873479252	0,793540488291596
AAEL011979	666,163456401919	0,316514160761765	0,209644996665923	0,807868995422865
AAEL011986	17,9456899132476	-0,136845982757542	0,450362507790125	0,653182080565084
AAEL014271	1373,08159421293	-0,210898124085829	0,202242211626914	0,836515328699643
AAEL011980	746,522110525312	2,03646615658307	0,269030511406733	5,00026209979422e-06
AAEL014265	473,40285151164	0,685737690972354	0,200470541805211	0,567135994283652
AAEL017503	1063,98732671155	0,234002969289721	0,168177884264008	0,852888278565
AAEL014267	66,583785814104	0,0668500058488171	0,298745013075379	0,799423156664281
AAEL022105	1557,78147073536	-0,932634983944632	0,231701721847545	0,214507498946568
AAEL011978	1375,96784908296	0,420682753458922	0,239586130468647	0,733120462214699
AAEL014965	776,426972423342	-0,558785584838473	0,564504910111921	0,346898139737127
AAEL011934	513,727468587044	-0,0732569427389122	0,278621176732149	0,81159274067765
AAEL011931	35,6184822192215	0,0782861509454273	0,436878972439741	0,687841482348478
AAEL014414	1181,31185994611	0,02064225870487	0,165702892814596	0,865581911026253
AAEL014410	196,215975194736	0,556462870700627	0,327973750456514	0,509656385970782
AAEL014413	1062,1296293146	0,168395946501496	0,272010431138924	0,795006926717025
AAEL014412	205,605878329967	-0,996793451419739	0,504827185514807	0,150417761696484
AAEL014411	372,708104030998	-0,567552607836249	0,367843713558679	0,456248369506047
AAEL020485	1964,66500266807	-0,115388813624913	0,212207776709629	0,844615240794419
AAEL004881	190,369955494379	-0,34976984177038	0,327104621714571	0,666565015358355
AAEL004877	17,7741930381705	-0,519684537848561	0,617392912919855	0,345981485025472
AAEL026488	45,0376995798833	0,375572341318218	0,334709850386078	0,64076172709986
AAEL004885	20,4880153068665	-0,33020017185349	0,516028817650926	0,493018864593178
AAEL004873	3093,98965932453	0,617647306402743	0,298575197103694	0,487454468371335
AAEL004879	520,991103346099	-0,565174223334291	0,392452148269951	0,436838211049395
AAEL004863	785,348895065131	2,03679589427997	0,25630482662254	1,95577738810723e-06
AAEL004874	542,758572434613	0,224230177193411	0,19871461137418	0,836624736640944
AAEL023022	2236,72088479089	0,144831648359843	0,16405836475591	0,861592565961962
AAEL004867	134,438826028877	0,352050459406479	0,276267575165141	0,723559355636883
AAEL004892	712,550196511806	-0,142070743380732	0,200706580312245	0,847416060612139
AAEL004891	130,027655297024	-0,000117485393560795	0,270383641758871	0,82897652380138
AAEL004869	637,138654037722	-0,162801852095385	0,22044944852886	0,832725589039385
AAEL004868	469,005658312376	0,365956713714244	0,330507280338179	0,653413091434954
AAEL004884	729,119616389519	-0,737581058712963	0,275435905380988	0,39490291839255
AAEL004875	1430,46130425511	-0,564123523185374	0,313388802519899	0,520129973169977
AAEL004866	622,724255317406	-0,101402047676982	0,169539062839921	0,862385992238379
AAEL004865	7844,82003570061	-0,602601871725499	0,293141100108549	0,510663698410264
AAEL004889	395,819993325695	-0,0728298968869422	0,227587923577418	0,841983061952219
AAEL027699	52,014254382776	-1,54311165905932	0,740285062457512	0,0473400749755438
AAEL004870	247,233496546127	-1,471356683269	0,402307803703383	0,0212022453906846
AAEL027264	79,2661143942663	-0,276521068830295	0,28968675608409	0,742742436334117
AAEL007835	167,318738240279	-0,0191580515143473	0,358563114794762	0,767862857346316
AAEL007839	274,155480546869	0,00805308224944712	0,272445625323545	0,826588272534568
AAEL015038	354,285679380745	1,19266463940213	0,31815726675713	0,0606987376979497
AAEL019727	3830,64905422641	1,4042383955434	0,333088242703728	0,0193072663434113
AAEL018249	1348,42696819479	0,0421862390472795	0,162837928713646	0,865433683030846
AAEL012783	5773,83187554471	0,225982548902085	0,254760355628979	0,793685163340176
AAEL026703	19,974883108049	-1,36512859525697	0,888863878523457	0,081558517253347
AAEL012778	3075,83317869781	0,211597823832407	0,296842140367386	0,760017333157448
AAEL012774	63,6445507728828	0,137760713051516	0,473224349519796	0,630191319645693
AAEL012776	511,313815997772	-2,66084843762294	0,41036252473969	1,85457608100949e-06
AAEL026458	138,637532519004	-0,920281829685734	0,32649098136267	0,203596821292066
AAEL017244	740,932042159477	0,126315670973285	0,24951231781815	0,820162811358857
AAEL012782	119,251140668829	0,531267562171499	0,38047611507329	0,473393983063444
AAEL012777	379,904090592747	1,28827682763108	0,407416033724384	0,0503465014546018
AAEL019590	611,883710663196	1,49428194229844	0,306264897946605	0,00676305177285156
AAEL003238	337,176512174971	0,1888691789231	0,240469755506548	0,814052036823956
AAEL003281	250,8828365758	0,851980224887394	0,240175862355231	0,294381508998583
AAEL017003	247,782010900038	2,19361367480943	0,309409012051728	4,79314755819089e-06
AAEL003233	124,038623499815	0,760211654815168	0,346502200736899	0,316400616393186
AAEL003243	2119,82947606562	0,852362813932451	0,27479125556454	0,277197498487789
AAEL003253	123,983594424517	0,434878361641266	0,276874655219431	0,675182220887763
AAEL003279	767,436592800937	1,16220433410974	0,408779483353813	0,0837590930624408
AAEL025028	43,0782014092825	0,404374153941216	0,430264565721523	0,518178221099269
AAEL003275	1298,49499242734	-0,166011683600714	0,379393644885125	0,701035161316002
AAEL003230	353,957303783629	0,155853232009491	0,180315378753763	0,855287043134252
AAEL003271	94,1239994849259	-0,380925022426736	0,302727630590217	0,675660523494243
AAEL003262	19,3315381728711	-0,375833228592495	0,469667756631037	0,502199301271761
AAEL019558	107,279822291259	0,302353455271202	0,334219608631988	0,683920263009478
AAEL019557	31,9626476358515	0,189751099598547	0,336846056276706	0,731786013429508
AAEL003267	1169,25178676384	0,698177589820436	0,280334525822517	0,427550783084289
AAEL019685	1260,00508849198	-0,104950344171636	0,252160851950169	0,822428287532242
AAEL003260	23,9669935605709	0,8642893072839	0,523915669541496	0,207636911684965
AAEL003277	261,82138738185	0,0411875086100852	0,189413256308444	0,860098343734337
AAEL003213	187,282330490494	-0,00952865587089673	0,246719650290878	0,8403640595049
AAEL024943	86,9530014965421	-0,0507141170738186	0,273633824899122	0,818963750529177
AAEL003228	439,523752902252	0,053955201282319	0,173127249429198	0,863527431512485
AAEL003211	573,689506233382	0,810165045331135	0,341443544526136	0,281924344274022
AAEL003237	121,332239134288	1,70305452426424	0,320701095666394	0,00162010459831872
AAEL025295	296,004565221134	-0,36901165994497	0,385695455353289	0,584109361072114
AAEL018297	1028,32352631987	-0,12026751322296	0,173642430628111	0,860151787130807
AAEL003283	1760,80948350045	-0,635565912638214	0,376742840146886	0,397556529895706
AAEL019575	299,250077125846	-0,00071386784974446	0,314863373792159	0,802681101902895
AAEL003229	1273,4097600842	0,0557566987891183	0,19125999976597	0,858748856302701
AAEL009070	5143,92203288236	-0,242228497347281	0,269054169851548	0,775196379444003
AAEL023075	95,8856234386089	-0,094771526207128	0,264623334479359	0,816540449961417
AAEL009072	57,1290429494148	-0,299141045860558	0,564352957517645	0,476807771803763
AAEL005052	1585,7145709921	1,69851641108131	0,261180960895192	0,00035713935149837
AAEL005084	1333,06164886936	-0,180169062402122	0,208472192579725	0,837602875157222
AAEL005071	2253,04082968405	0,604849868443982	0,304491393148955	0,492712563994245
AAEL005073	41,1668348389622	0,0270542796822442	0,433170123110337	0,709490098852651
AAEL005075	314,105298565632	0,273345523877823	0,281218098544224	0,75209941298043
AAEL005068	492,984258191109	-0,0747439761539311	0,236180512656034	0,837006517556296
AAEL005058	224,790259905934	0,379667989444422	0,280844664638317	0,703308279221537
AAEL018331	530,667215361103	-0,0524528533305618	0,177767167507372	0,862541006549827
AAEL005070	341,572438489233	-0,306206481148698	0,194626038361431	0,823092649376595
AAEL019563	2149,64538877725	-0,458386283786554	0,347778266262652	0,565044729285334
AAEL005076	92,6971520998704	-0,0558369413044364	0,351445835298122	0,76398416935229
AAEL005072	27,8558287396559	-0,150550951994342	0,462592271683536	0,633722178016773
AAEL019664	67,5454512711836	0,131271297089567	0,273443166335018	0,802839948437091
AAEL019663	336,492371155396	-0,730730499338427	0,192810983071194	0,521653573297113
AAEL005053	216,56351732538	0,175210699567027	0,218126992903917	0,832112156616116
AAEL025321	5679,88804947817	0,247770385922973	0,281866380761113	0,761405096359581
AAEL005054	646,157297404559	0,37478825512023	0,28982501080547	0,695117546152834
AAEL024837	622,507435310832	0,0604838192175698	0,211949547451925	0,850835327710551
AAEL006938	233,816188666221	0,0516746728179006	0,241004377159639	0,837710836114444
AAEL024980	1439,25963465971	-0,38649341255791	0,226084339880734	0,766252278985321
AAEL005069	3627,68826347007	0,0773873170409845	0,266188246545309	0,818762368790568
AAEL005061	223,66211028376	-0,0894755742712257	0,189206153973485	0,85705285631616
AAEL005064	2480,31677430133	1,12319889309701	0,439445894862346	0,101162893934021
AAEL005086	384,549400562141	-0,372764532059719	0,294544796850865	0,690864364321695
AAEL025256	6,83293698895656	-0,14214023832314	0,474751584228439	0,625351158054145
AAEL005080	839,104857331889	-0,298320696576335	0,194968717189058	0,824805457143655
AAEL005074	84,0089886457492	-0,236849110596228	0,45129360019835	0,594448873662949
AAEL005047	185,512442157338	-0,367673106255405	0,287622114227398	0,701152543062988
AAEL005048	385,336200757039	0,926112546179772	0,221931894431069	0,225043163979152
AAEL005049	701,660920106657	0,224234678663194	0,262164065973083	0,787371461173333
AAEL024930	123,780934527517	0,0589424191773695	0,299515744771619	0,800457638287476
AAEL015283	264,292232414394	0,178317640682189	0,296176348334383	0,771304171821565
AAEL001087	3689,53443793839	0,501809226626584	0,45922279599478	0,430363426848473
AAEL001092	675,731676655057	0,190839654793501	0,267618877328492	0,79246367272994
AAEL001091	2716,89276062889	-0,0529205771418483	0,185649665618901	0,860524750728868
AAEL021376	82,2933595051433	0,512415916540548	0,314804827245436	0,562465044411788
AAEL001082	2172,26941581855	-0,765237501191216	0,516790345890827	0,254885633857523
AAEL001077	710,452678014098	1,58261592194968	0,385183858321844	0,00914896714272173
AAEL001098	834,419512627704	2,09062254709792	0,448333233098223	0,000767333602564277
AAEL001068	103,486771819492	0,0167771050750845	0,270234613291845	0,826465061735124
AAEL001084	129,558721317092	2,09462136301262	0,571543311366761	0,00351471189391354
AAEL001090	44,913444846056	0,191490103398226	0,314915850952329	0,750355376444785
AAEL001061	12893,8366983436	-0,14997792183815	0,251850277653724	0,814099161730659
AAEL001071	33,1958118533099	-0,363091632075089	0,425744526713131	0,55028101409379
AAEL001074	366,482444421172	-0,181777567393803	0,237901306444012	0,817476559115615
AAEL001095	187,729669230579	0,232939693147631	0,257339574051761	0,789166168541242
AAEL027099	326,774219984025	0,196409548302782	0,217641761794657	0,828676569528481
AAEL001067	23,5449213281739	-0,195510810313425	0,541150706023178	0,5477974688597
AAEL001062	682,872167303645	2,99748001952351	0,339479877576814	8,47916500082074e-11
AAEL001054	147,891448080007	4,23156777748294	1,46948126110046	0,00153674838054176
AAEL010591	677,616185889131	0,430637252060883	0,214603097699937	0,759706842476435
AAEL010582	721,748662319775	0,93155845498575	0,36301551521343	0,191400139996717
AAEL010577	144,067796613266	0,0139485376393316	0,261021144715336	0,832015902478725
AAEL010596	1040,60680680735	2,59651206241728	0,344698329135914	1,24835025935041e-07
AAEL010590	684,923025326994	-0,373090842857197	0,257076096671956	0,735844953346342
AAEL010584	1254,43450688483	0,684170400799308	0,156370357260043	0,671798186107946
AAEL010592	422,066592673291	-0,064356611894689	0,265702539224759	0,821128242887557
AAEL010576	17477,9049508913	-0,136629862220192	0,155727699895551	0,863882630565861
AAEL004645	54,1697352354204	-0,13767737962434	0,308626966859979	0,773266469872424
AAEL022225	72,2604809093912	0,669851473571362	0,373370282805951	0,375442060483942
AAEL004624	220,673104329137	-0,046686617118372	0,223224208690787	0,847225044315002
AAEL004608	109,059358601046	0,128961902966054	0,276524624921558	0,801024853277351
AAEL020745	70,7420123336623	0,147436628307098	0,299389473577977	0,778032369394901
AAEL004620	1772,1364718577	0,141726567310759	0,157319538867683	0,863463807948452
AAEL004634	1207,48630779532	-0,287200813326692	0,188561983016813	0,832073668151543
AAEL025755	104,057089650453	-0,185464299830953	0,267237156687192	0,794491688001352
AAEL013287	1448,31757628762	1,84011244255078	0,241622688542906	1,97833416475776e-05
AAEL013291	882,080067328397	-0,85335096629091	0,23386178361186	0,297221449280434
AAEL025976	1676,42866100474	-0,443586569196928	0,211887020944429	0,756996532291321
AAEL023585	1344,10295349716	-0,14036205805748	0,149639047732917	0,864912300634474
AAEL007586	2748,05393390239	-0,150731962434825	0,169648066558398	0,85953471213174
AAEL023547	1147,52217240036	-0,0858005810264551	0,151574725022595	0,86592650967647
AAEL007595	450,995211142336	0,964273589276697	0,251674517609528	0,17992138884932
AAEL011593	65,0828345253693	0,267644829428405	0,506167185909545	0,536697572968755
AAEL007597	2293,78637998079	1,02632372444057	0,236953131878071	0,127755201980411
AAEL020470	146,265409281142	0,187465395536103	0,308770251051884	0,757590655677839
AAEL007593	1755,04165047974	0,285649648861903	0,274777126740019	0,753901839526139
AAEL007587	473,683148788708	0,479330796559961	0,291830400235205	0,619750077796467
AAEL025097	27,4409697317545	0,2880292032074	0,396916228120724	0,62238910970615
AAEL007584	1460,82394209772	-0,512075305208488	0,345676196690166	0,525224481209847
AAEL007592	258,775264969542	-0,582747781679743	0,556971782975544	0,335022725992899
AAEL007591	2236,30868730852	-1,66794856026298	0,409054855240576	0,00642831653995752
AAEL015137	123,555344667109	-5,22113042927765	0,82652570334156	1,17845603023027e-08
AAEL026174	199,001491120121	-1,10663729109708	0,661384423909203	0,11760140688008
AAEL015136	2391,03453729609	0,821538157428324	0,412559456951616	0,249685656788649
AAEL025109	131,713007539408	0,984864199021616	0,573876882028437	0,154324293171684
AAEL020368	50,3318148012383	0,691792569206978	0,489291626295693	0,297479028778885
AAEL012347	1248,64758494182	-0,229697666168588	0,183856158294882	0,845190138573249
AAEL023866	27,6861257028731	0,439667360824632	0,478243808775376	0,454165385300719
AAEL012341	2545,41167116583	3,03787209977304	0,231039482305876	4,05709060692278e-20
AAEL022520	348,989755648961	2,73848757450597	0,67970598459477	0,000511782926947081
AAEL012343	28,4904112040986	-0,209957203914706	0,35337768498862	0,708149685649435
AAEL012340	19,0749373640902	0,237721686996022	0,407432421428237	0,642074189367872
AAEL012349	190,266905633054	0,00543691327691883	0,31981712951253	0,798516219589267
AAEL014915	1963,01928650372	0,425052134589631	0,226899621320819	0,746624393906013
AAEL028015	1503,30537288755	0,192101540036838	0,255899636432724	0,801669216233589
AAEL017811	28,5776766500684	-0,202536161865856	0,369509629373287	0,695300022269784
AAEL003742	1134,13089426109	-1,19800481300165	0,350507911047125	0,066344512104457
AAEL003758	1378,02275046328	0,751295682098724	0,16302377392501	0,558188386703842
AAEL025509	573,79617280453	-0,0594447941011949	0,224927406308778	0,844895008588119
AAEL019426	419,270566570196	-0,0604895456648847	0,258232444597191	0,826444509670145
AAEL002813	7716,76404906686	0,243980725532958	0,280708701615523	0,764695128598993
AAEL002800	866,225076253876	-0,699078593761058	0,244994160235612	0,472082210331197
AAEL002785	396,361313668768	-0,369568202708909	0,289403606639253	0,698609813490812
AAEL024908	908,347939268559	0,202055890986875	0,225916733292117	0,821476766193782
AAEL002784	863,094894221359	0,301363990538695	0,206523083638945	0,814522226234293
AAEL028025	1108,82579399286	-0,323523757961215	0,216088340070781	0,799860000227993
AAEL002809	336,823925406915	-0,0894541483176648	0,221608697765967	0,843016263798895
AAEL002775	75,4381806084955	0,111557436269469	0,25567467670003	0,819097759299116
AAEL002808	751,812684741859	0,249403914881428	0,183357438608223	0,842712790546226
AAEL002817	756,830918522781	-0,189707211244584	0,211485454575448	0,83395797474243
AAEL002810	1098,43919605331	-0,951524316252985	0,283166367202443	0,185836566213294
AAEL002804	5380,77058956554	-0,375244695770554	0,145753117235446	0,847765020255535
AAEL002801	231,973463821669	-0,0110181524939803	0,237755408140351	0,844417150078309
AAEL002790	127,649170615677	0,180092740592119	0,327215616006897	0,743931939450437
AAEL002811	1094,88271020966	0,0634876175767094	0,297113746213992	0,80121322001062
AAEL002814	127,662815286499	0,256084944856671	0,375336661443325	0,665341730450436
AAEL019525	2797,30996297485	0,363207484227859	0,231483523288394	0,769092954377645
AAEL002796	596,987321858595	0,445100814691699	0,44545755468708	0,477453866361279
AAEL002783	697,970303638779	0,244822295089472	0,227510733052032	0,811180647234703
AAEL002791	504,209675805824	-0,30478607031793	0,179691505206005	0,835172391102023
AAEL023323	999,973202136964	0,591266447263381	0,222022273585378	0,635082975817376
AAEL002812	236,689593442291	0,050176284642693	0,238362679152051	0,839524496009577
AAEL002816	466,321789216959	-0,212601298329257	0,267960231573449	0,785640144955515
AAEL024236	350,667059808633	-0,746512171197046	0,303932693577109	0,363270004431811
AAEL026257	92,9206029411658	-0,324986094108073	0,324025182129479	0,68333401858628
AAEL002805	560,031858848412	-0,279949841713635	0,257532522923085	0,773544130360224
AAEL022535	1872,83746178653	0,392830614010441	0,14742667790026	0,84325149176471
AAEL011693	635,71779271685	-0,129301755793225	0,179000760337731	0,857650377336505
AAEL025547	960,876796183436	-0,107423565746927	0,151093984357111	0,86553253799145
AAEL011684	656,257752570972	0,358580955295304	0,193209163180922	0,811204937237312
AAEL011697	685,412643242407	0,277907544016827	0,239497749863858	0,791759282718337
AAEL025140	56,5846738750056	0,0808101902168745	0,342136758366071	0,764021690635436
AAEL004646	544,273419743837	1,21934065140663	0,367931851330389	0,0633904584926552
AAEL004616	1744,57719043699	1,19120326291259	0,310009583246158	0,0589776651438159
AAEL004631	6850,13829527687	0,299681471887806	0,193086986404716	0,825949801667841
AAEL004623	1238,73045558358	-0,339610458357331	0,185817672874944	0,822578737557791
AAEL020626	23,7651897808783	-0,308952872159651	0,41969953499516	0,586256072966067
AAEL025079	15,6828571564449	-0,207164200536352	0,49669535848868	0,574205540884335
AAEL004603	776,849313893121	0,116879593199003	0,250729680307551	0,821150065016249
AAEL004625	376,780819521458	0,154239355053588	0,249602045840526	0,814826588075712
AAEL026656	103,176767028096	0,0114750427887924	0,246967451097742	0,839962865421536
AAEL023895	4666,68670367159	-0,591839810536485	0,303584754461726	0,507047651696594
AAEL026466	961,867467967015	-0,938627034433341	0,697293195351848	0,167451910719676
AAEL004613	3542,49959152636	0,144351805331936	0,30342464910823	0,775707930650693
AAEL028967	4,13531581356834	-0,2817492003958	0,614810454556852	0,453292837653535
AAEL024504	477,51107236662	-0,0365690433715642	0,231398795339358	0,844532764255719
AAEL004630	570,310189620346	-0,501729619853387	0,342939137116842	0,538386826267171
AAEL022787	44,3719411570639	0,0629806441019743	0,297570861318336	0,800970969288122
AAEL004643	551,543144971228	0,269308187070499	0,172511231299407	0,846262749115243
AAEL004633	713,664098014179	0,161628785854395	0,205778440345564	0,842000109195012
AAEL004607	724,96161459921	0,0726907622285763	0,208575083650893	0,851108320380336
AAEL013286	177,882542812912	-0,224008039576832	0,213992294617894	0,825887766000131
AAEL029039	117,235150010639	-0,78836518364372	0,47364441132258	0,25297232251449
AAEL028188	5449,33624982711	0,75303647239043	0,207932685059187	0,460367417239407
AAEL013295	1048,44807941655	-0,295684953042357	0,216738174269743	0,80718780213323
AAEL013300	520,769508395754	-0,244684435226706	0,209340378492062	0,825202463201019
AAEL013288	669,700419716444	-0,141893418971349	0,19042783994727	0,852055980115895
AAEL020476	1919,17602787771	1,27601848876229	0,235580964870385	0,0210540036937023
AAEL014717	2512,24712621778	-0,0351332414433084	0,294327502925639	0,808844601548673
AAEL021750	344,788821466219	-0,727376868824684	0,244482071171826	0,439030567248212
AAEL009932	2419,39169688011	0,100406708022519	0,240235469276314	0,830715405411624
AAEL009927	1484,92561549853	1,69560389651931	0,241373640083531	0,00019714424158688
AAEL014531	963,909259088253	1,41078422047402	0,428600491030791	0,0312779265883646
AAEL009926	418,103008464329	0,0509140201237721	0,25907116710046	0,827588015387195
AAEL025433	34,7804031002678	0,19570144095667	0,425515492142126	0,64739297478885
AAEL014361	1072,4535868252	1,20367728997603	0,308452943157337	0,0541318190208575
AAEL027199	4021,92985039164	-0,0195584120620707	0,257376142332364	0,833163742282434
AAEL021625	2050,44375641165	-0,0739613642085753	0,17738052335162	0,861671013351043
AAEL019686	231,349931657806	0,58632026727065	0,309350614238291	0,504707777993124
AAEL009922	106,388505883656	0,213592144651076	0,268957366938221	0,784512603377448
AAEL009924	125,373138556961	-0,208968694007974	0,287052546300943	0,769560014678977
AAEL009919	241,327895196926	0,0603290832443737	0,191962589977645	0,858146799636879
AAEL020840	130,229379499188	-0,461375309354451	0,34728126789971	0,563875488635222
AAEL025694	40,8402717208078	-0,402300966882127	0,456832816512073	0,496667340802251
AAEL009742	258,487841044909	-0,231245084444703	0,32451863400041	0,726569499219709
AAEL014032	73,4928564709148	-0,504871778183125	0,509239531498275	0,398777310377025
AAEL022179	31,2360130419762	-0,379294276361798	0,53844582848141	0,449425751674545
AAEL009949	56,1678673785103	0,050440605431178	0,384918313227859	0,738973004556901
AAEL005211	685,246032403093	-0,175777433143153	0,354254673979325	0,721055276274523
AAEL005207	6,2066008572097	-0,181054390920028	0,550028429139908	0,548793811365143
AAEL020794	49,4368259403706	-0,0982019440470503	0,34565960827939	0,754753312953967
AAEL005171	252,761568885052	0,156221399399263	0,19770829077714	0,847177215511845
AAEL005208	530,690952085009	0,15700131432194	0,175640364662473	0,856899195595828
AAEL005202	160,36547606214	-0,120400845300344	0,226719702648438	0,835616326445506
AAEL005206	96,1957577107192	0,338943385944993	0,391674658093481	0,593828071583018
AAEL005187	735,993194993331	-0,367599802932623	0,476546282973077	0,501902810180634
AAEL005177	130,80830542785	0,195338427627219	0,434501234523443	0,638026698766755
AAEL005185	210,91843388164	0,0315940098014792	0,365788792115303	0,759278663252651
AAEL005213	9394,1971788607	0,868368239724782	0,244422771198138	0,278248001435336
AAEL005197	532,255803354808	0,0932861822199845	0,206338957258531	0,850041031894873
AAEL005175	928,54807082325	-0,323566076199909	0,31974536408983	0,689107461651795
AAEL005191	429,184641230114	0,0738148146827958	0,18049890432622	0,860803170596439
AAEL005190	821,637563036167	0,573832696271953	0,329572130417829	0,491176001756047
AAEL005180	286,059925832972	-0,475648541596288	0,188343408076554	0,772289403887162
AAEL018333	110,340632831095	0,270725822131427	0,373853344222828	0,659099580721637
AAEL005201	435,919029049312	-0,121902405526452	0,184796018327517	0,856182431146013
AAEL005188	521,12378554648	-3,79637054111032	0,596391293442749	8,5525754483132e-08
AAEL022497	2271,83381856748	0,225133881495908	0,145610547417905	0,862463543070974
AAEL005203	311,467530084587	0,989661633811057	0,269187180917569	0,157902017815233
AAEL021180	80,2730292694553	-0,00426437566098768	0,372407669755237	0,762283552187972
AAEL005174	1267,98465892065	-0,181999545559529	0,194001291951288	0,845841982581612
AAEL005204	353,87951034599	-0,697956963050523	0,245194288873507	0,473230401185101
AAEL005179	2247,79852619669	3,37180254743857	0,259693587359032	2,10849890716956e-21
AAEL005200	571,767570803988	-2,04139591640329	0,228008803707822	1,82564583572489e-07
AAEL020054	17,4941987813557	-0,596230196054879	0,674186306966735	0,292316212340426
AAEL005182	5,12652888562313	-0,035004482024554	0,473333088608318	0,674908339401091
AAEL005199	447,375236861505	-0,426785108281051	0,357854608756889	0,576219499640409
AAEL027175	781,539639190601	0,0492426537741727	0,229147701993539	0,844135656398518
AAEL008683	958,122359725137	-0,317702202900477	0,199051974543749	0,816861165717352
AAEL008684	231,587699094755	-0,239460444168399	0,317373533826653	0,730632423810381
AAEL008678	649,928545345633	-0,541475315726578	0,25262811318623	0,627742680029993
AAEL008679	864,996842641272	-0,119097791971379	0,16321265609521	0,862978323321988
AAEL020915	933,859662145783	-0,158814506460457	0,237315518316809	0,822212920124021
AAEL008676	506,175947035562	0,273954012560618	0,229063184220675	0,802442361860019
AAEL008674	952,145182621035	1,04689255930227	0,281510221765099	0,115509272990453
AAEL008680	462,544270294797	0,131678943281103	0,201520757817703	0,848254037469384
AAEL008675	82,0054369891299	-3,62891381908736	0,425853038806275	2,31169028176538e-11
AAEL009081	4397,90546623507	0,181345546500982	0,290742871372762	0,775093792663991
AAEL009082	298,092474344173	0,425511349433454	0,214086555554956	0,763419933254251
AAEL018169	49,8370045042939	-0,319198832869397	0,410297883473775	0,589544673894027
AAEL009075	189,156535295382	-0,501571945514557	0,269483921059519	0,637274160721939
AAEL009086	61,9563012767681	0,186297207878706	0,3781269925829	0,694324437791266
AAEL009088	1609,56466545941	-0,125101975818275	0,301409677905772	0,783023102911564
AAEL009077	435,58706875271	-0,393568171134753	0,232177483803195	0,755076230589412
AAEL009080	7137,11926446343	-0,015220074641682	0,198804907137115	0,858966520970411
AAEL009085	1332,95373118184	0,111772294522447	0,19450198929166	0,85327152893026
AAEL009078	3435,19079385877	0,155334105495616	0,26245832142324	0,805244566399021
AAEL009089	109,756622755461	0,395003250071018	0,330150508698896	0,6330382634364
AAEL009084	211,037805723072	-0,315938813454931	0,478285375872577	0,530893995686227
AAEL009074	6941,65859903219	1,27275045491131	0,180063162510319	0,00895474725778083
AAEL010678	144,754695037644	0,434853522667956	0,356771289758006	0,571720210591724
AAEL010653	1475,80044795325	-0,534160809506598	0,489385707686242	0,39428898794352
AAEL015566	23,6823930292748	0,472547491259248	0,514378581427926	0,412765452806174
AAEL015567	225,376786488828	0,230706120032392	0,222861192722745	0,818087867355554
AAEL011499	25,7897966297066	0,194052268551502	0,422898574603697	0,651012570511346
AAEL011492	206,561161522239	0,516381846951912	0,275782087669246	0,610664129331484
AAEL011491	2,13983043063839	-0,0284834947502621	0,516741082137298	0,644430059056898
AAEL027317	168,053381070234	-7,14427765822561	0,733260788084444	0
AAEL019416	530,217470791325	-0,521591599086858	0,447994674334749	0,426231858406178
AAEL008219	188,059408080132	0,58412045450953	0,212016834736835	0,661548352978349
AAEL008195	527,06925556387	0,363736392783075	0,236917479999912	0,763833968148341
AAEL008216	3067,9491418908	0,00137738252882814	0,17325870570543	0,865011922828524
AAEL008210	1372,18672005077	-0,424886163952521	0,223646334297764	0,750939338396176
AAEL027949	2438,08363941752	-0,0909542073649597	0,186970654055379	0,857622696433184
AAEL008213	185,546639197421	0,807705500005697	0,447044595703095	0,248585665956098
AAEL008211	156,650703204483	0,592239808911693	0,423748612173543	0,396332875231889
AAEL008220	610,992341884127	0,287384319048984	0,267042787064752	0,761366757341453
AAEL017462	1387,08766134521	-0,221422554989457	0,232732215031932	0,812507499933521
AAEL008199	13,1164881209313	-0,391578220153504	0,752579909316944	0,355052516764881
AAEL023643	11,8965178928223	-1,63200992946151	2,57521062758196	0,105482427197821
AAEL015593	3243,13812470095	0,650845897645587	0,20443040397277	0,599955298986426
AAEL022593	30,9978835984841	-0,274580750558761	0,465986395723185	0,564811302151651
AAEL017029	6692,18670428282	0,34420339863911	0,200286368142675	0,808545457067825
AAEL005978	159,755049849904	-0,231147052750426	0,278528582836239	0,770025257546337
AAEL005985	1068,33742446982	0,254800771156459	0,256873969343394	0,782831514625507
AAEL019436	162,615690166616	0,627153284216502	0,351471502510311	0,423200290388508
AAEL019435	191,802066202339	-0,711537171316008	0,211717914247571	0,513236384831703
AAEL026846	1773,98775416962	-0,507294282029904	0,327535707521837	0,552984921353908
AAEL005972	83,5199089490388	0,0207042023519489	0,263768906797815	0,829493972388674
AAEL005977	219,827972884576	0,575035333382235	0,357324218099745	0,461048588637802
AAEL005976	423,6690390286	0,209286833860502	0,192772253806633	0,842898385347365
AAEL005980	27,0691501504783	0,178610486515208	0,429733991832143	0,6521778614987
AAEL005979	450,885920999309	1,30011850864247	0,240330708311497	0,0174887087266793
AAEL001010	2,81747083617241	-0,288916011621349	0,627201851646331	0,444446942216264
AAEL018150	324,691828008249	1,05718014809373	0,345419270386083	0,11580913267714
AAEL000984	939,754965512187	-0,380826293739802	0,354296284804282	0,608738482370343
AAEL021093	183,420018187363	-0,165602277286253	0,223989041811133	0,829988590948075
AAEL000993	482,682972455901	-1,02280988891701	0,634707315703387	0,1426552532329
AAEL000999	2037,80976372275	-0,555682026911908	0,216028875279128	0,677898345282657
AAEL000985	1226,74678505494	0,809246544781394	0,203567702403022	0,390998220649457
AAEL000987	62134,084541597	0,281951754695625	0,248311193081068	0,781771802071788
AAEL000994	1410,52635983292	-0,342262110041565	0,255198365298588	0,751686268715354
AAEL022465	18,9328441952923	-2,61461020459942	0,765204858866376	0,00208180626189266
AAEL007407	3008,80680634518	-0,0692420953863893	0,334477759820823	0,772149158027857
AAEL007410	812,533314633357	0,334458682514031	0,149591770484021	0,85116884984358
AAEL021595	231,352447285624	0,156905440330092	0,294879265047486	0,779127565789102
AAEL007409	277,177138929265	-0,914466575618742	0,252114541176147	0,226737863137471
AAEL022559	76,6137110057375	0,00196811242347094	0,340956860262343	0,784858353307415
AAEL008911	109,214754654974	-0,243800218320284	0,273233826920942	0,770772953750393
AAEL008914	53,0367330464644	-0,266017249372896	0,294482397304375	0,74185439504807
AAEL008906	573,024661776115	0,00737270892149567	0,217968091385556	0,852858714839658
AAEL021756	158,048104402081	-0,0600137297787819	0,240254217254889	0,836824939363545
AAEL002724	24,4634245572918	-0,579049338807368	0,605665596442102	0,317387836762483
AAEL002726	199,846992832144	4,15057469444126	0,328997337035968	3,26843584435643e-23
AAEL023060	1691,66429547003	-0,198458791309937	0,251801943540962	0,803051355480818
AAEL002723	1037,79637477183	0,102180845706416	0,18763124648555	0,856675098537242
AAEL002728	788,910748597356	0,359355909955268	0,153169681281702	0,844960690136248
AAEL002722	678,202261657559	0,0577892914321063	0,282651603449589	0,811930777595121
AAEL002719	709,11333142778	-0,0463249630866591	0,161895273620774	0,865458410394871
AAEL002714	407,840398345102	-0,131930551397725	0,238362284202568	0,826670316154471
AAEL019529	3500,53685374188	-0,306400014514399	0,178985203895338	0,835487092004953
AAEL002721	316,135917806943	0,101371128813849	0,254528697332442	0,821389761164754
AAEL002699	11,9627677800223	0,215784124296787	0,580044770197939	0,509512171981233
AAEL002720	8847,77370652941	2,27936156095498	0,413060563099388	8,22555977985336e-05
AAEL002704	872,348749792412	0,0254737746906312	0,215186371030153	0,852503021445662
AAEL002731	196,690299639425	0,34754521410851	0,406303753372633	0,577441297860453
AAEL002730	1164,08365547934	3,09768853013779	0,401833612523881	5,97913323501642e-09
AAEL025259	282,80722377157	-0,484172522299949	0,212175253924501	0,734864632950061
AAEL020341	1367,43421449066	-0,398325207611055	0,267347471718655	0,710432510824569
AAEL019896	1182,78486621158	-0,103207515790379	0,389619122297256	0,717402580778092
AAEL023825	295,659287803091	-0,531136901966857	0,203821335015675	0,717085307334983
AAEL014507	648,483594243302	0,96914053543762	0,266482764205888	0,173113040547528
AAEL003452	345,579402073533	0,091456170521218	0,248651676420139	0,827099782030873
AAEL003477	327,430625990026	0,150735439288062	0,214209639372852	0,838889018190089
AAEL019871	263,105706633072	0,0406813283152414	0,224495892343983	0,847368351313027
AAEL003462	161,570629365975	0,59696130104555	0,370580563533357	0,431109152977326
AAEL003467	4047,28242709023	1,18845307921498	0,261304431105281	0,0480301029561727
AAEL019870	1091,11110576122	1,18851556547657	0,436131694540806	0,0788284114803555
AAEL003483	7308,35822437396	2,23147483869934	0,552721734395544	0,00148246225690144
AAEL003457	954,514717680441	-0,133888263033325	0,396133234936738	0,699323196915755
AAEL018302	24,3564363033688	0,546416561831407	0,481816590893734	0,391823078835755
AAEL024690	150,253450210179	0,508685713312378	0,317131305486481	0,56281856501505
AAEL003454	555,952896332903	-0,377893933541104	0,273002140710625	0,714361700080756
AAEL003466	1244,66049160872	-0,126982774160291	0,262864438520137	0,811277770221029
AAEL003487	920,097829453506	-0,290454377244927	0,352823094137584	0,670046733599502
AAEL024700	1723,84502486448	-0,0793951478252368	0,197499346762813	0,855014813665413
AAEL024259	69,3846519656321	0,553059077120819	0,29361829174427	0,557588957199426
AAEL020104	169,302640101195	0,18441819387335	0,213644568105858	0,833429326144077
AAEL014863	3657,97800622842	-0,284524438140499	0,141410029987554	0,860044859476535
AAEL014864	247,357529529247	0,223841305448812	0,273369812550932	0,777128397779521
AAEL011142	970,908140597409	-0,434075993118617	0,243159976226078	0,721312754868156
AAEL012731	2056,35435555315	-0,10040212220248	0,152213218135072	0,865569571166961
AAEL024536	46114,1458742608	0,447186420154856	0,251524058910397	0,700917686841934
AAEL021986	1186,83877904712	-0,208181474515357	0,203498303647052	0,836057883600619
AAEL012047	147,314198547333	0,121482650946125	0,23141187877762	0,832649154194527
AAEL012056	104,042662755028	-0,284325529897907	0,425351980167426	0,592789562027619
AAEL024411	988,848042841761	-0,367623725538841	0,293294930618026	0,694934853897452
AAEL012051	232,615634075777	0,130454886941727	0,275785994522423	0,801347551118959
AAEL012052	61,2449945071591	0,129329256428561	0,33311077162043	0,755237382755585
AAEL019592	224,412690987796	-0,0820274279987895	0,269033564072977	0,816034215852494
AAEL024975	1123,67640649718	0,00475705936761813	0,280940188137072	0,822061853201277
AAEL019593	21,3772860197541	-0,348510375145026	0,441455953891024	0,544403545239342
AAEL015236	449,622777217107	-0,0616228942703359	0,222776391483789	0,845744555736175
AAEL025017	510,183118569691	-0,204293593413305	0,177304822605017	0,851816448754858
AAEL014084	871,03363797986	-0,262843913888787	0,24328802356731	0,792988905781896
AAEL019761	55,9674668698261	-0,476392992333335	0,320678610699894	0,583245593947325
AAEL007547	3369,21245436008	0,932636032172319	0,312906210922252	0,196918130690129
AAEL009295	688,228018053095	0,262597551676961	0,168197147084709	0,849902698572991
AAEL020646	146,847290684553	-0,370022232560198	0,535084107089149	0,456939116388656
AAEL021394	1726,5552261294	-0,496673128367817	0,267697512157686	0,644510775654817
AAEL009291	10472,420138069	0,96895334218603	0,368841358139814	0,166559508859729
AAEL009303	358,192286249375	0,013406213397156	0,239393990616266	0,843352088419519
AAEL009288	541,232417706418	0,431647426172988	0,228225149957186	0,741452819106628
AAEL009284	200,69888904912	0,127144106701307	0,241190608692291	0,825639182841368
AAEL015402	208,222011678395	-0,455194398167416	0,247836816511028	0,70109386346834
AAEL025157	12,5443930744948	-0,042125869886859	0,518313363648251	0,636686676379873
AAEL009285	1055,88599574158	0,513662301291856	0,158744699196309	0,795775027343697
AAEL028148	305,139839252902	0,240260930779	0,225274615601163	0,814028465587927
AAEL009294	1608,1436055904	-0,298026324255937	0,233447110351032	0,791198318173655
AAEL009287	6620,05329631068	0,0430809774883623	0,178495961658578	0,862798589137276
AAEL009298	269,881293167726	-0,890404598556025	0,26439280285899	0,243890356108369
AAEL009282	210,956406854495	-0,105234102341102	0,266163266604956	0,81343725633055
AAEL009302	334,343083380362	0,975254515027793	0,232354514250702	0,17103033476173
AAEL025049	741,914702108825	-0,0855830402108151	0,285272758312482	0,804310534276344
AAEL012658	649,229267593606	0,195041507689373	0,205431844471359	0,837060912414468
AAEL012654	31,4545327002376	-0,303984870236933	0,358744924145613	0,657524587100857
AAEL012659	266,610303695077	-0,641500020130898	0,214268130579352	0,591432999624802
AAEL012660	334,724793656327	-0,136283481185926	0,219666062926702	0,83758486771455
AAEL012656	265,468434799838	-0,0497439682695524	0,197531389973655	0,857024942549988
AAEL012661	4063,68106909279	0,427282661814964	0,16373031533129	0,820052448267504
AAEL019597	1555,98044636863	-0,574443672998867	0,227680072225625	0,641664980582747
AAEL008489	633,900605744538	1,24051830641942	0,319117426342113	0,0450560288768794
AAEL008478	1281,72754306838	-0,323132517785809	0,273408976591767	0,739925065137205
AAEL008485	5169,405425284	1,20270561155083	0,401720911703593	0,0721656453479468
AAEL027384	1132,2401976908	-0,552266658570942	0,397239959566827	0,442650967480709
AAEL008469	427,220693335371	0,435897832825466	0,166998264372855	0,81428742575615
AAEL008490	2230,0858049441	0,26249496918126	0,244584499508813	0,791818160975931
AAEL008475	676,054501360429	-0,301258264911332	0,174525812818341	0,839997831742861
AAEL008480	175,625926870543	-0,309903501102563	0,222085280568134	0,798350458041322
AAEL008486	324,449307778992	0,192964312883101	0,246115662456472	0,808944110375824
AAEL008491	691,798020244003	0,634383108404102	0,229215931473191	0,573868099695313
AAEL008476	252,997904288497	0,258741503532429	0,208313530507249	0,822793227604837
AAEL008481	46928,2954980924	0,434774542930459	0,258158677296317	0,699619611234653
AAEL008472	84,681193436662	0,0686791728695175	0,313903367243524	0,788074637933353
AAEL027779	61,6561128706806	-0,0299118314116575	0,296389905344185	0,808420539243049
AAEL008482	393,365391629863	-0,0691572803981572	0,224069992108844	0,844235123203547
AAEL008473	17730,7531787933	6,14044768666617	0,396385805481347	7,11950444365086e-40
AAEL008488	29,211867088007	1,25213550714624	0,476467027575146	0,0701165675923289
AAEL008471	765,882775967082	-0,0111897574616714	0,228683926131585	0,848567870141057
AAEL008916	450,520003407997	-0,227827663077453	0,288467941732485	0,762549656855279
AAEL001543	66,9009500684429	0,245048826120763	0,32502079174469	0,720435432784273
AAEL026418	38,5446884872283	-1,16924713385637	0,424109965577983	0,0834833058946552
AAEL001541	430,084245257471	-0,150060226924649	0,218134497059541	0,836204543874539
AAEL001549	1647,94122053554	-0,284336089241022	0,258373786516461	0,770914840575367
AAEL001548	1348,55483453751	1,45466081339992	0,387351413031918	0,0207562440984391
AAEL001586	985,66722410925	1,23147153425672	0,389863193838377	0,063877121419127
AAEL020603	44,9489287360894	0,826161780196701	0,377986590828806	0,25624926736889
AAEL027353	672,759401503877	-0,0189679009393314	0,159878977140701	0,866122631073002
AAEL001556	178,311455139699	0,310159954436421	0,303242571986123	0,713713743194813
AAEL001582	179,713945873409	-0,485262590801351	0,354905155425007	0,537608569041838
AAEL001593	5890,24370413355	-0,548092401518826	0,196095106519525	0,717824544351885
AAEL001562	166,949268299807	-0,183790644810566	0,276081405091183	0,78715654311042
AAEL019546	1899,12930599617	-0,270328750925507	0,283222938621996	0,751520654568837
AAEL001559	839,912406626449	-0,880727226112468	0,268005160694003	0,252698659148164
AAEL001564	526,732400519077	-0,128327297529375	0,196402450494325	0,85097194900557
AAEL001540	1575,37648269293	-0,235821634887623	0,203595925006657	0,831027791025374
AAEL001575	118,877598899312	2,00136543025384	0,366688453610745	0,00030835003757437
AAEL001580	570,016691438524	-0,119541606659796	0,249956630278608	0,82117188183865
AAEL001583	1709,2826325126	-0,356775728913202	0,202245143578556	0,802972129583802
AAEL009190	371,790285032696	-0,604342416868751	0,177204630148263	0,707756629232695
AAEL001565	285,081035491931	0,56593904210793	0,216728000974229	0,668704132215327
AAEL024628	61,6430173542331	0,382567296426266	0,317831767190271	0,658201028861473
AAEL019617	1023,17524067765	-0,265744468850405	0,261506799814448	0,774476362447922
AAEL001561	1132,66436605079	0,835234397534026	0,187636372097301	0,374368750774025
AAEL001570	448,724211135613	-0,611178217501013	0,27795665791407	0,522205646061154
AAEL001577	4985,81596191601	0,467328810838054	0,257938531118809	0,680106983399467
AAEL001544	292,056805713763	0,391443569666163	0,194087162116902	0,800186416971026
AAEL001596	789,203563892903	-0,149226507607876	0,255858147235827	0,811471721669796
AAEL020977	1,8293158008463	0,060591889628827	0,533742118530705	0,612761475973147
AAEL001584	21,842021892238	0,149250855728126	0,391637066164135	0,697653849761624
AAEL001573	806,828023209792	1,1008778658867	0,429372254479929	0,106931776966784
AAEL001554	730,604693525111	-0,226188461015356	0,191354907377666	0,84126374742241
AAEL001588	4975,5281865604	0,20834599128247	0,194031695180807	0,842221389472043
AAEL001569	1108,39272202873	0,454685090146118	0,218149364248495	0,743051856017446
AAEL001545	39,8692000144156	-0,218481323025857	0,494625435408852	0,570696390896481
AAEL001595	48,8261239374034	-0,431237699920517	0,533875755210629	0,425477024852365
AAEL001581	831,130062956605	0,00582541978870169	0,180397641906297	0,863692575618695
AAEL017133	1851,2856882682	-0,246196845867221	0,305767586735189	0,73883645808862
AAEL019443	95,9656577965948	-0,277854779284446	0,45052907367067	0,576442135792182
AAEL001566	368,543674713513	0,862653852473694	0,233941194364128	0,288693818900618
AAEL001557	1300,73220963172	-0,00220395105108819	0,173189690248183	0,864987031057725
AAEL013484	2584,21930142144	-1,61120768173319	0,505169151763487	0,0197319837510643
AAEL013487	1465,99907963976	-0,315114140583376	0,240160471620301	0,77846507665693
AAEL013490	1744,23243619616	-0,295501659185908	0,265827442386381	0,759473467127693
AAEL013491	270,541724613436	-0,336123808695486	0,308482239990118	0,694446688718607
AAEL013483	152,781750488181	-0,166809751089799	0,273585069190021	0,794290636793863
AAEL013488	150,66625544124	-0,0056123079229495	0,247788960615641	0,840329252813261
AAEL013489	71,3974999904904	-0,117281134145884	0,281667570473684	0,800023340080701
AAEL013971	56,4913367550907	-0,368332918503027	0,416654859497424	0,555175837656906
AAEL013970	391,566226529563	-0,196442372700714	0,221630536993654	0,825867077635668
AAEL013969	756,701897586556	-0,024888577392885	0,368419862990504	0,759122603940358
AAEL006884	336,918682660211	-0,484046456865651	0,320033181312904	0,578436286787988
AAEL017188	106,642275957449	0,770971625680625	0,519339638946313	0,251603950280293
AAEL006880	1034,07555850737	0,111343710931772	0,156076785794471	0,864712614464467
AAEL006879	4887,49442989114	-0,0320356885693406	0,192403640265479	0,859790249812183
AAEL006882	82,3311856389809	0,28543400248057	0,402617417494254	0,617817599998404
AAEL006883	561,104781454533	1,14625584049919	0,284790609556806	0,0716485159076494
AAEL006886	137,485045538336	1,64804556459666	0,337870735233033	0,00346646765196207
AAEL022496	338,984034961011	-0,618603628116446	0,214368574456186	0,618924004526973
AAEL006890	5911,0728798496	-0,33293133830896	0,201666481307769	0,810449056341963
AAEL006881	165,370243334459	0,0342174911557067	0,237174457050381	0,841897770580851
AAEL006888	42,2080788447123	-0,142371088029631	0,359429847995725	0,729225936379534
AAEL006887	454,081507978217	0,333965114995829	0,225853055318762	0,786447376696661
AAEL006885	7054,60057752613	0,0921596216835458	0,281252209453122	0,805785370347645
AAEL006895	1844,65831403977	-0,594866209806006	0,182892045610256	0,704346312702315
AAEL006892	638,823579491973	-0,171669688025598	0,219010642301683	0,83215062749661
AAEL020955	940,464391814377	-0,299860223559713	0,296117436095468	0,726072127900692
AAEL023188	3926,16171802113	-0,215616207032146	0,222838008904589	0,821084582814189
AAEL010520	2272,42758431002	-0,0166708675546878	0,163973255190815	0,865815938668958
AAEL027801	691,436146427515	-0,0400747693734672	0,184043268737768	0,861605646705039
AAEL026415	320,021871419347	1,72744986382788	0,252406957025864	0,000192159473663709
AAEL010523	341,736253849215	-0,158687705662564	0,405381516463027	0,68208992277753
AAEL010524	408,47936515571	0,41416965726367	0,306818575704587	0,651790218684231
AAEL010522	293,171050338887	-0,319171410096458	0,238163262182781	0,779061488699289
AAEL010529	210,44317082133	-0,299169665658752	0,498734240239582	0,523307013730866
AAEL013384	250,029360678208	-0,51279631184428	0,34047844640297	0,531160797816697
AAEL013382	294,837629445274	0,436506574085909	0,308165713163149	0,631749334611405
AAEL028107	915,158534587883	-0,0797098518459098	0,168857113923714	0,863425605327465
AAEL011592	165,395452702336	-0,244895946512712	0,252390438536767	0,790007591216226
AAEL025591	535,84503595339	0,0627416175780508	0,185718691838312	0,859977946623104
AAEL011588	1526,87655165486	1,33251213571334	0,214670240577293	0,0081974851316542
AAEL012157	157,478332686087	0,890412777008854	0,5057573995528	0,197208970464169
AAEL021400	634,482419299501	-0,301133846209044	0,269467714436945	0,753249326710676
AAEL012154	1310,95956845776	0,219371690869389	0,13852366941831	0,864386862303904
AAEL015124	53,8919953484859	-0,019207117737846	0,305687232506508	0,804518860278278
AAEL012156	314,476027365273	-0,100727238827255	0,219975825791144	0,842543687590659
AAEL012152	942,628883831327	-0,574142714271633	0,165580065500219	0,751064126238676
AAEL027135	325,308622613222	-0,347225574160472	0,284379687634765	0,716501890308098
AAEL010330	5711,48184924312	0,217979320582557	0,272624462999286	0,779819075915717
AAEL011858	105,815913416639	-0,0728653885861066	0,252238145995283	0,828113846903895
AAEL010332	230,033511289878	0,341484621199613	0,197674713124478	0,811834317486867
AAEL011868	282,289227944152	-0,0173321269778248	0,249973205677121	0,837530821463886
AAEL011862	460,205956293779	-0,530972547878707	0,315524032321579	0,547547703757571
AAEL011869	9,98866681492177	-0,0796766327213348	0,474723039804278	0,657298536334043
AAEL025514	1356,71784590473	-0,331311624628086	0,326758232802839	0,676001432949513
AAEL011867	217,367002614984	1,99688797610821	0,321124181764737	7,95207594647572e-05
AAEL013561	664,435540260818	-0,247984052592967	0,24542056269778	0,795831697267352
AAEL013549	99,3674054992819	-0,232101466780238	0,316531718876488	0,734160153445842
AAEL013558	98,1816742789744	-0,210898468199703	0,31853032948958	0,740240961061889
AAEL013562	81,2036504483483	0,0401939659940493	0,309652295998519	0,798018137456376
AAEL013557	169,685341164663	-0,452347393759418	0,248728041747611	0,701796560554448
AAEL013552	86,5290643205715	0,175692432097838	0,259689243048488	0,802707593502242
AAEL013550	172,951257424029	-0,108326998631722	0,29634037845693	0,791405332487633
AAEL021308	104,884631316821	-0,317898517955752	0,454873760292807	0,551513784237285
AAEL013553	427,298915349538	-0,116409586317869	0,230684865539189	0,83384497470429
AAEL013548	69,9703030109744	-0,211108371352375	0,399248910367376	0,664400789827081
AAEL013547	211,368469701451	0,180633770755693	0,231608694755401	0,821780621394021
AAEL013790	522,94390011729	0,159665955907821	0,203974534816869	0,843285038319258
AAEL013796	146,003086856208	-0,0650375849869937	0,271563003091683	0,81770344414381
AAEL027616	801,888227912768	-0,898959799044846	0,330000933962079	0,218225814543784
AAEL002249	477,639026316245	0,276713688460375	0,179684790317327	0,840624627870662
AAEL002253	308,732389481238	-0,353687591292242	0,177500322744643	0,826608790715399
AAEL002276	1255,74368914823	3,30394763757854	0,299798647292251	3,08328096181059e-16
AAEL002261	3074,7200306132	0,0580871848780213	0,153505921357411	0,866110390296875
AAEL021693	4,42341608429428	-0,319174798044284	0,586321804143422	0,451364321952636
AAEL002263	9396,03803922221	3,23749118660846	0,306117854437397	8,94937830569964e-15
AAEL002254	1546,35079336785	2,98283358124398	0,287953980000094	1,93670458762075e-13
AAEL025785	8,26042611183675	-0,104190202069833	0,444104559731365	0,671029730864096
AAEL002255	72,6877949978868	-0,595675509157466	0,360220553966809	0,44138829057242
AAEL002248	331,105635694734	0,223550579452069	0,19011177198016	0,842425099311826
AAEL002271	954,124215249806	0,120424482304874	0,212699583608078	0,843719842285761
AAEL019956	571,445861799028	-0,305493388821524	0,283099156194693	0,737693415926144
AAEL022692	256,432421113592	0,277351494317817	0,196289139955619	0,828335354386699
AAEL002269	16897,3864463253	0,703831407303344	0,414975472968234	0,323264756311719
AAEL019776	1519,10864021517	-0,426952471676259	0,265635852433535	0,695178393510012
AAEL002267	1039,6538406959	0,584971286926223	0,22787552580615	0,630104403013037
AAEL002257	41,0313514541756	1,41519075159252	0,50404530075703	0,0390300723766654
AAEL002272	1123,54907797696	-0,358645566150604	0,336548877281148	0,650934629954365
AAEL002250	576,610187612534	-0,26822112206344	0,170106547937621	0,848128140267563
AAEL002258	203,821323000162	-0,495272127722993	0,194247745195845	0,753779742637748
AAEL002279	458,538124211451	-0,26061800687015	0,200123267084537	0,828716624105707
AAEL002260	872,801361807127	-0,115610606819349	0,190380255113852	0,854784772324924
AAEL019726	326,037180991992	0,0300165779620906	0,265462706587083	0,827120180034655
AAEL014276	384,970900896035	-0,388234976125058	0,193036488573361	0,802415800316296
AAEL004591	109,483804844029	-0,283712760840795	0,313270385060236	0,715542495251615
AAEL023691	2530,7058559801	3,29849940925035	0,446773546720961	9,16760529577834e-09
AAEL022454	1019,46454936871	4,5959908720846	0,462071075935061	1,91780292963812e-16
AAEL004583	1533,16691144402	0,261219951552858	0,201510155612285	0,82768938526725
AAEL004586	4166,08322321098	-0,206413692268335	0,131734376843927	0,865901954092312
AAEL004592	668,812240841524	-0,0466941290492518	0,255011400130225	0,830499971797962
AAEL028047	499,007258148957	-0,0737044819687101	0,217832754372873	0,846729366261946
AAEL004589	3356,49905454311	-0,279380165080058	0,186121875280065	0,835320635161346
AAEL024437	40,2733752133636	0,17794593903355	0,383667957318575	0,692973751829852
AAEL020512	1821,86408403687	0,154926468482775	0,258116168569815	0,808495509417938
AAEL004585	280,542592003844	-0,080048973657409	0,30146719353993	0,794635062548217
AAEL004588	68,4719742338831	-0,132941228527916	0,314002210329392	0,770096670600884
AAEL015472	25,2501884432056	0,0885996811627628	0,490700504052589	0,639274411580968
AAEL010107	432,613357183	0,134029884319384	0,206379868865602	0,845386269187406
AAEL014649	419,384678949399	-0,0253212572455274	0,176417474560076	0,863768661249361
AAEL027443	28,8938099399743	-0,513071148090396	0,449022185344644	0,429989959866154
AAEL026531	142,715978210234	-0,272959580560512	0,244023273906311	0,789015221029972
AAEL010110	26,676350352107	0,286155501944847	0,37932844787938	0,645074796377517
AAEL015404	1499,33651684574	1,24074312176549	0,388185298041538	0,0587320948979224
AAEL017132	1125,19730973861	1,93459058550592	0,426356730453379	0,00164778794715791
AAEL010109	1025,16718486041	-0,243369535401602	0,237900629310923	0,8029985449561
AAEL010108	488,165755049563	0,622935219287433	0,246343536906636	0,559620617633866
AAEL025513	21,5758018016972	1,1086603828915	0,707835328070927	0,119683031177092
AAEL022847	31,4447485471501	0,191625204179061	0,489998878761573	0,586683001776059
AAEL010112	255,713255225354	0,292589864664675	0,213265671459853	0,81093740558237
AAEL010097	27351,0880322076	-1,06435942080355	0,21406563266673	0,0983326943682474
AAEL010095	957,969230925009	-0,0872097458194675	0,164079442636833	0,864034293357385
AAEL010098	17,8915437411541	1,43217485868416	0,722510171078914	0,062169682638694
AAEL010099	640,467203872785	2,50708100605266	0,212711551514346	3,60025160909389e-14
AAEL024732	76,4095957348926	-1,21255083209185	0,395930743621706	0,069104148635698
AAEL010113	22,5387649751003	-0,380477806732799	0,575596740080259	0,427362462368005
AAEL010102	376,865116453132	0,015344472896235	0,194608943803655	0,860071606716002
AAEL014244	19,0345954343068	0,00426614802155882	0,450658549408749	0,703423955476933
AAEL014246	3928,48532110182	1,26333302865894	0,43106865667802	0,0597150645946576
AAEL027567	410,067178650867	-0,154904597283352	0,200680653237525	0,845712052776812
AAEL007988	478,7285962799	0,212458711051743	0,219280012323693	0,824448719882489
AAEL008005	422,977440746134	0,284610938209339	0,185270478356991	0,834986711490505
AAEL007994	42,979107126907	1,06719250509999	0,451352860671247	0,119981216340789
AAEL008006	4874,18503530314	1,31357162467936	0,318768370961302	0,029601611920914
AAEL007996	463,582948062054	-0,136846227584855	0,283052328796247	0,794520378441615
AAEL008000	1071,44974905972	-0,190776748558592	0,198434230904119	0,842170379774149
AAEL008002	4386,61858537808	0,00900811688405928	0,28212726970841	0,820756457005529
AAEL007990	934,377325665978	0,319157444451081	0,195567925959491	0,819320674751219
AAEL007989	11,9827695776794	-0,622622357791132	0,95145173160405	0,237742101715694
AAEL007986	3963,57423071629	-0,0333381958895841	0,335044748240108	0,781286774860574
AAEL007997	76,8703773002592	0,462896962086935	0,322879475238123	0,590280516302703
AAEL008001	101,289523862805	0,118200766730358	0,347680421109172	0,747139381914614
AAEL008007	1296,9900815398	1,1692651958098	0,389293488025871	0,0782831205460585
AAEL026740	86,1665641980795	-1,28646992713601	0,28844316935008	0,0286826649506971
AAEL011454	98,1073762114303	-0,106680094481499	0,325936252323704	0,768407083106754
AAEL011452	578,149818536323	1,25221069912658	0,329083770990681	0,0439270034268907
AAEL011448	573,487038462564	1,25106004753763	0,432773793297111	0,064614312807006
AAEL011460	191,130032686198	0,403814327576421	0,375112745322717	0,572626889909237
AAEL011447	55251,7088569565	0,27094291633727	0,27823110758113	0,756160000964976
AAEL011462	402,22934052683	0,188233136692795	0,245054637310095	0,810644695395269
AAEL011463	116,264941320978	-0,363854154249797	0,248059248219443	0,749978568851734
AAEL011459	122,018173964721	0,175712213481308	0,308199744602412	0,762359640854501
AAEL013515	1122,73184214154	-0,988456355436027	0,285467366430327	0,158495790963983
AAEL013517	803,732987353451	0,182639752967555	0,243872148669639	0,812794553159649
AAEL001740	460,384371379321	0,0596697147020252	0,156204174360366	0,865889672926907
AAEL001732	1,46213863551032	-0,0894967967493458	0,536108432128657	0,59701627589802
AAEL001742	1317,20012891416	-0,239685297528593	0,286348453335301	0,759978563681516
AAEL011192	428,644742995701	0,185371236874911	0,233923264980435	0,819387443144112
AAEL001734	98,9979276776759	-0,707897408246555	0,264356624715339	0,436288075914926
AAEL001748	613,595193427676	-0,369604818709687	0,22405485855985	0,77488834346547
AAEL017120	25,8194124705948	0,0793027127650903	0,384604539843346	0,7302941870929
AAEL001744	75,9177018718403	-0,0533707483458277	0,428099256555223	0,703828122621243
AAEL025915	1333,77334446443	-0,686703663978981	0,265263987453587	0,458829454059542
AAEL017098	21296,9395558207	-1,46971104961736	0,236931674177471	0,00278224632051811
AAEL001738	222,479965643878	0,251365128571158	0,222620476608683	0,813532099326284
AAEL001747	235,732612390152	0,912100202819672	0,33351126857104	0,209072565370926
AAEL001737	333,233384878457	0,540792676383367	0,205477299501579	0,707981352585331
AAEL018149	81,70067383117	-0,125513126681147	0,37035445964674	0,725472992832603
AAEL008354	57,8475809886399	-1,29294864248859	0,835785164619262	0,090160297881456
AAEL028043	36216,8819451101	0,390112608311186	0,262098970523405	0,721209819453002
AAEL022661	965,547760550479	-0,303174105167733	0,270903932002671	0,751105694930583
AAEL024334	15,6089741399754	0,62927267029468	0,91729773876271	0,241104718524748
AAEL024781	28,6979409424154	4,02662180083176	0,987039205016469	9,93744805978808e-05
AAEL008359	420,025453365391	4,48069240487729	0,3130886404527	2,4670961448244e-30
AAEL008355	140,617282762262	2,54690124474816	0,658533179940928	0,000982999513946352
AAEL008356	1503,81937002831	-0,240365432061958	0,161508357098254	0,855544003671332
AAEL022431	20,6035348107076	-0,257648350847858	0,487745403587092	0,557348842824168
AAEL003104	1773,99517480577	0,809895288093341	0,230894543479516	0,360178661637776
AAEL003093	23,5367178180552	0,0290911512521924	0,439473805380331	0,703366128260905
AAEL003097	157,968603969347	-0,351237335588071	0,342885686870344	0,647710467685016
AAEL003098	113,783191390971	-0,753311918356441	0,356399414905006	0,316647626124059
AAEL029008	301,299639068902	0,527951829637276	0,417856026967876	0,44337043552244
AAEL003106	2070,18029482191	-0,23022603960204	0,191911958692621	0,840242169730781
AAEL003108	1433,66757005511	-0,133579125445446	0,199875260726067	0,848802394689122
AAEL023076	147,872074195961	-0,62537513200325	0,230881189663571	0,580524660231946
AAEL019939	3899,84693609712	-0,0188975391998155	0,269669994049301	0,826423952743383
AAEL009351	1477,16287181589	0,631186438974265	0,365186456550419	0,407826580521327
AAEL014578	348,088690171335	-0,040059462215287	0,223906851285148	0,847796664768417
AAEL014577	103,626385856854	0,127668696452685	0,288873230328834	0,792170746199587
AAEL014576	634,10749090283	0,105893104180117	0,19570488970912	0,853374370827666
AAEL024528	2286,60722780142	-0,45885488832944	0,287223078611938	0,645637087083165
AAEL023854	4274,01761794495	-1,35268210589113	0,506474441598616	0,0512732760102725
AAEL018709	1372,5022703633	-0,36547131370769	0,203598744594777	0,798874459398699
AAEL017096	145161,817105187	0,208377933476269	0,15146642364812	0,86174937186628
AAEL001425	254,372746054489	0,0978367340214641	0,195608459265324	0,854133850728229
AAEL001423	1215,20990485605	-0,85935326614686	0,181609058201801	0,34275242760833
AAEL001426	230,59297652408	-0,389887042342275	0,21669352120725	0,775059576590978
AAEL001424	360,845611372379	-0,0589878825542023	0,235094051441813	0,839980350485834
AAEL001412	190,32985051151	0,169192544589362	0,23981584669613	0,818650297414017
AAEL001432	15526,7509681126	-0,410269658866197	0,200687864932762	0,785671302282545
AAEL001397	693,301024814633	0,297538743809194	0,20412118985619	0,817567380451302
AAEL001407	308,49547582321	0,267689862873182	0,195959772693846	0,830441122593373
AAEL001405	437,664292795424	0,0386862146865579	0,195156811688879	0,858557847869773
AAEL001411	3669,71546981873	0,199662651814842	0,315866234693684	0,74653835962675
AAEL001395	464,70968448136	-0,363454577659246	0,190333410209349	0,812411622477657
AAEL001434	557,493324011166	-0,70767362758195	0,409100068736173	0,323993470424304
AAEL001403	235,725734419512	0,0713176842544476	0,229209966282812	0,841452770196818
AAEL028185	1468,55378428174	-0,442547966326535	0,207596743633581	0,763758795775643
AAEL017059	1580,49820438994	-0,150391400304914	0,210534383454646	0,841005262737286
AAEL001421	7789,26311693772	-0,423250414632409	0,2206279834072	0,755398325988079
AAEL017300	168,673666391119	-0,609821378300238	0,224905331758313	0,605915224041395
AAEL001437	9,57991564786171	-0,115918805338861	0,500537424618405	0,614930792144695
AAEL001410	490,321595994902	-0,0352521088648694	0,212984051443052	0,852532728197514
AAEL001422	627,734262263815	0,512886746865982	0,272033884532949	0,621573751706794
AAEL015651	322,440257125042	0,109203073353074	0,233157567169582	0,833505052744203
AAEL001438	32,7844789724102	-0,214210165622243	0,383705085077284	0,676273681457817
AAEL001394	382,255124472698	1,04647446476477	0,375750884996635	0,125076467483008
AAEL001396	146,719127370244	-1,09361889998855	0,400199367740606	0,108090560638465
AAEL001416	946,65866128239	-0,299560309662965	0,208800948184114	0,812866181436436
AAEL001399	852,761583976758	-0,501244245734988	0,22057485462531	0,711917711416668
AAEL023787	40,9630521492473	0,148835457974727	0,299336323839272	0,777765273121225
AAEL021977	428,756986090493	-0,000568360178204642	0,168455896818966	0,865631247817374
AAEL019542	1829,78637294674	-0,334232198895416	0,215432352288449	0,797461895368284
AAEL001414	7604,76305994636	0,527194144860516	0,329032622776046	0,533680675489285
AAEL001420	6799,12379116068	0,441182338888733	0,253808556737442	0,701679658764124
AAEL001417	164,138157511453	0,841631920560628	0,560608102785015	0,213361018451497
AAEL001401	5468,4940684758	0,191005052591455	0,227259095328618	0,822878879320484
AAEL001402	3711,27771188975	0,105811302712162	0,25643600530225	0,819543046235016
AAEL009214	4647,2113557874	0,0647690753683842	0,296370011126945	0,801535313683707
AAEL009213	208,447129416344	0,176154829373569	0,235914861053742	0,819742718414707
AAEL024235	1804,17937244719	-0,0183952105679218	0,224415290433732	0,849702432969495
AAEL020128	45,0843776446378	-1,42139560223989	0,701445324779941	0,0616793852474432
AAEL006224	1768,23420152841	0,382497491696753	0,293458536660407	0,687013348604926
AAEL006221	455,444126590792	0,21550728032927	0,212550392598174	0,828656535325765
AAEL006211	682,403506244242	-0,761269700635376	0,318891895761082	0,334312716614105
AAEL006227	217,910049838052	0,274670026141974	0,20941575699502	0,818560540924407
AAEL006216	195,342982406864	-1,59615211963965	0,428979064653788	0,0117018964873718
AAEL006214	31,0065827904089	0,0807375672707455	0,334487994324136	0,768948877742548
AAEL020929	399,358346745309	0,0343097832226091	0,233396993383864	0,84380318230576
AAEL006226	877,502723092807	-0,222365406734974	0,19658349196563	0,838569392494129
AAEL006219	25,3595173014395	-0,563338427306157	0,456442511488826	0,395720320951214
AAEL024532	34,0316498980458	1,43552877320555	0,72907369419586	0,0626591927433198
AAEL020401	19,0376071300688	0,199601434236116	0,405483253447114	0,664182972526048
AAEL012633	31,8472707952483	-0,298333283660425	0,398413932123133	0,613140477948288
AAEL020890	92,6491214558082	3,35103047299041	0,520635671907363	2,34952043704038e-07
AAEL024237	87,7946113439384	2,23766000482418	0,392934742674261	6,40841397598299e-05
AAEL012635	218,324793399232	2,01710104228939	0,324953847371201	6,90501218013111e-05
AAEL012636	410,004927895487	1,02786273933159	0,289018381218106	0,131319673755879
AAEL012632	1143,51603372031	0,522091309741135	0,165818474298478	0,781092176032171
AAEL012637	1020,39283535512	-0,229298129845207	0,214856069314769	0,824238197849263
AAEL014318	1395,13730229099	-0,131033645575354	0,192650197817689	0,852190376680085
AAEL014317	311,756706641232	0,0497485117839881	0,247713173500751	0,834202282437996
AAEL014314	442,291951622248	-0,184422662723666	0,192526249297385	0,846295020736866
AAEL014315	581,737045285103	0,80827076478014	0,290922781894326	0,30539987987529
AAEL014316	71,816042343747	-0,50117560457011	0,370380578707111	0,507484187482736
AAEL000722	210,739419352478	0,357967992205805	0,322677987303537	0,666923234922251
AAEL000746	3898,75400062381	-0,26361736406035	0,269296005624604	0,767826487222976
AAEL000721	28,698914131673	0,926167973903979	0,446380467089988	0,183772038082005
AAEL000750	982,445140900535	-0,30068745879608	0,200429149372309	0,819631843504317
AAEL000724	274,297907980449	0,283774175045537	0,239127451328623	0,790276655540327
AAEL000729	164,276338015863	-0,89220222543278	0,496742802935364	0,197499471551396
AAEL028175	30,3948333632552	-0,368026776331446	0,536505396462266	0,457283828067452
AAEL000726	856,985556486504	-0,119035744091648	0,291131943404324	0,792755790472192
AAEL000732	33,4165613163725	0,106244394069309	0,40290392858883	0,705148876280505
AAEL000733	55,2115026392298	0,684446948735488	0,452338673578344	0,317881125346158
AAEL019582	945,998391139995	-0,114627899265683	0,171827425580964	0,860961769184406
AAEL000744	1079,35803799059	0,397491017752773	0,186921573596357	0,805528214410252
AAEL000735	344,757448548807	0,0367264704371587	0,295517005937753	0,807743208281097
AAEL000747	773,196129378405	-0,731316825163938	0,30017074590458	0,379072670525812
AAEL000730	1792,95551113517	-0,132983260700982	0,219434978753342	0,838391275269426
AAEL018120	1074,7085182597	-0,545100808313445	0,290051082666269	0,567367350644015
AAEL019423	960,204960408686	-0,472287112450264	0,295732097242731	0,61984166159766
AAEL000739	2094,74074179843	-0,465883324071505	0,217864432407123	0,737509681407213
AAEL027087	108,302064765146	-0,123312310145887	0,244560239049609	0,824153848496847
AAEL023348	251,937537370736	-1,28121688974949	0,419168342706394	0,0529318341845046
AAEL023481	188,550261791698	0,736591477827899	0,336629612408193	0,347811860986553
AAEL001326	148,379141125873	0,536885077004156	0,285743496548882	0,580305659849385
AAEL022382	44,7349335139368	-0,439841800486509	0,407331421490896	0,515223088911369
AAEL001356	1362,51512162493	-0,169835474846419	0,169625879185281	0,858133056882663
AAEL001341	224,881633771334	0,325477612899361	0,259596772408847	0,753739018154978
AAEL001343	11,7514515749353	-0,191055858313448	0,445674896804104	0,627918645729092
AAEL001355	276,327994235951	0,0280420847750554	0,209728482293299	0,854582886649273
AAEL001328	1789,49919792568	0,716298000368891	0,356632485973753	0,350990877685299
AAEL001358	129,450684692877	1,57891442229788	0,338322056517755	0,00519427004845607
AAEL001346	92,7632240889388	0,720899424315455	0,346686068156662	0,353477651718559
AAEL001325	597,767794766378	1,99452051154155	0,53739503297605	0,00418120058350443
AAEL025598	1,13004856614235	0,093792448988161	0,550680954323498	0,585828347055159
AAEL019936	540,48936846117	-0,772753456354074	0,274758829985021	0,360621737036606
AAEL007466	328,808671013238	-0,0672934491004989	0,215083366957896	0,848849212505618
AAEL007462	607,924393547035	0,0171379591722668	0,218024653669159	0,852130675023386
AAEL007473	484,087377277407	-0,260760956009112	0,266317149284287	0,771410130104723
AAEL019884	74,3487475076991	-0,506241214340728	0,320480285022143	0,561164798182664
AAEL023657	351,118985973961	-0,135942280288053	0,20773050236257	0,844384085909995
AAEL019885	2337,10882476317	-0,481172802162707	0,334049620164404	0,56410970662081
AAEL007472	250,986313815416	-0,052327509111106	0,256017323049998	0,829215733673813
AAEL014830	520,18364954739	-1,42805159027305	0,426061928562056	0,028318265205281
AAEL013554	190,990208786954	-2,92314071604629	0,500511157990356	5,63136584865446e-06
AAEL014019	319,873446248386	-0,0356798364795163	0,351212464545294	0,768732447940825
AAEL014021	333,306157893562	-0,168945543381983	0,191928673703888	0,848677405350165
AAEL014022	206,592656814407	-0,336685960871359	0,483317358233218	0,514798274321675
AAEL006539	696,668376362105	0,134011614261611	0,230608212972445	0,83106675862896
AAEL006560	1017,80101338513	-0,60193600451515	0,153823564656152	0,752634578908634
AAEL006552	1540,47886559323	-0,555222935528244	0,410969203124081	0,429054133200433
AAEL006550	977,218530918015	0,0474757664752842	0,192988493291556	0,858721600972989
AAEL006538	830,819951637307	-0,290704061336255	0,246471529296432	0,780799658356347
AAEL025065	1309,24362431301	0,138746677695876	0,173480981096335	0,859034403683893
AAEL006548	102,457003527423	-0,110347050754942	0,318659082226069	0,77295330007773
AAEL006556	432,617700730099	-0,81142659704885	0,34031704905551	0,280614190214637
AAEL017516	101734,968527338	0,350381520846565	0,248741296038681	0,754995579584328
AAEL023847	24,8487603322807	0,099590133917263	0,432016566192405	0,683529659195845
AAEL006536	33,9789542757254	0,539353746783416	0,452317312788742	0,410600569726567
AAEL026791	640,844777143459	0,0112673143580519	0,199432562440734	0,858993681898863
AAEL006537	70,4777119916027	0,881085854523056	0,505104361771703	0,200988958206295
AAEL006564	2757,02353229905	0,106069821534069	0,184259596481043	0,857539589101128
AAEL006547	262,365201568005	-0,0801938135186186	0,222002965239833	0,843952970757874
AAEL006566	373,920440339466	0,177950701975036	0,235168403302106	0,820008265716546
AAEL006557	769,432798302487	0,530548145261826	0,222221440965736	0,688475709991193
AAEL006551	391,081946640721	0,0867683116793461	0,180118204236664	0,860218533986466
AAEL006553	176,829111848132	-0,0187596202783785	0,303377659857037	0,806374284896868
AAEL006543	330,99517088711	-0,561730370060555	0,244380696822315	0,622208208039774
AAEL006542	8957,98972749893	-0,912370494324077	0,324278788581516	0,211644724379516
AAEL006563	71936,6371914404	-2,45270931618579	0,606633657833097	0,00086981743326826
AAEL006549	712,218892412818	0,195949157866683	0,183970798941063	0,849640705299952
AAEL018119	549,213410104567	-0,430151198895237	0,31758766599324	0,622569842231051
AAEL019934	1191,49385824191	-0,459466133028882	0,256959744335913	0,686757730587203
AAEL001241	145,211628645417	0,336236747170336	0,295034274289872	0,710321943396095
AAEL026179	0,867020385298683	-0,0721722877443706	0,54626839262454	0,597322230148291
AAEL001232	2576,67203717545	1,54630597674119	0,161097136326602	2,46048136324722e-05
AAEL001244	976,241825781597	-0,143631048113697	0,22775834341848	0,831280760602737
AAEL019705	89,1960348908927	0,27016794132494	0,263287568049957	0,771056564080494
AAEL013571	2300,64587074867	0,718254095458847	0,159828694778424	0,613801896977445
AAEL013570	156,535794565071	0,867348436208266	0,452550453061502	0,215366023724564
AAEL013267	227,423242393725	0,525702216967229	0,292005074434063	0,580962147115764
AAEL020690	146,641893802077	0,540313722248221	0,411089352999148	0,440120761524068
AAEL018699	883,529161655404	-0,094085287811952	0,212079478000052	0,847288769513278
AAEL020827	235,527335643119	-0,800159817434877	0,344373005049237	0,28739443606674
AAEL022320	287,80807526844	-0,224181766788401	0,208983189985107	0,829474128031021
AAEL011050	515,538379428183	0,282697055067982	0,237922306056338	0,7917298311828
AAEL011048	583,711392663542	0,347131951933335	0,201040800984425	0,807061133626183
AAEL011054	239,656218733931	0,108526199365628	0,236804368780212	0,83139726162071
AAEL011052	250,816745552952	0,116464037256057	0,201029138752896	0,8500717380341
AAEL011049	676,722353260541	-0,21459533475937	0,231315261225431	0,815223110637909
AAEL011051	1488,81255928277	-0,0665221498251296	0,341210570909364	0,767971899273761
AAEL011057	234,856693185537	-0,204916277124432	0,187807607298059	0,846214316277903
AAEL011055	2731,05364844487	0,371808170274861	0,253938311740148	0,739744221132166
AAEL025376	210,928054444366	-0,00381432625173313	0,253108224985639	0,837746791277801
AAEL011053	35,081763716373	0,184029231300327	0,367172311312032	0,705890351312699
AAEL005316	19,7664211785144	0,487243268694112	0,591343950418909	0,370698081214982
AAEL020452	1729,11849765631	0,0794083548406411	0,323751751515948	0,777798693104964
AAEL019618	2315,53120814673	0,683455920905759	0,35021429040891	0,381404380809407
AAEL019451	1545,22429277512	-0,167780022012015	0,255237009522708	0,80789413321005
AAEL018703	450,931078739394	-0,188469106712194	0,29989609307865	0,765846332241693
AAEL005329	739,80677124108	-0,39907180997576	0,248758859597175	0,732740470145708
AAEL005312	3691,87835267605	-0,187934079538197	0,21055817736295	0,834726058136092
AAEL005326	108,975288837397	0,0405883898718113	0,234751282388315	0,84252675732268
AAEL020936	748,091139780742	0,0332986281805858	0,214318860761373	0,85217545578457
AAEL024460	483,211202524659	0,165042230956365	0,347901039555871	0,731066116412506
AAEL024562	2540,92643530504	-0,365577664500633	0,228872650212319	0,771021149462738
AAEL021795	9974,82284382548	4,96981420737973	0,274326867801005	1,02488197894307e-48
AAEL026008	3585,86633383886	3,35003737352348	0,198110668968678	5,87099345428706e-34
AAEL026833	1528,70833682874	3,1441100992029	0,213739881869083	2,3115619975813e-25
AAEL022334	3170,24527445143	3,52113903044779	0,288988877313722	9,87197042724039e-20
AAEL005315	148,838185921608	-0,0386738518917556	0,38822731407275	0,740105667400376
AAEL028119	505,511814001511	0,203789440277845	0,174654156775698	0,852991658134572
AAEL013942	427,497709233393	0,279545233155334	0,253720246878392	0,77716200729163
AAEL013940	727,537848731269	-0,3190936726483	0,216105011484905	0,801105625067157
AAEL014549	604,262637452404	0,978345906434418	0,260744930669443	0,165963305953251
AAEL025567	1702,97540613812	-0,132677778402591	0,271856139392793	0,803446556714331
AAEL014546	396,369702795436	0,133689563784355	0,192727455947412	0,85196624658587
AAEL021473	2043,21005827991	0,168292831621085	0,194623637464399	0,847384257725066
AAEL014550	90,8853483649228	-0,478037353980416	0,377516771078933	0,51733740724696
AAEL005874	1225,22541960544	0,291550141168599	0,19918749937737	0,822728934767329
AAEL024796	497,648171092761	-0,148203911392308	0,315485340224468	0,765290651719818
AAEL027832	110,796539926006	-0,302844815510362	0,428502343431699	0,58139880861009
AAEL027728	28,8647726432746	-0,626992050465112	0,625622573954136	0,291284472657998
AAEL023898	241,67963800833	-0,875505683161707	0,584446608800061	0,196627262337763
AAEL019742	381,367296255766	0,0886781238179728	0,279761273237436	0,80754160744358
AAEL005884	487,309825289653	0,218202097194883	0,181073848055238	0,84839542285062
AAEL005890	1171,40445315589	-0,335545918203319	0,223426706961899	0,788621774682917
AAEL005888	304,818450271492	-0,667648680086521	0,284336629160747	0,453467500330303
AAEL017042	857,799366793109	0,0583407424032053	0,179282332280041	0,861944880325087
AAEL005879	1633,61895878165	0,396755575445656	0,189103432766361	0,803420258474166
AAEL005882	240,458515778431	0,579940381004562	0,276631770115395	0,555781553149139
AAEL023543	565,622732425611	0,401369329365708	0,179815855029595	0,81173775987564
AAEL019757	41,8714412184977	0,04907719544019	0,336802681928545	0,775979829286983
AAEL008292	317,772718782615	1,08191436763481	0,240913267067915	0,0921226319493401
AAEL008291	2335,45323630599	1,13268788828956	0,279728009010989	0,074784557907366
AAEL008289	737,548984155575	-0,158234110430431	0,293032831036813	0,780375787517735
AAEL008286	131,423974627593	1,94796654426736	0,383311734913086	0,000687210039986113
AAEL008285	45,1563871692456	0,552218651924755	0,493876603351604	0,382459150805279
AAEL014520	27,2200033908918	-0,00812979437193748	0,348567160159333	0,777898898412507
AAEL026277	14,7578433216647	0,1152006558015	0,419300326851881	0,687905016969928
AAEL014519	409,294875693422	-0,756106723777512	0,311772731042162	0,347583756098931
AAEL009731	616,497985172091	0,131794416944015	0,184548590389419	0,855572498536988
AAEL009733	1199,59879769528	-0,0187182042748563	0,349465937009842	0,774510748928838
AAEL009736	159,001147405514	-1,00417387094297	0,681221477044285	0,148327745836292
AAEL023151	957,135545565221	0,404669319360078	0,215850924200107	0,769703361293031
AAEL009734	294,799611727636	1,09878756083526	0,421562132546726	0,107801536655197
AAEL009735	180,012364511915	2,16235885836166	0,293866610263594	2,66340807254757e-06
AAEL019668	1465,39444569411	-0,213545637376055	0,25294491836445	0,798460995173401
AAEL019780	4309,12467919466	0,138119334177116	0,257200014490706	0,81269896487666
AAEL005276	678,277655931859	-0,158282222431809	0,256236918415091	0,809316357701596
AAEL005269	11671,864219954	0,301147938033335	0,27711724874297	0,745501683653347
AAEL005258	349,330487073704	0,822543781492501	0,23593854477756	0,335967135346036
AAEL005262	1233,73744936579	0,0453062879135253	0,144327980173207	0,86653748985335
AAEL005270	2907,93775643519	1,13085098953369	0,241071107402034	0,068093345285995
AAEL005259	322,341229888329	0,653668448204959	0,259986613398229	0,50293957402865
AAEL026671	577,897154969631	-0,323604222550776	0,224004046435763	0,792141408828649
AAEL005273	61,7623054562052	0,181802714795154	0,272884052067086	0,790425846805219
AAEL005277	2606,74352636678	-0,210070043314675	0,244182374948343	0,806399809559817
AAEL005263	387,616124644656	0,510060924680357	0,211445563438468	0,719552849137951
AAEL005256	1111,08176995299	-0,727047010418376	0,242447639625149	0,442290697283676
AAEL005255	418,806643983998	-0,45532370650535	0,519344990675728	0,420142811689482
AAEL029010	433,754509701362	0,573574067532229	0,340520353636164	0,47970384427966
AAEL025226	571,879640857771	-0,423602098202275	0,321774802481937	0,621755224009777
AAEL004897	89,7169684012494	-1,35519809698514	0,428740283602454	0,0385974930349337
AAEL004899	107,654361441195	0,192196747222773	0,339675771279605	0,728149660675956
AAEL004894	3,38700466231704	0,10316392208614	0,520055986244781	0,603550425494754
AAEL015288	2,70458252092108	0,204315276908922	0,557329518029638	0,530091814726344
AAEL021762	4,19381901122925	0,0153139001953855	0,489435395456023	0,670328113910864
AAEL004914	850,73443992287	-0,0332871487907014	0,254582025319723	0,832706486859006
AAEL004900	673,452036838022	0,501991605409356	0,158315874466098	0,800755145805604
AAEL004898	21,8135600668094	-0,00386192946267901	0,411900041736885	0,733167887625902
AAEL020456	19,6417486128606	-1,18419461129647	0,915444581371715	0,110417302828648
AAEL004913	876,926651596179	-0,248684778079248	0,307691323412086	0,736262994438552
AAEL004896	294,479728777846	-0,000687547153538625	0,195428505202554	0,860604412843716
AAEL004905	659,417303407975	-0,880804663363895	0,22662922551918	0,273235184436869
AAEL004910	198,194403242062	-0,029409767864265	0,222263302231479	0,849501632585402
AAEL004902	1817,35387169858	0,429113344182273	0,242373296198897	0,72487138583384
AAEL004911	912,323151520533	-0,0915683162833403	0,190388521080308	0,85645029858595
AAEL004916	398,945713052102	-0,136940728116894	0,287813277868362	0,790455660434014
AAEL027655	23,9051177546476	0,739357031564925	0,451280401953694	0,286614702439098
AAEL000269	3372,33258508145	0,364540148338719	0,209676508579306	0,793134340688353
AAEL000282	143,581978137834	-0,454348536057411	0,23200339410397	0,72411589854897
AAEL000257	547,53655666073	0,0538179412798926	0,153985057424425	0,866147105911853
AAEL018011	78,3153240104111	0,423021331403776	0,337108612648389	0,600859338080989
AAEL000266	8,60747538037768	-0,47688272753914	0,69832790857145	0,334786302816518
AAEL026994	996,223910758676	-0,604219883522639	0,359912755285452	0,434078116693487
AAEL000281	68,1790240378669	-0,266066898265433	0,310185048462668	0,726271285787117
AAEL000288	229,043435398339	-0,489361333882269	0,577400376718977	0,375656463987514
AAEL000284	176,821426930152	0,203360171259363	0,239514698845576	0,811568549296998
AAEL000293	9928,96408559879	-0,555221653776299	0,157898300796373	0,775298873463975
AAEL000267	159,884358507576	-0,216283572368771	0,205926718603163	0,833049662242901
AAEL000271	5295,97660123835	2,54052393296013	0,218925882839117	5,67653228556962e-14
AAEL012756	2541,10602589385	-0,534549075773883	0,249642705097276	0,640267145235825
AAEL012751	2488,59149090277	-0,342112721591638	0,318219080154385	0,680571746126974
AAEL028005	198,308539703132	3,54928365819405	0,340727801152808	8,671864727548e-16
AAEL012510	963,287505218303	0,493989795267138	0,182227432048194	0,771586514481558
AAEL012503	820,517501603624	-0,177195933663696	0,148062390723007	0,864009039699655
AAEL012514	1039,17684773562	0,0227279264419879	0,172768556649895	0,864499800044762
AAEL012515	914,558711032222	0,422018337666559	0,193503268288031	0,78961774645788
AAEL012511	1497,76803381838	-0,0873437733467515	0,296219421165941	0,796762357971637
AAEL024853	2301,74762096898	0,277422855337214	0,142507054283036	0,860231875712876
AAEL012508	837,830695959284	-0,055098995534837	0,187294392924049	0,859937768193182
AAEL012509	1595,59231721768	0,240896681814938	0,313465894303336	0,733594001097297
AAEL018241	361,038486096127	1,62813433079257	0,838105466833373	0,0455099764110945
AAEL012513	679,108392294659	0,329518095067896	0,180383885578442	0,82969216315782
AAEL004657	790,656779276614	0,409371315412484	0,183094286257379	0,805656876156975
AAEL004661	1762,23152701175	0,325112050678736	0,200204655419086	0,81398130540183
AAEL004662	238,913313779218	0,637670588099243	0,348906621693998	0,416475965405361
AAEL004684	12,6502119125942	-2,46362861931371	1,21366799289281	0,0198740433215275
AAEL004682	602,678781960449	0,362178984350111	0,198691185797819	0,804648841517299
AAEL018326	1112,31826494215	1,14873379666876	0,265627724734212	0,0670914153031682
AAEL007208	72,7187688871386	-0,727957100410169	0,684127565546659	0,238585484695204
AAEL007218	588,334526604182	0,149681254220915	0,235824649658416	0,825119031714096
AAEL007206	443,165654316494	0,386829023379589	0,265191795944094	0,718926656198655
AAEL002493	497,387129115417	0,0089349592478705	0,213252181545955	0,854813567396598
AAEL002463	1094,01707300603	-0,32587875592794	0,369127306250787	0,631144890795016
AAEL010877	539,923995951199	-0,561339774780052	0,206053876029744	0,690676969940119
AAEL002483	775,604261851647	-0,289834571529221	0,194809144155874	0,826854632410169
AAEL002486	399,502188189971	0,0531418115080331	0,217691628970807	0,849176127589786
AAEL002487	1550,72583238958	-0,575108079487536	0,15287428181997	0,771938484807821
AAEL002465	535,634222189014	-0,077504517312624	0,183435215764727	0,859776823640958
AAEL024570	572,278019838312	-0,238322329122664	0,354976587308306	0,693527590649684
AAEL002462	231,202242535168	-0,105157157231572	0,18865967149811	0,856069345601764
AAEL019645	138,908882502217	-0,234725404593004	0,385794968347959	0,66584642992889
AAEL019644	335,769824240763	-0,198585416058956	0,305640217766678	0,756359679989907
AAEL023280	64,6304287569578	-0,16352773487064	0,411589048025609	0,673877604296492
AAEL022941	1041,65533901318	0,165247655220598	0,183168934782636	0,852947370397872
AAEL002467	38587,4776641116	4,27451776299809	0,523227331163427	1,35020164770043e-11
AAEL002481	56,5302832446285	0,314655485419942	0,458643067594496	0,549909945378132
AAEL021027	274,376829487068	2,44774797286764	0,256643198127284	2,43281779854207e-10
AAEL015606	931,937135120558	-0,182321327841754	0,332577924362367	0,738105971342807
AAEL021789	17,524878585976	-0,171077446546102	0,443891392437244	0,641419039389224
AAEL004798	36699,5178327675	2,39741433692959	0,419735570508015	2,82668133051771e-05
AAEL008619	1202,90987678431	0,126597951361247	0,295791988921504	0,78681795710348
AAEL008620	3655,54012699316	-0,373240311550035	0,249978793810835	0,744063459907412
AAEL011500	439,478868950889	1,30395581271766	0,185091683474084	0,0062643385407009
AAEL011505	1085,86499780226	-0,347967126717466	0,24700017690469	0,758260729217032
AAEL011502	501,03393210378	-0,080513643607457	0,157726813614092	0,865272733349135
AAEL011506	107,775297312973	-0,547062276754164	0,286666011325208	0,570582377847778
AAEL007729	535,269144048016	0,0232799731803739	0,210149088345886	0,854842351051185
AAEL012539	632,848096414166	-0,240618808328489	0,199467982499126	0,833125732831063
AAEL012538	280,512034258427	0,0864212096735606	0,306239050795643	0,789377136981273
AAEL024482	678,6181570314	2,14237580281506	0,305469260723525	8,32242997831516e-06
AAEL013565	927,625091232302	-0,141577691190958	0,180302080230994	0,856267128784024
AAEL012536	558,147217351669	0,919945171492797	0,252053521958196	0,221640070620683
AAEL019731	2289,52203838426	-0,526648562140773	0,233498556056427	0,672979525480091
AAEL006718	552,313919382942	-0,419327251166364	0,179405316722266	0,806552817831523
AAEL006731	328,335684697912	0,0663633959766775	0,253096454185095	0,828636496506105
AAEL006734	1081,48328718953	0,281089317536657	0,206624203350774	0,819209285006664
AAEL006733	255,092021015622	-0,133428721460588	0,218467849643246	0,838942166382457
AAEL006727	1612,37094190671	0,526335395022005	0,267073837928676	0,617262192526649
AAEL006740	657,339124355272	0,0286789262979351	0,210989031144385	0,85391557841193
AAEL006736	115,769101236344	-0,374939665782279	0,332931221465721	0,644106921838215
AAEL006747	394,679964060452	-0,387188534546967	0,200153989871628	0,795548036127701
AAEL006754	359,427044825293	1,61552502969551	0,226875962096197	0,000331630859718744
AAEL006735	285,788647817867	0,177617094710755	0,213970898600986	0,834445874367028
AAEL006752	1155,02748653112	-0,580371508956709	0,163967023100754	0,749516573093534
AAEL019478	85,8161060552466	-0,350800318342134	0,323867295178214	0,668845926264739
AAEL024478	25,678834818772	-0,0262617320142426	0,427814689779739	0,713930030636242
AAEL006755	154,526124893234	0,248411643304462	0,235777783525569	0,803262322880569
AAEL006723	147,814732597989	0,564409525053175	0,298255753167945	0,540322344032067
AAEL006751	3648,42536178416	0,40898961700612	0,138595964449422	0,847113397231583
AAEL006741	2540,83729526215	0,415730264721658	0,161233766717019	0,825804983273902
AAEL006744	3686,94411298954	-0,123388559933588	0,182148653060106	0,857066809112533
AAEL006725	1256,24899908475	0,186922621349219	0,14664558526002	0,863895282053424
AAEL006724	259,288243730064	0,266991610461859	0,247833349757912	0,787248702507856
AAEL006750	312,56229429048	-0,134279701528984	0,208869406811782	0,844002836521274
AAEL006726	2284,23194400946	-0,353082773601065	0,182642106246451	0,822018644277645
AAEL006728	1220,14876279412	0,0970701717360739	0,173457658054105	0,861500931479634
AAEL006719	1255,97564253585	-0,198022971918717	0,313635867988532	0,749432400074884
AAEL006749	203,633351045788	-0,42652843890142	0,239218390582826	0,73072891388442
AAEL006737	29,026555548705	-0,581795545060316	0,428376313334465	0,400598826855986
AAEL006721	10683,5586737949	0,0454887208022577	0,192058568900654	0,859115776740746
AAEL006748	641,677963628384	0,125427001321304	0,204812232208832	0,847193161772529
AAEL006717	716,03924081924	0,179992981256824	0,195095732509823	0,84556562001908
AAEL006720	330,558831806404	-0,420694585635605	0,257419337651839	0,710377237811197
AAEL003087	224,551659195926	-0,0409459971790204	0,220386618896368	0,849222714419917
AAEL003070	356,085875133912	0,187428390114644	0,193336687235646	0,845549332579378
AAEL014768	5856,97120133537	0,402671128782728	0,205351062634233	0,783659354056334
AAEL001682	193,68660798372	0,270905054727245	0,250144465020475	0,783912839033296
AAEL001680	37,3579090666736	0,78054730017982	0,442785967861928	0,264386963689626
AAEL001705	829,543622903545	0,0802182531523952	0,244557218482674	0,83130018855487
AAEL001675	10,6693139655877	0,783159298001871	0,985785224289385	0,197790399327158
AAEL001677	10,5468238516206	-0,374571431614058	0,529314183310486	0,459000639196389
AAEL017500	28,1851678608739	0,0538481601962429	0,430501275260384	0,700858914915141
AAEL019836	1076,15010304245	-0,525725398108235	0,340390063714516	0,520823568692378
AAEL001687	52,7411873791466	0,241056106664947	0,368282114587565	0,679039880405465
AAEL001697	23,769909156147	-0,100510699721151	0,418731943771335	0,693834510161876
AAEL001691	643,683357485515	-0,344262883417611	0,231327934737576	0,776825474302813
AAEL001699	527,328457392608	0,0364545227586302	0,26355008143624	0,827222098297099
AAEL001698	1759,14082987713	1,16793830328115	0,154173867380908	0,0242941114033632
AAEL017161	272,50019297681	0,137962765569241	0,262955015671975	0,80886948838537
AAEL001696	32,2681860680506	0,719102754292109	0,675510230223987	0,24444568815611
AAEL001690	106220,967151591	0,811127760435973	0,362986515733666	0,272171865578641
AAEL001674	7793,7851981333	-0,0920120570087311	0,361454592905256	0,744893389350923
AAEL001673	6122,93649253933	0,00500365289303217	0,182853823564531	0,863361886763881
AAEL001695	26,5884028174195	0,128747707099338	0,430131240149082	0,672494030143341
AAEL001688	379,55088353057	-0,111004971586813	0,215202593619543	0,843519463253901
AAEL017356	959,014274309161	-0,1632640390701	0,203473809232124	0,843100354647953
AAEL008769	11294,9510804283	0,905276972265867	0,327097253884364	0,214221060903979
AAEL001703	35131,0902373512	0,143316436233015	0,31968758633479	0,763080126591875
AAEL001693	11956,8281737749	-0,186833881644012	0,3454506013008	0,724620000733938
AAEL020351	17,0865094367082	-0,271217709266647	0,493988421397298	0,544276954861185
AAEL027666	813,939522054129	-0,238957853665468	0,188280879295962	0,841194900262208
AAEL023441	775,910957045089	0,297583655265925	0,191401830586911	0,827871552564089
AAEL013413	114,352600592912	0,688578288551511	0,272657657939373	0,44694404175644
AAEL001605	1581,06942366497	-0,396510515909718	0,292927387519745	0,678704967266254
AAEL010509	864,706433250423	-0,540426231726639	0,3739366681812	0,4722464760146
AAEL027886	55,7218673717882	-1,0607825190792	0,996335882835277	0,137282393121315
AAEL010506	2132,78506389002	-0,365743249080646	0,178415287377416	0,822621676840313
AAEL010505	906,86936527198	-0,00157752127283291	0,248385209253175	0,840485763793058
AAEL010504	435,532744373744	-0,0594086418830315	0,183854120977691	0,860630946665046
AAEL010508	1793,30787245999	-0,0285513302881181	0,247129344440941	0,837512798061952
AAEL024153	1511,58141988063	-0,387656241687771	0,258396270498239	0,72671838813179
AAEL019746	1500,08106550391	0,00741335299583852	0,222909227488035	0,851244442537924
AAEL024363	25,4214467602643	-0,123179624011188	0,414154311842448	0,689170515594815
AAEL021667	447,104732759752	0,204149727430068	0,346412052865183	0,71666122002735
AAEL011343	981,385406611447	2,18796384341587	0,274902121763427	3,82068601428847e-07
AAEL011347	635,175345294521	1,04290760424123	0,266144883415457	0,11789893871471
AAEL011349	158,851721262822	0,320601617506201	0,222978057463206	0,794348119710592
AAEL011340	1789,94091564318	0,0786557963256085	0,178966820540093	0,860922153427537
AAEL011350	391,657979966904	-0,0302298539804148	0,234733853905757	0,843552895413072
AAEL011338	510,060219236925	0,962548586936848	0,279553997275585	0,177854214093609
AAEL009968	1019,24539211801	-0,167755594228874	0,267498344071875	0,798599000524537
AAEL011345	116,720400001298	0,725435728134313	0,258218075283134	0,424530710135204
AAEL009974	66,3536765579926	-0,0486277375916933	0,33535463483677	0,776993861596298
AAEL009961	85,8487881590286	0,393469141203385	0,308647218015223	0,662063665014129
AAEL009964	4240,11485915546	0,372554927162824	0,247464161934806	0,747010828036486
AAEL009957	500,92461701335	-0,468518449843283	0,22709505356244	0,722848105242881
AAEL009965	63,4421097607055	-0,126407986694228	0,388967855270818	0,709378834645415
AAEL015294	159,182605249628	0,443708216122742	0,269823343253714	0,679440838365894
AAEL009971	927,879465069331	-0,560149845024404	0,27066939526738	0,581180556069595
AAEL025123	165,888954387052	-0,830948080516098	0,866548325908155	0,192853984327199
AAEL009959	2797,13169909199	-0,554144077523033	0,193417025630463	0,717929853225764
AAEL009958	769,28598889997	-0,0663640973080546	0,186638768073195	0,859467310497161
AAEL021169	401,480573971749	-0,922665456553424	0,395910061897463	0,193144672251654
AAEL019862	867,086979626651	-0,314491298357229	0,20488501078531	0,812555402186423
AAEL012698	732,82080864703	2,2578831331149	0,340010042635656	9,32220111980764e-06
AAEL012701	2121,70560813981	0,77362694247617	0,231950648063603	0,400396908527347
AAEL012700	55,6442377999035	1,9289740737302	1,38258772549881	0,0526927356575175
AAEL012702	3690,9672445882	1,3999957748038	0,445697250465614	0,0346153179368082
AAEL013278	536,472687728758	-0,281569616587789	0,247098545519373	0,783468864833767
AAEL013281	13,4867885761215	0,0121864337802308	0,440767049006737	0,708821306929612
AAEL013279	9067,45517544896	-0,00519729900123978	0,279158948398128	0,823028572146844
AAEL013277	220,709641104822	-1,01315858172986	0,263421864598346	0,139373549268932
AAEL013284	135816,160116158	-0,0525478426185157	0,302383178432336	0,799996134974702
AAEL022140	111929,637246783	0,342674496343623	0,317701039921633	0,680836752604527
AAEL015014	921,724224097458	-0,112092727342866	0,176809256662176	0,859682768400773
AAEL013741	436,431855566908	-0,117294046771988	0,237567104271445	0,829632754153731
AAEL013744	3344,16148696648	0,263453989345626	0,29588229715966	0,741273952895337
AAEL019681	992,577401903581	-0,0716436178995546	0,22065203177887	0,845630735501695
AAEL024010	10,2888883004666	-0,274853760755251	0,496050129759526	0,540836050406126
AAEL011510	1023,07337367103	-1,0534562318019	0,382328275136027	0,12058056882778
AAEL015092	16,3658023560202	0,200953344608305	0,497539413181604	0,577662701140269
AAEL027545	89,8323691065098	-0,0401752156473048	0,340710381434182	0,77540127398702
AAEL026387	167,211075326174	-0,166517374090391	0,215697239002177	0,835079603343357
AAEL002753	224,888824402818	-0,0353174388156128	0,364945148717561	0,758614035798017
AAEL002737	5560,17138493333	0,113855094621243	0,287235628019919	0,79701473936511
AAEL002748	4201,85758579721	0,511709405748309	0,253113287592599	0,655327853052369
AAEL022370	443,948894519471	0,0652350553260559	0,195744833327108	0,856506564649803
AAEL002739	334,101358967519	0,0282182706961703	0,202691051003648	0,856829240569661
AAEL002751	219,535811222958	-0,4540262109982	0,254864970835916	0,692788708275749
AAEL018286	456,186427077308	0,0682671490094857	0,198804403798746	0,855329933340807
AAEL023679	185,84378837012	0,165120189871637	0,218693279119971	0,833448264189028
AAEL002752	350,176306571531	-0,414202598432746	0,268430545277785	0,699085726209864
AAEL013904	4669,22851316605	-0,654175670687383	0,236038040620029	0,541604683784815
AAEL013902	238,516139557055	0,469521705645958	0,272744263895209	0,65842600847176
AAEL023147	218,541718937883	-0,0310122079372024	0,197447265335648	0,858325213475888
AAEL013903	537,498289435957	-0,249704221475249	0,183664830375863	0,842442051418041
AAEL025459	85,8706775775541	-0,233933085154003	0,327221789269526	0,723051665472351
AAEL009182	261,558367486777	-0,162905540689428	0,21039570394174	0,839242680025182
AAEL009189	1642,85865007758	-0,516509336044471	0,429630923951702	0,442110432124474
AAEL021139	11,1279978394457	-0,22068240331975	0,549828791646034	0,52645007558906
AAEL025808	204,932265664384	-0,418304103971479	0,256723953747754	0,71257320467645
AAEL009183	717,996330453874	1,27264463683617	0,338003143885141	0,039684724751435
AAEL023587	114,388105993079	2,07256981134041	0,546078486471696	0,00304513584563435
AAEL027505	361,2762340506	0,0777204346887164	0,228840443057828	0,840797869085763
AAEL009192	2516,92580030123	1,14411411700544	0,204493920807806	0,0508087341780431
AAEL009185	19793,1927087744	0,193813969444331	0,193956855939108	0,84431791541609
AAEL025890	22,6307089648804	0,558830655980707	0,500020782094274	0,375012905403269
AAEL009180	44,1741614861238	-0,139378182568073	0,473452531572962	0,628883458293858
AAEL009191	86,3767175167787	0,0694116298155521	0,30086253722614	0,797601236463959
AAEL019892	897,106319842335	-0,660738804103546	0,215831371574676	0,568290495595651
AAEL010647	36,0855975068647	-0,620231611238618	0,582489767416446	0,304128917039813
AAEL021805	264,583273132931	-0,157674213854602	0,201132798800258	0,845108270658265
AAEL022509	65,2332685060375	-0,390541208131156	0,34689803842281	0,611620193684635
AAEL008514	518,882818368486	-0,208032155596671	0,32228968339064	0,73801439001483
AAEL012674	575,584564357057	0,200962599309605	0,274779277362781	0,783564150686754
AAEL008507	1179,88084915027	-0,0172026955714745	0,240052947032228	0,842746567611057
AAEL020636	881,917329188398	-1,25500521017383	0,200552694785264	0,0159958205886345
AAEL024921	107,113917266372	-0,324944510695041	0,574570251366165	0,455729191770795
AAEL008511	213,975548711626	-0,646512725942442	0,282908803197055	0,478741465234009
AAEL008509	403,805785926953	0,0435512078285841	0,195455775955616	0,858105563384742
AAEL008517	2354,91173207694	0,342184546054286	0,218882496008551	0,790931558010524
AAEL020434	778,313929090588	-0,253389685992563	0,194241680369292	0,834464582657057
AAEL008510	1005,81643905576	-0,226677091153195	0,181406809471129	0,847049525683774
AAEL004291	1105,70572860303	-0,0253289913771819	0,219082567057156	0,851153722090213
AAEL025518	168,392326205702	-0,667666375050833	0,283452448360311	0,454339627929495
AAEL024204	1520,56414494431	-0,34989674238099	0,218035473760126	0,789256634110953
AAEL013853	60,8690711276576	-0,215065551837735	0,394203864308519	0,667352146019774
AAEL013852	369,109362832216	-0,300825753441458	0,24061215144954	0,783214362143594
AAEL018267	3503,937859861	-0,000127671552892603	0,189245703320505	0,862204699749963
AAEL014447	32,6939048530233	0,0109262677991043	0,346590670901512	0,778730535297329
AAEL014450	805,700707999734	0,433650164306557	0,190765306991797	0,788318150961061
AAEL026039	395,231623107167	-0,218533758365495	0,296986072410199	0,757551133750952
AAEL021196	299,002083874291	-0,412497601186822	0,46709266232226	0,480982381442592
AAEL007738	602,890147046683	0,215469751380236	0,189244293525656	0,844036062679544
AAEL007731	745,919444335507	0,275138578901779	0,188812513283738	0,834277309858765
AAEL009031	45,8403092519927	0,298534584116952	0,429765774739964	0,582920816294903
AAEL011168	1598,49873315086	-0,210879656832803	0,200048306498702	0,838123362325995
AAEL009036	3,85925169468223	-0,083709068133318	0,507826713684558	0,624726441201072
AAEL009027	309,143747189768	-0,0816238895960252	0,232246222437508	0,838515998446483
AAEL009026	878,689810157468	-0,0762117730732923	0,318732588583084	0,782479401482291
AAEL009038	2441,46345578047	-0,22734838945314	0,294511186769063	0,756559045336939
AAEL001041	1778,44996333132	-0,0633917862447381	0,17244179187921	0,863323627079399
AAEL013997	187,815363067221	-0,505333335080948	0,594038634099105	0,362610004506123
AAEL013991	12,7821672436835	-0,130870918902607	0,491911380936479	0,61511830014755
AAEL013995	751,833238199093	-0,0222046293726169	0,192276873538522	0,860325196538929
AAEL013992	664,908917957242	0,101449618392951	0,250173760738868	0,824469744459257
AAEL013999	662,080792381915	0,148268472647258	0,215345387602507	0,838533800383227
AAEL013994	424,696457599106	-0,192690789288723	0,225464012756239	0,823942623018849
AAEL013993	39,5021102195278	-0,207012784912936	0,426570285024999	0,639523022098726
AAEL013996	141,871537612062	0,170497360616089	0,256025537982444	0,806731026165729
AAEL026130	68,2781665014391	0,191295943646979	0,359773979191332	0,70993433521151
AAEL014092	68,1878894444728	-0,0182578746701333	0,277513177887637	0,821758951573191
AAEL019888	1109,84050222715	-0,00265065412630214	0,17497244664736	0,864750100576828
AAEL020530	887,684958019619	-0,42298998545178	0,189544196591778	0,79414679364078
AAEL012313	682,410312051943	1,17542455675282	0,188880243610353	0,0326227104225955
AAEL025983	23,3993979758201	1,60021542204633	0,935227312077193	0,0563055709025482
AAEL012311	3391,34048970037	0,564076867469667	0,289902202254853	0,552495546582214
AAEL012306	382,762241076631	0,0264723658780356	0,227130369426954	0,84774919306694
AAEL012312	5251,20498184026	-0,0722958679676402	0,193149159148245	0,856941135811808
AAEL012317	1440,80137589335	0,408488757460795	0,311508780579858	0,649211560796103
AAEL012310	1795,40900441764	0,525029951773951	0,179494240877694	0,759005428647043
AAEL012307	815,511588974885	-0,332926911083369	0,216308419711641	0,796930680195311
AAEL011136	1107,66263125632	0,23441717100986	0,230199840145153	0,811495937885059
AAEL012318	1060,50139041355	-0,224287777076056	0,314489932986045	0,738927503788563
AAEL011140	456,08034444586	-0,245690125722529	0,298368864061841	0,746064178711105
AAEL014765	113,067323574814	0,216137465554836	0,27224991498247	0,780897248060352
AAEL014804	270,485777571534	-0,429602407254247	0,261189853323788	0,699204495575156
AAEL013596	2065,85934653077	-0,544655111704347	0,203930821798503	0,707812836718772
AAEL013593	239,995876449841	-0,184763836185186	0,235076801856886	0,818896672697862
AAEL026412	317,1994656606	0,0337716857134879	0,219629997423416	0,850225080340799
AAEL026491	55,3375659970274	0,260223642616519	0,363697154836048	0,674084229201863
AAEL021970	186,35133223306	-0,0337757937741085	0,270777126386577	0,823305907058517
AAEL014883	197,810871253841	0,652106242797734	0,266440133352609	0,495456347256448
AAEL023788	10,7332180953102	0,288102583427335	0,626678568752861	0,445519185487696
AAEL014880	203,315747635531	-0,201297375352644	0,213244296633283	0,830754516484997
AAEL027933	201,213597286383	-0,13822138374264	0,237037142231179	0,826259322427681
AAEL012823	319,571115608518	-0,343238754354997	0,250154866753967	0,756917104614124
AAEL012969	225,841248727729	-0,196695016315649	0,215886733652344	0,829810857431102
AAEL019694	4125,90095333114	0,0136665420002758	0,207751734551135	0,8561400448928
AAEL014889	2157,71382429826	0,186967833112708	0,282684578145942	0,780636820318153
AAEL014672	24,0791188861201	0,154953427650553	0,388467970890995	0,698072778596504
AAEL014844	236,06401328635	-0,424110814019674	0,379658506778592	0,55541828744793
AAEL014843	10421,8370737914	-0,37151194794864	0,125868844336836	0,859386343106628
AAEL011708	8477,38526217411	-0,231609448139079	0,173678999203038	0,850591826118352
AAEL014842	732,253743660932	-0,33073213981679	0,309252088220179	0,69639069412033
AAEL011714	121,826199112705	-0,0670012835398754	0,322518495916627	0,781965229196776
AAEL015041	727,51514508553	0,170640054565967	0,224997107259788	0,828516165976178
AAEL022897	808,109052160523	-0,0600031980680747	0,229044051243128	0,842932082919635
AAEL015107	370,361195687714	-0,149521351868242	0,269469322688936	0,801562108489517
AAEL021056	160,286176074628	-0,876151240960992	0,440258075554676	0,212502693280906
AAEL023492	30,5897119901697	1,42930277976747	0,846041462517153	0,0719068177037643
AAEL012835	1801,03005093578	-0,154277384228898	0,205548193309797	0,843150766021433
AAEL024342	610,037273126429	-0,317414885794648	0,222634373628396	0,795944945269419
AAEL012832	670,042735479392	0,834736013009669	0,249207104695023	0,307423664430723
AAEL012830	1057,88540562401	-0,305534318602389	0,192491685384413	0,825181612759578
AAEL011701	584,198906268442	0,123698481044047	0,197159809638292	0,851078037191066
AAEL011700	115,875709066859	-0,0965532553030821	0,263668714144455	0,816792534369584
AAEL011707	177,303657802764	0,0374322413284443	0,206246084875418	0,855100891422977
AAEL011705	276,091374060564	-0,0495452674777327	0,21831973001117	0,849269272493606
AAEL011709	459,925604648782	-0,393634566146117	0,189020323190647	0,804492843456932
AAEL011703	1015,38473042369	0,224406024025602	0,219999843491764	0,821259096417915
AAEL009654	1739,14766253474	-0,24296885218683	0,194632141424089	0,835947716391908
AAEL011711	7977,71473136354	0,309083102370421	0,170747502131786	0,841332534988304
AAEL011715	282,837713233057	0,0582933078043068	0,21264301826501	0,850698455797307
AAEL011702	72,433392382433	0,324841128813704	0,290491518385438	0,720642335000762
AAEL011710	273,641270397012	-0,219938628025729	0,268931469194684	0,782767577625328
AAEL019709	35,6667329753137	-0,00833465272643952	0,447107284621255	0,704977250149972
AAEL007626	1024,96845740501	3,70655599067622	0,394007027378798	2,63029078314919e-13
AAEL021452	414,50828139848	-0,624122295553165	0,261632281271425	0,53341670435241
AAEL007632	279,210527617788	-0,189329477409841	0,300204398787366	0,765364887556207
AAEL007624	1383,55670761536	1,70739078674537	0,277321820350715	0,000524030058843298
AAEL028180	463,370057114246	-0,121607040073175	0,176738520099458	0,859129329784375
AAEL015042	84,0216396026934	-0,0305387842063355	0,293474524923703	0,810253019867324
AAEL007631	2562,16733301553	-0,256812360953207	0,164226634712526	0,852413829355787
AAEL010905	863,236392645471	-0,345593723651549	0,227758039830854	0,78040844931057
AAEL022757	3169,08177641778	-0,472490296235653	0,149938356192975	0,821019053143031
AAEL010906	572,978871463288	0,126584170949995	0,173272159954719	0,859870752880982
AAEL010900	1904,5796053796	-0,045370726334209	0,180727317799322	0,862165789197404
AAEL010903	1326,29912712996	-0,212511575712831	0,135789133531131	0,865185908561265
AAEL020957	834,451080287408	-0,560001703688731	0,171863066271398	0,749642728394434
AAEL020696	1667,28612749958	0,325685151679333	0,260660879388837	0,752552391690249
AAEL014904	916,818159916785	0,496639452589729	0,175769717004611	0,779490307424798
AAEL014292	24063,6308650029	0,243986773211141	0,264742433480356	0,778929219272183
AAEL026229	493,449497768189	-0,386405778400372	0,17473724858212	0,820712616837822
AAEL014594	24,7874121893759	-0,016012664477798	0,405211775840964	0,734442376952969
AAEL000124	269,798204086302	0,0764490376203206	0,230628176366535	0,840050252631212
AAEL000139	33,7974674443256	-0,158759058473017	0,38064439417843	0,703655039147966
AAEL000126	602,136643605001	0,0587627475544766	0,2221202055853	0,846359523365866
AAEL000128	2186,86844363735	-0,346190082376312	0,22913245039258	0,778697387195286
AAEL019865	44,5019662429464	-0,800784089343346	0,581837849865149	0,227302509909183
AAEL010021	597,981634271793	-0,216726550121489	0,232535936390956	0,813697846356819
AAEL023506	128,74037087872	0,256807673708401	0,281349889770881	0,758417876569932
AAEL014852	290,050401530023	-0,282543003660384	0,210237100190374	0,816080351726281
AAEL014851	1425,75366123623	-0,0314545076690428	0,160216561088116	0,865963326195343
AAEL010018	1724,43188122703	-0,946117534513981	0,631348322598554	0,167154245850046
AAEL010027	468,910718635885	0,43857266500724	0,245068210215275	0,716076199870373
AAEL010032	5642,58268070566	-0,55381961520642	0,263371344384824	0,595890542865146
AAEL026334	29,0440006889617	0,578264261702398	0,512467932333837	0,359957233211864
AAEL010037	1687,36925311485	0,200314036093387	0,203560862997778	0,837404573750706
AAEL010029	243,512144467265	0,0921663740151753	0,209434032321841	0,848786782306744
AAEL025265	621,609365606594	-0,421759816265347	0,193737565764514	0,789407242518864
AAEL010017	5610,99594644036	0,225285285814193	0,165248441987725	0,855387080757849
AAEL024161	2900,34097859765	1,77775162740436	0,514693058157666	0,00924608766215026
AAEL014938	38,7130816977868	0,951136701016334	0,579260916011379	0,166856958797726
AAEL020430	620,502045887445	-0,123534373572225	0,218870342552887	0,840032782817664
AAEL027479	1194,82250096801	0,186646469113707	0,146323631787476	0,86402166770102
AAEL026487	329,014599603228	-0,364804708999219	0,240419944055291	0,758457132895621
AAEL025164	263,990121969612	-0,353134818725311	0,300746425009525	0,694140882435229
AAEL013688	317,172722404227	0,167139549915134	0,180873777707645	0,853944719117125
AAEL013689	406,576558377674	1,69044656801725	0,550475121609544	0,0172153798881704
AAEL023342	315,794947157227	-0,606978164233193	0,354574595397006	0,437204356003526
AAEL026439	700,815509356682	-0,275198506104704	0,165890759779964	0,849578926939091
AAEL013687	286,895730980857	0,0854451735905699	0,225406595496382	0,84162421953845
AAEL020311	2038,12269506243	-0,255309202118967	0,165238922870347	0,852100806111035
AAEL015142	320,830723358844	0,0367644237275729	0,197926175416851	0,857719532530082
AAEL023494	251,241553272065	0,247677581928151	0,216260835334546	0,819186990691241
AAEL014744	405,67421259611	-0,135917384076722	0,197165490625164	0,849856530791129
AAEL019895	2999,05887538261	-0,626973123096167	0,213014244183887	0,609992254797908
AAEL012359	16786,9326749738	0,00102437096147955	0,245096974786755	0,84205122889969
AAEL012369	418,725310191883	-0,480060778629476	0,175620053759748	0,787524713776724
AAEL012360	480,883751866069	-0,274339483442626	0,245870739118971	0,786632825569587
AAEL009445	372,495654451658	0,234497465748144	0,197527217439531	0,835505566470163
AAEL012361	89,2827984973246	0,156117221844536	0,251495172845649	0,812961601579902
AAEL012368	354,563520881214	1,15132286554224	0,253697061213395	0,0631471685864516
AAEL020261	1058,75788094001	0,0933950361362809	0,174606635580469	0,861343561192204
AAEL012370	407,315925037933	0,287262887538312	0,384696336628146	0,638526681245355
AAEL012363	161,660029917393	-0,442875355054387	0,409012258448158	0,512951832406092
AAEL010589	795,228014745716	-0,0830091363578363	0,187684526089211	0,857940378364242
AAEL010588	421,17999020123	-0,0219265232422437	0,190815256342701	0,860750223968851
AAEL010585	3102,56077774532	-0,153659156264493	0,166644594243084	0,860285217161573
AAEL010593	594,18330104461	-0,746026976211909	0,280764573172673	0,381615602677482
AAEL010581	886,317850017463	0,145937992995894	0,18098008598285	0,855800053490173
AAEL010579	25,2908802133225	-0,538694602323815	0,629264911265917	0,329302205674549
AAEL010583	600,103482102822	-0,164953820083639	0,211338298699768	0,838426930095561
AAEL015314	684,200926907143	0,057710919831025	0,182326366582816	0,861106834080261
AAEL023923	12,1416350339203	0,22571796418324	0,468282403993551	0,587640935727428
AAEL009217	904,673873217056	0,327534718868134	0,209369468647458	0,80477865232838
AAEL009227	570,535528330159	-0,241489551629044	0,258087981394155	0,785733590114482
AAEL009225	298,664393241472	0,230900408700616	0,197181268771065	0,836478826877887
AAEL026651	457,239999391717	-0,264329062216799	0,223502285042192	0,809662498806743
AAEL009218	180,335727203877	-0,00715501586788107	0,232300098588873	0,847400160824417
AAEL021011	41,4794679821343	-0,350550501572342	0,365652083618519	0,61818702665447
AAEL003354	324,380991495007	-0,238646421884202	0,182189519909235	0,844862146960094
AAEL009220	807,156817565025	-0,238939208299833	0,203163689856255	0,830774065272949
AAEL006428	186,279278119261	0,114267996315105	0,237172139486579	0,830401867151952
AAEL006416	390,359520379744	0,0430704637366633	0,203001859699122	0,85567214212151
AAEL009224	576,436911957115	0,0645097375514972	0,167227793273518	0,864198213790621
AAEL028066	291,448555525022	1,82097514968214	0,519000760615527	0,0074611408655499
AAEL006953	2894,41132086183	0,0955948938263564	0,310959770901371	0,783627628730089
AAEL005192	0	NA	NA	NA
AAEL005212	1202,57806407559	-0,407117198610364	0,321611114478635	0,63575982776
AAEL021372	1500,96593304413	0,0849470036116724	0,2831289889799	0,806118671431882
AAEL026302	660,746804516252	0,584493068614147	0,503158542589585	0,360400219793446
AAEL004841	32,8191580355874	0,105858379928819	0,352237810624381	0,747310596143007
AAEL014713	273,704958742694	0,273286952737615	0,377189537572852	0,654487613594878
AAEL014960	1169,37537674059	0,451499730610383	0,227044516167167	0,732788024640721
AAEL014961	179,885245063349	-0,171610228172336	0,2161288503455	0,834070821319118
AAEL004861	242,794387979254	0,0671624451115479	0,248135393366263	0,831222450025099
AAEL004855	64192,2579375058	0,140416485409939	0,221879260046802	0,835431643719037
AAEL004854	335,419809735606	-0,265838027393746	0,202255928574467	0,82605309696927
AAEL004832	1492,00101143746	0,089378886970402	0,160400936358338	0,864662600645962
AAEL004839	1439,19251646347	-0,445328819160636	0,233509466053555	0,727707025540442
AAEL004846	368,474894210756	-0,257488431381651	0,214830564552473	0,818178087363263
AAEL004843	198,391084642203	-0,0712281021002653	0,213892948753533	0,849036194353725
AAEL023530	18,2365725846253	-0,54512096590125	0,612414403037805	0,3321739679411
AAEL004844	23,4573219598835	-2,44551883995496	0,874415712203723	0,00602333388625176
AAEL019740	1018,32589991134	-0,613511570874514	0,463907382062098	0,362830146306872
AAEL004852	785,806242802617	-0,124844392007112	0,166878884946811	0,861879772306258
AAEL004853	524,846836277497	-0,353264563750365	0,207245569530739	0,799286258124283
AAEL004860	585,02829831657	-0,0504422397793352	0,275467999388436	0,817952372060262
AAEL027153	500,010776409591	-0,424971454077655	0,401134113659254	0,532225043787177
AAEL020110	923,072201138728	-0,323137656086686	0,2266099933827	0,789587699972637
AAEL004833	189,49773601009	1,91461690464047	0,307082801573676	0,000134279417961062
AAEL004829	2749,6135929757	0,185148715404721	0,297775679683299	0,768117130757319
AAEL004835	287,680361230314	0,178050310217698	0,191261326110741	0,848017808837055
AAEL004837	371,784398190637	-0,322576230776786	0,21220451846251	0,803551681208469
AAEL027319	940,602605272796	-0,243244696874639	0,213693484503273	0,821975414440421
AAEL014169	159,149111980876	0,0296115366768524	0,268978102985451	0,825160757360526
AAEL014170	131,692339496609	1,09995366232922	0,300252376765263	0,092684819743857
AAEL014171	1204,0116977457	1,51330422689267	0,322381822370308	0,00702250849301958
AAEL024195	3673,34354584388	-0,159205304900022	0,212746381605654	0,838498192598308
AAEL015425	164,538360594926	0,163165067227722	0,270235475874201	0,797879357146201
AAEL004859	3327,92318529332	0,124552582979326	0,17494942268129	0,85952123697728
AAEL004862	334,224622082735	-1,11022604889361	0,245817518339324	0,0766578147588066
AAEL004836	17,4267587957734	-0,418402273352183	0,556158695721511	0,419374325927416
AAEL022427	246,424037284916	-1,05168668897695	0,407690302709898	0,123281764186186
AAEL004247	808,773875194134	0,206639966707662	0,317218140374682	0,743228345333854
AAEL014391	168,25492396404	0,705282056892534	0,220604805617351	0,504266786624523
AAEL013770	52,8647075710325	-1,47734387539403	0,644052932470342	0,0461947028012666
AAEL019674	140,119739162714	-0,612068926075607	0,706564929826781	0,279563212589155
AAEL018318	417,441584471565	0,024045155992669	0,252976641263984	0,834819242928382
AAEL001371	859,290916716732	0,0984515621148013	0,16425793070943	0,86359099581019
AAEL001382	644,524453368526	0,127986068260431	0,160559517981746	0,863310869089576
AAEL004269	265,672816965656	-0,653041206466282	0,335512326768281	0,414722614173134
AAEL024632	31,8077338098992	-0,43826622908338	0,467377660737416	0,464767747056408
AAEL004249	3090,99587940984	0,0133369969784805	0,242779246056741	0,841726911737015
AAEL020804	353,579779389477	0,609145767675332	0,293419294267803	0,502791688903201
AAEL014455	158,676490385075	0,304523963424069	0,265933023891356	0,755559062442736
AAEL026341	28,3453271384704	0,468255548452112	0,497043864982196	0,426796922763874
AAEL014453	47,0275248076228	0,0761985716029543	0,319131283539594	0,782126164479148
AAEL025272	98,363633836793	1,7963559578959	0,56569894678807	0,0113515343145192
AAEL014454	119,612304502054	1,84578113077769	0,39493859903595	0,00182578851055508
AAEL014451	342,57573345484	1,27287263436415	0,262291541168566	0,0258275931334543
AAEL014452	3935,60266401998	0,651058513921482	0,205128098685507	0,598237284367305
AAEL019863	211,201480034221	0,0254602760935459	0,336110823563161	0,782607572955169
AAEL026706	50,0360018502362	-0,137988008505406	0,360496512630763	0,729858132823543
AAEL002043	96,4134598447625	-0,390802742381369	0,260666532980541	0,722695247305701
AAEL002049	664,659905383215	-0,280735233459799	0,211048733403436	0,815803191367859
AAEL002050	234,5333844005	0,256037959179297	0,22796036684709	0,808019724902277
AAEL008406	549,667162814751	0,476929143309065	0,270452562940368	0,656391573964995
AAEL002083	14060,9587281618	0,0230504355611431	0,154553530805645	0,866379171336051
AAEL002069	403,159028598002	0,176083946087013	0,188251763370591	0,849748695498935
AAEL002056	366,038291457568	0,0628980473788945	0,195012583077075	0,85696908230296
AAEL024710	859,94768928417	0,233090693681104	0,15380512650406	0,859332312997925
AAEL014325	1834,99075884582	0,675137830799065	0,169700089085306	0,652796485096622
AAEL023658	100,050645342973	-0,470753830448799	0,375124152118069	0,524678135407078
AAEL013473	258,225621714128	-0,367131131150507	0,237913882992674	0,760365722808252
AAEL013471	141,764268826611	0,0824363376326647	0,226588617760778	0,841418435842995
AAEL013472	255,101376547966	0,150189658723184	0,263680149335513	0,805502462021902
AAEL014094	464,584904828447	0,207143904403323	0,200340691755588	0,838640529767032
AAEL014099	329,942674434236	-0,286732977587596	0,226452023766291	0,800997914907562
AAEL013470	469,365157055401	0,00728129878111031	0,181034305764614	0,863578287687968
AAEL014096	95,0549647172906	0,0628547255908056	0,242096122944882	0,835302119208202
AAEL014098	537,128070936337	-0,531275644755528	0,26738406896932	0,610568272897961
AAEL018270	871,038394720693	0,0521969610684642	0,22061482726234	0,847986256144236
AAEL019861	2521,87480373144	0,684845000393855	0,246746808375177	0,486045937632774
AAEL014886	853,456071133683	-0,294483318135052	0,236197147601692	0,789647784336712
AAEL021323	3097,82375217295	-0,652931856462489	0,292168838804581	0,460537864031418
AAEL020021	52,140429565187	0,326569862304751	0,370792538582012	0,628445525781994
AAEL015016	1625,16885628013	-0,118707580729716	0,186079459335301	0,855984414690395
AAEL012610	915,58556047002	0,384955852584219	0,18148313127895	0,814920038916535
AAEL027826	23,790804717923	-0,54415857926363	0,452386250196979	0,406630093539945
AAEL012611	530,717261361314	-0,0399360438175481	0,216514759135029	0,850850520219308
AAEL023581	559,789542980831	-0,42410302282108	0,223192943665991	0,751851677295868
AAEL020265	1092,62785366005	-0,125917215615561	0,222550330089506	0,837386522369801
AAEL013771	192,659911280721	0,347469998456362	0,280138718241454	0,721723748000736
AAEL013782	254,296367237256	0,283807257203596	0,278430727991615	0,751147249510252
AAEL013778	1386,92609879467	-0,356656110515716	0,281525091319115	0,715328500219075
AAEL012421	1312,33152902094	-0,292982318713861	0,274303352157259	0,751727638636934
AAEL013876	3166,7529873501	0,175252392127232	0,299895845381346	0,769020937620164
AAEL013871	277,187601547387	0,120404694129659	0,272713525348672	0,805605431447454
AAEL013875	9354,96374636536	2,05624913594113	0,20194394091992	4,9573153921873e-09
AAEL013872	662,996464787998	-0,0140697752518341	0,168326891851452	0,865334682615328
AAEL010572	292,915109557274	0,488768199499798	0,310950678785152	0,585185134174645
AAEL026040	766,722845477167	-0,0420102270573007	0,186061027709842	0,860935361187792
AAEL011538	280,405477896217	-0,121364750138573	0,196608947453598	0,851425552338578
AAEL015199	1052,20070001878	-0,112635989107848	0,175784629595533	0,859991334311236
AAEL011536	629,093565239237	0,301346203022384	0,206052643424254	0,814966729304657
AAEL011527	5561,35248564923	0,337252707220915	0,203800002157428	0,807289019489599
AAEL011537	63,8204382286923	-0,02448402000378	0,289602605794243	0,813721500836773
AAEL019864	664,555845697212	-0,396339293721301	0,336554570095598	0,622298681713812
AAEL000342	193,513834509129	-0,381504351872959	0,31533197994528	0,661474630046971
AAEL024191	308,896336531007	0,309786829396853	0,255542793816203	0,765401988859944
AAEL000322	282,787527910673	-0,381971393318828	0,207333237486396	0,789226487226238
AAEL024983	0,526492490680917	0,0242749848099991	0,534950051566965	0,630625320653809
AAEL000379	0,19423813470819	0,0382713110814271	0,540772938453758	0,618371542846599
AAEL000356	1,11825515210675	0,091980475846971	0,550281820478451	0,586896215761618
AAEL025221	0,321925062880314	0,0456765669892979	0,541911619718121	0,613045799751402
AAEL022783	0,675231379210872	-0,0960703081011504	0,549601100917449	0,58550698162974
AAEL027907	18,2843521767357	-0,310886190054726	0,448281012238511	0,560571726292353
AAEL000348	217,019581934352	0,0167018479573852	0,288239942774152	0,815964968766662
AAEL000314	692,154323856479	0,0791195301020417	0,205472295070292	0,851651320697154
AAEL000343	1711,84618247581	-0,492804897883459	0,284128747636194	0,620390186318266
AAEL025034	16,8998926654223	-0,312963793523107	0,561766381299041	0,470269405213509
AAEL000330	212,838855120043	0,0748603522908724	0,230768310912414	0,840154991743838
AAEL024527	56,6599986054077	-0,0400967656577059	0,338486074802318	0,776926536624131
AAEL000362	86,9538464161767	0,18052099123961	0,352202208892613	0,721158324083157
AAEL000378	942,262762731197	0,153346716871177	0,165549223912002	0,860617681017105
AAEL000327	387,096397303433	-0,328962898083151	0,221790147519907	0,792668240601539
AAEL000372	622,59695855743	-1,029858573037	0,241374526252245	0,124778474641722
AAEL020382	2993,88624371679	-2,29806868238739	0,563975804730386	0,00112947385636375
AAEL012974	5433,3876746354	0,226638972065956	0,320373724120076	0,732407122313418
AAEL012978	39,547017569871	2,29876607872116	0,63872558573043	0,00253833420009256
AAEL012975	524,342633028783	0,405983078764768	0,231333154802611	0,75043896089721
AAEL012980	2128,28373674047	0,51749964792428	0,159137831866629	0,793279573254816
AAEL012973	525,147759148748	-0,12680718007458	0,185048738671353	0,855771648336829
AAEL019712	55,472360896837	0,201569141440248	0,338516032416507	0,725222612368312
AAEL025995	1572,20891602945	0,0388923397778376	0,277582348493893	0,818425739981885
AAEL003590	814,512223528963	1,18278436119783	0,330548465137947	0,0678402096520999
AAEL003589	580,504661408819	-0,230433095370688	0,404549829573695	0,650075083633405
AAEL021931	1050,88807567417	-0,314036444795037	0,419732976983959	0,583677879744147
AAEL020729	93,4597609766836	-0,500765179754858	0,657482374229643	0,337849674198888
AAEL017560	548,571402797709	-0,35330753782503	0,234355477163777	0,769882302554914
AAEL027444	1508,53762936617	-0,62701359138597	0,234030238300573	0,573642857055091
AAEL014636	1172,65700086948	-0,69199265172231	0,219203544997806	0,52316955193063
AAEL027860	2082,01073349928	-0,136568774008695	0,223412438264988	0,8351167308637
AAEL003594	451,026270972883	-0,494648338657247	0,56577391686823	0,378221897462652
AAEL024100	225,066800497887	0,891472539243295	0,325721111507905	0,225325715837653
AAEL029013	2819,11174276461	0,443818208638355	0,261026033448566	0,691176188454627
AAEL008887	5873,94209000027	0,255518932776464	0,279172987925492	0,761098049673709
AAEL008886	502,019404358432	0,443757126673392	0,26299861925567	0,688981303269726
AAEL026094	16,703986909883	-0,177147815931643	0,486075972923947	0,595067999743638
AAEL027488	12,4773081114076	-0,536009953464925	0,69727312141377	0,308431193641255
AAEL008889	461,110249492856	0,647275538942494	0,664100520696161	0,275616421572316
AAEL021510	41,1932535153783	-0,293279880384957	0,337541746954577	0,685151388523557
AAEL022982	700,117199455158	0,838887727703129	0,314853294386423	0,268430423803985
AAEL008878	1824,11313023283	-0,713935036541053	0,175385118395859	0,582595535777836
AAEL008879	2301,29998183351	1,44884437687142	0,211008127362254	0,00195136803153995
AAEL024583	1993,53147414629	0,00158048036433216	0,343761152357235	0,783182507646793
AAEL012375	677,889959656473	-0,524224342805696	0,182485347450161	0,754551083289115
AAEL012371	945,823028651923	-0,544941265400495	0,246056881244954	0,637190352985983
AAEL010842	210,519103992598	-0,107438485494755	0,245812738887901	0,826094380926251
AAEL010847	336,706960921519	-0,12410996648769	0,211627271973309	0,843886433527834
AAEL010840	5011,43273036216	0,338822158892251	0,302254386835597	0,699501106002872
AAEL010843	5349,47657546008	0,623829199611854	0,192577679369345	0,659696331160422
AAEL025862	14,260817458077	0,351959362584975	0,480826811062508	0,507629594009754
AAEL015118	2404,3096074247	-0,556293162012004	0,294997067929156	0,552862686825891
AAEL010835	1015,36788591079	-0,537460299879732	0,220958389770852	0,685086816937362
AAEL026776	59,271384501223	-1,19416534439955	0,46628197172224	0,0810097003989383
AAEL010834	1348,69433542649	0,0891758548585537	0,161231731889609	0,864474719028175
AAEL025822	673,651414236698	-0,0853421158267601	0,187140397419563	0,857954158470085
AAEL010844	465,384737111499	0,190432527074482	0,176147479861903	0,853784301242582
AAEL010831	257,661019800786	0,0980336184595222	0,20914354271315	0,848316907929568
AAEL007088	296,181100623708	-0,545700591868903	0,33700941214664	0,507774911377522
AAEL010832	62,2322262230527	0,0980664599668271	0,268225210397335	0,813460976126705
AAEL010848	4,98414043748977	0,0962074347748097	0,513712289804742	0,612571707890066
AAEL007096	1,54550569763026	0,0531220858179899	0,515380535891349	0,633892813855283
AAEL002358	1319,20305949201	-0,375202223486948	0,185013274150276	0,814216871069222
AAEL018131	789,808267029116	0,182734336494642	0,26539945988797	0,796565633526644
AAEL020878	2337,35542358088	-0,201315294940799	0,176468280314607	0,852443572032313
AAEL026606	132,973265007787	0,328662623550277	0,285951996507526	0,723711341690676
AAEL014999	968,652173228977	-0,0160391331768734	0,26870846623591	0,827486526693499
AAEL020167	92,9802952376048	-0,433819298326467	0,433091745124537	0,496062575580795
AAEL007092	2147,07004515794	1,20430661476349	0,270779818857329	0,0448290362598545
AAEL007090	619,112789069914	0,0918843451059905	0,279807684614189	0,806908914090664
AAEL007098	45,4413035166005	-0,0588715594100319	0,30089399107951	0,799778233513607
AAEL007097	27651,7060375159	-1,15509060534408	0,384731545782395	0,0826569937970349
AAEL007100	445,711911592647	-0,0688558410764622	0,190338091061693	0,858078059228721
AAEL007084	644,140166270834	0,0338466274935718	0,170685414621666	0,864524871779863
AAEL013303	91,0906190208073	0,0971494077018659	0,352024558902787	0,750020489539455
AAEL019576	866,667578483135	-0,366796265422755	0,198566899039955	0,803314995892326
AAEL024713	21,7103343342446	-1,21565648275463	0,662774199072649	0,0938132410100254
AAEL022609	6228,22766197778	0,992868699667581	0,295236754179993	0,152524041827273
AAEL023651	18,6702525155005	-0,434720111835779	0,680362820186797	0,361507020244097
AAEL005666	994,878219293117	1,53190788689193	0,244315970041379	0,0017042893036919
AAEL021339	47,2742210308674	0,464760437150352	0,348658979679333	0,560096535444705
AAEL026165	764,088142047192	0,292427499647294	0,232992031568767	0,793627317128702
AAEL005676	123,674045653796	0,62311162287256	0,271654453069134	0,51887688189128
AAEL005674	126,148991615154	0,234621535143197	0,320505649241833	0,729566697412568
AAEL014079	494,627695091987	0,93307773185771	0,221429947647912	0,21679707508138
AAEL005665	1373,13065566669	1,47828968149481	0,213994016917085	0,00143155389036756
AAEL014078	9710,8396651143	3,05306445588789	0,398599763158442	8,42010223586926e-09
AAEL005668	9,77276324904192	0,281193183256537	0,48368202075378	0,547297623576476
AAEL014386	273,456879651541	0,166751223814613	0,221157595936631	0,831494223729216
AAEL024500	848,861055444198	0,0948736929433231	0,177046854036443	0,860591142144079
AAEL006582	17862,2584552633	0,126990051743858	0,184386042148741	0,85594191164247
AAEL026459	79,2219925094844	-2,29886834354291	0,513496545062143	0,000561811817348836
AAEL020846	1140,55143294395	0,535467190483776	0,190531887898941	0,735705322730664
AAEL012412	21,2470992995519	-0,8730597342519	1,06945601797059	0,173410913874699
AAEL006568	907,070290606263	0,178494354799334	0,51406934400656	0,574766844996322
AAEL006584	52,4301355377929	4,57865430913205	0,558567650133327	4,13857614463404e-12
AAEL015432	2007,57922618382	3,74184933705707	0,525476497872423	6,49458735826393e-09
AAEL006585	2521,73791361773	5,11475377505305	0,671478501429767	2,92965407421572e-11
AAEL006576	8999,92580812721	3,69101030264091	0,420083840221184	4,79847752612793e-12
AAEL006572	6431,19481993026	0,444083885752664	0,226390259548065	0,737922750621081
AAEL006575	4197,46005280737	0,42387544363148	0,278584752374426	0,680704301569014
AAEL016992	351,035085900431	-6,39082839863903	0,586065843337136	0
AAEL013976	1,89788425004544	-0,262969078463199	0,62813857279493	0,455035375189182
AAEL013972	4,53567235354144	-0,560508592637177	0,864607173255291	0,267893371243194
AAEL013974	167,779892610812	-0,419860474623475	0,313239060250761	0,638193515438192
AAEL022180	822,482580845463	-0,171456477746131	0,291664430438709	0,777329905316249
AAEL009509	803,232542567868	-0,261783320164786	0,169864023741299	0,849129511978865
AAEL023413	2358,91982521206	-0,502539382830168	0,293580136604251	0,596095631301983
AAEL007414	162,51887637269	0,411586042164419	0,305024266256069	0,655175387930538
AAEL019723	450,193904150485	-0,195301076116053	0,362591078669151	0,705377402805362
AAEL026357	1135,78512753549	0,113172177478348	0,321441188857444	0,769739171832813
AAEL007422	369,986784605452	-0,132777910074677	0,255137239956568	0,815385896482403
AAEL007431	489,763404103034	0,0896767329609189	0,182945277510642	0,859210593322
AAEL007423	200,874673532824	0,210287512032687	0,198232933435771	0,839454134561978
AAEL020689	1241,21570301991	-0,370525821401488	0,431120111414388	0,54019374557385
AAEL007432	20815,9297744224	1,02441761334957	0,413260360195171	0,137580949185988
AAEL019528	684,042797687776	-0,0248816382991999	0,231088950338635	0,845939286547948
AAEL007420	480,237292744238	0,0619785674077636	0,274786833667899	0,816172554565954
AAEL023026	5,63963123107755	-1,21307715264266	1,34349801154885	0,118493699593656
AAEL023194	43,6191970693906	-0,293087218078884	0,38062918175405	0,63919147444057
AAEL013341	1347,77767443865	1,34865472770735	0,337152731854755	0,026356623227979
AAEL013347	807,535367092364	3,14923449428524	0,339171924352058	9,53076372515349e-12
AAEL013351	66,5002029939967	-0,194452516432564	0,320716214738679	0,744806274884976
AAEL013338	9525,81831409888	-1,51179064027275	0,305354907614261	0,00586553740415847
AAEL013352	36,3123419535991	1,63632097648443	0,517342583552369	0,0184599116596122
AAEL013345	18,67795400033	2,86744586196627	1,00430902605635	0,0041269674827815
AAEL013349	76,7350551336618	4,5899119789694	0,537957620722087	1,23883552245151e-12
AAEL013350	44,9059783362449	4,03008485610933	0,701954107751343	4,16810336782502e-07
AAEL013344	699,523987460155	-1,37215320780469	0,358189959958356	0,0260036312737974
AAEL013348	15,7618487025067	0,970882994741778	1,16220524097542	0,153125615699326
AAEL010659	2062,18230803961	0,483170785339744	0,242654074390864	0,691051532928676
AAEL022286	43318,2474816121	0,541715448547031	0,246048327103817	0,640102007420725
AAEL010665	1043,49056516379	-0,669618596429565	0,318562948133546	0,415503074403053
AAEL010661	1671,14176567697	0,925962055148051	0,174917852873623	0,247210268435422
AAEL010671	67,0511523422652	0,306404290660104	0,307558000581856	0,710818902766037
AAEL010677	267,05909237264	-0,0683018838113039	0,277351135645994	0,81324728352338
AAEL010656	352,700416890394	0,326554760831476	0,408919771797225	0,58636286681476
AAEL010669	16,0145999361354	0,794216779934666	0,748098799904673	0,211930549982655
AAEL010663	242,638486662186	-0,0709986859955593	0,198164255451499	0,855372798136513
AAEL019604	6984,18696643001	0,79822107592063	0,249690623948441	0,354828016177007
AAEL010679	463,528225201993	-0,491177508867608	0,233863895971344	0,698132537002575
AAEL010676	173,204500813537	0,195940004764366	0,235872903336726	0,815872559016006
AAEL010673	1440,01754127362	0,168908042010114	0,282611402617369	0,785858059762935
AAEL010655	13,8934053970085	-0,134611337368212	0,433037860667348	0,668207113531776
AAEL018276	421,967278399189	-0,332474774382029	0,266123753080088	0,744326105560189
AAEL014422	98,5368922223994	-0,0157126168730114	0,261199610259843	0,83155234755467
AAEL019538	165,790607866044	-0,120911299421386	0,384235687124487	0,715649384569669
AAEL022600	15369,3680258049	0,0380401703940726	0,331378010130764	0,783055002128662
AAEL023007	41,4110509984768	1,29852832603746	0,489946959145297	0,059961217417241
AAEL010917	405,986200688162	-0,405372431509278	0,391721139770783	0,555539445517794
AAEL021099	1238,29995811802	-1,17507801410649	0,428228281181441	0,0823813328549533
AAEL020579	300,334747269245	-2,0055788177372	0,43971673586954	0,00121879638684931
AAEL027327	15,4919324463648	-0,362858602649065	0,586284029839609	0,430736483736041
AAEL012091	73,3754286537363	-0,218219790825198	0,314036360224148	0,741318692104296
AAEL012093	337,849593192167	0,929456106181496	0,202395611620912	0,2281502178024
AAEL012092	1186,59176985497	0,2036649540801	0,3351082597607	0,727854723772289
AAEL014840	69,1965147260048	-0,505793280747761	0,503244561422312	0,401608335255307
AAEL023810	28,0455814176353	-1,17005091294024	0,545571766787856	0,0963521901962348
AAEL014627	31,2718611079719	-0,937881570584114	0,49443126696808	0,176081112912026
AAEL029115	42,4883358160173	0,375605217478704	0,599236581362487	0,418411048818548
AAEL006310	33,8812928998824	-0,534539025704262	0,384553708662815	0,467279219174824
AAEL006322	2959,53729193529	0,147927074714703	0,209079974418182	0,842034192670276
AAEL006308	486,088262611893	-0,330187715311458	0,385344521104086	0,606892915992958
AAEL006311	464,03913904714	-0,0353137290839542	0,211420173924286	0,853124361459363
AAEL026069	8747,98944908311	-2,15466209047709	0,38276392741194	0,000111984355589185
AAEL025672	152,664278664775	-0,25316152375267	0,2908627541958	0,750397175648116
AAEL024454	56,9882008247436	-1,71320356318268	0,586217285216019	0,019024447013922
AAEL005641	1104,44117179224	4,26989076812582	0,371308336274094	6,91008195938147e-20
AAEL012203	533,674725501309	-1,23125780589758	0,544734670573192	0,0801902064469897
AAEL011465	1014,97165973938	-0,0470733548873695	0,220924645007251	0,848348323639639
AAEL011466	33,0971166107174	-0,202579396271822	0,414945966945351	0,654027795598399
AAEL012202	229,826779219556	-0,0792101496158826	0,188341673105714	0,858009252170664
AAEL012195	309,205125722663	-0,0258491872311505	0,188121441396508	0,861159509932123
AAEL011468	2069,13065663611	0,413769950110728	0,336605935414916	0,607671886907214
AAEL020680	179,498108832623	-0,0390715113612017	0,261313127197539	0,828174314417244
AAEL024291	118,823157287465	0,146800247701091	0,287726624750983	0,787922162023278
AAEL027091	119,523159092524	0,451102127092411	0,351070632374303	0,566208543554782
AAEL012086	3818,30607479068	2,90026945968288	0,16063568838315	1,31607004410081e-33
AAEL018234	89,2642113524168	-0,413124832188985	0,289412342319958	0,67318716782659
AAEL012280	673,662895900132	0,706766436964659	0,211276677148979	0,519016427160309
AAEL012276	510,599518135338	0,0611090841064085	0,167132989002082	0,864311465827665
AAEL022891	814,62859447033	0,130190208228702	0,203417168337756	0,847431957093166
AAEL012279	1657,46486618093	0,269151158466566	0,274817671476363	0,760288385318293
AAEL012278	998,023061029791	0,517481768121024	0,276038422767519	0,608931883102045
AAEL012273	251,395498153246	0,259082609342592	0,234683712953977	0,801642450105412
AAEL012272	1344,618343602	0,4612345900028	0,192907692843128	0,773022967397432
AAEL014932	9511,92512423161	0,227284547452378	0,180438766808796	0,847622457032789
AAEL014934	109,064227563802	0,234577942640265	0,297283315059728	0,751437766267106
AAEL014931	1643,18404126731	-0,0835395556402541	0,286716690975454	0,80386638756872
AAEL019440	1398,49794157183	-0,456211948921139	0,296939157917809	0,632609609117229
AAEL004790	637,849845127512	-0,346467062900055	0,279941644861643	0,722491248362865
AAEL004183	783,10170643339	0,0847569965075477	0,146107818566235	0,866257132037022
AAEL004151	18026,2562194877	0,399790688628149	0,247681877826351	0,733830170178112
AAEL004191	100,916624318792	0,0936849677502069	0,247265248476918	0,827669120758316
AAEL004168	303,834397331829	-0,188627779930345	0,25476554230905	0,803130519858222
AAEL004196	615,630316077814	-0,290789823505044	0,249716091747046	0,777229196165759
AAEL020258	85,9987480733743	-0,315710614649013	0,55828237793407	0,471424376352426
AAEL004188	335,919584469422	0,993949143964938	0,600607551892751	0,151016529941769
AAEL011007	1472,26873754974	0,645657166626719	0,352565765726137	0,405829894165956
AAEL011009	58,4485891425009	-0,142584891834067	0,34867373711058	0,738151739613216
AAEL020849	23,6431732331831	0,196667160019441	0,388939173176173	0,680173455214569
AAEL019632	1196,03305714883	-0,19873470838614	0,192195005669315	0,84463172561816
AAEL004171	59,588498401603	-0,236963410172828	0,346454920554919	0,701854979893333
AAEL011172	69,9912220075644	-0,810289319595825	0,310350088050707	0,293864930951408
AAEL004172	2290,64291755924	-0,585506761228592	0,205721743443425	0,670679235209884
AAEL026111	842,87344736675	-0,327286234877011	0,170809758875806	0,837836609679359
AAEL023037	14212,7769406422	0,155720594678775	0,187787919563831	0,851981209720402
AAEL022725	1275,43647496546	-0,147004548204391	0,157375917055578	0,863183158072213
AAEL025390	24,4203051507204	-1,08897535685185	0,540898062474257	0,116407843827782
AAEL004175	18483,5405873856	0,41791145149232	0,289805879715729	0,669694387050934
AAEL004176	2258,9146742499	0,143509811389943	0,15827604005553	0,863055208187493
AAEL004161	325,639092165951	0,0732623662019436	0,238412602684876	0,835855797377534
AAEL004165	92,4701985923641	0,0719793159094671	0,264977171342559	0,820206918982459
AAEL024448	28,966312547124	-0,0913853684839898	0,353926684713437	0,750271736927192
AAEL004154	262,58533655685	-0,354339060367415	0,204681515830347	0,801454886769809
AAEL021611	34,1636170026597	0,158229399308052	0,421767042300939	0,667780083135526
AAEL000568	1574,72273747635	0,38081572382233	0,213880855901435	0,782158323207591
AAEL000594	602,538089195614	0,239308485792857	0,194888518838137	0,836570050962852
AAEL000579	354,299193108139	0,0362616750098961	0,190188119918168	0,86017849352069
AAEL018336	484,483176731909	0,689025687900266	0,362190597368906	0,368086608562072
AAEL014972	1204,9172112397	-0,514119612649016	0,265797732614349	0,631576823514192
AAEL001168	364,514869814149	-0,70078071267929	0,23810773911394	0,480663226523939
AAEL019452	16,072027447957	-0,611409225649095	1,03074847072324	0,233792570491616
AAEL001169	1246,25536551012	0,311136124414655	0,179393202830384	0,834333536042733
AAEL001184	188,857111287756	0,437659633055084	0,220431564111962	0,748841737605317
AAEL025903	33,0892869590675	0,0284970975005731	0,401150332140886	0,733688514363636
AAEL023521	3988,98132595376	-1,05597470355369	0,187006376798536	0,0986155781786964
AAEL020233	228,944819769478	-0,543653964258376	0,285225374515329	0,575550254810955
AAEL020322	46,0777346197527	0,987806002652741	0,475012578387778	0,153725705876454
AAEL024852	1051,76639563865	-0,350871149634419	0,335793763312848	0,656088261371393
AAEL022590	802,387903726298	-0,330022648402765	0,233769972830255	0,779687681139315
AAEL007184	1131,65630995058	-0,0729369068087702	0,257388330945511	0,824889186340303
AAEL007173	1651,73410006212	0,308088505319937	0,150068868042045	0,854119319531174
AAEL026804	1552,77291871611	0,160040764941223	0,222026469554678	0,832265934598767
AAEL024330	15,2036944927737	-1,65929057708765	0,799524291075184	0,0388139004003543
AAEL010190	221,59938770135	-0,231046406642787	0,314928412578957	0,736216607042244
AAEL010975	4059,36454024381	0,40957811421896	0,189059325317627	0,799368418983632
AAEL010968	245,783193190553	0,171556773671744	0,185401224822926	0,85139539798224
AAEL010966	992,545258426421	0,179442569588452	0,185180177733207	0,850804933415498
AAEL010971	591,64349223543	-0,522423070237123	0,52913957080256	0,380345977028898
AAEL010974	540,497620405886	-0,183009582147318	0,306067259598716	0,761481738608959
AAEL010970	171,978022335727	0,0185396441018651	0,302475180430795	0,806858121392577
AAEL010964	124,885914132796	0,0692797424057062	0,335146695209638	0,771621759019575
AAEL019615	69,6143221260757	-0,501082143450127	0,337643394896192	0,544909208067265
AAEL021417	851,170874001778	-0,456410824652259	0,283200372857177	0,653566953240411
AAEL014311	742,188266455233	0,180434206256067	0,21728779765324	0,831707149138716
AAEL001268	91,8769371148125	-0,359884839453804	0,415260123835541	0,561401593682799
AAEL009422	6175,97597274466	-0,322029939865139	0,245440683042135	0,770203709673295
AAEL009427	2058,99961258684	-0,450570221237792	0,291350739000389	0,646277527847403
AAEL001246	364,711008158256	-0,941097727757374	0,382955267015652	0,180810338652557
AAEL001255	427,288260852606	0,174437929202418	0,164788685780647	0,859602049146897
AAEL001252	524,503256929831	-0,588309034982545	0,217259015952262	0,648106678549741
AAEL001273	1505,94129794291	-0,28465928607325	0,253343127199383	0,776013771985487
AAEL021982	20,2677268597174	-0,660995033353977	0,724081599545071	0,259236814574821
AAEL026075	591,077522163768	-0,236906859049897	0,36311475385334	0,686565757766429
AAEL014832	48,224429276607	-0,603942664208192	0,453432718055094	0,372645924949423
AAEL014836	299,619525715925	0,203924110813432	0,23424756704437	0,815362658652472
AAEL001271	3509,3548847621	3,5935356670902	0,23771683097105	2,57734461062543e-29
AAEL024753	43,7720159022802	0,217365891404247	0,431082747993781	0,62809444187773
AAEL001261	1589,00790791727	1,38994308847697	0,214642717667519	0,00435417418714082
AAEL022720	75,8275244251732	1,00270182682541	0,423099077837573	0,14802951532022
AAEL001277	1127,00201989559	-0,221630057279627	0,239202290116497	0,807390133068579
AAEL001275	1464,52727517321	0,208530028356021	0,214706166941544	0,828536232728182
AAEL001254	1186,39374325004	-0,415612052468587	0,23423745973854	0,742210327632432
AAEL001249	159,116659327254	-0,349679023606794	0,214718678608594	0,79287241149705
AAEL001260	262,896786023756	0,0187545686382463	0,211459291732622	0,854712734667557
AAEL017283	186,327800025327	-0,277697004779835	0,266333430480071	0,766031012424047
AAEL018194	256,379490213433	-0,21143864003386	0,387667338215789	0,674153050224982
AAEL021578	844,298670949702	0,790993205097252	0,18518743549515	0,442831026645633
AAEL001247	834,855685284834	0,46604508478758	0,250311870293952	0,691425250373693
AAEL022919	36,1139387490493	0,276079283852601	0,351537691893252	0,6783693561741
AAEL001257	325,044805316621	-0,358615527309338	0,288272420298387	0,706571610825064
AAEL024490	22,9967470771393	-0,235347685872271	0,520846673427821	0,542626039918212
AAEL001245	645,701561842549	-0,676434052111733	0,223851413678311	0,536175534540506
AAEL015416	5,85870555329104	-0,405349645413637	0,63255541915554	0,391204675161402
AAEL026446	1081,20376934763	1,16159215040039	0,24517395192904	0,054371994355237
AAEL001250	576,226326534912	-0,177083721281021	0,196039523758424	0,845418909368025
AAEL026497	1074,3582375738	0,233314639617687	0,16034807910871	0,856618964574993
AAEL001270	287,854038412018	-0,249204810391857	0,29474298532439	0,748120894646961
AAEL001281	373,821315524376	-0,382843684400977	0,338097053816397	0,63105838529068
AAEL025872	860,575216492806	0,122340973818675	0,348072547546528	0,745458317490507
AAEL013445	811,378931722158	-0,317491842202351	0,233545346669209	0,784355083498295
AAEL013440	104,08009824042	0,0532605299220065	0,312066246297424	0,793395614953785
AAEL020342	46,0001380248814	0,0529888587080983	0,40847352632977	0,719812976133305
AAEL025092	246,749044327515	1,82279011556228	0,409225635053991	0,00265783141997501
AAEL013441	398,969278614821	1,09332594156337	0,25784362587645	0,0884770066673458
AAEL024968	28,7980617928384	-0,346619341138183	0,48439456696141	0,508065300361137
AAEL020963	185,635807893989	0,210471498054958	0,328309287102951	0,731690234148207
AAEL022658	200,043499826045	1,35752535986376	0,592150989282848	0,0614339254011261
AAEL027052	631,285024384835	1,05211211789273	0,420729524764084	0,124479942555007
AAEL023508	647,938309528213	-0,110249454549719	0,236088748157988	0,831591074535914
AAEL014371	29,760615908357	0,902408146679112	0,778364013947814	0,175785298904982
AAEL019608	30,001358154858	-0,0508825467198826	0,334961434591299	0,776656840522004
AAEL008562	933,121798937097	-0,249515718452118	0,397659858641732	0,646836078108932
AAEL023936	25,6871735905708	-0,25353966222764	0,380642216953566	0,661327087213879
AAEL008556	583,884671666986	-0,0842573858507421	0,289408727149135	0,802069858806443
AAEL008561	334,430255904629	-0,0995852643011173	0,176272562471349	0,860577868917499
AAEL008565	2666,63446104412	0,830423166984177	0,19454503493759	0,371997866269102
AAEL008569	377,46951781818	0,440044439242831	0,247718772338486	0,711698596180532
AAEL008564	1610,22491346616	-0,466635341635827	0,231168508859896	0,718192811922731
AAEL020159	21,0501387046905	-0,274505787587215	0,487884471172043	0,547922248642911
AAEL008557	706,391938231992	-0,388980465279298	0,21974650380693	0,772078974551315
AAEL008559	275,322531339248	-0,0690044790945522	0,276821073877905	0,813555795064486
AAEL022646	616,595268243425	-0,380668675618117	0,692689726270849	0,378647584273227
AAEL014642	1530,73166211676	-0,222211583214563	0,320263462388501	0,734583271115853
AAEL014646	157,805510494157	0,293087029075739	0,210737276042709	0,812842311259759
AAEL014644	671,966822071058	0,124716236222032	0,167957329673	0,861540218253703
AAEL014641	179,079810062009	0,683951637011584	0,24012818726183	0,499072755655784
AAEL014645	254,25942010807	-0,0563885741758522	0,282240443653296	0,812363647243177
AAEL014640	2070,52758699839	1,28040891797698	0,189000663703924	0,00984978559143253
AAEL012380	65,4829746404567	0,941726625290622	0,490560108242522	0,173708342681391
AAEL021026	108,472771438908	0,792087669318153	0,393415327194125	0,274824379089443
AAEL012372	261,335122278998	0,126572963761748	0,211831063721703	0,843419081227511
AAEL019810	18,1849556306054	-0,449956281025757	0,538948357179392	0,411192259586512
AAEL012377	191,087898146776	0,247891023404353	0,330797520231688	0,713497141591669
AAEL008784	794,276777385558	-0,258228344684694	0,40496901542319	0,63269542008341
AAEL008782	11,9277161862265	0,31266244016522	0,538032931632718	0,486202825002824
AAEL008767	6,5505583254195	0,625717256594645	0,911377451312338	0,242499294751773
AAEL008766	95,0647443937163	0,0820867684178719	0,262035125092221	0,82022896478603
AAEL001076	57,1800770637684	-0,544959932739491	0,35183133746607	0,491484000513594
AAEL013410	381,564190645514	0,284793838266185	0,180500867168511	0,838800360084773
AAEL013407	7509,02967007691	-0,188752031940548	0,204860407649384	0,838711604504607
AAEL013408	337,891052425322	-0,219903502722648	0,321475574006168	0,734254289320762
AAEL027347	40,1568449324536	-0,310923130709767	0,453649706022315	0,556144205459323
AAEL023676	578,524883516377	-0,780447143599026	0,398309524615328	0,279826182292515
AAEL022867	1265,76936366776	-0,547208079495805	0,282075820296008	0,577330499942687
AAEL014029	431,501755248423	0,122566923952967	0,257552691837901	0,81575691742678
AAEL014027	247,232956645539	-0,212856042437441	0,190511426944355	0,843603016879055
AAEL014024	297,119032377779	0,310886058867442	0,279208128085295	0,739245683533375
AAEL014028	652,783977468629	-0,06928996477891	0,192031791936483	0,857484130301086
AAEL012914	928,82661233709	-0,320901275488042	0,245872912590186	0,770168040682411
AAEL012918	2146,66317602657	-0,520081216806922	0,225306995782762	0,691113870964247
AAEL026811	690,86553311168	-0,192815416103239	0,18832871766827	0,84773336258764
AAEL012916	558,80359885793	-0,3641746999669	0,243865235086791	0,754591554677052
AAEL009044	47,1333025540796	-0,00120162527089139	0,327299998486384	0,794663713912377
AAEL009045	218,66572444402	-1,92252639999593	0,455693785595458	0,00257759545928434
AAEL009047	874,44614247693	-0,592171315057702	0,405069642785092	0,406230218465843
AAEL009048	225,053576938944	-0,0908980884698025	0,237917891411083	0,833580710636242
AAEL009051	735,673457238937	0,285516762218119	0,294187692379829	0,734630202214676
AAEL018168	624,802991032297	-0,522126947057492	0,303640813260942	0,56920995663371
AAEL014773	5,73762414762212	-0,189639466408365	0,559964037016886	0,53682788659433
AAEL014774	252,332854521375	-0,306296749211645	0,338100139275543	0,677155578932016
AAEL010125	920,141365702789	1,34936623875135	0,389359475114602	0,0348158095698772
AAEL010132	94,336021889551	0,366350777350502	0,261655974227236	0,733641266162577
AAEL019527	8,41783633972164	-0,075923633868997	0,480151175963658	0,654334437845965
AAEL019526	543,790966974877	0,496836276991783	0,472847318953916	0,425098887303337
AAEL010128	513,700326614603	0,229315745968615	0,285796157148762	0,76499324661908
AAEL010127	19,1816052773679	0,17718106873981	0,474705645057637	0,605424638275452
AAEL024269	8,84699123089753	-0,3687955218061	0,604663178558893	0,418603979279747
AAEL015527	595,834843298947	2,13046837262505	0,201836553697195	5,89558039137067e-10
AAEL007109	192,520845046759	1,50602126084087	0,355947874415971	0,0111247074522832
AAEL007106	183,046809311369	0,142836950192551	0,250700650407048	0,816471580520372
AAEL007102	180,953574378866	0,589131538573162	0,409173118691691	0,405629558659469
AAEL007105	41,5158417213996	0,468571448074953	0,362004322040835	0,542371118285085
AAEL007103	517,436939474703	0,562711874496995	0,254327549258082	0,60235836548811
AAEL007104	39,7492942627403	-0,215527401580531	0,364524269045393	0,694385576027315
AAEL028064	29,3321164011993	-0,838839067058528	0,48448928024494	0,224760287000712
AAEL009861	1265,62257189609	0,361023265740262	0,29915099389345	0,691798182260147
AAEL028209	18,68892390501	0,0908435351981128	0,47074164377407	0,655936408864806
AAEL009859	6383,68572120828	0,250070150936177	0,207427824098095	0,825535398753881
AAEL009864	497,129869681187	-0,733768724788512	0,277859725714841	0,395924488914223
AAEL009862	378,557605012146	0,571481601829532	0,26915568378119	0,57330467367825
AAEL022139	55,5092863334871	-1,81800492318574	0,492197327085455	0,00594375946425479
AAEL020112	158,062097924759	0,620373197061364	0,512412068706844	0,331458090825998
AAEL009863	3671,84756906821	-0,14482166348941	0,182903928487546	0,855229816632603
AAEL009858	135,343318569333	0,43777161793779	0,334100975295879	0,592997569981901
AAEL009857	1262,49307661665	0,222203601161614	0,158531082762527	0,858311505268294
AAEL001776	68,6474127764897	-0,86859689724627	0,421347616042879	0,219936199948325
AAEL015019	87,0179022042021	-2,01552939936553	0,487784695977543	0,00231688178294495
AAEL001766	128,512045664793	-0,153625805191017	0,304877427276675	0,771445428512947
AAEL015018	109,829928133178	-0,31996883442739	0,432875597894187	0,567944710634919
AAEL001781	190,795057676892	-1,09693589074435	0,285869724317711	0,0924028232979839
AAEL001767	1467,40846678478	-0,425851940715612	0,260487503159024	0,702379740092061
AAEL007800	1524,244984111	-0,656900271971104	0,295602342450071	0,450836647403146
AAEL007811	334,738020015973	0,107236956551511	0,238471678106415	0,830637129137577
AAEL025001	89,3997035707794	0,147075547839865	0,276261244257354	0,797266502698877
AAEL001778	153,189795383958	0,23143854415645	0,248714592997862	0,797434004612497
AAEL001752	974,800882750513	-0,276351601761667	0,181868611566247	0,839260322474321
AAEL001754	63,3475933142274	0,452596188294401	0,459648173284315	0,461728123226661
AAEL001779	2479,87941124177	0,563974926407682	0,186932631531822	0,722286974466228
AAEL001759	38712,0773928218	0,190145427156852	0,256581866543005	0,801588896104751
AAEL017164	824,903140268264	-0,668506611333252	0,202702826320334	0,583893722624575
AAEL001782	386,224938372838	-0,0869456350238079	0,195839124967416	0,855043517609214
AAEL001749	718,510471050171	-0,481620004099674	0,222794127467165	0,721106810033943
AAEL025977	564,72592541168	-0,189511240855908	0,327003905187545	0,740331085315939
AAEL001751	621,50660946813	0,358895402379096	0,204509992029718	0,80010491139293
AAEL019725	271,047258077171	0,295350776130478	0,340141162790336	0,681431538546027
AAEL001787	259,777388874498	0,635481233332428	0,205969604179317	0,616053286801377
AAEL001789	84,5507528826435	-0,160867972034374	0,276746314605771	0,793308595465177
AAEL001765	262,900769062044	-0,20638461984492	0,316747095860711	0,743888071819567
AAEL001775	60,3979744144555	0,0683189617902189	0,331002641219614	0,774956867310526
AAEL001756	280,427444838503	-0,0449911280661833	0,22185892988964	0,848191114945564
AAEL001764	285,707386166975	-0,0817350805673124	0,24058408342898	0,833410383793637
AAEL001761	175,0472647089	-0,284142166899913	0,221547841707215	0,806067468409526
AAEL001769	1726,90375737731	-0,0841500093804995	0,139722934371531	0,866513157581677
AAEL014334	37,9957713723384	-0,558799325472307	0,377129772702109	0,453642104373642
AAEL021034	14,6927690030979	-0,0936167741047233	0,517174063907582	0,610472378561705
AAEL010879	461,675230383917	1,42708959385764	0,228928415350779	0,00407374590686286
AAEL010883	932,532725757797	0,152323515625721	0,217747366049401	0,836094573202295
AAEL011765	141,90986953603	-0,19225967924893	0,237936849412624	0,81517654810095
AAEL024549	1880,81570476573	0,0656690237604489	0,182031163777647	0,860829628814713
AAEL011764	354,372786015554	-1,15101831538792	0,432748599550487	0,0904407018317276
AAEL011763	1092,05824119586	-1,69714926811059	0,284371376279373	0,000702880788713582
AAEL011766	22,6239146247547	-0,250282088529433	0,455998715001199	0,585292473625028
AAEL011771	45,8586884556635	-0,07918076155317	0,35340280826268	0,754470101301222
AAEL011768	30,1176536393765	-0,0300733360830515	0,395146100279589	0,737876912358345
AAEL009616	40,2433525636941	-0,196220861032319	0,3472511796112	0,71918788870366
AAEL009610	50,8487295502535	0,00767972131739276	0,319109002007637	0,79848861115476
AAEL009601	1629,62300385931	-0,728370149800377	0,233246047336053	0,451715772944886
AAEL009606	817,085681458881	0,112918456796087	0,276749903675023	0,804284462736068
AAEL022010	356,1136435334	0,193885218612313	0,250406929027341	0,805270386129344
AAEL018181	249,158667334483	-0,366203204267396	0,350336836239826	0,626062781093115
AAEL019918	49,6504312069801	-1,64046255790964	0,814524691738941	0,0416895784051704
AAEL025083	28,9564498182287	-0,0882109143394822	0,358823170730463	0,747652363237427
AAEL009603	279,320780344309	0,0220702164404865	0,268303888517931	0,826772762393061
AAEL009611	134,251825951288	-0,177807732671033	0,233871662748504	0,820865964898483
AAEL009615	1756,94464732316	0,605394071795952	0,295704608646629	0,503972461808865
AAEL009614	844,835217195666	0,150268692734487	0,160833356350686	0,862191732006987
AAEL020903	1124,25739147093	-0,0399782085233958	0,267710687176798	0,824174943391672
AAEL014715	2692,1115228484	0,258651082507277	0,151657696994049	0,857981710663378
AAEL015335	369,790262836556	-0,6432369127973	0,238035937083643	0,551267768720718
AAEL015336	191,644520481451	0,416210137268453	0,234047385258296	0,742165887059865
AAEL009607	7209,62323886005	-0,158895774912531	0,197429891010178	0,846969611208349
AAEL009608	397,017957653545	0,187540200089513	0,197404543312794	0,843201145042991
AAEL009604	2685,37719630789	0,123531342988504	0,159840888387782	0,863565577197753
AAEL009623	221,584512651468	0,849358560144211	0,26730214280684	0,283750494160493
AAEL014510	125,069223395519	-1,69540482072381	0,596974119425686	0,0216482808378736
AAEL019788	1117,75794439004	0,0301761572805407	0,274190575948054	0,821693910536167
AAEL009359	173,746068200889	0,120856111544621	0,225628395185735	0,836222858005443
AAEL024240	45,9794684163483	0,36770183234867	0,541504935822037	0,45276819733862
AAEL025613	162,997473639951	0,0298786174448701	0,302946708412299	0,804101770796608
AAEL009238	860,039482442133	-0,351423191955144	0,261319184535684	0,740601123539067
AAEL009235	970,989838975338	-0,423964461003033	0,188413358394088	0,795035476830154
AAEL009242	349,15256124672	-0,356409014638705	0,200970523779303	0,804127890254226
AAEL009240	194,167261604409	0,145412476868029	0,267780133778618	0,803472848224982
AAEL015022	396,876253521248	-0,205991222520221	0,319603535362151	0,740825759430668
AAEL015020	197,403471277183	-0,0262911867801183	0,378767603369797	0,750814426574852
AAEL021375	867,9492685834	-0,495550212482402	0,253730708891022	0,666708383173426
AAEL026959	13,1523280661711	0,117740489349263	0,518365957915679	0,598541406659036
AAEL009244	3342,86240429056	0,575340131815415	0,398447863271066	0,425854638885436
AAEL014297	30,3801296199845	0,00506464180044018	0,346805167277962	0,779917520561285
AAEL014296	1317,57105248823	-0,587300347268224	0,154445193040779	0,762055004879115
AAEL023217	583,554833842933	-0,613200979562	0,272787068796681	0,526721671864493
AAEL014990	186,487709721381	0,587246483769842	0,346706115959134	0,461558397405582
AAEL019745	2133,11342050105	0,61779899949066	0,172917912061544	0,703712754024441
AAEL014992	583,668971892398	0,0335732213866705	0,180893926114892	0,862669918624871
AAEL011606	938,658851083104	-0,165805619794467	0,176936381872632	0,855700586474527
AAEL026354	14,4227427121849	-0,9776221674146	0,732202072830121	0,154923589410481
AAEL014382	622,700164333663	2,63934183097462	0,422752430551243	4,39004092897101e-06
AAEL019633	55,6096324929663	0,75029962650977	0,418905129056694	0,291026153636949
AAEL011622	545,130664147508	1,51527963854072	0,34002090105162	0,00885741982934878
AAEL011621	21,5421861334471	2,07380973757866	0,635315028772859	0,00548811216154886
AAEL011612	122,268806877276	-1,02772297782185	0,547356010245707	0,139074945790028
AAEL005103	215,928976063468	-0,129118792434677	0,224985970157859	0,835283599109462
AAEL024486	48,8387671577536	0,224331495646953	0,323099366550068	0,731210388228836
AAEL027061	19,5272330487265	-0,0812252135523317	0,414087914535404	0,705320302665896
AAEL005127	675,225861807924	-0,0814280055756513	0,299882962651566	0,795689964013566
AAEL005106	689,038207935191	0,0754268663437682	0,238015092414861	0,835763775509649
AAEL021870	56,9253993362933	-1,65403321607132	0,415128115638573	0,00755046299087369
AAEL023434	30,380909252443	-0,235076996249747	0,415644366468409	0,634743677077866
AAEL020327	81,7518172138081	-0,0351732910664518	0,267744018693698	0,824972836094379
AAEL005111	515,174463468497	-0,190209725787629	0,374145287945458	0,696451064953701
AAEL023444	179,244896899381	0,0577820472178824	0,447774783667753	0,686949484591674
AAEL005118	143,282008459982	-0,385037580338553	0,25673171483211	0,730439245500418
AAEL005100	222,890175855715	-0,391276962776607	0,343544865017716	0,616798106536868
AAEL026243	2585,19914814913	-0,461512104329935	0,251484300460357	0,692541642918944
AAEL020071	330,871610357277	-0,342218967220521	0,226014096220074	0,783754475991279
AAEL025595	20,5213057929922	0,0983038093815902	0,514968538866893	0,609799870396633
AAEL015304	1388,75450157059	0,103328380130945	0,230124279764524	0,836241168041107
AAEL019679	413,487585321247	0,468443958923868	0,269597713249584	0,663527995431854
AAEL019678	136,894907119976	-0,284956479939793	0,223959254890168	0,803630451160664
AAEL005123	82,741094090176	-0,660389999512696	0,322846765120521	0,421483962536384
AAEL023844	369,475857518754	0,076428224644026	0,313144460821452	0,786478306274059
AAEL005113	53,3124767136826	-0,223413691181584	0,414114601893731	0,643215333432744
AAEL024268	30,8920099984315	-0,24370927503436	0,416366934153077	0,628533191744184
AAEL002353	78,6052438788689	0,600953843322099	0,430760420683794	0,3889341884488
AAEL002362	238,975959335788	0,342058801893158	0,227099366052667	0,782383175853017
AAEL002347	2491,62639442412	0,344455116994064	0,370505242280149	0,615773264688644
AAEL024934	807,247137347231	-0,197566814108139	0,517450183505846	0,56375831124368
AAEL002360	1646,45200667779	0,339504486461713	0,422020291494726	0,566672709105465
AAEL002345	1647,65348439637	0,0740928463880672	0,184751815034982	0,859615508803784
AAEL002350	1695,43238498632	0,626162016894022	0,206159294938005	0,627302028155765
AAEL002322	491,221945545788	0,112089949168058	0,219801194507101	0,841091517660755
AAEL002324	482,835198210486	0,613307427858362	0,233125093858471	0,58933401313617
AAEL014964	13,4833126710293	-0,58388303856918	0,805648507999595	0,270306601066811
AAEL012793	706,349885045465	-0,190863812697069	0,228159974354757	0,822363731531359
AAEL002329	423,107527178861	-0,337502032027455	0,187471736711396	0,821585403868025
AAEL024787	204,763697809363	-0,29581601401649	0,360444650992583	0,659845200155988
AAEL013452	106,561770882082	-0,805360343764555	0,431945566341577	0,253792915436721
AAEL002334	3701,86072111445	0,205469046829421	0,140054493922104	0,8646500914129
AAEL002351	671,774767611547	-0,333356207186625	0,168775447125632	0,838319918410334
AAEL002349	986,992481636185	-0,0835229530895899	0,1932863009171	0,856055197405328
AAEL002341	103,326708417792	0,0183309762441506	0,344609277779485	0,778099047667322
AAEL002337	454,696610970129	0,108288521827716	0,224359213788905	0,839154409816656
AAEL027472	401,52889297648	0,307847928762892	0,241584972591079	0,779556137564081
AAEL010698	2800,99022054651	-0,443125748699183	0,282364666098973	0,663673768888764
AAEL019460	2118,10793971332	-0,279791877645612	0,287871707092825	0,743448619909066
AAEL010691	2176,22405416282	-1,1666161121725	0,195684430272046	0,0370999709618025
AAEL015298	496,276642629944	0,465997350675336	0,330865662478867	0,578877395103455
AAEL020597	1071,55480563151	0,128095216725486	0,20814339451898	0,845157401789646
AAEL010697	3422,49187763921	1,22152013885869	0,177412617609844	0,0176253612259305
AAEL019551	951,91923892538	-0,39465294669478	0,295660714846299	0,676137611138939
AAEL010694	801,06615198333	0,348549747100062	0,267150655089075	0,735798426226185
AAEL023985	146,88442045904	-0,710898841224892	0,372093311543644	0,34552269685674
AAEL022128	596,738283200515	-0,281018876688833	0,310986904425928	0,71887435916599
AAEL011038	942,787498291607	2,32089670230106	0,310858208778542	6,63828200614676e-07
AAEL013380	49,9365883161091	-0,427582938917712	0,391151357885299	0,541220614768177
AAEL022261	791,122816411535	-2,54718176554986	0,410248702740717	7,12059050077757e-06
AAEL019692	39,4005547166953	-1,01915846662453	0,417735320722713	0,14027025458438
AAEL009002	31,4249402293724	-0,062300589974286	0,421531310681885	0,706514955895267
AAEL014978	28,4778447568513	-4,39432022457954	0,803081542050594	7,58597336891084e-07
AAEL015424	70,2757345759446	1,26628767156157	0,51305210716709	0,0711351732615325
AAEL023044	98,106459007745	-0,521625444458074	0,364341874334058	0,498173119452033
AAEL008970	21,1189193486311	-1,83814910406164	0,834484242755271	0,0284988191758421
AAEL027975	61,0402508851173	-1,01929177591604	0,372877655409318	0,138776061839336
AAEL017526	674,713996936027	-0,38339958728574	0,489629028486349	0,481301268397377
AAEL023983	55832,8576675168	0,312117009678993	0,23198476742456	0,787891640793142
AAEL017075	10739,0148091308	0,0913872763039356	0,22893243931503	0,838995279606785
AAEL013119	902,211324424544	1,48357812406141	0,208867726992908	0,00110737131744259
AAEL013128	1979,05097453851	-0,440758441284996	0,315445668641326	0,616983860915539
AAEL019537	516,231799625669	2,53142891871004	0,303751005007298	1,74279761052021e-08
AAEL013121	587,937692427499	0,0532799989013937	0,237524779744779	0,839542076754008
AAEL022750	565,065875114606	-0,309115877863083	0,399589433948143	0,604735899279348
AAEL011238	3,45771375693656	-0,163098578562375	0,537090697645369	0,565277941036184
AAEL024936	145,450236617529	-0,328030602896788	0,452040019955277	0,547672624785528
AAEL011239	303,278532548739	0,30326987961803	0,212770758670536	0,808570421163701
AAEL020432	226,625841806092	-0,0278535743302013	0,212362035910943	0,85350638453266
AAEL011242	914,972165285097	0,946826480679605	0,21085128757561	0,205620045183553
AAEL027434	373,467131219086	0,292511313830233	0,25237143313953	0,774235374307785
AAEL011240	2267,4677188086	-0,254435364882523	0,31650155646651	0,724971812857681
AAEL013764	39,6223637422333	0,0492890318635452	0,341376988290802	0,772359464153456
AAEL025318	21,813158456939	0,359506062019198	0,443238707676576	0,536044864301508
AAEL021173	15,7778930116928	-0,690770317803098	0,711675539784619	0,250234641384998
AAEL021609	11,3952000573736	-3,08891488583804	1,22999383358783	0,00541333329145614
AAEL022038	0	NA	NA	NA
AAEL025990	164,717850919426	-0,387944450588563	0,281053396409757	0,698431004128624
AAEL013169	91,2345405711687	0,600226588275821	0,394551240221906	0,409414166276455
AAEL013167	280,825030570693	0,231948953549657	0,234364780209725	0,808744989429285
AAEL013163	944,915448243322	2,28835441978839	0,254355472777357	1,38246883533032e-08
AAEL024122	80,2003481547771	-0,318170118131376	0,369974671778067	0,635421719087125
AAEL018257	183,007128180194	-0,23205017701301	0,266170281349738	0,781319175053503
AAEL024406	1027,27038908618	0,730749685849345	0,619891380016357	0,249960310420866
AAEL011178	113,501610216178	-0,255719215078757	0,335472957208701	0,705206041160299
AAEL011179	13,7710184183835	-2,99762252171872	1,10234806448526	0,00441307257844421
AAEL015070	167,166051180179	-0,142365363397752	0,33385904135354	0,750564236433493
AAEL011174	29,6519575730752	-0,246913236124187	0,461792872625275	0,582378416813882
AAEL011180	4974,25567112358	2,15235421155719	0,300313901482725	5,84657449408234e-06
AAEL011177	107,663913958772	0,440644870753543	0,356516656231551	0,567598457264628
AAEL027354	173,074073627135	-0,602479876683883	0,278905533644351	0,529287042911124
AAEL010377	58,7190577445687	-0,195269511166454	0,306869316488104	0,756439464727928
AAEL010388	186,142772782038	0,112199142634417	0,221262411224145	0,840294430967514
AAEL010387	428,085187229405	0,00331793332018072	0,178744692948925	0,864084772545786
AAEL010379	539,751502790638	0,424400717019788	0,260629953509279	0,703192516874843
AAEL026131	23,85406125614	1,22342285040583	0,696613566906843	0,0952223503762576
AAEL017311	6,41993065432375	0,587681992602311	0,826834713229336	0,264657481914347
AAEL010378	258,602221368543	0,448687136840452	0,367031016482972	0,55212783270248
AAEL010366	394,325624924306	-0,88493765110662	0,365366213046744	0,22078852359122
AAEL010381	25,6642919103908	0,268512888689921	0,418398219153072	0,609028512785739
AAEL010386	116,47212302059	0,184948699633529	0,224561436651585	0,826032447673917
AAEL010376	79,5416390281875	-0,30455322010898	0,392504499860941	0,616612176527193
AAEL010368	757,544002361983	-0,287706737016797	0,168339695671091	0,846117359057076
AAEL010373	1019,73553857198	-0,479808323988472	0,268073918759032	0,657675139971697
AAEL010371	340,730608476935	0,959452128433107	0,334753642719662	0,174599522135844
AAEL017071	678,80183424836	1,04702908505097	0,255853239293036	0,112214106254707
AAEL010389	274,850268944418	0,587152135749437	0,192647663365549	0,693096989612011
AAEL010384	192,366375489011	0,465440196185213	0,450205532596864	0,460196848128202
AAEL010382	1235,07441085823	0,273607869249591	0,357210733521966	0,674015377940067
AAEL010370	140,513367840318	-0,48945110335655	0,304212038649573	0,591955582442126
AAEL026787	751,892042844199	0,161304468354916	0,234743935058008	0,823539900769937
AAEL010374	104,172086217459	-0,216970798994224	0,337623509567605	0,719864948404823
AAEL024525	397,60795970498	0,19146068248366	0,21204411303381	0,83331560771332
AAEL010375	7,52836793109578	0,0605649978070034	0,47505197188309	0,664690811009356
AAEL021016	290,204130132857	0,475578696068749	0,200348765958493	0,755879913797509
AAEL009661	332,643821026135	-0,00790804054446027	0,228732909256036	0,848864812007791
AAEL022876	14,3474922106173	-0,686786579206638	0,69655357713249	0,253519430859848
AAEL001840	1014,33744988286	-0,684409040970816	0,233503336424767	0,509223476977978
AAEL001844	655,224041914881	-0,491254587594989	0,216084094325697	0,724720606389719
AAEL001839	245,81332305441	-0,0751616712176552	0,45287743581366	0,675455678797609
AAEL001863	21138,5163110341	-0,958640119184569	0,233634056126639	0,188187219382374
AAEL000081	1582,57057293762	-0,179597161079981	0,30514665011743	0,764134188909424
AAEL011221	1565,81734117853	0,18114829816324	0,174022107469133	0,855600982164263
AAEL000049	638,963561967544	0,992159110569406	0,247551922509551	0,155521454756971
AAEL004073	209,96671719018	-0,299663729745268	0,353992001323141	0,664908033040233
AAEL025520	91,1462498212714	-0,0925707331948552	0,329349319863249	0,769488278408027
AAEL008824	7,21923454451052	-0,15716760332241	0,464103272041449	0,628357818427445
AAEL013204	336,59978683823	-0,22106131420373	0,235788912741255	0,810277546188769
AAEL013208	329,976545808751	-0,195470901375274	0,18614613876001	0,848473856628596
AAEL013207	582,191058117566	0,419679507061204	0,155019551957602	0,83061754877891
AAEL012507	889,131638060215	0,226520638003359	0,168668981244468	0,853638160822366
AAEL013203	2886,23741486123	-0,196763320965446	0,196810672997373	0,842289351199356
AAEL013211	1058,55220127466	-0,112713577816941	0,198417182997216	0,851485824364608
AAEL013209	72,7351079910008	-0,32986020157762	0,37439333008114	0,62130124715238
AAEL022674	96,9675609906441	1,76161808666297	0,512580326258631	0,00974858275065395
AAEL012014	1001,54109917131	3,39005149512047	0,193304168632306	1,45870795644156e-36
AAEL020057	513,914985737125	-0,0625138186177275	0,251623800079534	0,830028037031311
AAEL012016	1510,44164489332	-0,0371494661717525	0,161444702916358	0,865779041127192
AAEL012019	901,227245021302	-0,346174816818253	0,168100035478366	0,835929340810042
AAEL012015	1125,80951285858	-0,481944353975578	0,195771284293052	0,759044499365448
AAEL012020	305,492521800324	-0,0621078364781744	0,209805701797322	0,851470760940544
AAEL012013	16,6407206073112	-0,0867843999281855	0,421754607855346	0,696692313292122
AAEL012018	2125,20345365646	-0,178742245931373	0,184781482583393	0,851062890978642
AAEL026118	582,860766806013	0,775829505501304	0,25031315122858	0,379284991908831
AAEL011453	123,359670518419	2,56332647834083	0,52046749133695	0,000119127455338643
AAEL011455	329,840575954421	2,23321952622956	0,520153632787284	0,000906460399416731
AAEL017270	21,5709505517798	0,254535997488546	0,397689616552961	0,643052742928884
AAEL023894	197,290652777363	-0,0778929782001737	0,277208989144068	0,81161692587785
AAEL021095	110,147937871227	1,11564439237907	0,357641408315665	0,0946589478495343
AAEL029020	425,938179158455	0,93200900213588	0,377003070612193	0,189356939470688
AAEL026474	869,568158150573	-0,301981474250131	0,364958851923177	0,652332710343439
AAEL011872	143,51864652593	-0,713542541237996	0,285790389318327	0,405228687980466
AAEL011870	13848,1116465395	-0,731672215615024	0,309259007894267	0,370914925841508
AAEL011871	11275,6540868792	0,0610601317079612	0,21682512786246	0,848693040311187
AAEL011873	2068,9892807958	0,227243986466759	0,159929297533345	0,85733139575164
AAEL011877	280,052079998712	0,0550426829922949	0,236125523706401	0,839927883832536
AAEL027465	2522,83051191672	-0,100785435783822	0,193809557829037	0,854698318560567
AAEL023512	615,267109959191	-0,358001954101571	0,299665722931465	0,692850414477493
AAEL012187	899,552398205483	-0,141349974810815	0,166184913516021	0,861093658871789
AAEL012180	238,48259823489	0,022104506677403	0,21359647555961	0,853521038055809
AAEL022729	1888,65062514455	-0,306266750303586	0,266341777826099	0,754389071952339
AAEL012185	487,0503354837	0,0106645966090203	0,288429732602674	0,81708956818799
AAEL012184	541,033183686774	3,60719240898151	0,301233602765676	2,03527405164229e-19
AAEL024914	4888,35398069624	-1,0214629607034	0,252345761874341	0,132512134589553
AAEL013143	701,227180967476	-0,264035384411437	0,227235474713345	0,80665469075478
AAEL013144	4224,61461502221	0,359594162251772	0,179545348075658	0,823220665288972
AAEL013140	281,488610374403	0,968772715234305	0,371394528052942	0,16626163447951
AAEL013139	3453,80236339243	0,205649591493723	0,324046333733287	0,737371713662041
AAEL013142	788,336760353531	-0,0206887473481389	0,245694146085013	0,839559653647865
AAEL019986	1394,64360456045	-0,525501250857557	0,245812605268364	0,65555630745627
AAEL023490	32,3096853785721	-0,241472499211999	0,500974615515907	0,5548117066721
AAEL011937	56,7924451334375	-0,160236382449216	0,313591139255187	0,762815184493293
AAEL013509	742,951903189194	-0,0980245426280907	0,211850692763897	0,846857590628737
AAEL013511	23,0158542221892	0,319748787439297	0,431286932365809	0,569897186718202
AAEL020073	5611,04811470592	-0,720929120919643	0,267303368436737	0,418989341927197
AAEL021878	146,146412746249	0,265455984619683	0,300470165564056	0,736633546002292
AAEL027674	773,237204843567	0,157168742504672	0,3580002225039	0,724670312812091
AAEL015285	23,0511837505775	-0,786285776681794	0,866043285272147	0,203886424517568
AAEL024717	301,170598135336	0,529363901218911	0,362554230839187	0,493171853304498
AAEL009829	701,227179549126	-0,43521931662173	0,234406228192863	0,732072994908908
AAEL009828	301,979877025005	0,0245458293611482	0,183295947683652	0,862476459713117
AAEL022990	239,440425706136	0,245971126446352	0,255231987733542	0,786971990953369
AAEL009833	289,326754664997	0,172984194364135	0,230027740143073	0,824700684213587
AAEL021171	547,399341525137	0,527001744957318	0,232951035850829	0,673532713867599
AAEL015066	205,685401365488	-0,124599839356889	0,291263032262511	0,790961231322259
AAEL015065	4173,3039410713	0,285089142130923	0,150208269147732	0,856253019437981
AAEL003125	3160,31761376318	-0,192938678068493	0,271341780768145	0,788682398357713
AAEL003113	65,4132421435449	-0,026830734780524	0,284818980054299	0,816379675236258
AAEL024598	2989,55042963277	0,486966769641451	0,20981658055547	0,736726026183375
AAEL003112	14,0390054555804	0,383959627054791	0,51210757065455	0,46560668175282
AAEL003117	284,528732268328	-0,225868076823504	0,185254749196826	0,844845710934712
AAEL003116	12612,6441180298	0,595279065457551	0,269609200927887	0,55200513805394
AAEL025258	485,219377189649	0,302012407440148	0,16385839665787	0,846953618296592
AAEL026095	17,3226336682129	1,233556432279	0,679353751321442	0,0912813427439054
AAEL022136	918,191517554929	0,671767486356282	0,389865863939013	0,365025799696839
AAEL011854	91,5919949097696	0,385893203558384	0,27316756314676	0,710045180871827
AAEL027572	203,616718103893	-0,265019870325051	0,25280246801914	0,783437084300932
AAEL021703	575,140592051883	-0,150181177504426	0,194772567793725	0,849439739916196
AAEL021140	2316,09213027408	0,928444999391418	0,164148630445912	0,251056322985504
AAEL001946	1287,63403468424	-0,341977648925578	0,347547896768684	0,647948285728921
AAEL029085	793,145553408518	0,225957161265689	0,165847410022005	0,855115227782125
AAEL001916	4254,28687747088	-0,0161973550746874	0,126833366399572	0,866646875391213
AAEL001932	56,65914950762	0,38936723377333	0,306633436933122	0,667423525469822
AAEL020528	944,69733159185	-0,407556564755661	0,297078506322176	0,667637518681649
AAEL001940	495,364438919535	-0,93681512888578	0,282491134632779	0,198372950884955
AAEL001954	449,869582628134	0,631425546060365	0,212606777207889	0,605522852614247
AAEL001929	133,71845166354	1,66322290974682	0,516946769926145	0,0154569871744405
AAEL001925	273,22594285665	-0,286297430147886	0,446940618660229	0,574430233619805
AAEL001943	313,133177235893	0,236294095605833	0,212722170742356	0,824364571341581
AAEL001931	321,328818374568	0,324245279293634	0,198967350354424	0,815316165626176
AAEL001922	326,624403698159	-0,259339884760563	0,188644478634162	0,837350407619129
AAEL001917	857,726955616539	0,396574506389397	0,2654772750208	0,713280221831448
AAEL001935	904,934109973013	-0,049347584503792	0,167932496800723	0,864537404168456
AAEL026920	279,855399274156	-0,127367716186594	0,266007267534767	0,809018674758458
AAEL011216	1202,57485505767	-0,173434856338328	0,282242699176981	0,784983811287894
AAEL011209	899,516710032947	0,0126728491400908	0,158498896603006	0,866220476765393
AAEL011210	46,7877326519967	-0,159493781677899	0,347629639956336	0,733073021028314
AAEL011212	380,426471791849	-0,353155533905122	0,192089426681759	0,813650519445512
AAEL011217	123,067227010441	0,432555926099895	0,25331756859106	0,708485848206507
AAEL026220	1916,23291781951	-0,707626775741249	0,320989781497361	0,383511125821435
AAEL025652	7,47152444056736	-0,134936619674753	0,483277998600908	0,621392124402555
AAEL011211	15,8716599821801	-0,396103452617535	0,472454280589818	0,486516319245969
AAEL024063	212,683463527996	0,148502052148549	0,244545675632207	0,819365192447897
AAEL011939	102,477830705157	-0,101711357198264	0,268667651938533	0,812387637850574
AAEL001930	1819,95657753218	1,00335908915599	0,20894794979547	0,14593491796188
AAEL001919	1016,69749807994	-0,258787825524124	0,22739930885582	0,807718031109254
AAEL001934	86,3463535887821	-0,0991553156805077	0,353633216767858	0,748163408470065
AAEL022405	131,369218742773	0,416277839564369	0,272302472716931	0,693281662620429
AAEL014289	207,637761401819	0,0720750263203045	0,234367586403184	0,838676074948632
AAEL014291	124,993102185769	-0,953859387640462	0,356108642493825	0,17696736269934
AAEL003978	67,1657023217548	2,19078840497037	0,435470211957067	0,000300728752482845
AAEL023471	108,759045382031	-1,08620089251929	0,337040241893978	0,104033681222354
AAEL003739	161,844889879343	0,385454343785086	0,283451075365858	0,696933229530366
AAEL003723	490,924662828759	3,1299081868781	0,509644199779918	9,89647045728059e-07
AAEL003731	1240,80469733185	-0,708421346951713	0,307820300802155	0,393263257935127
AAEL020019	41,9197954294016	-0,19037954576784	0,42603481633014	0,649839976977693
AAEL020018	503,392768566901	-0,367223870889669	0,194223239636828	0,80759204701091
AAEL027453	237,485300799743	-0,327751460327375	0,338382209514986	0,666421525760808
AAEL014362	206,395775663907	-0,491386852932783	0,287659226961179	0,615399240809661
AAEL022689	1316,00799455462	-0,731622594047839	0,378348379485222	0,322046551269276
AAEL003736	286,97880915158	-0,125959040544975	0,210187861560286	0,844334463312225
AAEL003735	201,729630734026	-0,0774429009546768	0,379195334391657	0,735285608469665
AAEL003730	250,674542459574	0,0833943112230332	0,244386949271427	0,830930293810667
AAEL003709	632,068243725518	-0,141466870957578	0,191545132272728	0,851681371336673
AAEL003713	439,439489885769	1,6538895937992	0,227724623192187	0,000202286621833268
AAEL003729	301,066041560053	-0,183670938103645	0,250946551262088	0,807314307724986
AAEL027402	9146,95480752517	0,0261323215744154	0,220805714319039	0,850378109464446
AAEL024398	77,8916008799427	-0,489666606018453	0,300317098538895	0,597729412963257
AAEL003708	185,511533617676	0,943838447719931	0,333543808496208	0,185247674007738
AAEL015450	4389,23179599468	-0,441151643261114	0,324809895925773	0,602457965502892
AAEL003722	103,391259441199	-0,421188971700976	0,380470285590653	0,556988145265377
AAEL003737	219,127741159772	1,4294677284633	0,223607848300389	0,0034183892958759
AAEL003740	97,6014322946477	2,89822082306488	0,489169681633852	4,20056453876102e-06
AAEL003738	93,4977807443599	2,56991620151584	0,504969859917667	7,68400669066133e-05
AAEL003728	325,645062325917	2,94751014061273	0,291056138342915	8,95512486670692e-13
AAEL008773	789,762415159911	-1,23392600465088	0,346594367245428	0,0522147347324715
AAEL008770	1469,75223354953	0,467799422764306	0,269776580838467	0,663964929841901
AAEL008783	578,724536264913	0,230968822524402	0,240355866819335	0,803944909426662
AAEL008768	2360,30577294614	0,187533476670492	0,178525275559765	0,852799551738353
AAEL008777	858,557836829356	-0,43064818705052	0,368238606612234	0,561992769510041
AAEL019961	427,413577572443	-0,16458665121105	0,250656344049025	0,81190667168901
AAEL025361	670,41970380786	0,745871766441827	0,315507391041361	0,353703101273433
AAEL027632	490,854958998335	3,07663728332868	0,430752539634578	3,64062080438531e-08
AAEL013494	583,365699011668	0,134842192414234	0,251981634509711	0,817203557603688
AAEL019879	149,770376570826	-0,141232257830104	0,235715351046016	0,826690815038407
AAEL013495	427,211531942048	0,248740044813883	0,211436627066966	0,822557260155012
AAEL013503	92,28002474738	-0,362429096339243	0,38486149204112	0,588383297306359
AAEL013501	412,971225283569	-2,18907345676412	0,328963302728694	1,1608372863435e-05
AAEL013496	296,396229794357	-0,2337774190958	0,307424770488955	0,741765261635525
AAEL013492	8113,09366309462	-1,25093455112294	0,436333854622819	0,0653546540830922
AAEL015115	77,4598153377928	-0,0556004419542331	0,318249023077987	0,788196463473732
AAEL015116	888,876241874285	-1,23562921240678	0,334873687527458	0,0510399032541805
AAEL013216	12,5359686034589	-0,12653829991761	0,433212217389805	0,670749393482605
AAEL025437	413,991048436937	-0,130350363396245	0,244167139329039	0,822964448738644
AAEL010082	11,6755431845557	-0,396979071031744	0,637785614611589	0,392646783880042
AAEL010078	620,253371240164	-0,702724548651101	0,414324962729527	0,324962992878362
AAEL010085	316,295735950628	-0,161082260691351	0,228319184306649	0,828073511728324
AAEL010090	253,922885711664	0,263241362245522	0,250520879540647	0,785889155120998
AAEL022493	57,8414456121077	-0,0617032001054867	0,336860935559773	0,77239447855905
AAEL010094	5422,43339255924	-0,746299214731143	0,199388983438536	0,484788180528978
AAEL010087	1298,00208485251	0,666517459165253	0,232182046085292	0,533152397276657
AAEL010088	79,1185001682648	0,156929622696611	0,315701445966585	0,761826024760162
AAEL010083	130,883406746064	0,179578541811958	0,236428762915207	0,819008441749798
AAEL010081	541,516947912875	-0,933139764435686	0,219516422489394	0,217369290489104
AAEL024003	843,253676655578	-0,379873952205233	0,244566310366511	0,747053693514129
AAEL010086	727,3993382734	-1,33466200083925	0,21694346785209	0,008384315599641
AAEL022068	273,918642018758	-0,0442494682323915	0,210048042485969	0,852784753529995
AAEL021532	556,159355741915	0,132218776672026	0,368872028728294	0,724267321885182
AAEL021784	605,091820168258	0,130034101525991	0,178823051813662	0,85770570686689
AAEL011667	163,74779859097	-0,0480963142370263	0,33185839481065	0,779786241541775
AAEL023618	253,494214646533	-0,415053563661424	0,205868496667175	0,777363455394417
AAEL024200	26,014242744414	-0,253143432447767	0,55040012326073	0,511094287125533
AAEL020488	34,5094417222176	-3,26703776757895	0,646141948229281	1,58018824629527e-05
AAEL025217	528,212107182642	0,985030128765268	0,200059961507059	0,16387141501158
AAEL027936	635,826653470191	0,508842258592615	0,34032473811113	0,535259311172429
AAEL009677	572,536938454944	-0,328082930894018	0,213671557371603	0,800701118353716
AAEL012162	378,362969449654	0,124166239471922	0,264442115672285	0,810595822690196
AAEL012161	1762,11707210157	-0,0735133342405793	0,136116709588691	0,866586127794362
AAEL012178	132,7377488642	-0,926032188110478	0,276822954007509	0,21050398219336
AAEL012176	145,952064462327	0,0796188792699651	0,297387563197317	0,797740390451265
AAEL009798	123,750543076827	-0,376552357810416	0,332670879777626	0,642808599603783
AAEL024021	57,2901592852039	-0,34642189326824	0,415293051372288	0,568980474363885
AAEL012171	2546,14327088654	-0,485491468524716	0,223767695998718	0,716873409551873
AAEL012167	649,324805589538	0,0399327693119556	0,166018079568993	0,865098971793364
AAEL012172	1148,34078530665	-0,00107026263158567	0,190387886032324	0,861905822881517
AAEL012169	396,614912286426	-0,16360572707937	0,209973622698619	0,839436534567593
AAEL019488	761,116232688886	-0,56959900791899	0,30125972216548	0,530359448278028
AAEL012175	30571,8868529542	0,0938653926231485	0,187108724274358	0,857428628311265
AAEL012168	420,804359046492	-1,00627865410417	0,284488656821644	0,145337550628996
AAEL001363	313,592480897813	0,0105635631549227	0,251189154924565	0,837890453066248
AAEL001367	168,904144925631	-0,155577901890605	0,223550617873858	0,831996638487679
AAEL001359	255,806832999831	-0,325097760771881	0,194341719452827	0,819053111327126
AAEL001378	873,83707506873	-0,369731149734673	0,201388724923942	0,799832751818924
AAEL001389	1103,02130498191	-0,275936110880254	0,291058441233603	0,74113964912311
AAEL024345	28,8115019250597	0,0015559893371394	0,502375299197299	0,666493284669318
AAEL027034	1374,23409291168	0,49945866968843	0,235312307070359	0,690489366928936
AAEL001366	178,804544420399	-0,106438519339296	0,229855089539622	0,835874189392942
AAEL019977	1969,08467930514	-0,482267655145001	0,382696224590736	0,50994454022945
AAEL019669	1746,70152749876	-0,17528845955131	0,512062027230385	0,57821544193372
AAEL001370	60,2360539619856	-0,74952591168455	0,319587615523962	0,348267564827062
AAEL001361	1482,10508370527	-0,554091201128869	0,217543715341558	0,676409662444255
AAEL001360	1833,12524306494	0,0804742268552703	0,170204764760875	0,86300396120088
AAEL001390	2766,94561602135	-0,131022146900099	0,234421916326605	0,829374837553104
AAEL017563	2110,71591400354	-0,0346474825621176	0,260463643647734	0,829335089248955
AAEL017536	25190,9218415607	3,62151163690238	0,376137583430918	1,06916439482665e-13
AAEL001392	2059,13084872521	4,68776254251696	1,24311704651621	0,000149721098017109
AAEL001387	153,890101126549	-0,568306498839307	0,383809713632201	0,441930055951521
AAEL001381	486,601180608788	-0,394438413190048	0,203186257459105	0,789075625484537
AAEL001379	840,528973091372	-0,299154383135041	0,281650718888092	0,74122919825197
AAEL001385	1055,67735552692	0,985990038843761	0,191314540019707	0,163572189848386
AAEL001372	1912,05993029822	-0,31054711926351	0,26983566848882	0,749221755101761
AAEL001374	15,764890657161	0,133710591655253	0,453257046102917	0,652100398447899
AAEL003560	40,6638637789872	-0,546889820314429	0,505106392186882	0,379497301339573
AAEL023947	1,55031501413362	-0,116295646848111	0,550292370811606	0,577552030872376
AAEL027054	599,536217242829	0,116513217808382	0,246919055924839	0,823815645172245
AAEL003552	869,937050075807	0,0094458494693338	0,167979559847059	0,865483128672976
AAEL003555	504,145338584789	0,00958849095999505	0,394949613964415	0,744151067483711
AAEL018303	17,7948441358037	0,0516824133252307	0,452414971109624	0,685538294815824
AAEL003554	452,501966880037	-0,302782144233116	0,384638411839052	0,62694878532554
AAEL003551	324,04698393616	0,105332104621209	0,360268130278631	0,74073594806951
AAEL011981	563,319599428647	0,380816721472763	0,528684727260098	0,453991065870539
AAEL011973	1201,9169849945	-0,629488450295664	0,274467852779668	0,508500240521268
AAEL014237	232,093279286263	0,089577915815165	0,295251204955212	0,796902645259632
AAEL001455	237,453852920442	-0,0163718018585778	0,374198089563274	0,75727413507978
AAEL022698	736,575629052041	0,00465557038091386	0,155121807760966	0,866452288068511
AAEL018237	2466,06764506582	-0,34942488777092	0,234101310579675	0,7718681764915
AAEL001458	12,8663955961107	-0,195294581817138	0,47960628890408	0,591851132476048
AAEL018236	32,2331415374625	-0,528595553599909	0,473779760795726	0,403621862110942
AAEL027494	2768,62925201808	-0,596481981442773	0,405817067993256	0,403420614202823
AAEL024636	29,0748313495424	0,109151606020635	0,339924802287982	0,756279846168908
AAEL015060	68,4065736843751	-0,2037987732184	0,26151904410546	0,794204354801392
AAEL015059	129,855268731725	0,112863577598328	0,241158203473078	0,828234739628367
AAEL015062	279,830296159146	0,0677060050533813	0,204139371456658	0,853300927045919
AAEL015061	586,421494257968	0,0713731394151671	0,223661178400243	0,844185405654256
AAEL011171	409,774052535503	-0,266989645209262	0,257229809268571	0,778232286431649
AAEL011173	42,6360665530482	-0,552962470350277	0,644092700507977	0,317141156270846
AAEL019667	49,4433569857585	-1,06978578669516	0,575035049105327	0,125672051254404
AAEL003089	239,735785101444	-0,220907808383567	0,252003372729242	0,797545522542339
AAEL003090	402,887369549962	-0,242659476848285	0,220875321317638	0,81690689166265
AAEL003083	582,911325759039	-0,410235527442237	0,256117561724889	0,717560957117325
AAEL020717	138,154330304125	2,48809324637475	0,329208506729637	2,20910885484817e-07
AAEL003056	909,610306371666	1,16504967683741	0,312780267303186	0,0703704434853527
AAEL003066	15061,8593075468	1,38100697655815	0,222829178809952	0,00526641169459218
AAEL003064	1573,23137533507	0,3254769558409	0,233056154617788	0,781997435194489
AAEL018290	98,0382914277602	-0,390502552001248	0,307214412727997	0,665918410169186
AAEL003051	55,3128372114822	0,9844909281625	0,392325375762892	0,158199000820475
AAEL003088	238,593504479473	-0,0371624242600229	0,319447539210113	0,791700371363806
AAEL003067	1305,58811240485	-0,282276834629225	0,303653450351057	0,725922582468241
AAEL003065	512,648459467433	-0,173009006050883	0,1656805778166	0,859359333241324
AAEL003055	712,832341907746	0,22005486911347	0,244280076631023	0,803656693800586
AAEL003052	22,2748240907076	0,0537174696751366	0,369434638068307	0,749726768371479
AAEL003059	78,7705735327004	-0,33994972967997	0,269998406877207	0,73658728213122
AAEL019720	626,007877330867	-0,351232254271215	0,466086103496364	0,520407641785372
AAEL003077	157,111894317609	-0,344596477143897	0,223905549155757	0,78482696636217
AAEL003063	261,904517600942	-0,406879710148688	0,28009645957718	0,689296547638087
AAEL003071	2218,62514550834	0,208154484592922	0,16679477722417	0,85612591059076
AAEL003075	512,468257506035	0,713491853301098	0,216769390906069	0,500714457104183
AAEL017085	898,057844383396	0,681708963719812	0,18459129536281	0,603252999442486
AAEL026670	80,4075169750487	0,178911287324533	0,363831491897966	0,711094349316982
AAEL003076	1718,59084485823	1,14467808799638	0,24252342300224	0,0629034450044309
AAEL003058	78,190454128807	0,148223992709961	0,377487124848302	0,710984231822487
AAEL003091	60,3894117020709	-0,711932875284099	0,378294904721735	0,338319328251391
AAEL019432	9,1171175348643	-0,0559306372802324	0,467882007435063	0,671449325264063
AAEL002367	33,9570853548319	0,123278265031512	0,351284748526535	0,742432304489169
AAEL002385	337,332075130443	0,226411967048108	0,245187696592933	0,801508511799296
AAEL002378	198,662513900574	-0,482736663020528	0,397723005431978	0,493935565770946
AAEL002391	32,7133569906822	0,289845586445855	0,485853702152088	0,540707729827155
AAEL002373	40,8730326600138	-0,616197556183589	0,503431138870913	0,338554085899553
AAEL024216	66,1896779706882	-0,717905798912537	0,319701579541695	0,375227464169851
AAEL002397	307,609336524001	0,127157181470474	0,213789548077631	0,842374221141787
AAEL002394	67,0545808487531	-0,513627869086018	0,341352474859065	0,529152682614426
AAEL002371	308,611016921573	0,139548217270227	0,214594570430186	0,840189874337628
AAEL002392	522,775096379517	-0,715613681585176	0,43869337208715	0,302856452683676
AAEL021600	637,039069335343	-0,161069809699374	0,257384570893126	0,807692847349804
AAEL002404	1272,34210590822	-0,00291292533107055	0,476574926421712	0,684892953484874
AAEL000953	337,490541714762	0,0664714215758028	0,182300706497945	0,860657470387765
AAEL000933	286,518062901163	-0,692914431543827	0,39267738849624	0,347126892854316
AAEL021733	1118,83007443681	-0,362463003290918	0,212335583173432	0,790693871901346
AAEL018160	350,400238843406	-0,162047154327913	0,188185419865378	0,851229330141192
AAEL008641	127,843211607812	-0,706037257116736	0,725383465739306	0,241383705761824
AAEL008638	196,661895050015	0,726405054283276	0,328088818259459	0,363050177985213
AAEL008645	1527,45570019227	-0,518281921445411	0,347553965201225	0,518597607126771
AAEL008636	373,340048207946	0,211724589398378	0,205074800091236	0,83448328672128
AAEL019868	427,823793632735	0,143243595786167	0,368250893726035	0,721003723185165
AAEL008647	28,8188734611619	-0,655828974784618	0,432092541671481	0,351217564092592
AAEL008643	482,837546523692	-0,0982754142636311	0,195158830409252	0,854365956862638
AAEL008639	560,010784196814	-0,219904048045922	0,230765766141047	0,814357927466637
AAEL003497	3000,97989801815	-0,624932010506641	0,199020435093691	0,646037633009355
AAEL003493	678,30279303512	0,486953464443074	0,217162305229641	0,725573025576174
AAEL003492	2135,15740112254	0,663238066904027	0,234498435558243	0,533020126651493
AAEL003505	1006,89218932	0,627107900421823	0,279521352492051	0,503530357083565
AAEL019773	9,55660330964554	-0,270298525374751	0,599618056736331	0,468279084545248
AAEL003494	1883,99828289267	-0,0121627616328532	0,169900919663828	0,865223132883869
AAEL007527	42,8570164504705	-0,817580077296033	0,39065114796071	0,258153170424998
AAEL007525	202,854079174272	-0,539502719841584	0,284173238780834	0,580196093373025
AAEL007521	1577,17155915233	-0,450230263993281	0,219656315472809	0,743668526085103
AAEL007532	185,181778514896	0,143712995213578	0,214075734036538	0,839875382825625
AAEL007526	3424,05076946121	0,111043495496986	0,19041458443044	0,855129561305613
AAEL013645	61,1198383132087	0,519113928425606	0,414757359762965	0,450484218875364
AAEL013648	90,525893924269	0,120575362073265	0,329089884109341	0,762093126034047
AAEL011953	434,727840100831	-0,0926400545080839	0,299115772888734	0,793366616390813
AAEL013649	47,0251457116478	0,0177136443109931	0,413188169889551	0,728002269647329
AAEL011957	18,3025558953259	0,366446889020562	0,530569298185147	0,462744382565095
AAEL011951	3,32792666241378	-0,106465423210437	0,510172880088652	0,610088375673953
AAEL011954	13,2740706609933	-0,113718863410244	0,433835318127265	0,675523980984522
AAEL011950	106,57451439198	-0,212829090747756	0,279054105393392	0,77580996773302
AAEL019646	777,444327290199	-0,555130009459036	0,380958258262767	0,452943199870832
AAEL011952	407,486358327682	-0,0304523064596489	0,171640008954759	0,864449628724943
AAEL011949	782,932789947498	-0,129247864438491	0,151633205975653	0,864887372106193
AAEL027408	4143,20172471028	-0,773282986431798	0,166799095252678	0,511953215999291
AAEL012476	372,169395063795	0,170072274157434	0,185533534219128	0,851530996315302
AAEL012473	412,467714892761	-0,639979396926475	0,24431437150664	0,543896826685276
AAEL012471	1086,85087785582	0,149297899768985	0,178606934808293	0,856295339169583
AAEL025560	41,151574208236	0,677834144348735	0,352078710153727	0,384560585255709
AAEL027145	24,5652341639477	-0,924129013626656	0,546507026849428	0,178740901205225
AAEL012478	45,1266070536037	0,302997473316687	0,311817846825311	0,708093594779995
AAEL021573	542,092469303378	-0,0217093199522729	0,224535096434651	0,849331305252352
AAEL012472	307,21757555755	-0,418695587058652	0,274801685431304	0,689044395184295
AAEL027557	66,6477635482394	0,727628325246241	0,356435432276144	0,339257532719093
AAEL012475	419,056421756387	0,224455470223045	0,300916638437403	0,751644885073918
AAEL007764	299,105128201114	-0,0074820548338631	0,211834338069389	0,855315639429306
AAEL007763	1004,93088031406	-0,00311647492861485	0,195872893486949	0,860338517914599
AAEL023449	7,08885656829122	0,0104295364661111	0,481570617531296	0,677493607776911
AAEL022376	25,1386182022012	-0,337418886339345	0,491011981456913	0,508355335792579
AAEL007771	37666,7708965599	0,369943410596999	0,274996671408871	0,716129468062499
AAEL007765	8873,19202206102	3,12396406166576	0,229730470308587	7,59233094653027e-22
AAEL007773	362,002908348496	0,81253642161065	0,214853933935694	0,372430009566662
AAEL007767	471,129958550554	-0,214287082126555	0,387867607388326	0,672563474212746
AAEL007770	201,399707878346	1,09184955438425	0,223977911184617	0,0821073156998098
AAEL007768	129,350343670937	1,05091566639445	0,28444045840373	0,113410967083287
AAEL006265	65,2391378771393	-0,611918300930518	0,591039838466812	0,304637702232701
AAEL006267	140,845435239212	-0,0994836033793887	0,384762006583657	0,72294992109976
AAEL006280	38,6690673593596	-0,194945370414353	0,31768788336897	0,746710369098158
AAEL019849	145,349191726571	-0,704195471530036	0,454419679672556	0,303111443514579
AAEL019850	3,42179071976574	-0,0952474443721068	0,526389450778528	0,602159060906249
AAEL006279	697,379652358236	-0,576982625091229	0,188337659446436	0,709434477722881
AAEL006277	237,438734829726	0,0873845548317174	0,244742720139616	0,830165954847163
AAEL006275	372,605189644252	0,195391097550632	0,264064580019882	0,794376849164347
AAEL006262	372,766485169936	-0,427535629914843	0,208025030536963	0,769164928981786
AAEL006274	313,965747278432	0,139027982361495	0,200140439632508	0,84811238843765
AAEL022795	64,179832000174	0,0749300091030839	0,37062365910441	0,742565307588555
AAEL006264	1106,57697632387	-0,283295210086814	0,14920430845277	0,856955110422012
AAEL006270	126,107554607451	-0,318047609405441	0,246837873368125	0,770310651277366
AAEL006269	54,0812757476782	0,218653751946979	0,361652698673677	0,695543034537075
AAEL006271	3055,21923649582	-0,537186228164374	0,202578463425075	0,715221384024727
AAEL018114	89,1669164195952	-0,2425280060924	0,352491624310265	0,693895828986449
AAEL006283	59,1138174377997	-0,506653426507979	0,332983893937804	0,546043525484936
AAEL007319	19,2540200231416	0,446016666886911	0,533621671555242	0,415892690020477
AAEL020489	82,0302112616714	0,909290117505849	0,449452636376235	0,194886722119335
AAEL007313	159,630074248042	0,0111671398094938	0,296764976017335	0,811882559700801
AAEL007322	717,347414063597	0,316408883786546	0,195706355515005	0,819831320879569
AAEL026055	58,2795655093954	-0,133893551690764	0,32855267367273	0,757748637812242
AAEL007316	72,3616142217737	0,0502824294803808	0,306461386880846	0,797962647374928
AAEL007321	123,276070384499	-0,447548718028669	0,280087751024399	0,663819413598884
AAEL007317	71,7268627822674	0,0109873833871726	0,315465759724031	0,80013208726308
AAEL014959	1871,46879963036	-0,121518976225753	0,237441799881578	0,829116144096622
AAEL014957	606,406403555115	-0,108844104400767	0,356304758645269	0,743316500576941
AAEL014958	659,05938590713	0,532879303014593	0,219390582022126	0,690739459925507
AAEL007502	95,9048693943264	-0,496058899989019	0,496016084070699	0,409810092616284
AAEL007505	56,2354209602312	-0,740573367377277	0,635563220424141	0,241941740210032
AAEL019846	228,384432543054	-0,0245435771443887	0,194042393533286	0,859736529695851
AAEL007033	1105,87142975801	0,504801888892701	0,187202767681256	0,758849020257598
AAEL010118	370,895560302953	-0,0505690563328859	0,315784282123878	0,791109473407818
AAEL022135	343,937304100923	-0,468881930476822	0,406132275594097	0,496213912288726
AAEL011435	289,866123554175	0,146104660026447	0,211303243384407	0,84117767915509
AAEL011442	370,279619086771	-0,0785495250685336	0,209776626794184	0,84997958188121
AAEL011441	795,805847868772	0,068738693885432	0,184746146833404	0,859884161073047
AAEL011436	186,43155018111	-0,691568919218329	0,270723946007376	0,446232332647985
AAEL011433	526,38139041072	0,302573678133152	0,232679215560008	0,790396024856035
AAEL023286	87,3814455179025	0,0275263775687457	0,32712337033415	0,788591449901547
AAEL019651	561,205826331415	-0,587170773962403	0,254982699919129	0,579867068616229
AAEL018217	380,253789148027	-0,340305045243777	0,405065274003656	0,581943486689333
AAEL014596	111,862356338432	-0,480416033699607	0,258621941443657	0,669835396490537
AAEL011280	250,986733730982	-0,28413144257084	0,338761054575295	0,688602259245719
AAEL011276	1364,14284375176	-0,309658835539396	0,166841386536781	0,843869790376895
AAEL011277	343,922143696223	-0,113702127774519	0,315130296990697	0,774751175557102
AAEL011273	858,206079054003	0,0383339806631584	0,187014892032075	0,860882515090262
AAEL020739	1686,51500253797	0,744754025987694	0,142581650214542	0,62148295726919
AAEL020969	10,6346501505461	-0,367447719239767	0,554245504167519	0,446766241708029
AAEL011271	1008,28241491231	0,688145414496821	0,184156343977509	0,595376857942891
AAEL024576	27,0439907837358	-0,248276839210578	0,400564661929627	0,64386420150023
AAEL011285	264,419857388993	-0,00424411666331016	0,191718291898398	0,861396057675106
AAEL022149	21,7892551154336	-0,00709841061276829	0,426406939158111	0,721621107789624
AAEL011274	615,313228080476	0,268120727702296	0,298581959068891	0,7372796541069
AAEL011283	261,860162036313	-0,0779795354645905	0,240859827953121	0,833788417087154
AAEL011282	909,222951376614	-0,0582014464073989	0,387743124804049	0,734677117217964
AAEL011281	256,473758197332	-1,26157718558124	0,283507219936561	0,0330149763166276
AAEL011278	321,164153511075	-0,0069727695819454	0,228877571422822	0,848927177840031
AAEL011279	455,956285238374	-0,780934095283817	0,196680170627239	0,437753282871308
AAEL025431	239,836362564008	0,32034535965335	0,207087009551452	0,809142820794184
AAEL000248	883,832352925571	0,134888148842852	0,179914100424569	0,856983051455929
AAEL000221	443,568272504173	0,458831663148547	0,227228205839001	0,728639889506624
AAEL000246	343,77356658507	-0,6427902581352	0,391025255854828	0,384141129701534
AAEL020535	173,525732470313	0,380129980944928	0,345096847464106	0,62284064599095
AAEL000226	316,719314243334	-0,0935684447452841	0,312697490623408	0,782511458465404
AAEL000235	655,629153907196	-0,579822030861772	0,332694797289879	0,482414660039909
AAEL000234	989,329474794927	0,134642318831282	0,293838906173371	0,786168619754754
AAEL000256	245,74927422108	-1,39746328158933	0,43806124072445	0,0336130749020347
AAEL000227	623,292937165635	-0,249277210873738	0,203167910338279	0,828776670908429
AAEL024346	319,661301233925	-0,529956431547436	0,375428666640479	0,479383473750704
AAEL000245	478,510559565226	0,134260078391067	0,246909210127754	0,820383135234569
AAEL025179	48,1579290744507	0,726773946861016	0,586297948940738	0,257881531300834
AAEL000255	79,6000460422307	-0,512163547167378	0,273555517821477	0,61956678255143
AAEL000240	530,498248501978	0,0660843504442144	0,183077023352684	0,860511464857204
AAEL023209	229,194470233232	0,188025515270177	0,268665193390375	0,792375879565629
AAEL014339	130,548263272614	-0,0506839418036304	0,251548945878612	0,831861667230448
AAEL014340	81,4735635297188	0,0426251755031867	0,288036733670731	0,811374795225303
AAEL021255	1809,90524980294	-0,704488205012619	0,399571631603849	0,330740792164552
AAEL009212	1897,59217870116	-0,375289220732196	0,23302605087647	0,763155719675296
AAEL022573	342,406301137713	-0,777848448568644	0,53900866408271	0,2430562723849
AAEL025499	112,01746576569	-0,305911748906431	0,37596639247177	0,636181644137709
AAEL026441	29,4804617570317	-0,256748855682985	0,406267256534527	0,632007810871298
AAEL011222	311,700666642691	-0,279658541588455	0,214513709994683	0,813152152791311
AAEL025277	69,8043578184813	-0,0665052554392999	0,283280649849773	0,80973651159735
AAEL022617	51,514266121009	-0,125439739276957	0,318081964160355	0,76898491291943
AAEL018152	135,011965006047	-0,0762411502108342	0,393500060501425	0,72366069745229
AAEL008066	186,343611020865	0,670843674924753	0,475800484848294	0,316153353603933
AAEL008064	450,653213598727	0,0416950946238464	0,213870314675361	0,851606221901469
AAEL020885	17,8458231829096	0,394790407113027	0,582044754659182	0,41725169441663
AAEL008068	437,906014430212	-0,361766874503286	0,302057950899056	0,688538997092665
AAEL008067	237,72908386046	-0,270345856374433	0,429428558908972	0,59762769490955
AAEL028195	22,0029403064157	-0,334548838211317	0,431993295555775	0,560927759222142
AAEL008058	364,002559140713	-0,519082095701063	0,612403503823718	0,349177213853904
AAEL023659	20,8212891737734	0,362625276355188	0,461737104054968	0,516634384424152
AAEL008070	125,984317163817	0,188624559602798	0,298856596671791	0,766362760396479
AAEL008073	979,024061482784	-0,0528933893131938	0,408701505337956	0,71965695417843
AAEL008063	64,2414600281991	-0,525442274736688	0,643178633668346	0,330261651921817
AAEL019657	310,543258283458	-0,508690303939934	0,360866095471406	0,51266692815337
AAEL008055	16,6702610543529	-2,1788670824722	0,886230473194494	0,0131952721507699
AAEL008069	165,075041763008	-0,138735764316265	0,22527033165061	0,833618513896081
AAEL008056	57,1682009771059	-0,178960875679822	0,440078829742083	0,640844022501424
AAEL008061	249,514841687804	-0,406866576527925	0,265674177498413	0,707700399577234
AAEL008062	202,681646851168	-0,282262453170041	0,31970941272479	0,709267483648359
AAEL011325	423,270413638882	-0,554732166672411	0,310676940021221	0,532092280084163
AAEL011323	1221,96534895159	0,392108569835177	0,193489686859663	0,800403451449463
AAEL026443	289,934665308579	-0,121222081172766	0,344378921610054	0,748926276622401
AAEL014302	138,494802697135	1,31682584402948	0,332581222131475	0,0314679697925466
AAEL026290	480,888794168094	5,28742041584487	0,483885100181571	2,69956609670858e-20
AAEL014303	118,489471729905	-0,470491718290837	0,440661927155465	0,464599603101287
AAEL011109	346,900692701557	-0,132001469090463	0,275376422906738	0,801240100678655
AAEL018211	1734,41388189495	-0,268318658316195	0,440235983866409	0,589965400988201
AAEL021035	413,685203875611	0,325667345492877	0,214548709244466	0,800565924082249
AAEL021533	142,316203550376	-0,27358288021829	0,365745791870819	0,666277931943586
AAEL011106	872,195352643976	-0,625474804392711	0,560745017518762	0,310185407114321
AAEL011103	313,9306754967	-0,349884843505897	0,325335983349617	0,668136007212713
AAEL023393	86,6222721485237	0,102072091428836	0,272417653907508	0,809761170300599
AAEL011099	593,231436301845	0,558920672664299	0,20509105010979	0,694079650751336
AAEL016986	379,883832590399	-0,140979912427532	0,188378515696537	0,853035919208962
AAEL011102	1586,53120283709	0,42329645870914	0,224094627594808	0,75123032144855
AAEL011097	290,161544428633	-0,224159183090733	0,286058031120021	0,766067918628468
AAEL011096	159,394263518138	-0,505946416356779	0,268675841532452	0,634573791958766
AAEL011105	1191,11041337465	0,126112750765124	0,275158712019221	0,802760556488269
AAEL019777	1611,76085623874	-0,22770329877277	0,329458810644743	0,72330572055146
AAEL019778	368,823435185209	-0,474217223073726	0,386488732616685	0,512238957787245
AAEL011098	27,0350894627414	-0,146056605039859	0,388009116414504	0,701621172309983
AAEL011090	1432,76059203102	0,112468693343673	0,216601619735256	0,842814078299391
AAEL011101	705,576297080233	-0,195514188153026	0,210596839629838	0,833467198002008
AAEL011092	1133,81668089413	-0,235910517078069	0,28559480750699	0,762473684192732
AAEL011093	116,16015034476	-0,242681140666729	0,364789274544821	0,682221301618989
AAEL011095	201,935136618504	0,467296445578227	0,260251320851225	0,676069534249207
AAEL012151	545,289252622434	-0,262650473087046	0,242823101814645	0,793598382205255
AAEL026906	56,2643529651534	-0,560200985002933	0,592182704912933	0,331935503205673
AAEL025922	774,909349038237	0,0277718439707031	0,193973534035951	0,859628965880289
AAEL012147	857,396516086763	-0,272831527333169	0,392635995397501	0,638110127742314
AAEL013897	398,08657260206	-0,0992027450778984	0,25153626566561	0,823984908443389
AAEL024709	757,587691569478	-0,00327860490654689	0,216522988141406	0,853886426078216
AAEL013900	36,3742838094344	-0,664827062510382	0,677357721988226	0,264116785236205
AAEL023361	21,905688654837	-0,218398979925933	0,471429914032372	0,588912030011836
AAEL021579	302,092611797146	-0,362150729286585	0,292848783758072	0,698550232982399
AAEL015100	2194,74334637525	0,602828073333421	0,142179756196962	0,773127389409899
AAEL015099	820,771408547782	-0,548698883135186	0,322191435741513	0,522619014364068
AAEL021748	580,523275485953	-0,926785956331329	0,41630235531089	0,187307980567071
AAEL007366	363,435656080822	0,165208756157784	0,202751376493771	0,843234713107526
AAEL007382	1161,60701029056	0,058863028377048	0,142964733700952	0,866525324826449
AAEL007375	2567,68783906034	0,111838024909881	0,244311634079548	0,826238721736466
AAEL007370	877,097636934655	0,617954590861096	0,263475401599212	0,537478628767458
AAEL007367	144,08798069384	0,161403894455309	0,273033177202324	0,796283957983874
AAEL007378	27,8906297509555	-1,11490651178078	0,846760443017139	0,121780743533389
AAEL007368	273,149973050403	-0,354508424813923	0,276566048249418	0,722440204544005
AAEL007374	1267,41156025465	-0,660637721263178	0,246649991067241	0,515364554795359
AAEL007372	31,8505118668202	-0,392554276815329	0,481321048113581	0,482255870332772
AAEL027688	474,411419463674	-0,246500054619984	0,219358116883358	0,817317406371167
AAEL007381	7,37709617390847	0,747452896660025	1,06676801092049	0,201859089281259
AAEL007371	2248,65695248444	2,66558211292726	0,296289665051696	3,73214428571579e-10
AAEL026367	16,8789923619018	-0,0149855431771825	0,420039254550521	0,723457955430532
AAEL018153	9,34981637871005	-0,312828539194239	0,511850543928106	0,506318698405974
AAEL008263	109,236083176947	0,162259582508943	0,353157617312903	0,726966192346928
AAEL008262	72,3265781123598	-0,152492934007997	0,37207598315384	0,714146019168103
AAEL014566	34,1098319178526	-0,222826488104563	0,483390762514407	0,577994425831746
AAEL014564	697,598736565547	0,248325839282284	0,23798558143022	0,801802940343441
AAEL014562	29380,3294447803	0,401517114314453	0,255180515873197	0,72350866506942
AAEL011087	578,663191067633	0,0980785576838756	0,210385535471878	0,847780844156197
AAEL011085	841,75271153664	-0,456920363238301	0,167486144366547	0,806832715120364
AAEL011083	230,047483629932	-0,970441519964995	0,54999352054196	0,159984836465759
AAEL011084	813,891845581542	-0,245246273598887	0,189959678789981	0,83911907465638
AAEL011088	460,385829761412	-0,191109770339762	0,186693107086834	0,848771166700039
AAEL011082	247,950690828502	-0,0162604271543101	0,247942636749652	0,838977579076806
AAEL011081	1046,32279628693	0,540489048810519	0,280499439483469	0,584432479589611
AAEL011086	106,186734318975	0,414299810326713	0,237523020934979	0,738881987884362
AAEL006476	157,776632775879	0,0761677653866104	0,308798046073201	0,789977653535195
AAEL021433	47,3542726804552	0,486424155694758	0,347424136531258	0,545035492096782
AAEL012545	1719,21425295224	-0,705336169072938	0,255970211354865	0,448718410881626
AAEL012546	1064,61761953181	-0,635298162651969	0,187569391573676	0,658351041848486
AAEL019691	141,779487881696	0,33432562701808	0,259780028252738	0,749810755638871
AAEL012547	434,569912718719	-0,296827157787004	0,258945674123566	0,766473140723538
AAEL012548	116,452765702775	-0,364716608467504	0,330921045983638	0,653643836312846
AAEL014345	1355,44755793235	0,43254940183625	0,192802788253799	0,786075543442261
AAEL014355	53,4971847435121	-0,652447648174206	0,37816716793968	0,385607767219002
AAEL014348	557,232516249512	2,4953119151232	0,225632145712435	1,67730850518347e-12
AAEL014347	199,167594463104	-0,966905258740769	0,437725694603737	0,164468888716827
AAEL018273	1380,07481230919	-0,63492934984254	0,215427624158476	0,596300501976645
AAEL014349	932,65892714992	4,40826470307434	0,235578171086554	1,89220039060678e-48
AAEL014350	253,179064224185	2,79618860676026	0,352397881166783	1,27189305095959e-08
AAEL014354	302,329074070332	2,06358683525649	0,310494513894637	2,25166413475871e-05
AAEL008664	1506,11687165051	1,50732903081078	0,318924087147317	0,00719754997886442
AAEL008673	411,98581974172	-0,358104012788573	0,224228893680504	0,779391492261068
AAEL019772	251,985431165385	-0,959866559302838	0,317753881769497	0,176671720323346
AAEL008668	54,9029328030366	0,0422014057349684	0,378432682376458	0,746279922877194
AAEL008672	4913,12558654143	0,0797182058861379	0,159277832577141	0,865061678845194
AAEL008671	1283,3195234214	1,31193660039889	0,270896574947175	0,0225462309894298
AAEL028132	129,975775061208	-0,676868857690468	0,397412375692395	0,356620325520427
AAEL014041	765,813268698339	-0,196503649756156	0,259659990434152	0,797712574645224
AAEL013353	4584,09495307302	0,0173825554936783	0,296553278196192	0,810766767322158
AAEL013359	21654,0376059275	0,269799057682819	0,164893852872867	0,850668005705263
AAEL013356	1180,39015220747	-0,250782048475722	0,277252426821071	0,765513225574244
AAEL013355	680,187418489682	-0,251793428747592	0,205520092273321	0,826547221647114
AAEL020307	1320,56600253881	0,240809542420861	0,253327469986538	0,790336356642111
AAEL008854	2912,68871627933	0,058961561602539	0,162525998955147	0,865148663670927
AAEL008839	159,723100501857	-0,274270413908621	0,224216308381335	0,806578295789205
AAEL008833	488,784963375933	-0,177359837859135	0,198376456368391	0,844069274706175
AAEL008838	68,4394866514898	0,00356248180387467	0,281009538036637	0,82229912927944
AAEL008853	898,432872304218	-0,577502617075831	0,3030330862929	0,520962088599328
AAEL019603	476,269430708159	0,951110976738961	0,454260633896676	0,171625170004834
AAEL026390	958,486670504753	0,335095644200857	0,18168023414087	0,827384918867287
AAEL008841	771,373228446352	0,194969628952835	0,261303843357783	0,796706189619623
AAEL018032	2541,60698684202	-0,085956797254472	0,219544856070668	0,844516258461914
AAEL008844	10061,3317177138	-0,0168712040583493	0,294762283414812	0,812027140110735
AAEL022773	756,031958511924	-0,0723200836623404	0,171236071017941	0,863106416848321
AAEL008848	13556,3332938501	0,141977841575209	0,264203511768267	0,807086480432427
AAEL008843	1494,76153271437	-0,328286298291945	0,160358016860345	0,845141028208158
AAEL020844	21,0378504811451	0,360830585793746	0,516661198142256	0,475024808162707
AAEL008849	4156,63313636635	-0,186726044030907	0,174805360607504	0,854885505147402
AAEL008850	191,084284233506	-0,24468343589998	0,248913199674427	0,793482562437602
AAEL020800	938,075376407227	0,0489466168568419	0,338857012049756	0,774407558485771
AAEL008837	858,608413806308	-0,243598004622362	0,210590315763976	0,824490764004467
AAEL024545	128,030918800013	0,409277216916258	0,346422164722072	0,599249487284135
AAEL008847	60,4364605123532	-0,011896186304059	0,373034797096875	0,759356619314192
AAEL008842	166,024843929169	-0,644723488039344	0,351360154097006	0,408422858012564
AAEL007026	216,69102652006	-0,47508978938843	0,274216372743396	0,652642029823187
AAEL007023	3642,9683404889	0,380054494453434	0,219323906914762	0,776115544042327
AAEL006987	123,201602506514	2,59603390079517	0,556073239619036	0,000207422350275481
AAEL006990	736,34080760956	2,6158108503067	0,25823708169508	1,50628741130716e-11
AAEL006991	18,8730912381201	-0,0989370005044446	0,40413780789658	0,707249850122283
AAEL007018	37,3656579889887	1,5496081091714	0,74233433423227	0,0464233070264745
AAEL007015	1023,83871717992	0,111385103805506	0,172837744950827	0,860869297289869
AAEL019591	301,758816088567	-0,316181953023515	0,195936271631166	0,819676209629325
AAEL021741	429,858538113957	-0,052943511938945	0,178998288393253	0,862243588340273
AAEL006238	32,480236520373	-0,0817271250602715	0,406301145878184	0,7116437648587
AAEL006235	893,152865103357	0,00978548351549332	0,178424237316313	0,863933222409328
AAEL006241	52,0698155206137	-0,429047117423169	0,348815387334242	0,584217111384472
AAEL019771	417,014311424073	-0,717047771407567	0,280134200368206	0,40802545827813
AAEL027493	132,24072856244	0,589740038716379	0,298129900390954	0,515505933062877
AAEL002651	432,570626661139	-0,306168802375672	0,294075864291306	0,725272720682766
AAEL002646	908,924498610858	0,0570478781051709	0,206286432585782	0,853447741123671
AAEL023510	151,732773724824	-0,0376569013160873	0,347676052799941	0,770808440642358
AAEL002652	6025,67877072338	-0,589366881926116	0,237951887488923	0,603946290968803
AAEL019572	23,6505615394287	-0,413739536833366	0,61373467202011	0,395311860107969
AAEL002636	290,267220365953	-0,000713620320884964	0,204363168841622	0,858050544408766
AAEL002647	249,777274519415	-0,22452063690157	0,231374350161052	0,812818434999165
AAEL002645	969,822598364259	-0,00803264768948577	0,179430312878136	0,863806672221034
AAEL002642	10,700471004378	-0,683749160563323	0,754877657714991	0,245830074447199
AAEL002639	3709,07944865195	0,263778714543814	0,302194077669927	0,735518930005697
AAEL002633	73,0145316629338	-0,503674452105505	0,313957897978186	0,570810363757003
AAEL002638	449,826327993067	0,270401876900851	0,219174246866334	0,811713605213321
AAEL008692	957,308563029586	0,375083975466021	0,233873396886315	0,762016871583267
AAEL019532	1845,3449810184	-0,437400017687984	0,249002107877489	0,711479149864528
AAEL015202	747,384896830441	0,434702713894807	0,261221633495659	0,696330299799805
AAEL023511	587,455227237421	0,655517087851354	0,295356888690914	0,452242544093573
AAEL013541	669,594006852495	0,00134728572179306	0,170155472804287	0,865384201025011
AAEL013530	2353,33472878323	-0,0322618947826098	0,195454080264842	0,858898572852898
AAEL013538	1570,02143041595	-0,382820292324225	0,24700836779654	0,742875131091753
AAEL013537	2224,84210049639	0,140444000374116	0,195315001744778	0,850271021911617
AAEL013540	342,128984742229	0,0438101771264438	0,20459325912212	0,855201186411919
AAEL013534	1128,09972298722	-0,339870097260248	0,194382748077874	0,815269649798311
AAEL013532	126,561686676764	-0,0782066304515496	0,31664588217723	0,783786165784575
AAEL013533	12338,8446887095	0,196243972099829	0,255612810424824	0,80067409392774
AAEL013531	432,575946675039	0,011145567431489	0,205077665982363	0,857178333520699
AAEL013539	428,297990379066	-0,725015545378815	0,223312581490155	0,472738962729737
AAEL013535	5812,9631263515	0,842781171656889	0,298250499742286	0,274295481823603
AAEL009423	1152,14494192965	1,06503003594964	0,212468634430588	0,097201082972692
AAEL009420	159,381691551687	0,00499056642562318	0,260831718237803	0,833353531020181
AAEL009432	488,203682198331	-0,719758960709454	0,287817546145389	0,399992654848329
AAEL009428	1179,28016033022	-0,276081116219759	0,228668670197325	0,802203053541516
AAEL009424	1050,02059982821	0,828186821910473	0,169704803306046	0,40881981475786
AAEL009429	246,271943133769	0,0862193587879993	0,237400690404858	0,83455806112594
AAEL009430	1020,47411121	-0,715897458504003	0,629586331692361	0,254066194613842
AAEL009421	61,1506532162817	0,429292125472791	0,444898291764494	0,488389483893612
AAEL021559	32,8007144022753	0,0757145725456777	0,40175052245089	0,717191141486905
AAEL009431	487,802276551285	0,366381636282446	0,20912087724262	0,792930674843687
AAEL019782	52,8090142407861	0,207912470201295	0,327388773734877	0,733310068410703
AAEL008190	143,082507146633	1,02844252817986	0,295006147516374	0,131023192702369
AAEL021886	162,322166532184	0,825857479135073	0,269366744406539	0,302091689021811
AAEL017177	40,3584023189029	-1,56631693275292	0,438283058614722	0,0146537851958252
AAEL007558	1494,09973042322	0,0569166110675576	0,209026793705579	0,852235121303305
AAEL007560	516,218794780711	-0,224480871106741	0,178606196918398	0,849020630197278
AAEL007563	1410,73199755017	-0,665525982732024	0,260621844295077	0,488700338415613
AAEL007562	500,987467978156	-0,719965525032265	0,303004004237942	0,388520272855582
AAEL017290	1304,69781432055	0,284278875898421	0,221165099536126	0,806476343778636
AAEL007566	280,021915589595	-0,0394218799261311	0,253635542879875	0,832419431799182
AAEL007564	72,0694733949913	0,0542114397883773	0,287947903688729	0,809291585839457
AAEL007568	540,849235930626	0,356336447087937	0,179648425375824	0,824048298838075
AAEL007565	2159,67924307882	0,221997941200329	0,157926880257841	0,858598821720618
AAEL007559	44,0558375762819	-0,0727928765578144	0,301931729184309	0,796199308741728
AAEL007682	1856,9706657496	-0,312637786711313	0,256778007696389	0,762587625456235
AAEL025880	22,2815487573704	-0,0894957461218845	0,414765941486788	0,700269964518369
AAEL007693	432,678364560426	2,34797158653501	0,412900523342616	4,63979490485548e-05
AAEL007691	1079,43163437745	0,922798507873776	0,250936586404376	0,218511144906291
AAEL007694	741,452280920587	0,313307470370533	0,190884595442016	0,824784512452981
AAEL007692	1526,08051079704	-0,338105456419465	0,19460904047117	0,815455575519272
AAEL007679	362,784132065921	0,378899977177833	0,213688628006665	0,783341687075524
AAEL015557	243,265612959355	-0,336653701849371	0,248329735973437	0,76194056820928
AAEL007681	6544,43829437854	0,356362215323813	0,257484707996149	0,743007697198047
AAEL007685	1051,62053073928	-0,535903786342153	0,220507609031752	0,687077189227764
AAEL018144	964,30910637325	-0,107756924905753	0,165479523609278	0,862939848506605
AAEL007690	802,59217990291	-0,582050185523679	0,247513624848795	0,594138653262923
AAEL007684	22,8667102971543	0,193646855103231	0,43883876001468	0,634063292419506
AAEL007680	344,163442399718	0,0529477182304708	0,336028598856983	0,775469491536319
AAEL007686	739,480555677028	-2,24161862595947	0,306447623230733	1,75350668074999e-06
AAEL007683	444,564417834792	-0,0599100198547541	0,203788204961724	0,854177426956117
AAEL007687	652,629049517619	0,222415814742138	0,230796603110717	0,813792428304096
AAEL019819	1207,21377608002	-0,478949861782116	0,218636039731536	0,728835506237832
AAEL012904	3598,9023030351	-0,098770205028896	0,214850508020089	0,845353615238008
AAEL012906	162,647402463815	-0,459705935298525	0,252471001054865	0,692294193144869
AAEL019658	1111,06932397121	-1,62277093384897	0,323539318796348	0,00332276367736971
AAEL024015	10,889775194933	-1,19587438796485	1,1408844740094	0,114909540290498
AAEL006646	471,743907009409	-0,210305519025539	0,189088594090561	0,84479638196682
AAEL006654	258,297583461652	0,153103645694654	0,211782968859383	0,839822847422506
AAEL006660	78,3147098735082	-0,913488466110982	0,43142175298158	0,194306447162462
AAEL006649	201,407485514724	-1,78411326608342	0,314722943296798	0,000629045301355358
AAEL021857	30,8961677418145	0,849425244051222	0,637287546807557	0,201569361602529
AAEL013070	38,0002942544573	-0,296375882917365	0,416976115083179	0,593413185509436
AAEL013072	464,613862290485	-0,574785034766901	0,229666652375173	0,637859718365749
AAEL013068	2486,32242789066	-0,115222031198446	0,302767914680634	0,784323552236936
AAEL013069	58965,5534887235	0,243140218094088	0,269793125651473	0,77430427726384
AAEL013071	2886,4793593857	-0,474046075518541	0,169806860961898	0,797934891106222
AAEL013074	3001,15550783977	0,868056433175906	0,170127405122787	0,343679298243119
AAEL003151	380,029995728734	0,284816310233718	0,195953604764941	0,826956861636739
AAEL003157	406,814026994404	0,238596152191688	0,16830358964826	0,852369192854864
AAEL025740	261,458742812627	-0,167312991445117	0,199579974780508	0,844714097371347
AAEL007291	493,072813969394	-0,151622752902697	0,193230720269721	0,849964211510698
AAEL023666	310,215799937762	-0,493486154838314	0,276643103287957	0,632437870202926
AAEL003174	234,564351363055	0,467801228120193	0,204169853240486	0,754510598481509
AAEL003171	124,537781210486	-0,0559785945210291	0,248646536123668	0,832668269439705
AAEL003162	1161,67668932354	-0,535636495073103	0,206761645843159	0,709323170170839
AAEL019702	23,792385360245	-0,383532414795271	0,521450310213743	0,459171736652303
AAEL024144	283,078274822097	-0,24981733823983	0,258899953000736	0,782447335349149
AAEL004148	1605,14910254764	0,115743518919628	0,283895415785736	0,798764364090355
AAEL003534	1081,18758097052	-0,0478093169739112	0,268909174006899	0,821953791688192
AAEL003524	2620,13251461776	-1,10252452784565	0,261765001697983	0,0845862026143298
AAEL028078	6,279342267302	-0,20972399053843	0,501742133520372	0,569324636786052
AAEL003536	602,076835462207	-0,48580091022571	0,18857729457406	0,767133394302468
AAEL003539	766,7427012291	-0,386534380401768	0,297929209161341	0,678302148299332
AAEL003530	58626,0673935958	0,299952337084358	0,284883395806615	0,737968578543367
AAEL003510	447,985097944517	-0,18118321831926	0,198804558537414	0,843268266832422
AAEL003528	642,088821035314	0,104448788041335	0,167996224227903	0,862566808322613
AAEL003546	438,017288933222	-0,125627529527024	0,168835378128321	0,861172672652869
AAEL003522	176,428549900867	0,0665956263883092	0,251108695976472	0,829751530815168
AAEL003529	302,29549345237	0,0998872263060785	0,273947900415196	0,809365882347923
AAEL020688	50,2474610113156	-0,0521975462120883	0,399416347457878	0,727213573049729
AAEL003550	947,158724543469	1,32223510445103	0,280570817980204	0,0226970157818655
AAEL026564	165,68849092856	-0,0287784278121259	0,23257440243764	0,844779932019302
AAEL022995	79,5004675727457	-0,629044798739639	0,51780866730153	0,324478479037203
AAEL024675	772,644247932583	-0,374752985278423	0,33304324202327	0,644026051569838
AAEL003527	57,3377939805485	1,52169584719739	0,365925551166822	0,0110132239896499
AAEL003516	35,025043500163	0,615781044368312	0,540219145162162	0,322290572342799
AAEL003515	68,3714291625254	0,0903764444292947	0,25957194651648	0,820273040369942
AAEL003519	465,742129795837	-0,199192306897101	0,214709601905767	0,830224994169108
AAEL003543	215,422100862737	-0,599248147884508	0,214416662747541	0,641583036520604
AAEL021782	352,37097162451	-0,102900442929929	0,301600687661911	0,78871269724365
AAEL014899	332,876046423706	0,0783316756367392	0,238898868625964	0,834837867290475
AAEL014900	465,920767607267	-0,383051705658909	0,215532513087465	0,779358534772804
AAEL005388	138,541071327314	-0,243557633956283	0,238703331039804	0,802362656106709
AAEL005391	1414,80759724573	0,663487549421825	0,17366457313094	0,657072204850523
AAEL005390	894,976347068986	-0,3904980391794	0,220137529515077	0,770843917498584
AAEL027436	1465,57590183418	0,00889360867279313	0,179588775128113	0,863743308811994
AAEL005395	496,314436415426	-0,509610449537424	0,22192304361899	0,70348176062805
AAEL005386	35,4598588317555	0,0309384263852834	0,361684241353302	0,763042312707114
AAEL019640	923,216200083367	-0,0117891768936086	0,186345450415891	0,862398923449697
AAEL005383	953,239499292931	-0,930433371098304	0,24720671757273	0,212789033770853
AAEL005379	183,151652283365	-0,0231281191073198	0,25241493895314	0,835246546428225
AAEL005392	207,339375358555	0,312846084520939	0,239301896496353	0,78021233614319
AAEL018340	600,286463792119	-0,305357088889695	0,249513836571253	0,772219302336761
AAEL013042	66,8634210115502	-0,235505513246994	0,443945990567969	0,603153749853924
AAEL019602	241,089687056513	0,588993272275339	0,569461438606784	0,32593050608914
AAEL013040	195,24132651496	-0,157790508512841	0,297482462549959	0,776487954797326
AAEL004938	588,129379400345	0,925790153034332	0,186970477519798	0,238023547519601
AAEL004921	17,4401151594514	0,506150073557724	0,888468139736395	0,280876844153029
AAEL004920	1869,22423413552	0,200258949709754	0,141076410092526	0,864600031347614
AAEL004930	3002,85040423606	-0,46904463486349	0,301155559526676	0,613896207930762
AAEL016998	16,2579944590054	0,0783059216145351	0,403193263935415	0,715489024109194
AAEL021008	36,3488982664324	0,342063720150144	0,402168560205776	0,58400157362732
AAEL004918	993,458478541827	-1,33595724155041	0,277329161871901	0,0194490289547036
AAEL019472	173,134486676386	-0,0018292827533109	0,26378770664629	0,832304335158487
AAEL004931	3511,22619755089	-0,913148275983651	0,468614016631581	0,189942166451421
AAEL004923	123,761630940218	-0,0800141178993587	0,260125148307228	0,821672219661422
AAEL004919	71,5336093193062	0,184229856011859	0,321850301728839	0,746839222838165
AAEL004935	92,6332406692718	-0,438325611968297	0,297667371295615	0,646676673651441
AAEL004936	968,30042439471	-0,393530210652703	0,28902183310251	0,685988591001723
AAEL019916	651,894136076784	-0,128158730156404	0,313494405448762	0,772114070669972
AAEL001500	33,5486939183024	0,242117506937013	0,404191150293168	0,64313405642344
AAEL026751	3481,92840883214	1,59871340081477	0,238402652736596	0,000614856486977925
AAEL001473	866,473604616289	-0,122510918922594	0,22282515391381	0,837818653939682
AAEL001503	730,938553044829	-0,76650887373103	0,616401025598719	0,234074827164658
AAEL001495	3664,00952138594	-0,159183393127235	0,185388445489993	0,852606942778575
AAEL001485	314,513882014855	0,943304373505644	0,400424761557522	0,179626540952176
AAEL001498	96,2099567127919	0,451488542362513	0,360428658249676	0,557228675440915
AAEL001472	505,535183106856	-0,675912377866585	0,205604617153412	0,569668330217769
AAEL001501	1034,17166197461	1,13809257529211	0,210044595968082	0,0546122281844645
AAEL001506	426,158646744285	0,147799946472446	0,306520244428562	0,772008750951013
AAEL001479	2488,04036280943	0,252210116456727	0,204581307042396	0,827160961739061
AAEL001484	4757,84308480791	-0,160547959182221	0,235111443100004	0,823391067149929
AAEL001505	405,014338282995	0,0291726093481986	0,17001238189326	0,864775079779643
AAEL001475	22,1615449572036	-1,25617600207614	0,878453680232783	0,100309618243276
AAEL001480	1856,93657140979	0,729799405717948	0,187470889320242	0,534471175318133
AAEL001490	782,961172218255	-0,21753609962951	0,253123454372186	0,797517654365027
AAEL018240	310,24455634549	0,185058440775195	0,239237166150385	0,815710620548339
AAEL001483	20,8501542107374	0,132380822868828	0,411740311319782	0,687268594907778
AAEL001492	543,113112446138	-0,611657527282476	0,217287167715247	0,620572704774292
AAEL017082	1807,0087608775	-0,133473273964382	0,158854874225911	0,863451076116333
AAEL001487	0,913504639154113	0,0136684015867774	0,535056033923242	0,635675362528585
AAEL022126	37,1557316192506	0,674224619144528	0,483612980871147	0,311184838549338
AAEL001474	53,0915844545204	0,449347067559372	0,416365461192099	0,501011950151092
AAEL001497	591,502682237368	-0,375020342714603	0,222901059997741	0,774269830204392
AAEL001476	701,43364705915	-0,159647122688865	0,192375562380612	0,849548018722479
AAEL019550	901,307116331783	0,45600764399368	0,36554089634591	0,548296209777083
AAEL001493	128,170377129703	-0,0702418387541784	0,297511257340865	0,799587191867016
AAEL001478	96,9709856070528	-0,652889723247987	0,493406227316065	0,320581515359629
AAEL001496	1078,47647736582	-0,130139482622512	0,203185545288034	0,847590740070171
AAEL020990	52,081135406942	-1,09561862082951	0,417124967462574	0,109247126642453
AAEL010139	1334,78224958199	2,59913519536414	0,628955869513099	0,000548904253935401
AAEL010138	175,114941599684	-0,149458896894689	0,284158926157578	0,790127258201154
AAEL010136	236,060668823935	0,0929430096125234	0,18792680110811	0,857247947951082
AAEL010141	323,203554575229	0,207003421476632	0,227524285244329	0,819498615261627
AAEL010135	330,01137659702	-0,0279484455749933	0,182001866266528	0,862657038298897
AAEL010146	5308,42652539435	0,174939858287778	0,179745612700455	0,853725880097486
AAEL010149	28,191587136437	-0,38349170466823	0,599703799410331	0,413549192461591
AAEL010143	2607,91682201114	0,115304855651838	0,213909276882188	0,843753188948656
AAEL010150	103,964835178064	-0,313861641004079	0,388556651912823	0,614555207460298
AAEL010147	352,82809558832	-0,271566418496729	0,312716306713235	0,721775039409524
AAEL010142	60,0429324325524	0,35359459373849	0,320491874304461	0,670959690158913
AAEL010148	3116,48711073747	0,207134469286618	0,199167327202019	0,839330853639713
AAEL010140	17,1996785156769	0,0325365022025989	0,440641557156894	0,70038793557379
AAEL010145	3110,34323681559	-0,277511980099885	0,252132749232525	0,779654809676738
AAEL022782	14,7558369851683	-0,318997426275863	0,552095626185653	0,474047287251323
AAEL010137	208,469124105112	-0,272663647991695	0,500021113470986	0,538904298736459
AAEL000757	434,313248501941	-0,100567601492314	0,263589964449754	0,816057286660051
AAEL011375	25,4157594011526	0,246445648876813	0,443810649214175	0,596812029929435
AAEL011369	489,067603496135	0,0477849702698129	0,311785604914424	0,794749622048412
AAEL011376	405,133919859998	-0,976988330957434	0,317537228248746	0,162973518385275
AAEL018216	37,9672125823239	0,0763546714731396	0,368729111361211	0,743844189370878
AAEL011371	904,206883805808	0,675943148054383	0,232406850058607	0,52123884557974
AAEL011370	209,392884146559	-0,386342099002143	0,238217341193336	0,751479217136735
AAEL011368	88,3336160224788	-0,253519198593431	0,293614171903823	0,747695025305213
AAEL007139	341,221676478418	0,355012008034664	0,363676211022021	0,617076687897985
AAEL007128	368,692706023848	0,637683192659823	0,423135337984675	0,367649601313698
AAEL007131	120,068895653917	0,179183035625662	0,359469397174469	0,715006927883734
AAEL007136	1648,80862796511	-0,361246862796783	0,298299117304676	0,692603444814993
AAEL007126	717,901863199412	-1,54334738367741	0,329948376211411	0,00618358455512045
AAEL007138	61,2470621723374	-0,376787807952166	0,394623001274518	0,570468295018132
AAEL007129	35,7969798682441	-0,0750816654214738	0,391053410535415	0,726121943175179
AAEL009266	274,421195640926	0,0311115238927108	0,20639442829306	0,855458451582961
AAEL009269	114,400950934395	-0,0981406190314761	0,337523146480836	0,761978726078542
AAEL009259	672,7253364895	-0,242431419929472	0,18659627917527	0,841658465034514
AAEL009268	134,389259844589	-0,22079933627347	0,219862118221972	0,822148208464784
AAEL009263	301,725931710999	-1,04959108825948	0,425280887508436	0,126565549723369
AAEL009257	7308,65869135093	0,241594599059956	0,289946632577887	0,755679476805945
AAEL022163	166,323047082523	-0,418296676151866	0,255692820820508	0,71376784428632
AAEL009265	1058,04580062091	-0,652714933491491	0,359535929242031	0,397352811545848
AAEL009262	613,381719047666	-0,380486756454876	0,232512236882621	0,760790229774175
AAEL009253	75,307565655356	-0,321472564650774	0,300249408308269	0,711588914050101
AAEL009264	233,219791777972	-0,352487820278127	0,380612967406798	0,598338707387706
AAEL024792	42,4022495837365	-0,402141992306844	0,492342276420408	0,467779406560661
AAEL014981	36,324310899365	-0,0705967751681493	0,442296542993161	0,686437666416861
AAEL009055	536,50312039868	0,312151772957975	0,230862822091917	0,789045427319245
AAEL009057	856,128913436569	-0,627002660874437	0,265062693641618	0,523719082245345
AAEL009058	59,0471249376051	0,00252672946530197	0,382044583039927	0,754874504566345
AAEL009066	2674,25270540617	0,130706438167829	0,258012269082418	0,813816058852274
AAEL009061	1709,0444082315	-0,759805462405282	0,277465159897706	0,370481094931294
AAEL009067	688,221663993581	-0,0437270327266439	0,192945729352094	0,858980102742325
AAEL009062	21,396877421377	-0,46047219325698	0,569740245978118	0,393057886062714
AAEL020855	77,450850964121	0,382715335630517	0,272339032434059	0,712736638071371
AAEL017513	2513,14308489805	2,14436413184213	0,302721504678316	6,84317304278734e-06
AAEL009059	796,122435937478	1,18248144646279	0,292287657565241	0,0582430595027887
AAEL009068	1308,2526440869	-0,177578625862051	0,206396608074112	0,839489322990074
AAEL019641	609,251294908678	1,25004836193295	0,193767620677739	0,0147876392015236
AAEL013371	86,6482072490464	0,12596809312443	0,245748031120453	0,822707493516235
AAEL005339	867,329325492178	0,276698376914834	0,17322644451991	0,844763478586521
AAEL005330	23,0408600125498	-0,101000302832031	0,362391476799509	0,740466168825617
AAEL005336	12808,4376525483	0,0938709725381768	0,305372312779889	0,788166020175046
AAEL019854	1707,4727248849	-0,0916242314190518	0,253849192923304	0,823836820762658
AAEL005313	302,423758603564	0,165181350455223	0,237944835152395	0,820559008564572
AAEL005341	438,192871950274	0,129007962425979	0,197095458181464	0,850485044108997
AAEL024106	367,479990208172	0,10839623704264	0,20766610237003	0,847907317113262
AAEL007821	505,399833184177	0,2509455307408	0,284821044502767	0,757392922968089
AAEL007827	715,43996476221	-0,373147193120287	0,282543526455666	0,705263182867954
AAEL019596	395,519001222229	-1,05958353891144	0,464468402222363	0,122981602477051
AAEL007818	77284,0918548785	-0,248168857590587	0,526610260379199	0,530225652796082
AAEL007823	2902,64052620853	-0,187190351685993	0,168198343547198	0,857345294234828
AAEL007826	1503,10422250259	-0,344173766607594	0,16180010293704	0,84155568424656
AAEL008331	412,903301474504	-0,908082657060893	0,24905753050518	0,232099210217187
AAEL018154	18,3097831328198	-0,267074846548172	0,505627041065685	0,537348616960169
AAEL008320	593,552412886619	-0,239577600589231	0,240791147907418	0,801695975452056
AAEL008322	33,2127500273372	-0,68642713410345	0,469101520758932	0,310435203308322
AAEL008330	2293,03912447124	0,77014159402843	0,357568062452735	0,301325525978568
AAEL008319	1511,72174477188	-0,386583313836989	0,178844811221369	0,817043933130118
AAEL008324	255,18068641205	-0,476638542484106	0,346911307872284	0,554082306682092
AAEL008323	124,12531980926	0,274541486478278	0,233448052711356	0,798378103552688
AAEL008329	32227,4656200544	0,370013089041339	0,250883725203009	0,744675494573558
AAEL019748	2444,28182856631	0,266838002837386	0,149548547611692	0,858229200286321
AAEL001871	152,833615887538	0,169065323778826	0,255300671201908	0,807415395152933
AAEL001838	572,214043343672	0,239078375080863	0,201539132028454	0,831938820117592
AAEL001852	2016,77869932689	0,273413250323429	0,240573343378716	0,792229396324403
AAEL001850	117,828043491967	0,167358280296941	0,234797643797004	0,822342202658707
AAEL001877	23,2615014612807	-1,56008872305272	0,61892447362497	0,0340126958232265
AAEL001874	512,466377071142	0,215372802225889	0,177162250473755	0,850713676187523
AAEL022304	2083,482677955	-0,183140688440027	0,215950463661156	0,832208300846473
AAEL001857	97,4223604009619	-0,020676965929869	0,29665264228415	0,810154851514172
AAEL001847	1348,25964301738	0,0647398062601328	0,257684238698142	0,826011793493714
AAEL001851	1181,14607555325	0,0936404229442529	0,152095250985934	0,865742123287927
AAEL001843	266,073188181204	-0,818629541496327	0,448815550959475	0,240825628153889
AAEL017186	318,256438493846	-0,802998347248481	0,230127944476869	0,367431060837431
AAEL001865	2229,93692386614	0,233841285456078	0,24452826406785	0,799968922682761
AAEL024923	50,8774786845063	-0,0178331918297403	0,370569171778455	0,759512391919768
AAEL001864	1577,50249619265	0,19659653841917	0,264028705593707	0,794060392109062
AAEL001859	713,033561792866	-0,216642070712537	0,192896169048662	0,841692695759334
AAEL001876	733,197169361325	-0,39547457783333	0,297546326064465	0,673808679594922
AAEL018707	65,3589297956396	-0,125616248384585	0,303963974751086	0,780701983685393
AAEL001837	271,473883813025	-0,127047530846604	0,50592818218793	0,603847394144256
AAEL001878	56,502793159063	0,00135524176186111	0,321995118549466	0,798101316549559
AAEL001867	22,7568073742679	-1,13715998870916	0,569201381802163	0,10635076177916
AAEL025051	1590,7482577521	-0,185570888033666	0,255494543382782	0,803235976022259
AAEL001853	795,427205925685	0,0391264006965554	0,156861524119664	0,866098147282127
AAEL026104	1592,4896530785	-0,370305466799344	0,235917961891809	0,761443423562765
AAEL001845	1287,49397989896	-0,055846202181806	0,222557010825435	0,846504456661999
AAEL001856	878,60403381069	-0,150885927701213	0,160283765738614	0,862334243079921
AAEL001875	410,810892381594	-0,803327194641561	0,439390757115506	0,253245813042202
AAEL021066	32,7941131155263	-0,291335874322416	0,578249440581436	0,471259708611252
AAEL001869	3167,4616619957	0,0352215616721505	0,195973352808631	0,858530518775157
AAEL004302	46,5991410702746	-0,151710837673589	0,399503654769728	0,68998808577081
AAEL004284	2375,56376014918	0,0689391629221852	0,207696492155207	0,851696392092708
AAEL025458	48,939097327076	-0,066397118543944	0,377364675339429	0,739789453994557
AAEL026110	94,2393352363753	-0,42174219982501	0,396751139299769	0,539420848795233
AAEL007114	1299,5183717831	0,116301859108933	0,210770616207052	0,845304608473486
AAEL026349	45,9158101445894	-0,817369717682995	0,729341565819912	0,205042805513018
AAEL014771	791,349569408242	0,318567086231674	0,167542918208659	0,841795299467221
AAEL013776	539,160303138149	0,321247587378212	0,228638156674416	0,788287741937454
AAEL013774	6541,76471972119	2,39311221250846	0,255966462680696	1,49232973278075e-09
AAEL014589	146,600085928975	0,092725587316654	0,252514975702849	0,824553792590898
AAEL011074	678,807640682879	-0,513394303044724	0,252143431708683	0,655480184634354
AAEL015300	298,507286892558	-0,0735536674257336	0,178700906237505	0,86123844883878
AAEL011070	779,34887939986	0,825960669469393	0,24978569388144	0,317634544939273
AAEL011071	150,243902089209	0,10276146028768	0,244502582821754	0,82785133070871
AAEL011078	154,181188670315	-0,518658130798678	0,265490693846737	0,627125492869196
AAEL011069	746,812440387404	-0,222394013887881	0,282488832949271	0,769236860073895
AAEL028058	0,183085238568167	-0,0381007655855789	0,540800800672106	0,618647980403434
AAEL010644	125,164949547021	-1,48296393271402	0,362313840299086	0,0130671639854093
AAEL010642	252,506988642543	-0,330018448650613	0,223730875349454	0,790216921951282
AAEL010634	366,793853489709	-0,0741753196363335	0,290270862877019	0,803393953285368
AAEL010637	101,20511951277	-0,196557189043163	0,40456305734432	0,666206090261243
AAEL010633	259,475938115989	-0,119674376064843	0,259474296786372	0,815106660887387
AAEL010641	1645,38701592049	-0,151793166789136	0,174553321981965	0,857595004763172
AAEL023212	214,754642839021	-0,61817216118523	0,313755493831797	0,468445451886522
AAEL010635	283,093979153275	-0,0197219919196472	0,291951131920665	0,813128355046142
AAEL003982	12,4301138887993	-0,325534478110494	0,524002092221444	0,489785862339551
AAEL004976	1246,86358816107	-0,783894497103517	0,297593198831707	0,327138019447525
AAEL004970	329,299689259727	-0,275529208496112	0,191653950989548	0,832054417322787
AAEL004995	175,840841586772	-0,274688494186706	0,232388606309882	0,799313652270539
AAEL004981	1333,52724092523	-0,0950190909536757	0,180714370332504	0,859548184701525
AAEL004979	58,9243413898493	0,214322471523014	0,379402862486086	0,681167456051115
AAEL004987	1623,40537295916	-0,6998140273479	0,258570589320476	0,451012671769155
AAEL004986	1106,55978622509	0,435230874882833	0,19958052977992	0,776386507423186
AAEL004983	633,182286436941	0,169289321657348	0,169821698559634	0,858064303152166
AAEL004982	24,630966541003	-0,340983121139607	0,458606489256597	0,53381253387969
AAEL004978	15751,372682475	-0,244310547809401	0,189828614373134	0,839348476768566
AAEL004997	983,527707333834	0,222552765489104	0,15169987821683	0,86072373554816
AAEL004977	1735,56461760421	-0,464876083010184	0,212101787863462	0,745631697370014
AAEL004985	1423,84840713296	0,325996107857819	0,166694901669065	0,841229331298734
AAEL004988	4724,57420815158	-0,131791786637806	0,203290002842321	0,847240980598796
AAEL004989	758,186336249281	-0,192730968738317	0,17677274906161	0,853286229460649
AAEL004973	1311,71014692357	-0,274261251050564	0,191401926208202	0,832534371303263
AAEL004984	1738,0612329497	-0,260266514552847	0,185948549501498	0,839225033706712
AAEL004972	561,240634824052	0,18766094475265	0,258002506403688	0,800917056817186
AAEL004991	18,5412043418856	-0,386572670373326	0,511830756171407	0,463926084889181
AAEL004974	96,567868589386	-0,452238532509828	0,349223189899997	0,567482931878846
AAEL018103	1413,52452210362	-0,225835724407472	0,327073088417962	0,726470158860818
AAEL004980	1670,98726365935	-0,468498795354016	0,178213136784579	0,78934702373763
AAEL004990	208,024153332964	0,280711786206633	0,317767035095114	0,712245803184985
AAEL000576	16,2542989431435	-0,754280615807772	0,578558272697839	0,248035673616621
AAEL000571	32,219408265187	0,617157570686424	0,418287187313135	0,384770119616591
AAEL000589	1113,76123189015	-0,238748533151966	0,296576889817812	0,750188041650731
AAEL000580	11,3259274240428	-0,0881380501797138	0,503231166494844	0,626771916522632
AAEL000578	76,7262332571485	0,404674147155854	0,3755484891937	0,571947117026526
AAEL023684	529,55648098373	-0,282587183893098	0,241499241956927	0,788470068720243
AAEL000584	957,030769107569	-0,381951486204534	0,214181464936978	0,781351565977282
AAEL000604	1392,59612273679	-0,991780293419925	0,267422710891732	0,155222615913882
AAEL000622	1392,02010275153	-0,00481707737095733	0,2941726924659	0,814545673893061
AAEL022339	65,7261322439051	0,00206429626579358	0,351595929028889	0,777061148753936
AAEL018022	431,011036331663	-0,130733191162641	0,189692643623356	0,853594261734408
AAEL000629	590,890329524322	1,36704426448812	0,288823302765317	0,0162654347298929
AAEL018348	1079,94093078782	-0,147341295133127	0,282781707550317	0,791788726009997
AAEL026987	20,8453721234357	-0,30819713565283	0,482260928037829	0,532622902728846
AAEL012449	83,2488063665442	0,430143199326574	0,521320110487666	0,432225856386142
AAEL012450	18,9519233313282	-0,109207161263827	0,400603205242154	0,706344866288341
AAEL005286	356,715751201162	-0,428830850188276	0,358619946579619	0,573530167457513
AAEL005284	501,723878817218	-0,668718413276069	0,391387365357685	0,366119789172318
AAEL005285	46,4964424279983	0,230312588778125	0,381255860041738	0,671728464238031
AAEL017262	2177,86983280788	0,0842210824544205	0,268668386992314	0,815826319708038
AAEL004761	44,828238007566	-0,0286420585965856	0,449712458697484	0,69542157187788
AAEL004784	194,551887846455	0,487731871883392	0,265823142990201	0,654640672616251
AAEL004755	1258,12106646624	0,70809892731212	0,203757988374489	0,531826521043306
AAEL004783	3607,78153980148	-0,484332654606879	0,476917911073339	0,428491089136203
AAEL004738	2171,3372132985	0,30844106789544	0,14979992262355	0,85423548811896
AAEL004744	141,427656722747	-0,00390472270841395	0,2788403011694	0,82347614549463
AAEL004779	112,85920113145	0,328565730404578	0,256397263375957	0,755960001695376
AAEL020972	11,7756719432113	-0,420698998741881	0,665790504836145	0,371348388298248
AAEL018329	35,017770251247	-0,323835210330191	0,449364399167874	0,553229186268156
AAEL004774	691,317008913427	-0,0471721369200694	0,180871179422641	0,862074912393959
AAEL004740	189,431375142542	0,124946625436765	0,241616578556187	0,825722122239444
AAEL004757	843,325681393031	0,518582208436019	0,189353262613306	0,74773767275182
AAEL004756	374,568028840726	-0,182966149457309	0,205216752220677	0,839366096037612
AAEL004763	304,647458706916	-0,00930834690039678	0,187030750303259	0,862321299708518
AAEL004743	1838,65698458047	0,0753121176718463	0,171093765346387	0,863016776542911
AAEL004775	72,861448601552	-0,133760095859583	0,309576111397733	0,773890263076765
AAEL004777	27,5314828846712	-0,409641910047988	0,538849160964107	0,43333847062573
AAEL004768	309,056695965902	-0,212481683937095	0,415975284700581	0,647869047785832
AAEL004739	3896,41423605627	0,424440427978603	0,189104242509561	0,794089200609096
AAEL004778	35,685755748822	0,250366419862969	0,420373321573385	0,619475075995251
AAEL004773	432,119085874105	-0,346413772399007	0,208350294405031	0,800213571335922
AAEL019638	12,5221878031525	-0,767429295552682	0,795702515951583	0,214793949274652
AAEL007452	940,297392270257	-0,0758132326641256	0,286643755005694	0,805579698982032
AAEL007444	3579,88810344912	0,39251971232735	0,177619387517075	0,816517499161236
AAEL007441	4314,51848259839	-0,471154941945488	0,256533340783336	0,679374081383145
AAEL007443	173,973258209178	-0,365973939618958	0,211275355064702	0,790634368450771
AAEL007439	983,774978787863	0,48847434814278	0,183738340859768	0,772254358552437
AAEL007442	411,701351381246	-0,437314092325026	0,347150146339571	0,580415165301209
AAEL007451	993,353406044361	-0,00444332812498783	0,160951047685563	0,866171571803604
AAEL007447	686,636826389803	-1,07665898634797	0,527818533735732	0,120280177849643
AAEL007449	2082,22468995275	-0,498973941805824	0,220194416592853	0,713821926277159
AAEL019609	171,490411319784	-1,78945907817834	0,436312082294784	0,00453081793988047
AAEL007445	131,760636767462	0,0201648393099589	0,267973733804638	0,827242467579828
AAEL007446	90,8036577631188	-0,0699367539331474	0,248833385681245	0,83046074352886
AAEL007450	143,286090380182	0,936929198523088	0,255249796905052	0,204175694172894
AAEL007453	23,9758910328543	-0,456203800102651	0,493644832306279	0,434632170706702
AAEL004283	61,6765427738257	-0,000446342024226972	0,409523797904472	0,736170203244261
AAEL004294	2734,2723343956	-0,161980175392285	0,223319106970022	0,830988805599019
AAEL004301	275,971794520776	0,329216331580127	0,321868650914719	0,68339925982637
AAEL004287	861,556812624252	-0,0467319818448366	0,183339197378083	0,861474727909265
AAEL004276	48,6871865766848	-0,335811732701463	0,340823507643023	0,658725626441431
AAEL004282	244,567936868244	0,268405470410624	0,24075350252823	0,793714074842097
AAEL004290	374,692996302363	-0,295176395198181	0,453194039766387	0,564460727766894
AAEL019535	348,283567667592	-0,404716322695775	0,547658828435031	0,430922869044898
AAEL004295	57,320414799578	0,168875218623051	0,313611585410587	0,75943452994692
AAEL004273	56,2150981573753	-0,723696967719787	0,350034469168664	0,350084763726705
AAEL004299	24,5733357388264	0,124752288296243	0,379423796884454	0,718087684806419
AAEL004288	1041,78660342908	0,345010581582507	0,212239358583132	0,797238559235332
AAEL004300	750,841411081705	-0,00699014547621156	0,198839021571192	0,859399844149474
AAEL004297	12005,3023372588	-1,42838188060818	0,368562650598881	0,0217975525829463
AAEL018319	1531,24224724406	-0,286874912025631	0,238330150138198	0,790067441227747
AAEL004277	242,885009536424	1,42969762393316	0,408786435370327	0,0256515028953113
AAEL004278	3254,39087747383	0,266057528849512	0,330397884352353	0,705776506749513
AAEL005737	137,105903609894	-0,358295760936611	0,320999416618711	0,668420255246953
AAEL026217	19732,7224673021	0,166388880553186	0,199829648087188	0,844681159144478
AAEL005738	278,515888439531	0,16632147963619	0,259073533705019	0,805167066918675
AAEL005736	1721,86072436439	-0,500857743467548	0,215657768113808	0,71908345003585
AAEL005747	212,671392163235	1,09072561309707	0,338235245503489	0,102304673339003
AAEL018351	214,24089389764	-0,0757425448878276	0,277567541531837	0,81178605082606
AAEL016973	609,041060866164	-0,34178986732307	0,349325305220906	0,64579741994396
AAEL012629	1584,41298929308	-0,296488059748423	0,227375971868275	0,797684751365938
AAEL025570	2508,66221878325	1,01411402853829	0,257069939451971	0,138178049430617
AAEL018341	381,529738241923	-0,305149437932642	0,25908605030349	0,763306768199862
AAEL023549	37,6620656353263	0,0342955543212426	0,343983333194848	0,774441965550757
AAEL005451	26606,0111905491	0,457369832487682	0,246333187012664	0,702030100052926
AAEL005458	3150,74611535017	0,969413400095346	0,27550316057721	0,172219529643201
AAEL005457	3200,63409396862	-0,127319847197886	0,286626484176099	0,794233123383881
AAEL005445	220,114823795463	-0,316907389841292	0,253118562553322	0,765067665176123
AAEL005449	57,6101626737902	0,479307324971047	0,294636811203534	0,615305629909294
AAEL005450	149,445447946314	-0,0859372081583331	0,298056428130027	0,796001522824748
AAEL019553	398,74190910189	-0,639583210826853	0,33037283268539	0,431481763246251
AAEL005453	1732,0070786193	-0,586680123612755	0,337963852842885	0,470104028585343
AAEL026406	232,120873374937	-0,162151456460931	0,199034821174043	0,845679536135824
AAEL005446	1112,24613838135	-0,355925344965912	0,254184364480618	0,746581384174986
AAEL005460	719,249836504457	-0,468856655441463	0,286812790524216	0,637943229337691
AAEL016984	21724,6447864569	-0,0654058592702571	0,229474452676791	0,84193189817047
AAEL005455	3565,59051804126	0,27757453973272	0,189834787386627	0,833030633774806
AAEL005454	1107,51587308759	0,442226340939587	0,144594003705081	0,83478198161028
AAEL019966	9,02078341076247	-0,684200259657874	0,885840916684987	0,230407600354522
AAEL017224	1022,62777209174	-0,432278270147548	0,21479776926834	0,758535608747355
AAEL001647	831,763965011651	-0,282786737316164	0,184342384430542	0,836021177623609
AAEL001656	2448,80052072623	0,327863448944972	0,216700118704477	0,798129028118463
AAEL019611	261,806996179471	0,101882344240558	0,295018279536717	0,794175578201155
AAEL001654	21,7979279881459	0,257244885964995	0,526422587256086	0,52481484760577
AAEL001650	278,48975564798	2,82181440412052	0,86329382429008	0,00204894587963542
AAEL001641	1542,6414384967	0,551793853013058	0,198126174389515	0,712081845281108
AAEL001639	41,23621835101	0,134539272619114	0,358924987916613	0,732216279876482
AAEL001670	553,784070182652	0,0264952241429935	0,215966301095634	0,852115742075155
AAEL024228	8892,98640332937	-0,480207162884722	0,218169071995618	0,728786626358573
AAEL001655	652,641698238668	-0,173793205932704	0,327544421228258	0,745588373387304
AAEL001644	24,2015623614134	-0,0480491560748643	0,357481421739749	0,760636030181595
AAEL001657	274,795215637563	-0,166365156499711	0,251549200486746	0,81081555222857
AAEL001666	4901,13820727778	-1,22832929538798	0,242288357806492	0,0320425870097228
AAEL022190	341,053207194141	0,57369001110562	0,207169645018655	0,67810035923836
AAEL001651	450,715588054825	-0,300042681724307	0,216860639138567	0,805759684927553
AAEL001646	186,839794753663	0,78821732896959	0,346281425791834	0,294122912559767
AAEL001635	606,072712323839	-0,341962381667349	0,151920022970811	0,848724300549044
AAEL019827	535,222882851151	-0,729857626383649	0,297302881555569	0,38288036942701
AAEL001649	1361,36312843502	0,298868377827602	0,244410635994283	0,779851900575916
AAEL001653	174,555986095191	0,0794201315351787	0,233540794030824	0,838051769094536
AAEL017363	4101,96373253209	-0,155479608909596	0,187315632046696	0,852145604956872
AAEL001638	536,983130864145	-0,138759752786131	0,192734011989824	0,851410476689932
AAEL001636	4926,04805708975	0,223087547432791	0,178937597216611	0,848989492255482
AAEL001645	166,923525668847	-0,561834353129174	0,24058630677545	0,629930464709614
AAEL001642	575,03747560077	-0,0887316272897569	0,179865971595281	0,860165141600835
AAEL028051	0,404038293078042	-0,0484778300593511	0,542528438891189	0,610951397680734
AAEL001672	14,7437060130907	-0,0335718758800307	0,443038401138441	0,698966877176786
AAEL001667	13601,4812643305	2,03180153415763	0,329081599578427	6,65500516218809e-05
AAEL027346	36,2984783039699	-0,576782166222756	0,471571835532603	0,379921393119514
AAEL029032	0,357466709616691	-0,0466679867274495	0,542159903083857	0,612381773268722
AAEL011996	42,7040825781951	0,00591711079187068	0,407307366933746	0,736123785977394
AAEL011993	171,983551979316	-0,0736028060229484	0,209064247206158	0,850820132109489
AAEL011991	274,075541972307	2,63595476487969	0,457820933300088	1,38025947021929e-05
AAEL011989	2119,30826582244	-0,78079090503588	0,271503145019929	0,354378421767107
AAEL011995	640,109791596939	-0,240965993573111	0,174410276069327	0,849238236971199
AAEL018230	379,536788663217	-0,602179994963699	0,234910632877584	0,595479702723548
AAEL011987	20,7196174936157	0,0235499062572401	0,404377318384908	0,732550083480863
AAEL011988	447,601060901473	0,134744626991712	0,214192951238477	0,841108757429845
AAEL011992	2904,87241851191	0,217796853474399	0,325736273891844	0,731306486256404
AAEL000944	3707,57526511586	-0,479433310118873	0,178468671127098	0,784070981843998
AAEL000964	85,4375141295606	0,144175707481043	0,300120994885203	0,778431850181052
AAEL019541	21,2641501380565	0,0448543858930461	0,360810476623082	0,759239667335957
AAEL023871	15,2684364587129	-0,544409003327565	0,549109597298566	0,361064565031814
AAEL012932	1172,41783585488	0,257328806545235	0,201532774399568	0,828476018424891
AAEL002370	1032,45350685719	-0,374660532882813	0,223419101940679	0,773959364613932
AAEL002401	1578,87022572664	0,535298213402269	0,256022896648203	0,627830685619573
AAEL002372	32182,4684297308	0,45356324543342	0,252409499024006	0,69657173666965
AAEL023701	285,917719682894	0,477031051897904	0,234532594698028	0,707362609378691
AAEL002406	1878,8906768518	1,94581770320065	0,427448854177665	0,00150913614203768
AAEL002377	2330,92689416976	0,0665300266356747	0,234760729224772	0,839207383520999
AAEL002386	1001,90522202532	0,133887462704186	0,158507272401344	0,863501989203526
AAEL002369	865,637218945393	-0,70371624708682	0,36317956080623	0,35795821572888
AAEL002399	5922,58959070605	0,270812251348946	0,201736202251433	0,825493850794354
AAEL002384	284,742080900866	-0,0981391163309603	0,322577636947293	0,773440086362583
AAEL002390	205,816227029543	-0,271975457671577	0,44837119741635	0,580743521342449
AAEL023902	969,764523391583	-0,714655725041407	0,348634715097757	0,358625479420196
AAEL029030	1,2443925970152	-0,0276747632983047	0,530210627256475	0,63338048678478
AAEL002375	561,021370253301	0,230631165564649	0,167853159714159	0,853623530716634
AAEL002402	335,504128555766	0,102506769257258	0,197272329182262	0,852769952346995
AAEL022204	48,0588624028152	0,245540167522684	0,346704346197867	0,698192273414184
AAEL002374	327,300581706966	0,245363911288601	0,27315602858043	0,770239368006231
AAEL010765	8212,58758771715	1,26311351939783	0,215295025854592	0,0187414503071651
AAEL010783	593,117999949908	-0,429612955396501	0,56315965399113	0,409018089847279
AAEL010764	507,794453513247	0,0399892960565839	0,508457279118724	0,646995344468504
AAEL010782	11404,1977936129	-1,11962545129582	0,460675078684377	0,103457158342206
AAEL010775	81,5892068209545	-5,74168673965909	0,882660774503829	2,75796760812908e-09
AAEL010776	1590,77702827056	-0,657809920463552	0,517353843723741	0,306666143387749
AAEL010779	20,8225315878796	0,390633107938164	0,655385945956866	0,390172704643098
AAEL010766	1339,44784442479	-0,613460524245551	0,155594020328403	0,740780861610704
AAEL010771	102,481087558118	0,339312422574873	0,264283571044658	0,743095999866475
AAEL010781	1064,0853359539	-0,62250209033679	0,263025598775108	0,532887776361184
AAEL010768	392,219538758358	0,343317322411449	0,199733085166755	0,8094648557085
AAEL010770	187,468932517302	0,276394566735346	0,303218764672216	0,729274666826409
AAEL021858	62,702168448591	1,31154741104404	0,977439769494985	0,0955040625262652
AAEL010777	11404,8620223642	0,793449094056682	0,234953694212417	0,374583510041205
AAEL010778	572,515720560132	0,484123023035176	0,24691025208587	0,684374899153948
AAEL010773	1420,70676527563	1,44433504724091	0,300511664371788	0,0100530544150886
AAEL010769	1774,89022138392	3,04874636110046	0,336403126064075	4,16601630496653e-11
AAEL014138	429,657542949138	2,02951263585646	0,491795778677851	0,00221484698220765
AAEL022822	79,8144012186121	1,12836111822745	0,364351833938839	0,0898799085908405
AAEL014139	244,269794482517	0,900656503923634	0,299794246228533	0,224477090760146
AAEL014137	139,010759403911	0,394423943846035	0,404350436390777	0,550774936904558
AAEL014140	357,641315782983	0,977893511248673	0,376775495233601	0,161177315898958
AAEL014141	574,662037280343	0,63779912420176	0,316269088380641	0,447654299097903
AAEL013936	4335,18150139021	1,25613591472993	0,210224339929158	0,0188829073742335
AAEL013935	193,373930712673	0,394266579940003	0,281409828445946	0,694507779159262
AAEL017012	4868,10188031347	0,210696289596672	0,271260456293546	0,783722777480394
AAEL010728	653,058571360005	-0,154521105484633	0,177934330326178	0,856168305170141
AAEL025231	45,1811960663928	-0,0504119638770024	0,295068065707491	0,805218740076856
AAEL010730	208,241650330958	-0,0480133293739645	0,217359431266925	0,849794929576739
AAEL010727	609,543845771121	0,030549814072321	0,168386936389733	0,864949676184143
AAEL019662	347,554461245419	-0,247559784548481	0,259291031319642	0,78295927706215
AAEL017069	1,12332359607125	-0,151712529618176	0,566622461807101	0,550528112365911
AAEL001159	618,691545308448	0,0533440169873349	0,271911564049821	0,819342936318675
AAEL001154	1018,90002159665	0,332253435972917	0,187355920732982	0,823049936357389
AAEL001190	1136,09108640679	0,743249465675596	0,226841754838037	0,443729726693111
AAEL001166	500,332013293111	0,474837915356264	0,214222785707416	0,737417719191176
AAEL001177	721,087868817548	-0,104178566984624	0,233949709474395	0,833807273889069
AAEL001156	26,3867717800139	-0,0565299492522568	0,449690377816562	0,685860058668903
AAEL001170	381,216322692471	-0,232519596094629	0,200225036253639	0,834089614193199
AAEL001192	39,1549284272284	0,621121036446891	0,487743327497533	0,345063163600802
AAEL001171	940,345776037042	0,159775401554609	0,140739455131358	0,865791342562229
AAEL019565	3125,04813248737	-0,0855884474837278	0,219550369773284	0,844549266555425
AAEL001155	69,6136317837141	-0,160430477392251	0,259158619705268	0,806705587670781
AAEL025423	156,217417928015	-0,0433301347193847	0,235985731612421	0,841572823609722
AAEL001152	387,062058295126	0,344598735979831	0,183827775303817	0,823135341854202
AAEL001185	252,311587729726	-0,497077753416794	0,226473161940202	0,705662580367917
AAEL001194	33583,426315061	-2,89186904490611	0,505218537028373	8,0132687627477e-06
AAEL001183	519,225098183157	-0,203406858905991	0,218344354547398	0,826936425294013
AAEL024653	1129,71466920392	-0,718437091182805	0,224634347217703	0,480023831705672
AAEL001187	1069,57286588865	-0,0898365174102079	0,171929292363974	0,86226950187515
AAEL026141	13,6928061755786	0,0960673745101365	0,442734790118761	0,675387354362728
AAEL001173	411,775229694167	-0,225735088185026	0,23374442265091	0,810620262187195
AAEL001176	2148,36450270281	-0,966595640884312	0,425750946826604	0,164767829206914
AAEL001191	217,024751712544	-0,314352395815488	0,231673492101301	0,787432788075062
AAEL001162	50,5750458035441	-0,250307884721579	0,333567550416484	0,709712386890528
AAEL001181	55,79646422588	-0,196547200256529	0,396508530118114	0,672840956825549
AAEL017023	2250,30724082468	3,01703586796838	0,221749394421819	3,35141363862286e-21
AAEL001163	154,774592414387	0,412103162497143	0,250487903156784	0,723610034868517
AAEL001164	2501,96432107528	0,292942582102099	0,296862205353622	0,728688817863602
AAEL001175	376,819472833654	-0,0170002653899242	0,203467700745217	0,857303590659521
AAEL001167	71,7332213083164	0,00574822856696564	0,287322159754617	0,818335761752801
AAEL004520	1376,59619406052	-0,0962371836871066	0,239450183495425	0,831900252485587
AAEL001189	8,53790354594046	-0,0787000291226009	0,471121005899993	0,660513506854942
AAEL004516	0	NA	NA	NA
AAEL004533	64,2331125465237	-0,129711477891763	0,33322660623044	0,755035911595101
AAEL004522	5157,67673347964	1,99684406474474	0,437223899139434	0,00126436357929792
AAEL004517	460,892202017873	-0,150737828879848	0,231431678623857	0,827831104109393
AAEL004515	181,845441827822	-0,322410837282018	0,222871440981882	0,793887375872404
AAEL004521	670,702127879283	-0,0958293200795845	0,225997238556408	0,839910387308874
AAEL004532	823,194240646764	0,0734895007446473	0,19437077429227	0,856365816715009
AAEL004529	309,461663460069	0,211257559439357	0,244030785455966	0,806169847596998
AAEL004527	741,842454060522	0,322233297165803	0,240148268445358	0,775945876440963
AAEL004511	298,709168601766	0,436717540762938	0,300118095693806	0,643945142334339
AAEL004526	474,645798084557	0,142098326799784	0,197571339927745	0,849051755301432
AAEL004513	799,233618746817	1,71537077099161	0,251069036537716	0,000212916425853625
AAEL004512	43,7863333325985	-0,37762050223536	0,435297939977454	0,530493206851298
AAEL004519	80,5678252132001	-0,288536362792447	0,384739186483272	0,637022617277929
AAEL004534	1583,14806132895	-0,271354228338046	0,180375765005028	0,841074274149607
AAEL004523	6736,47509629437	-0,925673614537165	0,175356834020811	0,247485668052095
AAEL007278	32,9694451636074	-0,256169285729243	0,369775695414933	0,670117124811368
AAEL007275	310,146994476158	0,152328109881016	0,219768709323747	0,834763344649576
AAEL007273	169,666547397511	0,0434856634110009	0,222524264727466	0,848049348440462
AAEL013950	828,386566148975	0,269814618650871	0,175129770068738	0,844648206946824
AAEL007279	390,365908233514	-0,488750032677929	0,183296288151063	0,772709139137368
AAEL007271	2994,48179668354	-0,769696530125697	0,309038392347452	0,333126038423466
AAEL027808	320,112551031534	-0,168949902829232	0,231702896872842	0,824217118066643
AAEL023524	70,0216868939403	-0,320002895658958	0,364652267143068	0,640432157403628
AAEL027580	953,017681182034	0,939363133973981	0,256909205999591	0,201279338821412
AAEL019653	7,8160852965681	-0,215719624504357	0,514019556273102	0,558427720759105
AAEL015345	107,583218731263	0,773492044755977	0,352999488628557	0,300558339473449
AAEL012960	3495,59473059981	-0,633092206483331	0,163245449128342	0,709767906410365
AAEL010538	886,069408588305	0,025583321808082	0,28529469474321	0,816287678796168
AAEL027554	1507,60971142693	0,319630552474563	0,166853609984481	0,842136355001966
AAEL010543	602,501469432361	-0,111268645491084	0,247621906027366	0,824280342397205
AAEL010533	451,574172815612	-0,144873483314052	0,18735617693301	0,853212697339328
AAEL010541	94,7937751665507	-0,418778517124598	0,344612795751354	0,593309320261061
AAEL010536	236,08508883388	-0,34585736591428	0,195903142802098	0,812099349303465
AAEL010540	80,4927782927933	0,684286309069598	0,566954469490193	0,282707153740937
AAEL022033	462,66414348611	0,539657079937179	0,353378319145949	0,49484898519667
AAEL013799	280,569113965962	-0,549926171222828	0,206906236585216	0,69801299833925
AAEL027661	11,5930926656241	-0,220023681226104	0,472061944528756	0,587428417561381
AAEL003861	587,376132690176	-0,678505512465775	0,349951813101648	0,385398562023185
AAEL003675	12254,7195379608	0,369567729643337	0,269367961315956	0,722899022768792
AAEL003648	184,418243897496	-0,428471456760629	0,289156167443255	0,664618343839114
AAEL003664	2356,39784717973	-0,0303025830992759	0,181709848215054	0,862631270397403
AAEL003676	861,366867290147	0,456646446502675	0,310202067636367	0,61018444795498
AAEL003674	228,830911058122	0,000858985990813869	0,213436745244612	0,855272740749101
AAEL003700	210,323841237906	-0,182967988032151	0,210810692853059	0,835524036791064
AAEL003679	134,46882105039	-0,185310471797334	0,252796374604767	0,805476702919898
AAEL003657	174,299429475708	-0,0620513926610809	0,241313857226215	0,835819000993033
AAEL015682	210,924979359278	-0,584744989971266	0,257472728413974	0,578656942512418
AAEL003669	47,233057894051	-0,71637211661122	0,489093911024989	0,287134658740123
AAEL026460	176,789348459868	-0,176222149321266	0,390827873661619	0,687396084424433
AAEL003689	54,2446168002066	-0,599943620665914	0,442184505970601	0,381826639233277
AAEL019637	132,74192738229	-0,514299483878902	0,297280468733953	0,583461842165954
AAEL018305	141,878294279517	-0,0818457411983254	0,30243943801142	0,793511529432335
AAEL003690	125,175776397533	0,0155365872643367	0,267985708185938	0,82801297364242
AAEL003677	112,514018477051	-0,361587057515299	0,274531747371274	0,720848950742472
AAEL003651	527,489001034053	-0,381585433426226	0,298555310363957	0,68136555819425
AAEL003692	64,3940060471588	-0,604723413977402	0,370082804995357	0,426608613523381
AAEL003656	1778,50367987895	2,67749459768144	0,441088483631598	6,32597172188853e-06
AAEL029034	112,85488482095	-0,0763382330133639	0,412309415896963	0,708541811229557
AAEL029031	218,692720747604	1,28716701457209	0,480607232726003	0,062414693236301
AAEL020484	472,309508959324	-1,42136769290775	0,327750699468129	0,0151895524386447
AAEL003682	456,387279551561	-0,093680053174612	0,264319276318814	0,816929746135428
AAEL003701	435,110930884677	-0,513423782290797	0,199914030913184	0,73537898146016
AAEL003691	48,9530473358235	-0,871402079411531	0,445083705862085	0,213934528478725
AAEL003704	417,324997167259	0,214567272457176	0,218771374219777	0,82438561598247
AAEL003681	206,841621393936	-0,161394584729018	0,234865278939296	0,823412344385512
AAEL027777	217,998907308953	0,540330961084627	0,191723779674807	0,730777134597647
AAEL003684	467,118304971317	0,231614497669757	0,183712870050689	0,844944274962727
AAEL003666	1607,43590783442	0,375779320346928	0,23592287200983	0,758966345179969
AAEL028202	94,5973323604005	0,403147391963761	0,382213529710142	0,565976129167314
AAEL003695	238,809164847935	0,123903610575142	0,243681357278493	0,824679714709411
AAEL003680	355,674776917874	-0,155164491266639	0,209994840352403	0,840607283044112
AAEL003683	126,464972047174	0,127471886236359	0,217049850183948	0,840503135008627
AAEL003654	477,134612350994	0,133875873591096	0,185933642244388	0,854986098354233
AAEL003678	952,987971008828	-0,276278364952203	0,289883179684127	0,742653901387509
AAEL013544	610,659709230233	-0,31636100037982	0,167676771677002	0,842119337115419
AAEL007197	1122,5342988618	-0,0190165198601022	0,209481134314917	0,855301342693816
AAEL007191	2134,92482749033	0,808291522708457	0,231609884080946	0,360843121957166
AAEL025597	1948,99248363172	-0,0315309463754811	0,223577321648171	0,848739925825483
AAEL007189	1077,69698756127	-0,307153855812927	0,213800944128001	0,806756458136312
AAEL007196	966,736204687556	0,0431533198750127	0,247077032100046	0,835339146972777
AAEL024884	34,3606370693447	0,108024650269454	0,314354278320388	0,777027509859974
AAEL023387	15,7585842056009	-0,163852812476093	0,45285957452504	0,636265905323259
AAEL010881	236,37645957767	-0,19277879911828	0,249288192732028	0,806603767396924
AAEL021860	108,693084131864	0,597912026681972	0,283259976818496	0,527534504481967
AAEL023279	655,647086573345	-0,622035648826346	0,262597473234974	0,534076124215139
AAEL019489	19,1525105801715	-0,118084667686348	0,444913901893622	0,665413922398147
AAEL008693	543,385817724951	-0,29958114665488	0,199907093034776	0,820251005251666
AAEL008686	2301,50893051953	-0,419128589764518	0,139684085499555	0,844351007691162
AAEL008696	704,105655899439	-0,484994033469817	0,321104829398607	0,576775686403111
AAEL008687	1407,01061389746	-0,343975340206355	0,195409578755603	0,813056925665185
AAEL021798	1139,36492127108	-0,442157609279293	0,274108777173847	0,674496713146754
AAEL013011	290,868095410809	0,12588166674028	0,203228020828235	0,848096633339906
AAEL008697	10241,4838777344	0,411496023182369	0,241891792127594	0,735238899577431
AAEL026502	19,9081137170823	-0,140849637411029	0,400242493434239	0,693650421878059
AAEL019952	391,891263196033	-0,248944274671943	0,228325214462129	0,809588430190611
AAEL005170	13905,7077261377	0,270192319480718	0,275027787385827	0,759745696634481
AAEL014457	449,98662407473	0,121758611280187	0,278090007968713	0,801722727459563
AAEL014326	452,972037854887	0,258763208679851	0,186626852709476	0,839083724015416
AAEL012522	160,605090002464	1,2743118026582	0,320420808958955	0,0364668478578183
AAEL012520	211,666012701565	-0,0948780084792159	0,196162951423437	0,854191946581662
AAEL012523	281,466289360049	-0,0166997279301882	0,236049109716306	0,84456576535712
AAEL012525	167,643816659134	-0,0925282286784083	0,251211500143726	0,825410695883078
AAEL012518	747,796944521604	0,456585953367984	0,315058926737354	0,603748448332503
AAEL024339	28,6542930375578	-0,597173673853389	0,61852304756829	0,303620641756426
AAEL027107	6,35103318857284	-0,0491091433258722	0,471308708914017	0,671379468267553
AAEL012519	1223,01167918547	-0,412664783704916	0,269450723023872	0,698669379794897
AAEL014215	1970,76776952182	0,257036864812192	0,14926589531218	0,859224128131127
AAEL014216	93,8878929261525	0,12639351658846	0,291622363282149	0,790306509984233
AAEL004933	436,629685214785	-1,13454781241413	0,481509977606516	0,101447701573441
AAEL013367	45,1020487951359	-0,633803761674959	0,426385409813658	0,368304848742371
AAEL019516	1980,6930641609	-0,770602174914844	0,206934534526307	0,437387213648562
AAEL013639	405,499653993297	0,0656983103946116	0,189602072638255	0,858612474396321
AAEL013643	659,392935873501	0,0495717221500874	0,19515491952571	0,857774808329383
AAEL013640	193,474039746358	0,0210989281692982	0,257585917546845	0,832821034743255
AAEL014799	1532,34208748771	0,217886018044673	0,17949796496179	0,849346805469308
AAEL013636	433,065801305381	0,113391108769051	0,186103796848467	0,856337633992798
AAEL014797	2753,6369121886	-0,331450959098076	0,319056886772098	0,685473868369337
AAEL013635	745,238735779228	-0,502609426838687	0,271932572736281	0,63192168848775
AAEL013637	5705,78331964016	-0,932433272883553	0,367105740328033	0,189649583958538
AAEL012378	651,566192468444	0,0272178890499982	0,210909331581043	0,85416290443951
AAEL028080	22,5124363491201	0,152895236562836	0,399589259093633	0,689674070218274
AAEL009433	0,705600421114986	0,0553594569576718	0,538037737852242	0,611333830462477
AAEL026633	3084,3009682758	-0,253879395454844	0,262566556794671	0,777497554156729
AAEL006674	4348,25738814614	2,71553313491167	0,438852593723413	3,28656447509144e-06
AAEL006682	360,234120081415	-0,255899947462383	0,298547758570641	0,741809836146738
AAEL014561	18816,2751000093	-5,10939318687301	1,25688297356875	4,31684865300142e-05
AAEL025303	33159,1513303635	-3,59620265788313	1,33138652381603	0,00313576285844749
AAEL021735	22753,5022003636	-3,50394790267249	1,03969074405888	0,000852044094725023
AAEL006663	897,032266493369	-0,0432804802425001	0,24955719553507	0,834108402826102
AAEL028011	45,2544362638836	-0,29203626803378	0,491033931877545	0,534734182804952
AAEL006685	692,908477957143	0,490318979479137	0,267204508407375	0,651401790458266
AAEL006675	489,48898193603	-0,19127631121005	0,182509881602597	0,850789731624224
AAEL022611	926,650482877129	-0,674265999303651	0,282571061647092	0,449249104730277
AAEL006679	15,3626035363933	-0,316486335148732	0,572167756301516	0,46308235209758
AAEL006684	2346,28197674941	-0,384529364010971	0,161811216819427	0,832935426423144
AAEL006666	466,46271895726	-0,163843129299291	0,224999316189273	0,829672364736909
AAEL006677	935,746588369191	0,0005510314232618	0,217333279456271	0,853828086497307
AAEL019893	421,011131688158	-0,336228196203008	0,256418596404904	0,752757760463817
AAEL006678	316,000800892512	0,0872801638880746	0,205743953757298	0,850896079188013
AAEL006669	544,60267572302	-0,175485261136438	0,211502629979981	0,836405774469658
AAEL006676	596,012912141758	-0,427354988953754	0,296568121814369	0,655860453304058
AAEL006672	72,5731943748781	0,740090429831234	0,357266878300151	0,328100651320652
AAEL006668	534,20593468619	-0,194825209429847	0,261755325340499	0,79648120880887
AAEL006667	1109,28327953699	0,0103416548130936	0,195637564136852	0,860031482021896
AAEL014734	3000,86969362171	-0,270704853623014	0,257356798483471	0,776724324030576
AAEL014732	2458,21394469651	-0,00313788642235733	0,20845206694072	0,856633002186951
AAEL014735	257,896298885515	0,534142284119317	0,350215376529203	0,502347503856184
AAEL014733	1272,07174360168	-0,0341176267386204	0,186008994079415	0,861369814403439
AAEL010640	8171,17392192806	0,565553362577175	0,231806469008561	0,64297139873641
AAEL007556	868,170295152752	0,0473742296340785	0,183412816889107	0,861409175585323
AAEL007544	807,878572522318	-0,310026727426683	0,252643237579683	0,76753514264047
AAEL007555	6569,21243372659	0,233729559472905	0,231745760120014	0,810375589378257
AAEL007554	556,97362057514	-0,0462321311328957	0,163394949233911	0,865297519893876
AAEL022162	1633,84562163947	-0,24359688435261	0,240724213362812	0,80053886344355
AAEL015493	587,588437781002	1,11127811620622	0,207786399825793	0,0696096032503157
AAEL007542	758,102122908856	-0,101573064171451	0,375573532945887	0,73005209920045
AAEL007548	3514,04275940402	-0,221038421251079	0,150295056801654	0,861212145845222
AAEL007536	1110,72711929015	0,412150204615141	0,24547106715828	0,730342556948107
AAEL007546	3378,19454571177	0,794763586990413	0,241419405080954	0,36699379068232
AAEL007541	490,639431809042	0,0500199571429533	0,262895956899998	0,825473069421226
AAEL027182	100,908271922114	-1,44961309080166	0,799443426905748	0,0665934676862328
AAEL007549	3029,19802554845	-0,0269909271164748	0,29626798243634	0,809242022977263
AAEL012671	14032,1891597048	0,0789904639797506	0,157981186285762	0,865285127761635
AAEL012585	49488,3416954317	0,33023002909484	0,253790731338932	0,758142741734628
AAEL018244	4159,42512327205	-0,216409792016568	0,269491769069407	0,783532397961699
AAEL012586	371,405611966894	-0,169445559958263	0,333406788043999	0,741586812826933
AAEL012588	933,983960082539	0,0852227476743566	0,140642411189597	0,866500988118427
AAEL019421	395,288872701868	-0,161976756227866	0,201287344002187	0,8444997491637
AAEL014343	15,5203571160131	-0,761886667259141	1,03374632561032	0,200118041359207
AAEL024986	0,829575983422863	0,0335514261136058	0,529636479907291	0,630885277898977
AAEL008449	1147,20360854796	-4,4273949074184	0,413673952696813	4,83436864595093e-18
AAEL017350	18,2655071133407	-0,429005424219549	0,58646980697263	0,399790470455787
AAEL021072	172,553671667767	3,51834822973966	0,315787757084856	3,96362680183298e-17
AAEL022727	39,2941292782469	1,15809538102703	0,486623231032929	0,0940954492619321
AAEL011295	249,476838663193	0,161180440682271	0,226789873826976	0,829056334697504
AAEL022570	5843,54220534262	1,2268641047513	0,297649636506884	0,0446017794666734
AAEL020078	56,2316533114294	0,33597403267995	0,469629653845436	0,525497320886145
AAEL020583	268,667719571114	-0,234588372274265	0,188053151564845	0,841846551591421
AAEL008443	360,026448835444	-0,149923303972048	0,21721172656787	0,83687945518537
AAEL017403	25394,5432748161	-4,30669533847022	1,45590412461111	0,00131083859213231
AAEL026426	14,325759821653	-7,61746842179937	2,74204608635708	0,000817839633221405
AAEL023868	85,8227541513138	-2,8806661619321	0,524367295767635	1,32286777342543e-05
AAEL013027	12097,5321172065	-4,98279260137774	1,27280910957102	7,15425787996157e-05
AAEL029026	86,3351791380474	-2,5361668022974	0,754087845821093	0,00249985671341949
AAEL025795	15,8746465186866	-1,63200773754146	0,646418958090369	0,0299715693795827
AAEL022460	254,227528629194	-0,0541337566089696	0,267147095553133	0,821888891994356
AAEL014484	964,312819042351	1,058026457417	0,208311833108307	0,101732278114173
AAEL011318	19,6750050110663	-0,605418066748371	0,507976185106438	0,344833048402593
AAEL011319	1036,86603043671	0,230930137931754	0,337682602001304	0,714092050602785
AAEL011317	1229,59926056083	0,0889316500369909	0,203038952074876	0,851756444725979
AAEL014205	18,3367851418541	0,0589490773834933	0,418817143443723	0,709545702991573
AAEL011313	193,404370371798	0,430435973998837	0,355977127685358	0,575661931743647
AAEL011314	1620,33342422555	-0,206870917271018	0,178751718902484	0,85094161034313
AAEL014207	341,011648794518	-0,0712050534006785	0,22712535773239	0,842577537221797
AAEL023753	1113,90557772311	0,129492273332577	0,294826956379033	0,786787124042553
AAEL023678	40,2906161486279	-0,100287390527676	0,364595492747844	0,739109413713392
AAEL013952	4151,79355193392	0,498673571482601	0,282921712809564	0,616890998683546
AAEL014868	643,611336800804	-0,0426789685611783	0,203616431067636	0,855515497561086
AAEL012284	204,465741289841	0,241810038552116	0,278034923199668	0,767169971872306
AAEL025202	1485,68303775264	0,109344269708816	0,159337753194854	0,864160421088859
AAEL014557	309,250110468619	-0,122427595287148	0,256944205216856	0,816264665373413
AAEL014556	832,009391709489	0,207314958039014	0,20720099627942	0,833712947202868
AAEL027148	220,985447022223	-0,440148018254271	0,2371962839429	0,725322814411311
AAEL023141	36,5061263177601	0,105985620192718	0,334861128538592	0,761596610890978
AAEL009938	21,8047988720273	-0,60061225013987	0,565457027211836	0,321314220681728
AAEL009935	38,6669843786874	-0,19927549138344	0,395213972623858	0,672702275255878
AAEL009945	253,219795610971	0,34013387221619	0,407726479560769	0,579647463388847
AAEL019859	262,796080391043	-0,0909438925881694	0,228982706014218	0,839048357889106
AAEL009936	175,194032683487	-0,144330104162013	0,25927228169312	0,810007410862392
AAEL009944	243,963895243259	0,299218192663031	0,229245780639752	0,794949802595075
AAEL025223	835,610225475231	-0,268442537084085	0,204557712747648	0,823730892193583
AAEL013015	24,4636860270212	-0,176684269852862	0,394611986333266	0,683855216402697
AAEL009946	2426,07019200904	-0,0865409781168784	0,148863277667807	0,866134869611123
AAEL024326	43,0402678277218	0,137559922806306	0,38587910621549	0,70803748401548
AAEL020720	320,503308283508	0,325782869865821	0,254924232523776	0,758809886971037
AAEL013625	55956,3196139997	0,388548196383819	0,257805491030892	0,726916662690269
AAEL022666	187,920782725389	-0,109514403775837	0,231807704020016	0,834389724191208
AAEL013624	211,909742624896	-0,197420589763179	0,208840965979799	0,834427161854231
AAEL013626	266,881119872809	-0,163176842603418	0,234774624436307	0,823071295431418
AAEL013631	782,918455751563	0,213008586686632	0,158986029487885	0,858884975372083
AAEL013014	316,256518679852	0,0860912564993246	0,231300741084809	0,838409104649236
AAEL012229	233,586825971393	0,0485872250150346	0,200537715131632	0,856097633653222
AAEL002388	1910,83269601833	-0,243006697290834	0,235566248116577	0,804830529383004
AAEL012226	213,422432357746	0,148784205007175	0,220481385168271	0,834930926293294
AAEL019430	725,025662344049	0,163976322328856	0,360911202931822	0,719500767830522
AAEL012227	3216,67432944436	0,0149925492577023	0,161806580631769	0,866073654534329
AAEL015110	3144,75882736392	0,148126483893089	0,259860923305877	0,808819708227124
AAEL012839	74,2237043367614	0,200538711965717	0,30178333635367	0,759395580015219
AAEL012841	880,902313488673	-0,156237375479236	0,155834942779316	0,863080817305974
AAEL022917	31,5078728407922	0,549273619677255	0,630298107184743	0,324235998341676
AAEL012840	769,655955182203	-0,339799930812282	0,340128797852246	0,657975841724627
AAEL012843	513,254714310593	-0,330209908196941	0,182543467483295	0,827810872755708
AAEL025801	891,439943498514	-0,329816966005726	0,245872192511138	0,767060204929729
AAEL013063	1097,69034732823	-0,972812078411188	0,283909448371677	0,168940840189639
AAEL013065	647,075201823694	0,109275672389177	0,24785276735915	0,824595786638775
AAEL019552	801,919879749269	0,190373156342876	0,240352489588761	0,813768791755515
AAEL018254	2477,3993894058	-0,243936585726974	0,19147965865012	0,838284216384667
AAEL013061	261,861834816499	0,110454325994141	0,235726315853304	0,831823064279351
AAEL013059	36,8911607102285	-0,208144409743798	0,35070772395674	0,711259378186906
AAEL011496	218,71799883007	0,0967826390476256	0,230171052489258	0,837278130117882
AAEL011488	57,182118565112	0,540515751101536	0,310733209625386	0,54516171403087
AAEL005692	964,235029098677	-0,278299604349486	0,464550290297116	0,564226760813238
AAEL005700	49,799010577245	0,869133995622313	0,57620046953294	0,199246188287981
AAEL005704	940,824777661585	-0,749619198778672	0,18460695571907	0,510807312793586
AAEL005708	125,197680710213	-0,0975435798545748	0,273401906428963	0,81013029388683
AAEL020486	67,301259440949	-0,678890610252017	0,329245454414865	0,400194837301676
AAEL021232	1484,89866867077	-0,325017579778135	0,323167606077183	0,684050284083694
AAEL005535	273,600887202558	0,467686979400777	0,282948085778749	0,644833289743498
AAEL005701	95,6199257629984	-1,61201676841528e-05	0,301717944936819	0,810864312056689
AAEL005677	109,361111608238	-0,700237804441654	0,244627609680186	0,47109492389689
AAEL005690	513,733276852382	0,00102734836279008	0,173257124527258	0,865024365272353
AAEL017053	997,94476822108	-0,170837396445232	0,191095172276556	0,848942761259223
AAEL005539	194,963392423514	-0,273105799299985	0,209596453870988	0,818919037429177
AAEL005536	5656,63793015221	1,62581224741171	0,294547658915792	0,0019833171165132
AAEL012528	187,568074468972	0,713330092832354	0,387988073433399	0,330501293967917
AAEL014739	100,04690872108	-0,0223158298243024	0,263022244664185	0,829731746196456
AAEL012526	76,628204415365	0,391148045936947	0,285013891651873	0,691860256061611
AAEL025344	75,9464874853637	0,217584750142617	0,284148167490748	0,76927281012471
AAEL015007	1555,0096782822	0,33162118770984	0,280241796084722	0,729128426669863
AAEL013087	300,117641971295	-0,256235470261412	0,224475373808093	0,810742365501275
AAEL015002	65,6340929003275	-0,0615199027450496	0,348855435217168	0,764396280678442
AAEL013098	1860,53060695861	-0,388007942192806	0,185085549032381	0,810400084602914
AAEL015006	41561,8874889587	0,323027930428722	0,270492918658127	0,743624574606092
AAEL015003	135,717769052262	0,170004035428804	0,268974042219143	0,797182650330293
AAEL015005	172,642672296276	-0,190624620167424	0,241911749562623	0,812531454119577
AAEL013092	1177,30667646868	-0,0559901597942122	0,197483759268471	0,856604924214147
AAEL013088	36,4590701875607	-0,355780917090414	0,374228281257087	0,602955203978124
AAEL013103	317,298530763276	0,248612525778988	0,179218550184426	0,845288265989716
AAEL013090	332,79552162824	-0,0628558169034867	0,203337140364418	0,854061165787075
AAEL027164	1008,63887926717	0,0941908019610102	0,285672765695465	0,802522004324664
AAEL013585	19,5337047914555	-0,224074902831704	0,417505322668831	0,639440180936585
AAEL010435	4779,65051829683	-2,88641381784682	0,444081765795625	7,09031218686949e-07
AAEL019470	15209,8585068461	-0,29849452900865	0,349692244218927	0,669199943308541
AAEL013127	126,48130833911	-0,0647506724545224	0,399463488614205	0,723102509716999
AAEL009165	9837,31995269539	0,13720013940586	0,419987641666553	0,677358480016332
AAEL013118	43860,5178381947	-0,290671773376311	0,358934084005612	0,664545856110507
AAEL020299	42,507430750469	-0,202378520676468	0,342731327066339	0,721261296702867
AAEL006904	868,814527018004	1,00786704064478	0,279731683912161	0,143847334972409
AAEL006900	107,779616553573	0,129546330804243	0,337057837866305	0,752058153754927
AAEL006903	273,181799124541	-0,608699057893161	0,516781622078173	0,337144078326173
AAEL023374	9,31184758292645	-1,78648501871353	0,98436986858639	0,0401300203030385
AAEL006909	393,667081897625	2,31278017356589	0,429299688340415	0,000102403978092446
AAEL006899	384,321803148984	0,18772535738266	0,205206379510075	0,838658304307851
AAEL006902	618,361560627534	0,298941259026048	0,438223891331827	0,575438512129671
AAEL008910	31,7086092230363	-0,142025076749697	0,362627844135959	0,726221522487589
AAEL006905	433,297983406852	-0,13304021586307	0,23128329000005	0,830871741828217
AAEL006908	412,193948218515	0,532620447494745	0,260007970424502	0,623291220634951
AAEL019690	608,728975177162	-0,533778959946308	0,319034972676462	0,540579332250385
AAEL023632	921,105604668194	-0,826438859149611	0,23325474276787	0,332888202958897
AAEL010290	785,588075973156	-0,229123223093012	0,22197794204062	0,81907543794564
AAEL010291	41,8984441010364	0,0634149206526772	0,350409592580127	0,762207417195745
AAEL010294	306,305180087388	-0,603021798455522	0,218120005756072	0,629582074349223
AAEL010284	1092,7132568471	-0,568008128378247	0,322182482930372	0,505880270681841
AAEL010287	125,218018997451	-0,160772186649931	0,267916290884064	0,799914476005813
AAEL010296	2220,25445673739	-0,174618439317014	0,194340727321411	0,846633057092161
AAEL010283	53,5985101156607	-0,876675286785679	0,394044089541581	0,22050446044082
AAEL010286	22,6726200388277	-0,239574879183813	0,447729095584519	0,597118317482909
AAEL027623	131,940652450576	-0,259693195644136	0,27829096093078	0,760404373316034
AAEL015394	26,4764066964586	-0,469139542959248	0,608803488752364	0,372214008266755
AAEL020044	41,2330603924348	-0,249677844970821	0,448664467050154	0,591223743091175
AAEL022970	866,154068835591	-0,428247600642252	0,178086050346523	0,804674817331774
AAEL009140	211,203335271823	0,237341292823	0,197534455227835	0,834968120607935
AAEL009147	357,477557917631	-0,0934083220250778	0,302476597627349	0,790366194976763
AAEL020968	24,7009477745326	0,108215056823919	0,475831671687006	0,642890019302239
AAEL009142	3945,64002535815	-0,346217184352249	0,201664053571664	0,80678188375956
AAEL009148	237,9051722022	1,29823357238147	0,230041455816375	0,0142517696637539
AAEL027204	132,412285522242	-0,248135524232418	0,368956242265997	0,674565389968014
AAEL007318	150,945848594383	0,0582137830095684	0,237635056940505	0,838835835013943
AAEL014050	294,825331744615	-0,148662438295056	0,2325823039685	0,827405249979505
AAEL007315	567,669393210101	-1,42099440709586	0,273581522401863	0,00866376361456227
AAEL017545	1817,55247937116	-0,387743423234298	0,318746502691095	0,653874309694041
AAEL007312	317,290871960825	-0,513822775915502	0,315257154388058	0,561519912209371
AAEL009723	34,4214065446922	-0,423000822623172	0,396563457760345	0,539033503675677
AAEL022380	29,2788485439468	-0,159278218001286	0,507261996948589	0,588489159193373
AAEL020446	749,312832165093	-0,450936001649827	0,306921854408495	0,621028353166995
AAEL007573	626,419034751558	0,125591014499012	0,168243156299393	0,861448514422317
AAEL020170	29,6198083735916	0,214149303357511	0,35464861996692	0,704633428103785
AAEL019744	10,6157173179682	-0,0254026214157186	0,461401047158518	0,688349061999865
AAEL007349	1932,11495587954	2,85020920984697	0,336998305213003	1,19605208825938e-09
AAEL007342	4165,51539265218	2,55125087017348	0,248140961101803	1,66579079723086e-11
AAEL007344	2238,41503888254	4,85871868281666	0,455990568963456	8,37512194468147e-19
AAEL020651	2998,54851354045	-0,467244303110732	0,186071698768838	0,779424440302167
AAEL013769	292,643782609562	-0,12794405268299	0,191578310204455	0,852829139233123
AAEL013768	679,949796391822	0,224950724623334	0,178157344764233	0,84919165972952
AAEL025362	2907,32409260328	0,699398722289238	0,242257942337735	0,476484444708819
AAEL007329	1354,18573015979	-0,679604439906206	0,244742911795956	0,497119906164774
AAEL007332	652,670976435612	0,810884258979232	0,194601902735035	0,398574154478127
AAEL025775	129,899974559396	-0,0845804410127894	0,249980095629118	0,827506833953673
AAEL026700	646,211855146175	0,435280233857523	0,223554143297575	0,745934577787479
AAEL007328	882,24153594603	-0,30261194424697	0,229257788386959	0,794002751915153
AAEL022309	132,661483154994	-0,297028541669859	0,294421508029613	0,729420757698509
AAEL019714	658,934843761181	-0,308371096586683	0,235051152027563	0,785951319959934
AAEL015275	254,11908916654	-0,0320164924107569	0,216833249883086	0,851350143498201
AAEL011193	252,826388345562	0,246060262553579	0,281645625044384	0,762625581788056
AAEL019808	37,0298972995146	0,106504833826053	0,334074890586078	0,762397666983079
AAEL019818	27,2143601744276	-0,0213708990336775	0,390389871739851	0,744019633765729
AAEL014662	295,756082849056	2,42417061681097	0,492862133821998	0,000177231370669173
AAEL011677	204,782256196405	0,830715145664445	0,249385286025129	0,312929150510357
AAEL019722	757,354004717883	0,598813495194917	0,376300226897903	0,426043244508361
AAEL019652	2196,729964831	-0,621118318234595	0,320899058582534	0,458658171076893
AAEL019466	994,224818320475	-0,891270145392262	0,225060422824259	0,261133815498653
AAEL014536	663,44947312337	-0,221239171827343	0,205332699796924	0,832553512654097
AAEL020761	473,847763616596	0,179351082233076	0,222814118863031	0,828355463335567
AAEL006276	113,282342055926	3,39927848462371	0,435453612641409	9,49641929634626e-10
AAEL014539	19,3032598711709	0,924625646939212	0,652190099533478	0,172815606285122
AAEL014541	938,551675003079	2,49131044766952	0,275921676894959	2,09715326054194e-09
AAEL014537	544,219487216306	-0,090850964291268	0,364983321166908	0,741542163397155
AAEL014949	569,329006358964	-0,530756751408041	0,261517719179481	0,622660138265008
AAEL023874	30,8853863575618	0,00151880766671434	0,351487824286886	0,77729634568436
AAEL013004	224,902209572438	-0,114623125997201	0,226755434682351	0,836661173455655
AAEL013001	167,135620230873	-0,00332725475972343	0,31452169502065	0,802336073278148
AAEL013002	1657,20787349705	0,218899629453949	0,21922638385229	0,822985828359124
AAEL013006	112,681076681839	-0,227354411877202	0,304873057251983	0,74679628573402
AAEL013003	270,164880054416	-0,12038730324767	0,218292045305208	0,840763250932778
AAEL013005	1745,79966284883	1,02829769055036	0,27042187010077	0,129240161637072
AAEL014486	603,821001762186	-0,425873233552349	0,209560970979681	0,768225943947303
AAEL019605	1309,85160816484	-0,420504529261017	0,254824948082117	0,713605479824045
AAEL013276	41,8549304762395	-0,390382219635345	0,463894978443929	0,498623268230099
AAEL020740	84,8046034346073	-0,0171100287818468	0,313069529520357	0,800322117200008
AAEL013272	28012,6119179273	0,402086540002726	0,263857390274778	0,712627702120033
AAEL017204	1753,56512957963	-0,276894868266897	0,234196224803648	0,797294438526399
AAEL013275	2160,84100824248	-0,64759889306523	0,346744506664114	0,410007844585074
AAEL013271	263,026186134773	-0,492450677249937	0,268976535147865	0,646756393132711
AAEL022402	32,7531359441369	0,0268648001460767	0,350193178620666	0,771797825207141
AAEL023047	91,3157779230295	0,573364940520073	0,4283894796794	0,403823027422458
AAEL026371	192,365951511978	-0,609901542305584	0,210909289313529	0,637357926673637
AAEL014534	692,089370980153	-0,0798837898899313	0,215823340989395	0,847081468123598
AAEL014533	647,154342617557	-0,229071074698373	0,218217183767483	0,821520237039294
AAEL013467	434,086881114422	-0,15874629065058	0,203527345665272	0,843653106264704
AAEL013466	1207,76007772839	-0,272972948562534	0,353780560065138	0,677561130200918
AAEL007959	1056,92778510603	-0,763988052226523	0,185604830515007	0,484157025999429
AAEL019715	1894,23559216897	-0,0746151642266836	0,214135574688979	0,848442492850843
AAEL007955	76,9986087224073	0,91480882825007	0,47723804439097	0,188479989894768
AAEL007962	3170,19246944833	0,30341494100583	0,279083028962475	0,742520988858349
AAEL007946	352,945761363306	1,31374718704022	0,296723648725495	0,0254784809228721
AAEL007947	1212,71030462114	0,500424411021397	0,258103407660782	0,656618733175378
AAEL007952	117,678344766061	0,360925549759697	0,356475982206386	0,622027140831708
AAEL020769	210,132198509745	0,103848634806608	0,253750275914445	0,821433274244502
AAEL023187	10053,3765059447	0,697016728413809	0,22823807933738	0,502051065661825
AAEL007963	5467,10944739995	0,691031365090704	0,167622561184188	0,635590855371618
AAEL014824	22,3615389708778	-1,4470745177737	0,869559860789025	0,0713920155608553
AAEL007945	5941,13548889165	0,286047931305827	0,207153272672478	0,817861930886069
AAEL007944	1109,87339969216	0,0375561393906856	0,164174097111613	0,86535944637316
AAEL026310	171,761678988965	0,484347312472323	0,252932942692044	0,674839806892865
AAEL013939	383,222829292259	-0,545791641318403	0,34762710790382	0,49575963989302
AAEL013700	357,188795967496	0,225331103978635	0,174986183923285	0,850622307274773
AAEL019852	913,04277198957	-0,0996503602216673	0,156240960860132	0,864999478090526
AAEL011394	1282,39276406255	-0,0589574416118422	0,154660694547179	0,86604915282469
AAEL014003	573,932245527188	-0,657518636309402	0,214291731872855	0,574878935242494
AAEL011397	43,7235891964644	0,0330947513771805	0,368944431026504	0,756319768290743
AAEL014002	356,186890652307	-0,197382710033528	0,236331927187761	0,81529291063323
AAEL020747	558,406499552467	0,0536432167090299	0,258065490253702	0,827750150298719
AAEL003935	367,378109999634	-0,0763603375042838	0,17615163781753	0,861853711900768
AAEL003923	1151,63882136051	-0,293474698886864	0,212957433252772	0,810986103873503
AAEL003926	287,778355515306	0,111182898240383	0,193330110388929	0,853813494325224
AAEL019599	1828,62495114606	0,80426553640862	0,16036388444428	0,469607327737727
AAEL003925	30,3782005898465	-0,0103747605896202	0,334721331655054	0,787187271443984
AAEL003934	1479,73358254675	0,31111370940515	0,319342594276923	0,695056673713397
AAEL019680	906,266964453569	-0,24538524736241	0,191234067618357	0,838177015838855
AAEL019480	779,644192732682	-0,127850848320846	0,257318189829332	0,814943386958358
AAEL003060	269518,374940269	-0,0627741246191592	0,201835714417738	0,854770370506968
AAEL003084	1068,34737984657	-0,0934732687579542	0,299453427604006	0,792814116827158
AAEL014187	644,232992342833	-0,0156823951561064	0,181689437274777	0,863119213030126
AAEL014183	552,972587630608	-0,0290433001490093	0,188134706839404	0,861027745318999
AAEL014180	1042,31760442422	-0,281052620098795	0,219077844970758	0,80911800439683
AAEL017419	10102,3282830267	-0,135850754855498	0,233879415178618	0,828736644382593
AAEL022726	82,7761139115515	-0,234495218626648	0,478530679149508	0,575326707772109
AAEL019985	20,9464396691043	-0,337247248520738	0,583955325297627	0,445340733863851
AAEL012023	634,81459999708	-0,00776521324224246	0,174135058145263	0,864725112143864
AAEL027210	19,6509726806004	0,092676290645252	0,473710409669381	0,65295082222622
AAEL002055	805,278472103205	-0,0812135813131327	0,38666645584343	0,727805507987634
AAEL002085	9,81505118883716	-0,283724874423879	0,646309403105818	0,437021353442478
AAEL002075	22,2100208312421	-0,369673963215797	0,445502809168085	0,525906014845753
AAEL002061	1600,39170206278	-0,239325735410585	0,201550191542977	0,831880962069195
AAEL002079	109,562898811387	0,427976552952028	0,266961865903375	0,693035382478251
AAEL002068	2723,6954377824	0,354800730207084	0,220936719070823	0,784197335835096
AAEL028141	608,031833946297	0,382143678213916	0,253279549926629	0,735984439597608
AAEL002080	514,085230380507	-0,161385990101429	0,178502862855055	0,855472717299017
AAEL002065	578,285631876563	-0,645430672504707	0,272675977650925	0,493630303738875
AAEL002070	210,434717246217	-0,462249592992486	0,44732563038795	0,465103658024412
AAEL025674	15,2077748352234	0,0160452902002756	0,453384650001155	0,697353988631268
AAEL002051	472,824588152129	-0,291106591711645	0,252239362195168	0,774648193760856
AAEL002057	29,0475641101896	0,523442357114395	0,404448527640716	0,457456001983318
AAEL008435	196,554397455247	0,0874591719603279	0,19654182970541	0,854755965833611
AAEL024714	163,244623648385	-0,242573124075662	0,235042810507233	0,805450937022498
AAEL008434	1803,83418413357	-0,50482370239772	0,219025222562413	0,711862962613196
AAEL023274	3,56717242899696	0,0724920087402221	0,50062042206127	0,638443449990817
AAEL022051	2092,79665754915	0,107762334778507	0,203992725953261	0,849687005801661
AAEL009586	638,556566942174	-0,219391484930262	0,211224240043042	0,828816678771853
AAEL009590	670,684662566429	0,307364782203097	0,282929801221737	0,737003111788832
AAEL009589	236,763621872807	0,0886433769522857	0,246394455022619	0,829076275790332
AAEL009592	24,9746003132691	-0,268098673967092	0,366666363400298	0,667993704853279
AAEL009588	644,372120884638	-4,2736526005492	0,638709193455039	9,99169011352873e-09
AAEL009593	99,3973165676799	0,700589229208773	0,30367087038363	0,402213006118343
AAEL000224	9,30280716764461	0,0339826446468245	0,479864223449194	0,670468630444583
AAEL027037	16,0546736509273	-0,119207680854054	0,427581486444526	0,678637899132249
AAEL010262	177,660165114995	-0,230198717567598	0,489137354637513	0,569095250485967
AAEL028124	174,42483932895	-0,174415802394241	0,263433984780785	0,800050537766241
AAEL010270	133,46207243912	1,06222389684286	0,617967157819559	0,13013188720142
AAEL010264	12,4147127091376	0,508690282308641	0,897861890189629	0,279300377332254
AAEL025416	118,089853060273	-0,20492695868513	0,417723150686382	0,650466281716613
AAEL010261	46,1719701386308	0,180768042688899	0,327600418595758	0,74318424477842
AAEL010260	633,956092795683	0,0621959467041408	0,155619692812633	0,865914233008627
AAEL022986	21,3490782032179	-0,384945029757127	0,497078537984576	0,475187379187982
AAEL006299	674,621491798683	0,132363653042773	0,220924060763993	0,837368466997296
AAEL010269	909,529983811917	0,19805903725166	0,227091563635161	0,82141152034523
AAEL006285	137,172652594985	-0,0175776492240564	0,261788862479816	0,831008300548128
AAEL006286	138,581520870024	-0,00418858777501377	0,295552810657156	0,813839683412859
AAEL006298	351,88135266912	-0,199957215154015	0,204581964527306	0,836733998734733
AAEL006300	243,07587996072	-0,346610000194963	0,246486262591342	0,759551304663309
AAEL007185	423,653850212501	0,336987936800792	0,273677925049851	0,733735748434438
AAEL007187	1806,3837111004	-0,211350511455354	0,207462822913489	0,832878250089357
AAEL007180	133,878041037111	0,100411166158218	0,275813242881114	0,807969507427803
AAEL021429	1000,26497375089	-0,430859659494326	0,288480166947856	0,664037640000739
AAEL005970	1363,86020695261	-0,284905125833824	0,236988786828607	0,791994599652135
AAEL005968	673,115493942858	0,0776217189067626	0,231585055897562	0,839418930719878
AAEL005958	266,471704953053	-0,215327200271473	0,203136500048599	0,835005298221533
AAEL005967	13,1812215424558	0,464308579380782	0,659839249821325	0,355949167500644
AAEL005965	299,78920563427	0,720956900460777	0,265010284868927	0,422056659907868
AAEL008593	368,259248013022	0,189105925802863	0,223293086752012	0,826115015618394
AAEL018159	1377,08855320584	-0,467238863577479	0,206975484643755	0,751313339707386
AAEL008608	540,716478438816	-0,51943833195177	0,295372922363845	0,581507856787207
AAEL008595	3544,56374184948	-0,408387682671812	0,189153140016814	0,79975096387078
AAEL017101	315,843679808798	-0,142773632953135	0,227536290351507	0,831474840211318
AAEL008592	357,197093656265	-0,400517866442595	0,20543099938069	0,784134175990457
AAEL008590	1124,46505400125	-0,439353614019634	0,282818806600893	0,665558207754378
AAEL008601	1783,64982151536	0,770245786225355	0,28811526761904	0,351896596617404
AAEL008605	330,500213318071	0,34728219248036	0,236259798252673	0,770275015212349
AAEL008594	1178,01279814473	-0,0224039566288974	0,228279826593913	0,847638310565249
AAEL008610	743,979534062498	0,983632204395642	0,370351586794903	0,158793330185719
AAEL008600	263,956735076569	0,194063368169229	0,415350310886297	0,657599880729187
AAEL008599	117,63669809236	0,101158181533454	0,416375887275443	0,695360804849427
AAEL008609	414,074346761513	-0,552926990540697	0,3494111802582	0,487142119272907
AAEL008598	21,4594346803942	-0,171214929488656	0,469860087554376	0,614084701356975
AAEL008602	110,756972493945	-0,171651022262647	0,43957998915637	0,645957598838674
AAEL008607	30877,5181725038	4,26123123189872	0,382902926956941	3,76892137344389e-19
AAEL014754	1868,0921716222	2,71065795270781	0,316410403399366	1,89624373743966e-09
AAEL008591	657,038524254552	-0,498434220222641	0,278855642047895	0,623561059162748
AAEL008596	445,248679292743	1,93891802164881	0,251790792951092	8,9620911954441e-06
AAEL023100	30,9459629907892	0,227591130893246	0,374684073710287	0,679307296708277
AAEL013798	70,7154440437301	0,64377948351724	0,392104268089707	0,382669851777072
AAEL012553	1319,57633846707	-0,710898087828818	0,213019581016813	0,511237643325564
AAEL012556	698,966035944266	1,07981481296257	0,340206247206819	0,107512106523568
AAEL019989	26,0480914816373	-0,427733675699326	0,452416908005424	0,482573462570143
AAEL019791	44,0341664974462	0,280034183904637	0,421729772261393	0,59975388401983
AAEL012897	16912,1905784598	0,0476668800154244	0,211976782707739	0,851936311245656
AAEL012902	205,970282025354	4,90238683454078	0,666136882899058	1,18283087575596e-10
AAEL014419	330,752173093816	-0,461414015781437	0,230070552182179	0,723000802562427
AAEL024660	26,5917741341674	0,231600832895621	0,463084841276957	0,589649916170833
AAEL003235	1612,96008441261	-0,103684402719726	0,233916542291876	0,833995607295201
AAEL003255	105,452636346085	1,932662132207	0,61589899712262	0,00905183364321575
AAEL003259	273,474737768934	-1,1569166388423	0,459582708467166	0,0918422241901896
AAEL003216	65,9397271097954	-0,32414695429858	0,360262385017529	0,643621151090871
AAEL026088	539,998418674169	-0,199197673208249	0,192366752376037	0,844466720047185
AAEL003246	590,318963483094	0,471502680978344	0,278862817583223	0,648502040378601
AAEL003269	65,3211615201096	0,380730817374223	0,395941119779142	0,566440741698589
AAEL028088	452,52825396865	1,37288594304189	0,260734201174375	0,0107916986451957
AAEL003264	192,295098185897	0,0659415651145992	0,240925062169432	0,835560965025202
AAEL010545	100,330812404221	0,138476362562864	0,28458228045148	0,792843267888576
AAEL023803	49,1745544432919	-0,0328661482626959	0,516401463712559	0,642564114040699
AAEL020835	19,7007984739291	-0,311167452153825	0,484814767886067	0,527804897854836
AAEL003270	103,290537990095	-0,00518529702699713	0,286900817023643	0,818851926712695
AAEL003245	427,780159404078	-0,0616107663812674	0,280922545221603	0,812195543030993
AAEL003282	484,992910959246	0,0952150831251645	0,18243591699151	0,859020832368595
AAEL010546	441,684764240379	-0,10763402046181	0,174178889113227	0,860697237048308
AAEL003244	55,2747665718847	-0,463196293488715	0,353179799089218	0,556385655085822
AAEL003273	339,653369256944	0,0351513999340255	0,182830912595461	0,862100889420331
AAEL003210	2802,82195596614	-0,00541759800560541	0,202933129532122	0,858215473492499
AAEL021846	885,832368756225	-0,452591632473669	0,247904609481937	0,703076665467086
AAEL003234	12972,8916447653	0,215742866881871	0,308170642721558	0,747993272402748
AAEL019826	2427,84418624095	0,331680231819955	0,170853561103181	0,836752194963039
AAEL019825	2536,87982090699	-0,32628869326228	0,298042227651975	0,711753405801398
AAEL000370	1839,26553681766	-0,476719825756095	0,236994904031395	0,703018705950589
AAEL000335	2847,43601070619	-0,473538382677535	0,208324367375668	0,746020990624896
AAEL026000	37,405420952916	-0,325059608863476	0,380481704931869	0,617447510869666
AAEL000304	1206,49936130631	1,81144763919699	0,202369989466028	2,40220182684042e-06
AAEL000311	7551,57788370401	4,82896280319159	0,450641429431395	5,76389131890166e-19
AAEL000377	0	NA	NA	NA
AAEL000344	0,134679431026014	-0,0353656281763235	0,540462874969452	0,620298880966957
AAEL000316	601,824845610617	1,13915990661307	0,257615128887047	0,0688509805139331
AAEL000312	23,2090482395424	0,072234275179589	0,410546296877701	0,711534042703449
AAEL000324	74,7293520549453	-0,387016934778345	0,495315469863405	0,475512159627499
AAEL022289	12,6450597981393	-0,456718594284006	0,811860098012975	0,310684846868914
AAEL000315	471,002342546	0,156493694210361	0,208136723669098	0,841487089726898
AAEL000337	169,912790929162	0,18944678100049	0,20264825468155	0,839857874849251
AAEL000305	60,7183577679398	-0,0124497730889251	0,337332667718649	0,784921100069625
AAEL021602	823,363131303179	1,92170466247587	0,184751450037066	2,04539864190523e-08
AAEL000328	2036,60385607972	-0,0981563518390734	0,299819021841342	0,791287088384333
AAEL000354	299,122982176363	-0,589783482790399	0,247837584507397	0,587959364088886
AAEL018293	1673,67072854562	-0,479215667600401	0,229747262381753	0,712791075297653
AAEL000341	35,9828467364185	0,303513668801945	0,396879296781337	0,611047074299078
AAEL000308	65,9874228134057	0,14862576299855	0,28309247507273	0,791227916497098
AAEL029004	1138,87686849036	0,540537112942074	0,295299085658838	0,564694493664107
AAEL000334	49,1459537314221	-0,257846492748759	0,357455305407993	0,682286952232066
AAEL000332	420,346915795285	0,449197993340517	0,320061142989356	0,602657015613876
AAEL020848	443,150030411348	0,0278953044466798	0,167086748448878	0,865235536423731
AAEL019833	1390,34104113028	-1,13245796967661	0,595679527462267	0,109827040749945
AAEL005367	777,525556914582	-0,122480879881102	0,164623048374043	0,862553908647112
AAEL005363	93,5387988953191	0,457169170567936	0,45484467423048	0,462575223743954
AAEL005345	33,4916867250377	0,313130429064613	0,366251810304453	0,643296571855531
AAEL005347	242,452442308493	-0,241231962749837	0,356659428520355	0,69055192160855
AAEL005368	731,567320265249	-0,485063240660732	0,212736757492546	0,733499419826472
AAEL005355	427,444722959417	0,467020806000311	0,214628737395743	0,740691021621951
AAEL005350	14,5265562626554	-0,111412419263546	0,466397895514776	0,650856652931194
AAEL019606	1835,98866810329	-0,522980919455652	0,234874459598139	0,673601747877265
AAEL001242	369,579200784783	-0,251757437002659	0,259956877493812	0,780864727188822
AAEL001235	195,042472139241	1,09105526652081	0,257264494735489	0,0890378710644978
AAEL001243	42,4037607910533	0,876457649906102	0,404842884699089	0,217940476729824
AAEL001238	677,996471521681	-0,0530574571168837	0,181487015373676	0,861631800775229
AAEL022844	1307,83770229022	0,256485045785969	0,261204187940106	0,777965652644439
AAEL001233	36,6522327928079	-0,17192975125063	0,358565272937665	0,718455314769138
AAEL001240	5,25368664834866	0,00898615030741314	0,504412947707777	0,66199013530948
AAEL013154	37,5281019481556	0,229122905355376	0,322306809018521	0,72995514963986
AAEL013151	354,387761410122	-0,26701333819477	0,202276374912546	0,825784275381973
AAEL013150	397,262765409947	0,149177751253072	0,160871567230337	0,862230627915888
AAEL001809	79,2428224902282	-1,06400570729181	0,565168233256629	0,127457546552464
AAEL001797	299,891772945967	0,324032898815009	0,355078733512977	0,650544417459364
AAEL001810	1168,99420527202	0,243964844531213	0,155762389564414	0,857553447058835
AAEL001819	336,212447512314	-0,445269645654745	0,246617333005886	0,710266631053236
AAEL001830	1047,93905909052	0,29730328088317	0,193357322971872	0,826218116172186
AAEL019959	15,6777239892387	0,920773625322009	0,759145291882336	0,17013634378195
AAEL019958	28,6868238022467	0,134060064911744	0,41382495255846	0,684957597802798
AAEL001794	4152,51252962603	2,98917215251817	0,206635888021567	1,5266881297382e-23
AAEL001816	424,116532708788	0,0149496456751903	0,195880068454033	0,859763394898396
AAEL018042	130,11061220145	-0,220356197248772	0,222452573224873	0,820339113369557
AAEL018041	47,3661831541435	-0,276434762398308	0,34819849954881	0,68248377128852
AAEL001803	214,542981252104	-0,221085479597099	0,306808295377407	0,747396121341869
AAEL001817	153,064414670346	0,597771469427487	0,277077620289316	0,537997963722639
AAEL021826	1012,23703642002	-0,676688090008815	0,205177865553148	0,569553818717918
AAEL001807	113,845921063589	-0,361091177316129	0,499826881991731	0,486672900526632
AAEL018278	974,88278679521	-0,351398698594046	0,226362149344303	0,779589038115576
AAEL001805	100,243829477895	-0,124651395361944	0,258743359070092	0,814569115627222
AAEL001831	495,389839364517	0,420214080261918	0,210266764965195	0,769631709040887
AAEL001800	472,004655268176	0,411007842720911	0,20015030606686	0,786044500879698
AAEL001818	423,393105047528	2,75973270586906	0,374085745593809	7,8850060314715e-08
AAEL001835	263,826585954375	-1,71429738540031	0,362298943398472	0,00291267574249439
AAEL001799	111,07489746679	0,307685832755981	0,280024736016357	0,739563136562924
AAEL001813	516,947787949363	-1,63266381133167	0,467831902838981	0,0124316707766277
AAEL001815	693,414798884568	-0,0830095875877776	0,183302889602865	0,859494278911398
AAEL022251	41,3056626378522	-0,132254908730732	0,445022562775549	0,658875306216733
AAEL001796	332,158148124803	-0,0220699583399063	0,213503736184061	0,853550336313077
AAEL001811	237,802436255578	0,173712453506602	0,21585402560588	0,833769556036139
AAEL001827	351,095910552852	-0,27998774890852	0,216567178403606	0,81142327082036
AAEL001812	303,498953077249	0,116189212460221	0,268005204938718	0,809835108902749
AAEL001808	1459,74289560176	-0,858335140910301	0,290025314675257	0,261949252848195
AAEL001798	3785,02157299626	0,101452276587032	0,220387692851102	0,84210231556433
AAEL001795	952,550398464101	0,494785994997344	0,351664916634673	0,533284594739218
AAEL001832	563,200198475525	-0,0731382740343352	0,193614201859081	0,856745204217188
AAEL001833	279,516196609191	0,592781375720992	0,327037226387733	0,477130933996616
AAEL004732	22,9187111171211	0,101139193787145	0,373208399294346	0,731977395158976
AAEL004719	329,160937754132	0,391286607070879	0,262355091353412	0,720020754669892
AAEL023948	14,8048119130819	0,352224399350627	0,525973644945507	0,473066699232735
AAEL004727	543,764791962405	0,204519900589584	0,230381308819232	0,818155540411532
AAEL004715	246,601192095325	-1,87894848017171	0,7564247327828	0,0219464813279291
AAEL004716	2558,99638826461	-0,333468151306708	0,327639902020233	0,6742906034117
AAEL004718	179,170916241289	-0,329127761406373	0,227777461322205	0,786199627667596
AAEL004710	746,784273687671	0,245667417795754	0,186584010282849	0,841212117644325
AAEL023352	24,4534536498257	0,247072087773183	0,508933410354379	0,545287884518408
AAEL004726	161,388854740872	0,05734713709228	0,222157300398714	0,846552707058901
AAEL028037	2857,38392932712	-0,368118158554383	0,237062874764273	0,760982707050503
AAEL004717	9,17374548030541	-0,654134151698724	0,934722075684106	0,232381550621218
AAEL004731	137,479961267966	-0,822075468840758	0,400979738144275	0,252425058893818
AAEL004734	607,179153021307	-0,193704892345296	0,168915117548313	0,85649250226851
AAEL004713	607,390397688356	-0,185338343210821	0,189936009516638	0,847859914364665
AAEL004724	58,002964554997	-0,202205933329188	0,32541935447458	0,73746370855273
AAEL004709	1264,42774142644	-0,253122603344709	0,241278814209043	0,797768198849521
AAEL004728	980,555167200387	-1,73638895423907	0,416270942495847	0,00472001973383443
AAEL025094	55,9218982470895	-0,0166427855360759	0,368345286878536	0,761558332437833
AAEL004730	130,148596112229	-0,18684767849979	0,273236790548245	0,788864063199614
AAEL004729	282,486715545997	-0,115223694526219	0,276198712748225	0,804206207209883
AAEL004725	379,450371634308	0,234481822356393	0,188893460583053	0,841469931819522
AAEL004733	1629,30881574715	0,480359907457879	0,217836517495289	0,729177189246576
AAEL009951	745,054185282585	-0,265230535278106	0,18751985848301	0,837042784825646
AAEL009948	1293,91118684497	-0,351719787956893	0,336201391933962	0,654793608492914
AAEL025572	95,8162437047396	-0,0426430210312992	0,284209200072404	0,813745149303752
AAEL010154	365,178620691522	0,521506351001262	0,289703802720557	0,587109241362659
AAEL019583	1847,97029808285	-2,00154056561282	0,312234546871324	5,51106273821014e-05
AAEL005649	11,583122341788	-0,174205063178246	0,499801214635436	0,587322086754431
AAEL010151	267,353859782943	0,80134833349883	0,29803992052583	0,309434927612066
AAEL018346	67,1236553413168	-0,327832140785714	0,390473298935175	0,602855859493916
AAEL005645	58,304887751082	-0,180969298380668	0,384854182484564	0,690614456018294
AAEL005662	2321,31218497449	0,532732050971739	0,176776591536803	0,75857482865703
AAEL005651	3316,12316470933	0,00333842827661086	0,201823412165876	0,858803335426781
AAEL005648	33,7754965227651	-0,0445202082742857	0,342037617038347	0,773162175435204
AAEL005660	94,3988609091222	-0,089717290656464	0,309349325303547	0,786013449557674
AAEL005643	741,613424024402	-0,536404616923749	0,385396285857009	0,465439125607969
AAEL005663	263,484831471866	0,466375513177021	0,25452611668739	0,685602697292481
AAEL005653	886,840610136756	-0,395410017268791	0,155299613518934	0,836112911862844
AAEL005646	357,60427422957	-0,301395955275808	0,190839377803021	0,827445897857241
AAEL005655	743,587546687663	-0,0794022554729248	0,246716950709693	0,83030364964991
AAEL005656	1885,25184865595	0,0164279264490866	0,292891055401634	0,813175944486729
AAEL005659	243,455809797389	-0,063609606392888	0,190352716797313	0,858448468092887
AAEL018347	198,658598316116	-0,169731105589745	0,254694111253988	0,807818700287967
AAEL014102	7,6564285202039	-0,442499209488926	0,646948875851673	0,369176879337016
AAEL010866	344,539921399671	0,622023443284839	0,264290158033565	0,530760487384653
AAEL010867	1987,88960967393	2,32510010120367	0,245626638441662	2,30766210323971e-09
AAEL010868	24,7669783227587	0,304288047034088	0,545583919190679	0,485731955881981
AAEL012266	1360,86945931396	1,07742976870266	0,470997167063918	0,116706438666061
AAEL012262	2299,70696440325	0,240653797927383	0,234833175224867	0,806297671087535
AAEL012267	734,853645504345	-0,242835868277878	0,172267841287917	0,85008708638896
AAEL012264	418,019801921865	0,313948087060686	0,21887978801455	0,800077728201494
AAEL012268	8,99017565107598	-0,269065099089993	0,530258818661947	0,516070724614529
AAEL012261	510,901880475554	0,473696803878312	0,160945438472609	0,808270425790886
AAEL012265	1684,60152450699	-0,149172508203052	0,162805579032668	0,861736318279111
AAEL012263	178,995007253106	-0,0485593487158234	0,214021046215515	0,851093180325028
AAEL007670	40,8167343677909	-0,454395092759073	0,603746294316522	0,381193046342183
AAEL014653	49,9400057340089	-0,205789730598769	0,325716279138509	0,735751882613899
AAEL012929	528,00882931494	-0,499314626229587	0,389328120798173	0,489321090916602
AAEL012930	2021,09420734613	-0,323191780491081	0,230836178577378	0,785203022185149
AAEL004325	66289,4913197935	0,38084573274511	0,217814424642547	0,777631493329844
AAEL004308	1548,63913839384	0,345476734128473	0,234104614339072	0,773509459682716
AAEL004319	605,524691510861	-0,478843278066962	0,313902920139718	0,589860262861975
AAEL004307	1358,41867129727	-0,137223095070477	0,27188926615739	0,802601584858462
AAEL004313	4129,5771749833	-1,04617649004711	0,280302760760008	0,116108724788984
AAEL020587	21,7691918310443	-1,04817034250213	0,716412818763382	0,136386883142586
AAEL018320	1732,6601933163	-0,719158146522648	0,29104948875094	0,396945186373142
AAEL004305	877,670075492791	-0,407762169695935	0,361291198073969	0,584540112851938
AAEL013174	99,6945838413021	-0,0886055588448961	0,329433821637642	0,770666430283004
AAEL013172	633,107142040544	-0,522778975770269	0,230408836960069	0,681299551646204
AAEL013176	561,041255802508	0,155995866314959	0,164525418107384	0,860789937714465
AAEL013177	151,673296899817	0,198282805112754	0,24846395824784	0,805708293981154
AAEL027111	1101,57451052601	-0,225727996292323	0,172353865130293	0,851906363800185
AAEL013171	1631,24930039086	0,861101430344481	0,179011761561788	0,343910493909321
AAEL025171	558,331534402821	-0,256877216297088	0,304244752955059	0,73630936774255
AAEL013170	1333,18842511005	-0,242592792552188	0,239180387372957	0,802229671481399
AAEL001901	9,96567251616328	-0,292260791869682	0,527930860916095	0,505587635631252
AAEL001887	7367,93891503882	-0,242632754330393	0,223937273180917	0,814475313159658
AAEL001899	36,7088733805492	0,588760013028657	0,362815355746457	0,444267788986878
AAEL001893	55,3248829067562	-0,3134656565015	0,309957713263003	0,704231308173723
AAEL001896	3011,87287488578	0,0172311633258371	0,187645477570166	0,861827641659535
AAEL001910	730,956683537439	-0,176916415543443	0,289577194848037	0,777598023512987
AAEL001906	970,413477063651	-0,450352371088589	0,360443508725812	0,557948767622937
AAEL001902	78,9379238989456	-0,415287691889694	0,296828147834079	0,663163052512683
AAEL001915	359,136813304729	-0,790662511186584	0,372668013906451	0,283228910851215
AAEL001913	701,063616341024	-0,267360773607476	0,274888976533402	0,760905752601012
AAEL001905	44,5969785341519	-0,263492812041449	0,43088620949356	0,60035756297744
AAEL001904	1250,78569772898	0,0267251275638155	0,222741558485895	0,849594376286586
AAEL001881	48,343335249161	0,186267275116819	0,309322576449769	0,757511599110852
AAEL001891	247,009313794077	-0,937344167918119	0,278168714422598	0,198664107603056
AAEL001898	3326,24517004257	-0,386250175274521	0,229782192944537	0,761864218139781
AAEL001900	47,7875797985803	-0,700296928615834	0,692951547482755	0,249411066631945
AAEL001912	19,2833249590501	0,094815785849283	0,386443154162018	0,723254939577146
AAEL019902	3138,37914508784	4,25019262784999	0,229526800161655	7,4929929294582e-47
AAEL019903	2100,52628357338	4,00378129346921	0,155749276829169	5,029190522116e-84
AAEL001897	560,637498231197	3,10525054223373	0,338478243651721	2,05227164240189e-11
AAEL001882	111,099626644734	2,47791796497871	0,456214617743238	5,31675892602474e-05
AAEL001888	2463,9955143387	-0,0229738477830109	0,331419492740137	0,786385491626851
AAEL001914	464,217824027277	0,0202456128049422	0,225522889818839	0,849098418917908
AAEL017030	2279,30917796501	-0,0784224307741773	0,204238902021304	0,85225003015928
AAEL001879	347,687258113394	0,14767413283078	0,203974858248953	0,844829271427156
AAEL001883	320,351824233467	-0,181145497280612	0,208301127261744	0,837548840867162
AAEL001886	152,506444864009	-0,376305800966696	0,269143298111903	0,719604911624679
AAEL001894	11,4392588807776	-1,51865708761807	1,41860307768733	0,088197566646081
AAEL001364	24,3478727032985	0,724611806788317	0,454994368410961	0,293089827326714
AAEL001368	63,3825208409091	-0,0360720687826476	0,399224647257537	0,732502446145748
AAEL008501	139,32638022873	0,323937759206019	0,257358592978606	0,757155235240378
AAEL008500	8208,87568598257	-0,675403497404703	0,563020572524404	0,286354542234157
AAEL008505	111,358344645573	-0,224140936912374	0,235142530619957	0,809958213141315
AAEL008492	462,971201375312	0,228326136268362	0,249866918768143	0,797378200439459
AAEL008497	569,269658876313	0,803523199871786	0,232106797461351	0,366338283824542
AAEL008496	24,0330773115248	-1,02734094140779	0,688270528146809	0,141761802098549
AAEL008493	76,6135018117371	-0,0700704434028374	0,306632526319667	0,79333760980987
AAEL025921	2160,04854501236	-0,0923850158497192	0,231424425473736	0,837169593565063
AAEL008502	576,651390499832	0,186829661412902	0,201357676823166	0,841057026895236
AAEL008495	122,953374058458	-0,931422163202922	0,397996659601447	0,186131073962812
AAEL018228	93,4543808762277	-0,330851039547953	0,448905481235001	0,549042288414349
AAEL011890	3857,41356168158	0,764944506165068	0,263492694950979	0,377795728527637
AAEL020097	2490,45382960831	5,57442928434402	0,559129875055338	7,34405014321262e-18
AAEL011882	21,091189711724	0,454972957838419	0,581713264335834	0,390791938832202
AAEL011887	101,64884637596	0,0307727578537681	0,289195368595798	0,812770665217582
AAEL011881	1624,21547961976	0,16089129308257	0,154966910946826	0,863093618273813
AAEL010116	636,94383071439	0,266123865078118	0,196105587693633	0,830558780610108
AAEL010120	33,3636566384548	-0,26105485547688	0,502576092926032	0,543262103530625
AAEL010119	151,503170847704	-0,0544008736880427	0,23456807611936	0,840832472208424
AAEL019711	551,05260531331	-0,478490278732973	0,347451247182848	0,551882403880014
AAEL010123	636,062154652691	0,107184769584339	0,227067787427094	0,837566856288824
AAEL009760	3284,38819698327	0,241985956766146	0,380883710801479	0,666994796325798
AAEL009761	49,0209836582681	-0,536419780299381	0,472144455248224	0,401406690139969
AAEL022003	36,6901797533622	0,26312805569647	0,37108430538917	0,666062313436531
AAEL006962	2596,81359311103	3,32033247716127	0,24386680179847	8,8849321914637e-23
AAEL006971	4136,33441045439	8,44975413334685	0,344970997084747	1,98824157702863e-104
AAEL006968	6599,43356222239	1,02223672660203	0,298319554146747	0,134897638922442
AAEL006969	103,306067875795	1,44830647969171	0,307639235705265	0,0103622477803404
AAEL006964	497,730505560273	1,08344227852381	0,25972996792859	0,0949408304436677
AAEL006983	351,596806583178	-0,131648117913615	0,176877282376146	0,858393714746254
AAEL006977	2892,40302544134	0,129360159791026	0,158536272786148	0,863603701565061
AAEL006966	1261,90121285953	0,883846259815387	0,308481585538705	0,233510384615465
AAEL006980	20,8365488532729	0,142566624613647	0,42503604902425	0,671239665573933
AAEL026917	173,335409770596	-1,04425770527138	0,694140831043796	0,136685377574046
AAEL006982	111,320794055793	0,983995061115945	0,328313517765991	0,15938848681354
AAEL006978	1410,22740808841	2,63356121981386	0,34586222299122	7,26200662980984e-08
AAEL006965	92,1318060536824	0,20079489805107	0,36208776245008	0,702960723858349
AAEL006972	438,292505853232	0,110330371230941	0,15976167943384	0,864059537637691
AAEL006963	408,957427956996	-0,218131766713613	0,253747605726373	0,796818495320738
AAEL006973	319,694803916545	0,140257700245362	0,268424882398609	0,804180108396572
AAEL006976	1538,56329507095	-0,622376174770558	0,346523567777146	0,431295482011834
AAEL013253	819,257175490147	-0,0902850278184341	0,225991022748716	0,840641968923942
AAEL013258	508,160600357856	-0,435101934180722	0,323103121357926	0,609125090418142
AAEL013260	167,330941484266	0,154205379276505	0,262473763935101	0,805425164336355
AAEL013254	33,225741391632	-0,0610621872857758	0,417426651492006	0,710211299355548
AAEL013249	1710,18434764366	-0,169753795654404	0,329978242512716	0,745197852067537
AAEL013256	593,002848300108	-0,0324888403252973	0,216588856006185	0,851380316214116
AAEL016989	182,641394933768	-0,140271700470461	0,296315781009017	0,782895414516431
AAEL013261	147,513447307843	-0,0342593167234472	0,20537351743841	0,855529752022076
AAEL013257	22,1919265227916	0,218691966205023	0,393330222355714	0,666349743787269
AAEL013251	19,288405462447	-0,564730231635058	0,554518367277884	0,348722774757792
AAEL013248	320,294192244709	0,101614352741359	0,188391806303524	0,856393988384269
AAEL013250	366,384149272053	-0,313946739259479	0,297271143425413	0,718245349312007
AAEL013252	765,949808499536	0,232980814404445	0,183268622251034	0,845009914853058
AAEL019487	2409,85606271749	0,94885468016652	0,26097421042723	0,193435111684404
AAEL014280	80,4762594510614	0,032291799091948	0,296481585587676	0,808095002458977
AAEL014283	209,443392180918	-0,215832327526501	0,251665379676656	0,798846946593509
AAEL014286	518,801934849211	-0,665187512376089	0,192824679847105	0,606502440310235
AAEL014287	378,71210074688	-0,393870135315667	0,246570495107406	0,738060188263878
AAEL014282	488,687334377772	0,00675596870492152	0,183286931802344	0,863144798218347
AAEL014281	511,477599983514	0,208249482174491	0,200864797651915	0,838033860920547
AAEL003331	82,0134040351362	-0,564906429019061	0,355266596678754	0,470765008761478
AAEL017156	816,954236700839	-0,184619712356843	0,198983968006595	0,842830946933027
AAEL003344	487,998893214417	0,149568666393744	0,253886224713488	0,812675052587391
AAEL003326	1619,91302968694	-0,266903532876837	0,253918179165688	0,78148103732111
AAEL003343	447,152753913761	-0,889734175869462	0,312081908554876	0,229280167389553
AAEL003336	604,229849447858	0,619196556508359	0,246632601811266	0,561756429139431
AAEL019427	215,476236878622	0,0149669177209905	0,279324633017795	0,821280887012702
AAEL003351	13,7751162074434	-0,0619803375598323	0,499495680062975	0,644349304502759
AAEL003345	8535,76988060056	0,0682207945629228	0,303410081105028	0,796227532889872
AAEL003342	128,095080675399	-0,436054965419056	0,399071788292758	0,525360927972345
AAEL019883	4592,51043464221	-0,0968170128614358	0,184484865837046	0,858160539728954
AAEL003356	86,8901374239032	-0,435269399169489	0,345949906227103	0,583029132006993
AAEL026782	1157,81170834136	-0,0869644128318091	0,185279670935181	0,8586261244359
AAEL025736	60,4520866658687	-0,0632337981349341	0,299349011491757	0,799805496339484
AAEL010243	741,56609171583	-0,133274825110855	0,203141037487405	0,847145313028677
AAEL015255	678,903777483217	-0,181001132496947	0,166038961977364	0,858653416611464
AAEL010226	583,116645374351	-0,445602101137221	0,379935290572046	0,54006507860108
AAEL010239	92,61497602271	0,0910087596534272	0,26098973589164	0,819431928146294
AAEL021307	3194,54516886997	0,0269249961067936	0,155046546415855	0,866293767227247
AAEL010235	1761,23654318596	0,247178665045303	0,341317039721587	0,702612395179329
AAEL010228	1552,3036743887	0,0420852578286786	0,273013127182427	0,820580968596465
AAEL010242	809,645542906684	-0,0793905907768755	0,305001142369047	0,792053347747285
AAEL027483	855,573548551897	-0,366273688570507	0,191142526794006	0,810913047102882
AAEL010227	763,195650994385	-0,247092615970761	0,311552812933823	0,732835564867227
AAEL010230	3898,05660801361	0,309673254572197	0,290751923103557	0,727460512502868
AAEL010240	740,842399038045	-0,113506096842579	0,18771348568131	0,855842640250994
AAEL010229	1314,04414725773	-0,227330746568688	0,181459930163716	0,846889613232212
AAEL020186	210,516999871606	-0,163743242231133	0,296862128477142	0,775367150816058
AAEL010343	888,805311935181	-0,312181490299292	0,194423960583154	0,821802285941123
AAEL010345	1160,52628843275	-0,698992384150729	0,188532418115598	0,574317916594249
AAEL010341	808,509168229594	-0,0729321348657906	0,181893046208169	0,860444997514701
AAEL010348	270,579416047444	-0,0706267930628968	0,263813270045297	0,821193693372111
AAEL010347	24,1054170641104	-0,880365878927315	0,590785452998639	0,195465694718748
AAEL010336	412,802510631029	0,03765906005698	0,168252015859826	0,864849962058274
AAEL024597	96,7306270584553	-0,148958326565396	0,232094388323678	0,827729900039869
AAEL010342	552,529145791708	-0,375402880362651	0,232253374618208	0,764246585054091
AAEL010340	2800,40048178744	-0,304520010709361	0,15518962125364	0,851636290810826
AAEL010349	290,938663335007	0,0987029557258405	0,203131609229139	0,850926436381051
AAEL010339	458,338672736183	0,228065357248777	0,244384557118302	0,801856379584503
AAEL010333	226,612372015043	0,267980821548006	0,229946026378583	0,803077750552243
AAEL017368	3733,85182994229	-0,283134545156827	0,229834068297257	0,799149176969705
AAEL010337	1526,85417894367	0,801360775014218	0,459466250698805	0,249136131955672
AAEL010344	894,973857928413	-2,47819555182777	0,310059564931378	6,15411778317212e-08
AAEL010338	3456,27679066552	-2,3287401982422	0,490619258422137	0,000339678073283681
AAEL010334	147,567445208281	0,417845032699866	0,277944086225571	0,68534495251054
AAEL026269	72,3881110311148	-0,567148693923314	0,330919190398545	0,496365154528691
AAEL009338	231,817843987719	0,730852080734014	0,324185761106837	0,361285860276728
AAEL009334	116,915968827231	0,384762452831679	0,315336154843998	0,659174278743399
AAEL025355	38,7226360509464	1,13713177659152	0,548103016438188	0,10461279991101
AAEL028168	286,245780058032	-0,104733352025995	0,219508035949413	0,842204389892838
AAEL009345	3510,24075816901	0,560877246561065	0,286710197001581	0,559858595911797
AAEL017371	228,395665120118	0,601421499293366	0,286973504846199	0,519295307244193
AAEL009340	266,634911104506	-0,237446906352176	0,196176872177329	0,835837401247305
AAEL026761	49,8106672458693	0,127430501217461	0,345743171176105	0,745761581821758
AAEL023681	31285,8783466493	0,351185977915422	0,278740658922903	0,721415613830774
AAEL009342	360,362011196203	-0,272894419107924	0,18578509938217	0,836897619041123
AAEL012125	390,550001707543	-0,0995374790243662	0,199875578959714	0,852026081021322
AAEL012114	638,562091329924	0,377422543039223	0,177330509295827	0,820690688768828
AAEL018232	89,7646945428913	-0,648273421611463	0,431756788843412	0,357290058234016
AAEL012117	2108,25915746218	-0,173141612099986	0,240529795639861	0,817385648178741
AAEL012113	2465,3955803487	0,519512845262005	0,185401409960184	0,753044731243256
AAEL012126	124,991826543146	-0,264963539518404	0,273689847517193	0,763909092209108
AAEL012119	240,362859007481	0,358690450163908	0,434931318474403	0,544150302181093
AAEL014064	2028,53888491384	1,18295058306142	0,318680606488862	0,0656013656584637
AAEL014070	349,281372671903	-0,0389162619030352	0,203719206699661	0,855757441563288
AAEL012122	1910,90742771713	0,451459789526971	0,215063883565364	0,748672491472067
AAEL014068	875,178710151142	-0,0958192469708729	0,173619314101857	0,86151402954782
AAEL012120	1182,33514833061	0,634152644638253	0,305302104958853	0,463588853607746
AAEL014071	978,424654279969	-0,356504533042671	0,261639439417439	0,738243229036006
AAEL014066	170,703732078795	0,0209262495656782	0,317350614804609	0,797070740472016
AAEL014076	43,6809410814156	-0,863301512664588	0,365444391013673	0,233227931050853
AAEL014622	1313,49286686819	-0,675710860405228	0,505267874197308	0,300814284322752
AAEL014069	52,3108212963065	0,592537388907641	0,545802709496729	0,333601229734182
AAEL019800	63,2814049961114	0,194567759504111	0,406686075684195	0,665269507844154
AAEL007120	8,11379897600498	-2,00590589762019	1,03734738566504	0,0307155534780807
AAEL022306	31,5424437415241	0,207486627350913	0,525953993553701	0,553717007710556
AAEL014238	4689,58836052858	-0,265704984565066	0,207293917599963	0,822040251353556
AAEL010731	819,309697613086	1,01310629582225	0,173211290621313	0,134599776812757
AAEL010732	368,476326109836	-0,136762034852066	0,178217228513953	0,857470258854535
AAEL010743	1717,43524682818	0,757242394038328	0,249621291939821	0,399588105273085
AAEL010733	138,601250420266	-0,371507140165514	0,30531825996722	0,678167648282842
AAEL010742	1325,70428852993	0,196844468562689	0,205853572383834	0,836497079824625
AAEL010738	1314,51235031453	0,252633465204852	0,228717238425423	0,808220336708406
AAEL010739	21,4110848741691	0,599743171403682	0,556325650230935	0,325447020400778
AAEL000599	24,7884895533253	-0,060027116446818	0,346166304076195	0,766436358762083
AAEL000618	66,3806733921855	1,00576680081095	0,526390626630511	0,146832576876234
AAEL000596	904,870927627073	0,45584257455853	0,194167863069296	0,774166431844096
AAEL018350	1374,55996619657	-0,112336499004565	0,224884024075555	0,838230633829632
AAEL020192	1097,9311353363	4,73717548514577	0,246605592400265	4,42443519142976e-53
AAEL000597	181,09864654704	-0,457927775241181	0,503301870595397	0,427738976734651
AAEL023243	38,2764079906612	-0,987048700160438	0,494531109171994	0,15402521974646
AAEL000605	457,792945380302	1,03560517718899	0,226644829183262	0,118791081308964
AAEL001196	29,7140910555382	-0,762992932749755	0,982977821670184	0,202728443895975
AAEL018183	24,8680119175589	0,281233692169317	0,382241236655287	0,644591455479391
AAEL001208	11,3552249152706	-0,204144302572686	0,434943391744515	0,632093895223481
AAEL001218	6906,26236826475	0,545317375082779	0,286230692068157	0,572400526832183
AAEL001211	542,717448093139	-0,150003524197726	0,192364631230871	0,850469777081414
AAEL001200	239,645807047734	0,054404821184539	0,213451931634213	0,850774526734671
AAEL001204	2206,32980066211	0,031439104579217	0,192516810093148	0,859803673412593
AAEL001207	161,218328478293	-0,797294931426487	0,56356796355236	0,23097088530179
AAEL001198	676,956569290218	0,0431312028259638	0,199328266057525	0,856913178399515
AAEL001201	377,604924648601	-0,145881698037651	0,239000531720377	0,823582378862481
AAEL001210	1827,16470781232	0,438900556823459	0,277356965023776	0,672285541397199
AAEL001215	1049,02372842399	-0,398371130671193	0,162609092676032	0,82915599381903
AAEL001216	6404,3170818329	-0,114237612730087	0,146538836351528	0,865951056269212
AAEL001205	831,79789198056	-0,12914836053577	0,262249451485322	0,811253498721275
AAEL001206	7371,50975299154	0,689318481906138	0,233247710855446	0,502643698653168
AAEL001203	63,603132674748	-0,285356387289634	0,299292886810893	0,72946942161402
AAEL001223	260,98642426026	-0,0414297833917009	0,23024518606554	0,844483236359107
AAEL001202	110,580701273794	0,283407797480531	0,232587169365947	0,796734277683096
AAEL001209	1530,6392318342	-0,768248749341451	0,206687292332677	0,440664596269447
AAEL001212	1210,91832489351	0,0104572222098237	0,170815959025449	0,865161080920731
AAEL001220	235,469277715611	-0,718003199093993	0,273089255947775	0,414331806933391
AAEL006419	196,109576337776	-0,388634563211922	0,2830323611388	0,695482314204698
AAEL026470	547,999514138023	-0,129038691914343	0,307873719445488	0,776284970393269
AAEL006412	1477,76884044147	-0,408432329594777	0,190848932437379	0,79804587106053
AAEL006413	290,890723183121	-0,0882101042050843	0,209923497372917	0,849067313045322
AAEL006400	930,796446834145	0,368579178715529	0,213822291385356	0,786848781374242
AAEL006409	573,754049600384	-0,0843682886352574	0,198332654852278	0,854249996187232
AAEL006407	223,966888251604	-0,421872400445344	0,228496650021665	0,746150517629846
AAEL027614	2,86232274964636	-0,0907309426845442	0,518437779209246	0,610855693060211
AAEL026494	490,295729984445	-0,983191741474448	0,343273883125809	0,159686121316147
AAEL006401	209,930749027388	0,315345130540644	0,283610561036066	0,732454792117944
AAEL006415	4452,53710836797	0,678723607982611	0,312654865298955	0,413353392141827
AAEL006425	10267,3653826878	-0,15052030423545	0,333854511983311	0,747950706630309
AAEL019461	400,358552069819	-0,621293063206315	0,322207089683538	0,45607542790582
AAEL006420	1041,24463647547	0,430746158284385	0,151929965287563	0,830793609574839
AAEL024812	874,840818098045	-0,0911590739350046	0,175300626541356	0,861251596597245
AAEL021029	80,0096065484914	-0,625499981031511	0,304247438951162	0,472410751730917
AAEL006424	147,651087166883	-0,357212036936961	0,29342362887672	0,699738045061983
AAEL006417	2569,76035104631	-0,119925824132586	0,308968348916258	0,778065713476635
AAEL006406	624,104897218709	-0,185163719140597	0,270999104581251	0,791139096698566
AAEL006423	745,085409953447	-0,274444936887639	0,289312118490065	0,744194849383694
AAEL024303	486,573461452309	0,0781512509292446	0,237728373764659	0,835579422954604
AAEL026563	1,29274956611719	-0,0583201544222858	0,540680640680076	0,607769052139821
AAEL010041	50,6482806343711	-0,0300235062034972	0,302437020438614	0,8044407894946
AAEL010042	700,862495089773	0,0676052575666536	0,160386710355718	0,865210727060593
AAEL010040	27,3162805814346	0,0609059712329149	0,37874462545732	0,740376127212881
AAEL010043	178,916150657834	-0,370259248411517	0,242427569647208	0,753698279995247
AAEL010681	458,530297739468	-0,0414992525866864	0,185831879955742	0,861001362379975
AAEL010680	44,0741585049111	0,302411246913161	0,422129300947676	0,587534694278259
AAEL010689	651,99772344223	-0,173687743729275	0,219144835787203	0,831668475333991
AAEL010684	1044,05041847528	0,917952400492414	0,165873505679633	0,263846441477818
AAEL010688	173,093466412571	1,76088454607503	0,311465018601804	0,000734794765937447
AAEL010682	21,8294271395457	0,600871705228691	0,531239256509096	0,335731246214276
AAEL008961	107,765035462215	-0,837593032732517	0,296966079687978	0,279037606739665
AAEL019495	33,1668304231546	-0,418817391360639	0,601978609315926	0,397149066663628
AAEL009129	1986,72843246133	1,3735801412201	0,172785930925068	0,00176344976724482
AAEL009131	285,022249225973	-0,565570056005197	0,566210200498374	0,340658852881563
AAEL009130	167,027211492669	-0,081499247381173	0,302429447837292	0,793656243993313
AAEL009123	524,513166352566	1,10583469439304	0,460953518586691	0,108669544311297
AAEL009127	1284,16400203426	2,43764417487535	0,390253799718599	9,70458379693175e-06
AAEL009125	300,056792423974	0,241676792817301	0,220751149144435	0,817340159181753
AAEL017297	219,474323011272	0,162786683179147	0,220734922716695	0,832572649633486
AAEL009117	98,1451479785685	0,4186431702539	0,25902142801276	0,709211780739105
AAEL009128	921,476611452062	1,79143997650681	0,450519527143704	0,00498107963948616
AAEL009132	361,809314007975	-0,0649227127166253	0,285516171016325	0,808645274454649
AAEL009120	75,0622630479537	0,602171778717964	0,378738715342288	0,420526748312987
AAEL009124	829,952694455098	3,12697269097808	0,460897987790349	1,51222642180774e-07
AAEL009126	580,036518617272	2,28868553595858	0,281541468113828	1,7135338402321e-07
AAEL017556	35,4928629243389	1,67073205406662	0,676012863147352	0,0290491519155589
AAEL009121	109,170705670074	-0,190126218333581	0,32390088321178	0,74314012958146
AAEL007143	23,1948301374484	-0,0564774313367021	0,396857679432146	0,728051416953281
AAEL007146	67,5736858358032	0,169994171705643	0,280934563797605	0,787033542877959
AAEL007147	12,5296783347505	-0,134538278133831	0,463501004042967	0,641337001820592
AAEL028228	54,4048180554833	-0,296312281067437	0,287010943687363	0,737555638352207
AAEL019762	618,827337216957	0,262737463697089	0,215392847895693	0,81660926841154
AAEL007241	117,660362305175	-0,412701097994949	0,249551182711551	0,724519325051533
AAEL007226	907,222025517547	-4,28403362140163	0,248470243131483	0
AAEL007235	1126,8830484052	-0,176572463732376	0,212492402019548	0,835468613394261
AAEL007236	4229,03784205595	-0,0389425035187688	0,217391014852853	0,85051556881892
AAEL007238	436,591315301385	1,76922397029008	0,306236377100629	0,00060146046063544
AAEL007246	317,019211436288	0,774904062514107	0,20058039718211	0,441207566811939
AAEL007228	356,803538724916	-0,0307673357936527	0,208229132819821	0,854914260298064
AAEL023227	50,1167280131449	0,0754357578383362	0,318948525991029	0,782543505953902
AAEL007237	178,055621843393	-0,0919440974407929	0,198973558856102	0,853183263853712
AAEL007230	288,640574493691	0,038900869864192	0,227350052479897	0,846036467989989
AAEL018136	46,071664148991	0,00104788909761337	0,353570844166258	0,776081629107283
AAEL007244	118,318903980738	-0,381936528339378	0,273220198656452	0,712027155022144
AAEL007245	891,762874504	-0,499090636570582	0,341351157787469	0,542243534424018
AAEL007224	73,6100402971276	-0,0650728197320874	0,287531946137026	0,807263724874227
AAEL023798	15,999708340888	1,59162691511442	0,785172589326261	0,0452825269548286
AAEL007229	841,083196082718	-0,164727652369334	0,195601766660314	0,847209104706211
AAEL007225	42,7104875430112	0,061834192136033	0,449034972726889	0,684245136638474
AAEL007243	715,04077516637	0,190873996777003	0,246605217726962	0,80906835239032
AAEL007234	1363,31123841705	-0,430456761482042	0,404291640796613	0,524130485957932
AAEL027249	1950,42861765248	-0,0975477470104106	0,140360365513229	0,866464466411742
AAEL007239	398,761388971473	0,0913062959173564	0,188916136718999	0,856997017881128
AAEL007227	147,385183908258	-0,173879805021063	0,248814945142726	0,811229221060034
AAEL007240	696,903873653218	-0,46513251108585	0,382038541932808	0,522343508212993
AAEL012057	2087,4525542436	-0,740711377306565	0,281363946868377	0,387067492746105
AAEL001960	878,479817247064	2,49707800193568	0,311986491114011	4,81724587897021e-08
AAEL002005	22,059819560931	1,47815467859742	0,805002166974986	0,0636340197028458
AAEL002031	1168,07694525869	0,266172390786674	0,234727478645526	0,799669110809045
AAEL001992	2544,54951283256	-0,40307393607085	0,306676112061675	0,658575862423614
AAEL027350	159,57510149801	-0,712070690522497	0,261435240582807	0,434447600437735
AAEL019890	318,651822210044	0,000706890765059133	0,180688998804649	0,863832001086896
AAEL020031	151,420757118745	-0,200943521707575	0,249577960807568	0,804049511021358
AAEL019891	146,607274898713	-0,157080284049418	0,326827578742897	0,751810342812721
AAEL001997	379,556190407237	0,535018120744866	0,328275016074711	0,526178168657273
AAEL019889	118,482114942188	-0,311766376373865	0,300613674316049	0,715916281663648
AAEL001984	448,679345040066	0,178307662335806	0,210058718757622	0,83677038713624
AAEL001974	466,749696083447	0,307739094793266	0,250330715903116	0,770453090073654
AAEL002039	46,4486513233102	-0,629211753763848	0,494220058688843	0,335259073693171
AAEL001998	5327,32205511586	0,554076548662723	0,256407782698572	0,607185335632728
AAEL001978	105,714864848661	-0,0514301734124368	0,244874486397002	0,835413152671762
AAEL002011	66,1215186567759	0,151198112111517	0,302454487987308	0,774373141720952
AAEL001965	43149,2269937318	4,07414604124885	0,260416223930549	2,21766046950488e-33
AAEL002023	27388,1816888499	2,89186976267696	0,366144266795444	7,68911600948246e-09
AAEL001963	448,599793036051	-0,546764381961424	0,196126291935285	0,718769710932303
AAEL019813	439,982328554455	-0,411736958108498	0,219714029012629	0,762701459018016
AAEL001985	180,398266414798	0,648863081370336	0,292137332342623	0,464935762409447
AAEL001969	3322,1722219093	1,93146998149128	0,281130352096563	3,24664810770268e-05
AAEL002009	334,980548224448	0,0653260185658655	0,195834374961766	0,856478437131598
AAEL001988	23,1185934651149	1,71620516630705	0,695983363546052	0,02688755334075
AAEL002007	15,9760732750983	0,801037484611334	1,12791171525123	0,187894445612737
AAEL002022	43,4681068858926	2,72600732353636	0,476301729183298	1,11109079727569e-05
AAEL001964	16292,9710314566	2,60510458355923	0,323878414601629	2,2350928685543e-08
AAEL002012	913,729663654292	0,173041434153818	0,145774684877779	0,864637579867182
AAEL001962	395,081674386834	0,0317064344363544	0,185436854606255	0,861697142723516
AAEL024814	585,114781877302	-0,0315325234269136	0,212223585869659	0,853168542684237
AAEL002010	909,300217246943	0,89874209756547	0,576830787831185	0,187014207149297
AAEL019559	1776,81824059545	-0,0980081491463421	0,218505687159383	0,843502741818099
AAEL002036	4047,51149364936	-0,10061556605518	0,18274594576852	0,858503179118405
AAEL002016	1212,47128770969	-0,240801167739643	0,175490680889201	0,848599182081101
AAEL022098	1044,56377290848	0,337290817481173	0,238671742817696	0,771515993070975
AAEL002006	535,248778219231	-0,34798523534501	0,211663966969867	0,796649990250873
AAEL001972	273,689880114402	0,35622122575691	0,239968467145636	0,763382222937645
AAEL001982	262,881825917387	-0,180889249691874	0,229683139853823	0,823199342098369
AAEL001976	258,095459715781	-0,296266221349443	0,204098207751673	0,817974968438568
AAEL001958	264,028702377571	-0,140420521249823	0,18786338208175	0,853491728077855
AAEL018281	747,665197666983	-0,0532660741381216	0,217686332034882	0,849160592252826
AAEL001986	233,834424527975	-0,209762836829395	0,231611201860475	0,816011139265954
AAEL001959	1213,70475250539	-0,197926612771354	0,222285170814652	0,825223308681639
AAEL001968	2234,3978449636	-0,640901926379894	0,197572498267262	0,628795947652297
AAEL001971	270,677351820152	0,0446563012402644	0,178329552800284	0,862772874327173
AAEL002019	268,151593506198	0,032968587643815	0,20511283935275	0,855686365699625
AAEL025245	460,321501468513	-0,4172438561357	0,332292558991466	0,610759936044416
AAEL019588	36,9422177848753	-0,393281640550082	0,492284216513042	0,473720817266283
AAEL011624	596,250761696342	1,62274107988466	0,273751434580002	0,0012875303091126
AAEL019482	7560,55610702206	0,0986041278434791	0,208241657776757	0,848646125739384
AAEL013879	182,174060571932	0,149668432416653	0,254244395595582	0,812435600992613
AAEL013877	1908,98447252567	-0,68639773757894	0,263781099618844	0,460878443406274
AAEL024274	114,980121535547	-0,0929551382951219	0,306046066458532	0,787769470235121
AAEL002220	3,0126939785578	-0,334022998405583	0,639599494088071	0,418025066584287
AAEL002215	686,901725652827	-0,309540862736668	0,193077224742148	0,82368848525029
AAEL002184	1140,81116079177	0,814386551857171	0,182268649177222	0,410403129259978
AAEL002194	5997,37114849636	4,00244068666393	0,622018828548005	3,2701466214474e-08
AAEL002217	45,9119075936731	1,84738509509313	0,659389419954575	0,015323184382173
AAEL002242	144,999217106967	0,441792507599546	0,385819974944704	0,536567186182587
AAEL025380	254,303891670047	0,456986994254739	0,232576745181662	0,722542273903056
AAEL002192	24,7757594553742	0,871183394606498	0,764386595960084	0,18554194258161
AAEL002196	63,6694565237167	-0,460086042251073	0,399355877297783	0,509367875393316
AAEL002185	2875,09657799622	-0,0427233297550913	0,326204880373727	0,78539057282486
AAEL026304	3530,33923437476	-0,112049208664768	0,384368679317764	0,718560189559205
AAEL017402	75,0657657846067	0,618561160939772	0,512838247886681	0,332650296780866
AAEL025608	214,890429115437	-0,13578806929422	0,417929031667456	0,680638037466527
AAEL021930	55,9442127335786	0,0583533110582954	0,431693944750768	0,69890742203367
AAEL020593	53,2841526246961	-0,0883234091472308	0,390962392708881	0,722133583847799
AAEL002231	106,316061188854	-0,188212122917365	0,373033944318358	0,698251985648694
AAEL019554	44,5061767576031	-0,0565043257778124	0,350392274181924	0,764620486246374
AAEL002228	1864,52342841828	-0,0960289020439631	0,232394763341705	0,83596608786294
AAEL022506	882,938422861727	0,218638409182547	0,213737773256856	0,827201724232535
AAEL029069	47,9517783876078	-0,357062559978261	0,406030633891243	0,571606682934854
AAEL023112	90,4463230364824	2,91466267359867	0,456921323186167	9,29836638985738e-07
AAEL002195	431,803011763567	-0,193277497445795	0,194470150969104	0,844085875427893
AAEL002234	13,8004987623347	-0,573259065275582	0,87392724984648	0,261677581318802
AAEL002186	387,379066394437	-0,0348232292594179	0,181042549480025	0,862579705577014
AAEL002235	1789,02570055678	-0,152933904105239	0,150846008044847	0,864286315035368
AAEL002221	324,914111897782	-0,0216911205489393	0,219998282472475	0,851123457359145
AAEL002198	280,586995968269	-0,0811724820462784	0,239410370808494	0,834258559328432
AAEL019753	2081,374780302	-0,341475640052548	0,324231986157601	0,673670751537607
AAEL002232	293,566669142048	0,603404059740347	0,192201461088757	0,679774238242427
AAEL019793	3585,19666484063	-0,628864765097099	0,455563449380485	0,357512947671077
AAEL002182	857,638739126586	0,238402219629528	0,172064067033321	0,85060706825052
AAEL002209	45,1412610059685	0,158395338512114	0,297028813334393	0,776623083468705
AAEL025216	497,181299234165	-0,649003027428415	0,330545802398238	0,423771264502631
AAEL002244	43,8142117916478	-0,508406254747389	0,358334819817269	0,514656598129488
AAEL002214	1329,66634319083	-0,533337257473668	0,154742413552718	0,791877006172514
AAEL002183	1726,0071914497	-0,0351433433505812	0,276155594346045	0,81991983653834
AAEL002216	860,791953280929	0,0978021948091412	0,151746833725142	0,865692867899346
AAEL002238	646,462627786969	-0,0901162135815011	0,161546740507949	0,864374302043743
AAEL002190	987,835108277019	0,321057203187361	0,2305971175637	0,786137602998795
AAEL002225	368,025703716404	0,505011825549252	0,298973109662983	0,588065421922309
AAEL002219	303,92391924268	-0,652209832436664	0,229100303660729	0,555660529681664
AAEL002240	1068,32160786448	-0,0224419810953801	0,179169241953525	0,863476537406564
AAEL002179	272,88995290727	0,315156486540377	0,223733307621278	0,795491210401362
AAEL002207	675,852014535691	0,0230587966915635	0,176179075710677	0,863907931189415
AAEL002222	199,181644216097	0,125806725523949	0,206344951349306	0,846343402780749
AAEL020440	141,291901461283	0,112952597726253	0,294713484831485	0,791493929082454
AAEL024939	177,064680432082	0,410179210084042	0,321797094616976	0,633209445346237
AAEL007975	129,848135479133	0,44451340910615	0,28204892180378	0,662870541475325
AAEL024380	23,7843322348292	0,691025769689061	0,493127715805737	0,29644866329094
AAEL007979	1809,20891337697	-0,49907079884824	0,249130593142789	0,669976316466305
AAEL007971	1253,071655198	-0,407620941854981	0,176457438511032	0,813009275769605
AAEL025229	24,1879869150598	0,224812378860347	0,418408278858508	0,63836017685097
AAEL027921	80,5107127176493	-0,353947276785861	0,25879336579146	0,742609611999645
AAEL007982	282,62270517258	-0,415766293724529	0,23268292694984	0,744588233186065
AAEL022218	60,372247103846	0,180837381090749	0,334777996678114	0,736864634110304
AAEL026701	153,060004305884	0,64516591366864	0,281633082655423	0,481460580584983
AAEL007970	101,407008416456	0,0212973776824202	0,277496049983575	0,821302672330054
AAEL007974	160,626319149531	-0,340274817397179	0,236324813212785	0,772918451252522
AAEL026156	19,1134262928652	-3,03260952126064	1,04033742355025	0,00309031276883299
AAEL020637	64,7188828524132	-0,486262863562821	0,42576698398434	0,465941896792114
AAEL007981	41,8461018006513	0,0257202376977318	0,423098347407509	0,717613711760923
AAEL024367	167,973529612651	-0,169943589086147	0,416890941655548	0,667280736417984
AAEL024902	73,7512105416073	0,0886276479196538	0,392927441020318	0,719916901735528
AAEL027551	415,440175501745	-0,025105482358574	0,232530109776059	0,845271920053134
AAEL027341	58,5342990668957	-0,51360900497199	0,626837648882936	0,344141449281302
AAEL007977	111,364606744518	-0,230764970418693	0,426496379638554	0,624458070827502
AAEL023057	65,8853027918155	-0,622322384899577	0,486175682653155	0,345293041560152
AAEL028026	52,5508580614748	-0,793197277632186	0,494604655155059	0,245276963805557
AAEL007983	54,5167960077689	0,0560480116282877	0,318260910975359	0,788044159763798
AAEL019649	111,915570542914	0,0561333607824424	0,334744333505614	0,775673898341318
AAEL019650	1725,33326528409	-0,274895899678718	0,290911574287285	0,74189893841765
AAEL026517	169,710315026553	-0,29373169793156	0,298113240244124	0,726619145512895
AAEL007969	358,547168737488	2,5081360689619	0,376454454953614	2,51834456530628e-06
AAEL021995	38,6767456860835	-0,286845625824478	0,372347802179357	0,652873671810824
AAEL017460	717,839925133849	0,289343584011958	0,34392519564572	0,680306323609682
AAEL017451	9663,17651322068	-1,47663788655787	0,377482297649073	0,0166696512094901
AAEL019785	810,47715259818	0,0539003796397709	0,217439100112349	0,84920718867273
AAEL002669	372,600805812184	1,41715837030701	0,567024092246558	0,0466531127688079
AAEL002658	527,558639264345	0,0721584259338564	0,280352611469585	0,810546925290888
AAEL019950	939,72153307905	-0,246595193007147	0,361499504328375	0,683464473320524
AAEL002678	399,94591772172	0,435605924993803	0,215192406815336	0,756519197095606
AAEL002655	179,231961637502	2,13441108313313	0,810867185596202	0,0114674568115217
AAEL002672	87,1525320509559	0,0673399662066893	0,304924880149939	0,795206611940071
AAEL002665	333,854590014973	0,116449073841029	0,360936452969842	0,736910809754355
AAEL002661	184,897457781616	3,91615203391339	0,570922418096589	1,0891585930583e-08
AAEL002675	1273,25284265501	0,510409465608557	0,347727525302892	0,523993413341468
AAEL002670	25,2354088551135	-0,0778221154378592	0,47619856638953	0,656845609291902
AAEL002680	320,344795452613	0,628156701624187	0,411753963091054	0,38076984557966
AAEL002668	669,223199127919	1,04929408600479	0,318039384535659	0,119088681010267
AAEL002656	179,309070452289	-0,12218418889789	0,288538319622275	0,794031575909077
AAEL002662	181,673805384327	-3,00569128611102	0,377663772415118	3,69221947624755e-09
AAEL002673	411,055389648723	-0,571759462420803	0,205960218819308	0,682745840756313
AAEL019904	27,6926296710806	0,130992145537018	0,413854206204052	0,68630947768616
AAEL005753	666,266973285496	-0,308894579560954	0,261247967156502	0,758888140927887
AAEL005748	2350,97511305862	3,78111802440547	0,466959466097917	7,00359129513839e-11
AAEL005763	6313,75912476909	-1,53040110120966	0,333200120455024	0,00711007662551862
AAEL005752	122,220427989252	0,0915432502852469	0,23715231636038	0,833882658454908
AAEL024595	16,0855600918015	-0,559842676810412	0,833209947775833	0,274560071354878
AAEL005749	1413,81932705248	-0,196738903558384	0,296064196964398	0,766178568874223
AAEL005754	208,900988669289	0,634108477872552	0,218641383708819	0,591537555706049
AAEL018352	8,29824427096087	-1,38922773376398	1,65889734881212	0,10722221800416
AAEL022772	31,2897264353174	0,63243267706042	0,526691357435894	0,318127477772428
AAEL005762	320,956050791374	-1,02533499067934	0,326936354736243	0,134301783542506
AAEL005759	5,97635043439056	-0,0889900337550659	0,475030403925932	0,653336117636976
AAEL019523	7456,97966472206	-0,651541660044138	0,200681258240499	0,606600124439412
AAEL005735	125,994513648045	0,151659623866131	0,24173449831856	0,820624872629025
AAEL005730	710,505549912695	0,109914201025871	0,182493182508694	0,857843842718105
AAEL005739	728,066789083851	2,50332990358419	0,220416751737063	3,55829016148159e-13
AAEL005744	2401,80607877818	0,343863921593268	0,19531521123761	0,813294812742848
AAEL005732	353,543127413449	0,665243862976445	0,316511371130041	0,422628617841916
AAEL005728	3353,89716331082	0,451081797787727	0,231095840218247	0,727608474150038
AAEL005731	1292,88220169227	0,131169439063486	0,23490957606349	0,8290164385558
AAEL005734	760,679620829947	-0,933164978572021	0,358476214640123	0,191108824140196
AAEL005742	599,856669509179	0,209743322393836	0,271345617118222	0,783817847271159
AAEL006447	856,425405981196	-0,492754568749769	0,364119580003556	0,520684999676355
AAEL006449	2109,29934844066	0,318263278877963	0,297207376647061	0,716235966553438
AAEL006435	570,172612889126	0,00869508362456775	0,219138985586537	0,852354308021942
AAEL006438	617,636649609628	0,0812115702079398	0,287385956051099	0,803918741882512
AAEL006441	2017,0939439772	0,467853297415984	0,298212123100236	0,61993319712427
AAEL006437	370,56188017553	0,113018832903115	0,226306411728457	0,837097155533169
AAEL006432	43,1756770569831	-0,237175363468695	0,406299983905378	0,644187752733148
AAEL006451	529,827625824726	1,0753885595674	0,412674406641033	0,11281260164518
AAEL006433	1929,93197402541	-0,0284207374089269	0,164591364407886	0,865507837870169
AAEL006436	946,466470289833	-0,0762953890466207	0,217196123690301	0,846761442460688
AAEL006445	154,735708100217	-0,249593411358984	0,262232503079228	0,779325567585784
AAEL006450	440,787915938376	-0,220345605406251	0,250392004211585	0,798709272263153
AAEL006446	4643,23869626003	-0,122434523679128	0,295072033140538	0,788652090807244
AAEL006439	600,751065540865	-0,361421975174803	0,354035576014606	0,624547566260084
AAEL006452	79,8775701859878	0,0613438652178634	0,265089727173663	0,821932163711225
AAEL006434	1040,59092612337	1,4126094638	0,311098569142639	0,0134514145054609
AAEL021964	28,5391106166837	0,0357106088009442	0,385171971755414	0,743756385600084
AAEL017229	40,2921683996084	0,0353675398930569	0,36766518204722	0,756598880652798
AAEL001729	337,198435997262	0,179206411051586	0,207748967501653	0,838373441954453
AAEL001706	721,926874649008	-0,0287407170995083	0,185934006501761	0,861723262226691
AAEL001716	924,079100081878	-0,342599795965443	0,243074645449834	0,765698396873844
AAEL001724	122,061337616443	0,421773963538148	0,315137149781426	0,633551392374137
AAEL001719	332,584862933493	0,192080757821534	0,180546454506174	0,85156109569069
AAEL019616	862,617596922909	-0,611694881591657	0,472313103470836	0,359735635508686
AAEL001710	653,678030705981	-0,681563294096042	0,271319182198541	0,45520900527052
AAEL001707	305,586033779245	-0,677907169561204	0,306663366996918	0,420334860605279
AAEL027566	364,817807746472	-0,816421048027627	0,2059169711209	0,377582407511606
AAEL001715	6264,71030061296	0,573747161616216	0,164267049351605	0,753494401745418
AAEL001717	223,876381749862	-0,0195518370778955	0,187952432515402	0,861618724975887
AAEL001709	1404,42384617934	-0,223645667833517	0,223673270800528	0,819030779190033
AAEL001725	701,144194804023	-0,349187204069406	0,192349824547373	0,814592551491996
AAEL001708	891,95244166459	0,0306657871765481	0,302225987925268	0,804466819855433
AAEL019708	1491,1918554263	-3,443397858704	0,383441159789139	7,71392539647334e-12
AAEL009745	71,6786828853895	-0,240994943277251	0,419624683423347	0,625973971438682
AAEL005027	368,497680070816	0,205737544366714	0,233654947226099	0,815409128492793
AAEL005019	176,329636062747	-0,648674635669556	0,237433758539353	0,545413983514944
AAEL005040	484,535406173879	0,264395338254162	0,240358282498428	0,7953774651129
AAEL005023	732,853752583702	-0,120578826961485	0,185557745234857	0,856026892668496
AAEL005042	208,238738742676	0,113125928868906	0,243863299859251	0,826382824316094
AAEL005018	301,17963960091	-0,0598016573706245	0,188792135047241	0,859237660338573
AAEL005037	3973,80257488749	0,166727259134396	0,263796249078219	0,801883088401528
AAEL005025	1517,43304211287	0,118830526615751	0,165278562383391	0,862592600410991
AAEL005028	195,24620449333	-0,172571121066366	0,215454827345398	0,834352269644826
AAEL005033	125,20492306552	0,0117808379556926	0,258458166827052	0,833656300037374
AAEL005041	832,267881513489	0,170000393239195	0,175953597481292	0,855729019619449
AAEL028100	158,824824293574	-0,300095999224501	0,233842061914419	0,790097353963646
AAEL005035	378,468851123207	-0,498462675911003	0,230290838333757	0,698490630014652
AAEL005038	3152,16333754999	-0,228676392482739	0,144601981276466	0,862618382820498
AAEL005016	305,057724097028	-0,263468481442728	0,181713930545666	0,841538541181208
AAEL005022	1595,80067090579	-0,270448015636185	0,206804760342127	0,821324452410633
AAEL005031	179,864924338811	0,0444503041836696	0,259409180713034	0,828415761957016
AAEL005020	285,944562172585	-0,167401307851432	0,228943763678172	0,826362252854561
AAEL027186	178,590682047449	0,228753034582287	0,224106444986593	0,817590071780192
AAEL005017	1242,8430105252	0,496808393068457	0,285715910126969	0,61323510486277
AAEL005013	3710,02604843684	0,452900090497693	0,156005786387907	0,820427135753668
AAEL005044	46,5388076756507	-1,08769942116801	0,508045575458257	0,114610265044858
AAEL005043	911,994089687873	0,70340635788995	0,257890112630506	0,448186747935824
AAEL005026	73,164465227689	1,74950769346475	0,440462286824996	0,00533971720593261
AAEL005045	489,684968563181	1,61303983843432	0,47195328187508	0,0141178546445013
AAEL005030	29,0555526485324	-0,517043827137938	0,471466856116496	0,4121762842545
AAEL005014	82,7808039862501	-0,5081739560756	0,481336198565749	0,411782882712668
AAEL005029	303,806778668821	-0,0198702244887445	0,205736187768671	0,856323538484821
AAEL020793	215,637119059624	1,82769825921219	0,436628236058724	0,0037621960937351
AAEL005046	1275,54353757826	-0,11501867466751	0,183600163673317	0,857136532265922
AAEL005036	152,249398415823	0,01228070480823	0,228476699636412	0,848536545263891
AAEL005032	1683,09427549942	0,115443941621325	0,352360697302064	0,744544580139655
AAEL015293	189,405408994548	-0,0986327834174724	0,278319579526407	0,806629232415266
AAEL022457	128,917452997404	0,0173005077567515	0,266794158404788	0,828375567584014
AAEL022794	90,5692203982969	-0,0512610172796552	0,26567619106899	0,823454883508824
AAEL026244	155,462040018213	-0,0402508924086809	0,225857124255807	0,846649117017178
AAEL023699	1087,85322496599	-0,769431188969195	0,217911510471741	0,423009716116129
AAEL014031	602,945049879099	-0,342608549143175	0,263023720765879	0,742963522880783
AAEL019574	622,683395527195	-0,741724483588796	0,257566174203814	0,405429138431361
AAEL010500	238,494962574575	1,86816031968902	0,690963483133979	0,0170790566270848
AAEL010492	105,661932451853	-0,07088080667675	0,236960753311776	0,83713338258768
AAEL010502	660,787118216437	-0,567046941116049	0,341295225114188	0,483524623947316
AAEL026037	24,7478102054338	-0,0221011615169701	0,427630259566677	0,715595947215373
AAEL010491	1257,32734785297	0,0369090017450073	0,182403160203798	0,862113874264587
AAEL010496	1293,39428520811	0,437909080771533	0,196487369410953	0,779226609652438
AAEL022478	1015,85786774264	-0,386751672978566	0,266073847317958	0,717877208052965
AAEL010498	192,323135502201	-0,194710914577242	0,217109890420756	0,829414567489104
AAEL010494	119,593231333328	-0,141323651649654	0,34458854419428	0,741720671368902
AAEL020015	658,012881729234	-0,00858552063077545	0,194785825134829	0,860351836749506
AAEL020014	55,637888134965	-0,126292622250479	0,307357679507687	0,777664953039701
AAEL020013	281,012671485965	0,125660329856243	0,183035029991371	0,856520624276028
AAEL020012	142,843005659223	0,00271433930507254	0,301014524788186	0,810693543014136
AAEL018195	242,278452424907	-0,115148382698283	0,196245785855093	0,85216053187628
AAEL010488	432,467702424449	-0,16403743164434	0,265283105544598	0,80115943690502
AAEL023325	5,12201430577149	-0,58730407766349	0,947547619737815	0,250508858105091
AAEL001315	455,455346749492	0,0328093831128159	0,185593921528089	0,861527125138997
AAEL001312	222,561613733729	0,604636387450555	0,247962095386991	0,573755501970143
AAEL025530	33,350510705244	1,74163726197734	0,728741597441558	0,0277774340494758
AAEL001308	1458,89826021816	-0,982168346606949	0,236021509196467	0,164170386776021
AAEL025053	86,8071375652899	-0,0312103130528697	0,353479317753575	0,768370877743936
AAEL001318	6,42576468341051	-0,0648647721487519	0,469798049675033	0,667137826214258
AAEL001301	349,723832567265	-1,41301388037585	0,630845224970195	0,0548529423655295
AAEL001307	2550,89120681718	-1,86991235352872	0,279595113469045	7,41877920720394e-05
AAEL001293	2059,95930312582	-0,380926050936647	0,248255080255235	0,742121432440373
AAEL001316	198,841823213841	0,12341672022991	0,268478947064914	0,808120082101662
AAEL001305	99,2479112317038	0,600900780092225	0,367796961313053	0,430549957613897
AAEL001295	146,20593551316	-0,553756773325191	0,282002438123158	0,571038167514617
AAEL001306	1790,64023591616	-0,832252998125393	0,212134914292734	0,350764109493047
AAEL026057	66,3869388207814	-0,608747048899662	0,30581950482498	0,486985810796924
AAEL001287	839,177620041862	0,554664969048649	0,264820626434914	0,59258134703362
AAEL001294	374,350485612822	0,626123746126858	0,303704505861759	0,472574909311211
AAEL001323	457,297725962625	-1,27127728082761	0,230461742988371	0,0206073104514659
AAEL024618	2389,07580030163	-0,309052000439927	0,2381402040587	0,782927350315877
AAEL001304	381,427986876213	-0,658921810135888	0,275233969208989	0,475998715567634
AAEL011900	313,199261158601	-0,698702021996029	0,356234559394579	0,365901083917724
AAEL021608	228,672760739727	3,17266842680038	0,359229826993537	4,71013181734641e-11
AAEL011897	114,1813330182	0,258239944801384	0,348967139896768	0,690238908113254
AAEL011903	91,9108196927128	-0,451438608676991	0,266263981793284	0,678772005741101
AAEL011901	192,678760925836	-0,6180191071001	0,27653689998355	0,51677514939221
AAEL011898	757,898723840866	-0,753535153104931	0,199230159829978	0,474862126527721
AAEL025558	17,4732443245808	0,26643845351382	0,557036727949947	0,499371992823675
AAEL021359	177,216473415567	-0,397679660119634	0,224917752281199	0,762890940858825
AAEL013417	330,107943951032	-0,526691586371278	0,903234901330839	0,272703711454244
AAEL021679	212,590989928461	-0,504018159328405	0,324727774841809	0,559144143582217
AAEL004488	58,4683157568245	0,0573671076032575	0,321070639439436	0,785577804664273
AAEL020737	28,5284752381296	0,146094643552077	0,364578014772603	0,723204148012024
AAEL004509	261,383246580056	2,07152722790157	0,458627854984662	0,00104366231570995
AAEL022219	880,528948702769	1,12162921732275	0,321897659149174	0,0862459215893408
AAEL004486	353,368747563497	1,29401574840798	0,456062883810259	0,0558213854929377
AAEL004507	374,820042765006	1,15364631663006	0,393951037639523	0,085137367797537
AAEL004493	1812,83958617958	0,511401562965644	0,158076980962335	0,797489778643642
AAEL004490	1111,30568784663	0,264204505436336	0,244845987754745	0,790901876341129
AAEL026154	339,243829536577	1,08753315396345	0,288610251917581	0,0977671823115862
AAEL004500	78426,7410964218	0,0460076437537232	0,160590265795744	0,865680548404692
AAEL020284	32,4395386107204	0,443025128874848	0,439290010343504	0,483207889043364
AAEL004492	623,207655824404	-0,462117632102741	0,233275131118559	0,717982481415478
AAEL004496	1546,91551154484	0,36171219188819	0,147485140831761	0,848614833201539
AAEL023756	2740,90841068958	-0,173064145398013	0,203368819702667	0,841761112982489
AAEL004497	834,211450261388	-0,0463957790255908	0,182592742612211	0,861710203708411
AAEL004485	1395,31789457706	0,453659403413451	0,181720192854075	0,791050201746988
AAEL019568	21201,5715585858	0,0125371943167614	0,25335094916871	0,836350942407953
AAEL004502	90,0232746491961	0,3221418065744	0,338011545514899	0,668987618017793
AAEL017374	372,145267229675	-0,299679636860449	0,264609512732416	0,759083557971678
AAEL021355	22,9251111477655	0,183580958611206	0,445239998803527	0,633294986228488
AAEL008630	394,291655524302	-0,310898686128937	0,199591903081747	0,818132988287995
AAEL008623	58,0225748636213	-0,17139143454907	0,324360186504468	0,749179585347293
AAEL025351	23,537103642808	0,0118444041030429	0,478726976481039	0,679907416019379
AAEL008621	568,807262216715	-0,523212546564239	0,253464954691113	0,644752714466179
AAEL008622	101,590325397218	2,59059638018292	0,403385457177912	2,96365873494499e-06
AAEL008634	1315,63918826977	-0,492906322451241	0,317488832051056	0,574542494038213
AAEL008635	2136,75032413761	-0,0569176323022627	0,241974194697848	0,836314367295887
AAEL027367	964,46206885761	0,658107338254191	0,274429944830391	0,477776323059937
AAEL019463	1017,61130420916	-0,922851433070927	0,263379918040074	0,215080163295595
AAEL008625	240,755472588643	-0,364767836392008	0,252145402238132	0,74537154396973
AAEL008628	76,1647317404093	1,10974640726105	0,366839004890097	0,0988979567273289
AAEL008632	636,912125539428	0,488096853834866	0,234789913128342	0,698788445815947
AAEL008624	908,114711687792	-0,070641948317655	0,21921307126815	0,846440075613093
AAEL026976	198,800426019799	-0,128683814755744	0,204859040434802	0,846777475527855
AAEL018117	2639,22542476365	0,781308471803239	0,164389576609594	0,502495605590575
AAEL019474	5903,49671500711	-0,389321837454516	0,294566188382574	0,681826870580066
AAEL000715	68,8312445272152	-0,25738291702625	0,335172734796941	0,704518648961851
AAEL000689	65,2026398632309	0,337972732722785	0,297857410200733	0,706004110698406
AAEL000705	83,9136336412013	-0,231044981145566	0,2995255764026	0,75031356365935
AAEL000690	40,9926500887404	-1,04977538478526	0,394061292997927	0,123581543797594
AAEL000687	439,988267743724	1,93358532162304	0,347261670075459	0,000348230364172596
AAEL000698	247,8965705166	-0,659557386557103	0,373284493553708	0,383721260679453
AAEL000682	1991,15784287278	-0,498300033612326	0,284643305749115	0,613707540747363
AAEL000701	592,949199893518	0,305131773312777	0,223755981416361	0,798267477695431
AAEL000697	109,991001260689	0,0510729093900961	0,236254130854431	0,840433627478021
AAEL000692	162,42271271356	-0,325036257875444	0,230156579948697	0,785265574494302
AAEL000709	5060,99948102409	0,638142894391242	0,16867032679542	0,693404671025332
AAEL000703	5032,00223906529	-1,1800331282094	0,182733452664348	0,0294171035408857
AAEL000713	2906,33710621068	-1,03965234467485	0,323412268194744	0,125374305848672
AAEL000706	2232,18217636877	0,444894535912279	0,216113882342102	0,750522491350659
AAEL000704	88,5979879056567	-0,850869176441156	0,720956316735582	0,19575583837413
AAEL000716	719,90552628721	-0,356580302659359	0,178929426687946	0,824721648746192
AAEL026540	289,058416619138	0,0770921809859108	0,269494080356829	0,81670094679573
AAEL019578	225,716261296071	-0,82367899408019	0,310363697900268	0,284792417350001
AAEL020638	1319,53541093979	-0,247251638709727	0,208391115246856	0,825389894833087
AAEL000707	628,030941985814	0,0253137298290157	0,155469215884971	0,86626934599755
AAEL000699	213,497138815564	0,110359963556355	0,245085983274051	0,826073741362065
AAEL000720	103,519452905491	0,00328783925284857	0,274077579352823	0,826341676518227
AAEL000719	1159,32600048647	-0,230244402267208	0,164161740318658	0,855401360559031
AAEL000685	268,543398182953	-0,326768882295348	0,191296715679021	0,821040901664883
AAEL000679	937,948685392615	0,319824469754828	0,238492421762144	0,778531499788949
AAEL000708	310,681373969607	0,291488426345437	0,204967037349028	0,818200628772002
AAEL000714	556,710472359724	0,494175232194125	0,271836216354858	0,639854075188808
AAEL000717	13,9141665994994	-0,133171776470547	0,406069442780649	0,69161181736197
AAEL007849	120,355279804078	0,133803417956834	0,223111585738976	0,835671650781275
AAEL007848	1238,09560352896	0,632035432781009	0,207450247446645	0,617354874814411
AAEL007862	434,773299730439	-0,0993122323912767	0,177585117290304	0,860245214892807
AAEL019689	75,4727509623324	0,0423260904715162	0,250070573383686	0,833826126425843
AAEL007842	782,079918437418	-0,380634234099543	0,246638535666567	0,744762695590042
AAEL007845	1639,75365555827	-0,232112177621706	0,385739535157046	0,667209295439225
AAEL007865	919,894458183634	-0,131023363881529	0,160873082593195	0,862991143460804
AAEL024022	545,464959052039	-0,389111215124309	0,179919117539941	0,815199832305184
AAEL007855	290,232496821637	-0,322883193285783	0,266867108761019	0,74726781180634
AAEL007858	807,570310562855	-0,00204734466485422	0,170032909712337	0,865396574937759
AAEL007857	592,118644905868	-0,429838877622698	0,295860000652001	0,654717150565915
AAEL007863	1017,31973377799	-0,308289986711609	0,25580488263488	0,765661384779582
AAEL021145	2525,17363713922	-0,519373942911375	0,233855423342225	0,677628624699685
AAEL007854	727,029968730148	0,0825307383743408	0,228902597171374	0,840102639318792
AAEL028221	83,6546131178747	0,548111415730409	0,377097951782059	0,463757530399022
AAEL027090	158,030597651154	-0,0992701892795022	0,22271801015152	0,841280949894597
AAEL025868	701,142739728692	-0,501344570084187	0,181662206608272	0,768660217720254
AAEL007853	294,058846082647	-0,00275381910468833	0,203371594388404	0,858256645902075
AAEL007850	252,92359398651	0,111839959244303	0,194769230098425	0,853021168478859
AAEL007844	1,4988127452668	-0,157195454297758	0,560151429507959	0,553107090672919
AAEL021610	18,2489531820328	-0,371712229493296	0,463789285896684	0,510376270183653
AAEL026638	6,46991344804922	-0,340197792392191	0,611279680759086	0,428115163013366
AAEL003355	869,936246412622	-1,07577982325748	0,288856519965792	0,103168824642505
AAEL003352	3635,81020309544	-0,0309167056734644	0,173512523526313	0,864135214266162
AAEL003347	641,116042361935	-0,092939844632314	0,19863268917155	0,85325682545361
AAEL003346	345,739123785283	-0,000461082832703795	0,235390606447305	0,846584857166356
AAEL003332	516,127857625601	-0,330199482958378	0,249496930774987	0,763570657335324
AAEL020615	273,295895374324	-0,344794339559837	0,294910144553983	0,705833438516734
AAEL006609	871,279237846913	0,172135752257868	0,220897924753284	0,8308326847037
AAEL006628	386,942548066651	-0,157274704293867	0,183945159542099	0,853579622854192
AAEL021388	45,1345476888146	-0,00747133637022397	0,293189479933786	0,814709642731858
AAEL006610	904,804004981385	0,134692571827111	0,163148691966721	0,86241185223104
AAEL006602	1114,68801056031	-1,78652359951946	0,541121613953295	0,0104683042734793
AAEL006605	89,3842668023208	-0,464861767396593	0,302202149150823	0,616239764146918
AAEL006620	72,7004451297533	-0,0510391113694907	0,31762016465883	0,789707834912495
AAEL006603	80,235081355487	0,271681737042612	0,280455048303333	0,753616766018777
AAEL006624	146,991257767794	-2,36904265120335	0,36029463237722	6,57440950993551e-06
AAEL006607	375,622232167837	-2,3550507727897	0,388594821872788	1,73680122888405e-05
AAEL006630	220,326092221317	-0,984613847669845	0,258594941620835	0,161475461763636
AAEL006617	1806,87489114968	0,46325729536691	0,384520055272881	0,52137716280454
AAEL019914	1927,70458165392	0,638432311137689	0,268768377610236	0,507193228441044
AAEL023253	112,646896150026	-0,063660777799052	0,23288745225914	0,840520502448801
AAEL006601	89,7069533704081	0,0795950192656712	0,315639587415106	0,783976122921513
AAEL020303	751,764507398868	0,586077491558658	0,249727445475758	0,588594963022515
AAEL027007	93,783303190332	0,0373792474261228	0,312463449813409	0,79667809382064
AAEL006615	12,436757450002	-0,0124749715596274	0,418203377968979	0,725523015970036
AAEL019764	240,273247602518	0,0193821754522938	0,219931663141545	0,851289761331293
AAEL006625	394,888296173367	0,32596790264822	0,238196921486192	0,776352671873283
AAEL020287	82,2347851063633	-0,269134342977045	0,286140578175146	0,749095205347905
AAEL006614	124,034796663247	0,0222036789161977	0,242683031291519	0,840745936217833
AAEL023251	104,407809504513	-0,320090298140852	0,309988236921887	0,700033759011539
AAEL025405	22,815063616421	-0,475473792385396	0,653799379150564	0,353026320848883
AAEL021979	298,524322731101	0,37108142778836	0,21398835794993	0,785764720453137
AAEL006611	1209,51112295304	0,436095288008219	0,253344067712407	0,706741450865404
AAEL006619	164,521609159676	-0,312687328973326	0,414276533523616	0,589439370970377
AAEL014970	106,34734288477	0,569779890358661	0,319064724735059	0,507920144206389
AAEL018280	1544,72681829273	-0,432279185985181	0,297995147841936	0,650778645346814
AAEL014495	151,858548379611	0,12115901598554	0,23311270390883	0,831629783812391
AAEL014709	2352,02575359147	0,354915714144193	0,23538924265637	0,768298433055456
AAEL024141	3287,02510820652	-0,547037420377818	0,255729294328001	0,61651913731214
AAEL014492	365,596461022576	0,513591611743307	0,270590926358395	0,623381203951385
AAEL014497	220,701694662674	-0,432308697517881	0,258517046226892	0,700564718389731
AAEL014493	270,045979075942	-0,0746945722134138	0,316482539849539	0,784481117284042
AAEL002683	4053,02028424415	0,0336263492955601	0,225028549752053	0,847954690361285
AAEL022091	1500,40477998776	-0,115614542742376	0,208267612298346	0,846600927172715
AAEL002688	854,112133898335	0,980743832595092	0,351704394196127	0,160581249667233
AAEL002687	2756,56118478837	0,222097911988427	0,227663600493657	0,816402660016639
AAEL023252	192,468110460529	0,228068734587453	0,270491873421217	0,778763673457934
AAEL002684	45,7121434799156	-0,377571901648194	0,420647496439867	0,545540000557996
AAEL002686	216,860147652084	0,62396575926232	0,409069427982387	0,385816796509145
AAEL002694	553,626960759666	0,183689657521733	0,228260576326363	0,823709691272019
AAEL002692	72,5077430745228	0,125364600448311	0,385763094433609	0,712899888493951
AAEL002690	14,2475045341008	-0,0419547158576855	0,415872498649466	0,717771861698525
AAEL002693	1240,36763297091	0,0817361993522405	0,280495627646073	0,808445535808507
AAEL006507	641,189165154502	1,01867867210976	0,515650173657527	0,142357500815806
AAEL006515	137,836468189411	0,311304003062044	0,258958799424254	0,760327059839703
AAEL006522	135,291812515626	-0,378979448806768	0,498006975118968	0,478259206019862
AAEL006511	23966,9633895411	0,346203072861905	0,235306740799124	0,771727430785455
AAEL006519	1735,56360464233	-0,165997154103369	0,209025365057293	0,839594795972948
AAEL006508	124,579078239165	-0,078926786788665	0,238001971686699	0,83522801384592
AAEL006521	263,551136712184	0,459373968563944	0,292243069459122	0,637525338858304
AAEL021828	609,896900282065	-0,275814505091489	0,210635713825489	0,817431114866957
AAEL026852	973,273536336274	-0,223625842024795	0,15960868088669	0,857664213752539
AAEL006516	2397,91558148698	0,233415390892697	0,180027685555007	0,846905619513489
AAEL006532	187,291323213863	-0,206415780732014	0,260888674385683	0,793945079975495
AAEL006509	7638,69472441661	0,264836435165531	0,291154854833765	0,745804851303743
AAEL006520	1928,52696723002	0,606538377612113	0,19039717305964	0,680372718587078
AAEL006526	470,845901928047	-0,461864583423683	0,277236447192231	0,658050930690412
AAEL006535	482,654431563407	0,615684430778283	0,212532178045352	0,62588512204107
AAEL006533	73,2098990061909	5,88149520181426	0,677600182816919	1,2828919747729e-14
AAEL006525	788,363380382032	-0,136740938382786	0,182887702900766	0,855828447458294
AAEL006510	1471,48220627334	-0,189556464068955	0,193269646921418	0,845320947508778
AAEL025578	962,784245977396	0,12628030046621	0,180160667100988	0,857511865096588
AAEL006514	3589,37647355594	0,484626314562491	0,192585648944324	0,762511676038639
AAEL006523	394,92572674334	-0,422384983721426	0,206493031493927	0,773717326573988
AAEL027724	5,128911967769	-0,189272660879066	0,516564442063986	0,567829326628414
AAEL017445	38,886306166819	0,0640340795844251	0,450140180810471	0,682811292113651
AAEL007704	483,676095283913	0,607362942559423	0,222896039714483	0,613424215780524
AAEL007697	403,003803838566	0,166375845882095	0,218887911139999	0,833144739707486
AAEL007702	5386,66671370381	0,590344786762694	0,152933183133179	0,762966650323823
AAEL007710	748,924488891638	0,104405750652917	0,148084686943969	0,86597559387547
AAEL007699	41020,3485861187	0,429728672930081	0,259456849958548	0,700976435188028
AAEL007698	1570,65073216433	-0,313973654026713	0,138103374650786	0,859061538478212
AAEL007707	6995,95416919379	-0,536137515070028	0,177103078852878	0,756000027209839
AAEL007705	2776,53905464582	-0,217845330467568	0,290842508414843	0,764209131718688
AAEL007701	1072,82926421305	-0,341155161543747	0,207856539241432	0,802468916263066
AAEL007696	2145,39863613142	0,00828566406085394	0,174857837908237	0,864625066008154
AAEL007703	6834,94085053626	0,88028614418614	0,28366515527445	0,246382798437255
AAEL020317	222,77411956893	0,19702755327977	0,258168180154641	0,798543820634511
AAEL022793	166,112254947657	-0,504958735953658	0,288144072580328	0,601859755303393
AAEL025006	16,925560320995	-0,00662790943979889	0,434094255108544	0,715756201211249
AAEL006004	238,604280772687	0,61375780923821	0,480360079713853	0,353252029509193
AAEL006002	1218,41031146318	0,090912040518564	0,165504823607749	0,863616404953219
AAEL020457	380,174018130329	0,0844733430301777	0,216741882194429	0,845971693959745
AAEL006010	319,039896109895	0,0769685073631376	0,1923232280843	0,856885210059337
AAEL006001	557,959414495714	0,315306464389455	0,280269242657709	0,736355725988701
AAEL019719	686,544383384924	-0,135956070923313	0,518268740098572	0,590804861678757
AAEL026797	91,3408718890357	0,417437123614249	0,316867478699652	0,634403780780585
AAEL019718	1752,50058289861	-0,332397576274276	0,380354719491705	0,611142705624673
AAEL006012	2077,91296386253	-0,413392338912112	0,272239701699222	0,694629919540542
AAEL006011	7247,34068237373	0,674159960334339	0,22429266565759	0,538257285378582
AAEL006006	1139,97399301598	0,210854069384767	0,212534295864341	0,829513812140771
AAEL006009	142,112928942817	0,314178233637502	0,252555271098714	0,766509910949398
AAEL027232	183,79673578259	0,0214430147055984	0,21104481349985	0,854640625516951
AAEL019477	1334,28289655641	-0,596903747736852	0,201682972823196	0,668278190242246
AAEL021895	52,7973178414905	0,00111352309243697	0,444547622330575	0,709601285209532
AAEL004457	8880,64486851261	-0,0350297218095354	0,201588155135554	0,856731188568036
AAEL004469	1317,01826912458	-0,343094815914619	0,244085325292791	0,764433677123105
AAEL017010	1241,31173227639	0,0355264779705987	0,20220899120562	0,856408070075684
AAEL021012	56,0115170011042	-0,259064841501059	0,50256885259586	0,54402360138738
AAEL018148	272,048631126783	0,120046054498843	0,197582086451797	0,851259551866069
AAEL007895	325,661185576237	-0,129093744884673	0,207329933498007	0,845467843844756
AAEL007891	475,292089361331	0,119945218338868	0,247375486856821	0,822771801776091
AAEL017155	82,5603530783482	0,00971267214634628	0,279440968231491	0,822126627467386
AAEL007896	39,8654637960747	-0,329315512736426	0,45078602234183	0,548171623267511
AAEL007899	122,137074126047	0,0262215106835591	0,338447606114045	0,780734551409403
AAEL007902	24,8459389703552	0,0261179516903475	0,427154607051966	0,714523257249611
AAEL007903	20,4738064933563	-0,665230819045602	0,559798012299331	0,292058589606152
AAEL007913	88,4739013867025	-1,19084312125304	0,514405187817472	0,0868034855616083
AAEL025391	565,559961878343	-0,346232810755953	0,49016014605366	0,503235124801507
AAEL025410	29,1860864495789	-1,20663573550296	0,781486220517186	0,102592910931297
AAEL007910	124,555908409969	-0,112380868854827	0,3366144245395	0,757906426822643
AAEL007900	108,195214838128	0,326296649875171	0,370279552956992	0,629494882250035
AAEL007907	43,1178383736899	-0,486788799644274	0,398813353928794	0,489476120992025
AAEL007893	409,258127785794	0,206507012235607	0,331079225238974	0,730680676542221
AAEL017212	1876,99082292435	-0,392875152268226	0,47348223681614	0,488233901564744
AAEL007897	30,3690170146994	0,143041159505594	0,408739229242872	0,685667072268205
AAEL007914	135,412044823864	-0,630460206406466	0,663732046769144	0,282446520555498
AAEL027275	148,28979139609	-0,183987563982999	0,209475443666227	0,836167903333845
AAEL023005	72,703055499186	-0,385134251054734	0,312066375934856	0,663309114557749
AAEL000459	111,262171840156	-0,813832491320436	0,588565884296531	0,221072556497456
AAEL027749	217,8316518961	-0,0546613654655386	0,238884841660121	0,838622751322326
AAEL025881	19,5482752612403	0,197340958206613	0,463705726570475	0,605031289696312
AAEL000502	38,9473713399992	0,0806539030581461	0,394339023022739	0,722031231805234
AAEL000749	836,982079811954	-0,0803325498164459	0,322634353861435	0,778332112204827
AAEL024591	165,930007886223	0,0898494929321778	0,367854475724105	0,739834671410686
AAEL001289	217,097636152762	-0,794540021637484	0,584855650971155	0,228715469486653
AAEL017258	139,265027290242	0,257742713073816	0,442018267104616	0,592164353855127
AAEL002815	447,73792313533	-2,48035536229955	0,235531952742841	1,19273523652379e-11
AAEL002908	2053,84548728688	0,272462663327628	0,277156600439844	0,756797866987371
AAEL003188	182,614170937228	0,157757286914972	0,247546365822939	0,815501999363731
AAEL023595	341,517266753173	-0,00675829852698794	0,494574316827879	0,66955325938995
AAEL003192	184,444611175072	0,295669664848017	0,230195079780429	0,795292073529543
AAEL027839	488,163061600653	-0,165440940733306	0,211177672066608	0,838480382861598
AAEL003202	100,059518818956	0,385493291452487	0,264310618430094	0,720745678676495
AAEL003541	33,1954970506389	-0,093464046698975	0,500287191258065	0,626860367722542
AAEL004489	616,590201346726	-0,203236345915585	0,343382268694182	0,72007265272771
AAEL004503	26075,4859828696	0,32972809541183	0,287385229092208	0,722235862753557
AAEL004793	94,8523102131561	0,0465412628876446	0,321049106910912	0,788348551884961
AAEL005245	135,910430042565	-0,0257019590342864	0,395311621885877	0,738745355198962
AAEL005399	24,5361392970225	-0,180978766455686	0,378971255318003	0,695725056174152
AAEL005433	44,0517605131983	-0,20406205699382	0,331619522424716	0,731114223386144
AAEL005525	378,644624738203	-0,880200858552485	0,49915434393494	0,202438748596124
AAEL020051	29,0385680446512	0,76977959434149	0,589797426354649	0,23633290226946
AAEL024830	32,7356376197429	0,199950961294209	0,345143141368362	0,719708980171316
AAEL024040	53,8318326048372	0,0435264875253384	0,330175587348719	0,782318978969651
AAEL005821	1414,62137896131	1,54737000847889	0,494369893352324	0,0234752788482539
AAEL005866	114,491550203216	-0,0386119521872798	0,237528685050037	0,841349722591434
AAEL005877	140,271490285408	-0,156602925630195	0,334575638718761	0,745414937302628
AAEL005892	99,9068367467776	-1,54023900311115	0,312749984535137	0,0050510199643563
AAEL005893	149,121416921677	-0,77781325015157	0,317422417780892	0,318865505339099
AAEL005939	314,662564864255	-0,119285915111681	0,275713625535379	0,803735380326247
AAEL023240	121,460562126275	0,585440318696628	0,276598322917524	0,55139080020904
AAEL006081	144,166342432041	0,242674013650967	0,318834183548747	0,727657758897928
AAEL025772	91,3107093067823	-0,337034548088697	0,29830844422075	0,705947241785533
AAEL006772	137,614274131537	-0,701245637658997	0,415608268849926	0,325205086729119
AAEL007010	810,102779571163	0,270500469715711	0,303075631433534	0,731881731963025
AAEL007017	357,185514108983	0,128631522199721	0,241059134209601	0,825514627227903
AAEL007077	563,473077944129	0,279548764433115	0,199554591633129	0,825306641248595
AAEL020187	35,7634288918588	-0,030035258716644	0,339840006981866	0,778796801981528
AAEL007080	41,0556145016443	-0,830638544117895	0,503140772776783	0,226173557142006
AAEL022092	26,4141768856285	0,694954954443854	0,761366049203581	0,239426877649452
AAEL007572	44,3857450655236	0,116197459220292	0,294649935819143	0,790515262815188
AAEL021474	81,8885191942807	-0,225394940308684	0,287731862881509	0,764545796993989
AAEL007747	127,934742917131	-0,105715349442883	0,298102238684867	0,790545051638871
AAEL027458	265,312491579627	-0,00325425316938284	0,315332504702285	0,801909790782494
AAEL025230	205,033986807336	0,0253144845301073	0,198081913082768	0,858489505327192
AAEL007880	757,615588518454	2,36976949360316	0,388383390893005	1,50695228698256e-05
AAEL008395	120,685285016508	-0,202622419494264	0,278713367530796	0,779259605177488
AAEL008404	124,815486775685	3,65856908115661	0,575451240630841	1,42189194184098e-07
AAEL008412	1444,9188040013	0,372121985723443	0,178227418905591	0,821215499584972
AAEL008454	360,800741168167	0,454478784212003	0,238129827565293	0,716022912234944
AAEL009166	64,5675831322047	0,0214741225423762	0,413514387165058	0,726370757761894
AAEL021090	79,5329993220134	-0,0309818451500098	0,316915506943443	0,795064019134893
AAEL027062	52,9805390002695	-0,354129168357788	0,380643221203216	0,596402908118005
AAEL023559	1754,8519159197	-0,182970369165374	0,538699331690564	0,555297097392815
AAEL009314	43,9156775968781	0,159695228162612	0,310678433220052	0,765735397470387
AAEL009339	242,240330389896	0,0897259970432505	0,207165636659753	0,850025674110009
AAEL009825	86,5070813672932	0,0170906594168114	0,268405997209387	0,827527136433189
AAEL028097	56,4114070199991	0,284092256478971	0,33304016488714	0,694018395002639
AAEL009987	116,941611774383	0,408333782689435	0,293742341858519	0,670538860852465
AAEL024964	21,5478533407455	-0,51096060745524	0,72475363800764	0,311933182114293
AAEL020197	226,585428718728	0,556476214327639	0,255834119641324	0,605621013346291
AAEL022585	11,091474929308	-1,8766993396517	1,22038904493525	0,0484933917791715
AAEL010461	135,950943854587	-0,196249632447602	0,411837009180929	0,659248949404174
AAEL022530	94,345871102604	-0,621063954264169	0,374443518483161	0,408621403619725
AAEL028163	56,0323100410969	-0,243888511064779	0,439383565012367	0,602557517440099
AAEL010946	49,0388587736155	-0,877100342689544	0,35624262519211	0,22758500889257
AAEL011025	1048,20253603761	0,23352847236427	0,197214922532678	0,835800596617567
AAEL021629	54,6968313432918	0,151171281279645	0,315729313762003	0,764096700580608
AAEL024423	342,648562353343	0,268291269752809	0,229222674263924	0,803525410555757
AAEL024731	36,6098191197336	0,221697925233342	0,400975210226602	0,657900717630561
AAEL011521	7,5074502427825	-0,215943355119946	0,570280523683312	0,515081561090992
AAEL021346	31,6490003354147	0,584586608958515	0,479983958571436	0,3702640876751
AAEL011751	452,712546094319	0,542249478894638	0,301265893165879	0,556264958831064
AAEL025082	661,434184701822	0,0896461388087096	0,246410621059028	0,8286965991556
AAEL024358	513,05260856504	0,354019464235202	0,234041841984986	0,769989534989314
AAEL011754	90,9691541253718	0,067022165798509	0,268417413701589	0,81912007524961
AAEL022346	125,410883733302	-0,110211736032038	0,282420254125389	0,801078708327181
AAEL019493	123,319503368782	0,376566403033941	0,250017811364638	0,742076964061587
AAEL011756	3410,19105943565	0,0929873748670821	0,290141009550736	0,7996418119077
AAEL012339	224,080048545974	-1,38592503393609	0,489750127940848	0,041466301926644
AAEL024512	46,0987449555551	1,85884816029187	0,458401950426494	0,00396941180878564
AAEL013135	63,9447691497675	0,0194432276866766	0,356946230160681	0,76884071161211
AAEL014054	312,852463086668	-0,602314704670566	0,241981722735787	0,584970273388624
AAEL022665	31,6458785076863	0,280159223729283	0,40317364384616	0,620481450509455
AAEL015119	21,7297404654204	0,068913642915324	0,438682741705124	0,689862544092227
AAEL014936	92,8626580824245	0,00881270130590293	0,323881536303087	0,795349009084657
AAEL018658	626,49177567881	-0,436895876195521	0,564573148069459	0,404225005992793
AAEL018662	6856,59713898568	-0,312008123257989	0,586158189592051	0,455382499158952
AAEL018668	22,1801050854714	-0,264883877954528	0,528006304239129	0,520546347337214
AAEL018669	8482,15878078183	-0,170620056861054	0,498375979599954	0,590385472707162
AAEL018678	410,779933794746	-0,339037345656168	0,424139069311178	0,565394446767205
AAEL018680	4047,86346583869	-0,191469693855315	0,521856728297438	0,562936267639152
AAEL018681	16,6765917264372	-0,278281161058799	0,544905154143022	0,501606063532271
AAEL018684	26,3617030049443	-0,24301403566836	0,48016005184066	0,569782780687913
AAEL018685	16713,3763148811	-0,264755364423404	0,537720206009911	0,513520950673399
AAEL018687	500,457591868783	-0,0963912349896841	0,438787310346168	0,678436534505882
AAEL018689	829,780269705665	-0,37006488567795	0,385984124287965	0,582812442687697
AAEL024104	30,3340789345017	-0,0973444953523283	0,384978931830538	0,723407227872457
AAEL020026	199,683473242152	-0,225861858377881	0,352968183986201	0,699974655453433
AAEL023577	3,69058857207492	0,667393687328359	1,46485791994267	0,198955355704707
AAEL028771	5,92151385986934	-0,299219440234223	0,579172782735453	0,466945498518713
AAEL028730	32,0040507591766	-0,819332441795362	0,535213955258571	0,226455683316973
AAEL020133	31,357791096232	0,0411387390744567	0,35572704660661	0,76491878495668
AAEL020135	60,1245094214272	-0,0446202982583469	0,465026422589547	0,677426056725921
AAEL026139	18,5005061032014	-0,265029725873891	0,533114103058006	0,516211742161743
AAEL020171	4,69683239250511	-0,433440473800869	0,736834465186358	0,34112500994356
AAEL020194	53,5192562096951	0,0688294695299675	0,284352591277075	0,808620329815023
AAEL022058	35,7012165233336	0,185170843316278	0,325681040691548	0,743492630342403
AAEL020239	7,76991996508952	-0,415419870160199	0,621781588909998	0,391410945318361
AAEL022363	474,882541415332	-0,203911986714964	0,231261169810981	0,817680780864944
AAEL023483	31,1983073108449	-0,338775080048853	0,423169031363405	0,566092355215192
AAEL020314	692,946402073136	0,497352403584064	0,350899947071939	0,531693531708395
AAEL027806	23,9838711056913	-0,233369307896342	0,40829153119653	0,644268546298558
AAEL025224	78,53102301683	-0,235653902111253	0,315789705267475	0,733404777941792
AAEL027508	2,56876374549649	-0,415017977552344	0,784469815443084	0,333363694482758
AAEL020316	94,9833939096401	0,184553409781947	0,262579115858352	0,798295145164302
AAEL023255	108,716609676299	-1,17251260473442	0,323890013412058	0,069862702537928
AAEL020358	15,80425204799	-0,212550928699407	0,44192175161212	0,619291522743758
AAEL027351	28,7201320133624	0,535055512568021	0,608349764162452	0,339491590265162
AAEL025146	1100,6350358533	0,587506952996258	0,300680448992165	0,514514851104173
AAEL021335	18,6359993741598	0,702332774697053	0,747855129314777	0,238866071151386
AAEL020429	80,7020766693758	0,332960398988251	0,409017911806018	0,582487004809979
AAEL025170	452,143559726734	-0,531231932224839	0,478319891290399	0,401002949881722
AAEL020462	0	NA	NA	NA
AAEL020494	57,9869113728177	-0,21359080236863	0,388058914010995	0,672910252834327
AAEL020524	693,043996291348	-1,02487911605297	0,556253452053244	0,140568590108965
AAEL024300	79,0809622615103	0,0865860772868264	0,393241225449541	0,720487184110039
AAEL020590	10,9779300373254	-0,00335094996149301	0,421205102304646	0,726321030709196
AAEL020591	50,7387151137734	-0,837659685567241	0,543301874447701	0,216224651598537
AAEL025189	36,2418915167934	-0,865163709205601	0,686029658679803	0,193725280302101
AAEL025287	20,9763760478584	0,200939454277918	0,405985228060161	0,662650817582718
AAEL025330	140,201057175347	-0,591514295257298	0,688418815063591	0,29050891747507
AAEL020853	184,378838255266	4,90911168875248	0,697396137336326	4,45313430624365e-10
AAEL020913	100,847044618344	0,192471537132383	0,256999328063393	0,800511795753
AAEL024119	65,2380427813007	0,141671581705543	0,293038420745453	0,785015153672418
AAEL020986	199,596467357134	0,832008594722249	0,353475211255394	0,260320600253638
AAEL020987	680,854248546291	0,121056444160263	0,293860990647696	0,789887789580036
AAEL023842	70,5682717816286	-0,516526955148377	0,400441836966904	0,466109390503789
AAEL021515	234,245626313197	-0,273303033840845	0,300269156937765	0,733357431300547
AAEL020994	47,261069383438	-0,0496092195741665	0,324762890392158	0,784795570189946
AAEL021010	47,4151624055394	0,216147593982251	0,355808566365431	0,702088427871725
AAEL021023	20,7100199555257	0,158699734163674	0,446923105394972	0,645155230971494
AAEL021091	42,2102865965373	-0,281135977628471	0,406320613095771	0,615679828572748
AAEL021134	275,664826351444	0,00789159931139943	0,31007152298542	0,803971069981799
AAEL021185	25,007495091433	-0,128757238786438	0,43162565538558	0,671658721659612
AAEL022167	22,6706010406893	-0,216766399585901	0,505071109838195	0,56364106935197
AAEL021447	129,487669375295	-0,384807111927703	0,386832699612357	0,572966025255706
AAEL026175	1495,29647166628	-0,242519018444395	0,24429827306558	0,798073597452336
AAEL025324	17,3730046925665	-1,8352528069181	0,841007453442054	0,0288659991477589
AAEL026215	1562,80025875058	0,168641676166366	0,190232521913363	0,849625265466559
AAEL021190	36,1462003187784	-0,305120728883411	0,479071796758322	0,537738428034155
AAEL025481	23,6783347542856	-0,194751787630822	0,527565658934559	0,55866678458801
AAEL025213	124,583499918648	1,60606062786366	0,390370692257947	0,00782607870434694
AAEL025874	52,8985072097248	-0,408451493198116	0,586216595116552	0,407228957519546
AAEL021382	16,807367186674	-2,78434366919383	0,949191138538537	0,00381386914712994
AAEL021422	551,051463822203	0,156617735330167	0,370652055746596	0,713875987109052
AAEL021453	373,420236094219	-0,25873753716787	0,25699796882743	0,781221945669292
AAEL021584	150,674905897145	-0,144570060482929	0,278673587267468	0,79608633397873
AAEL022067	826,465323935192	-0,0511859864165614	0,21753999818851	0,849377796350837
AAEL021624	22,7693744127704	0,545682263546416	0,646293549774667	0,320336927658943
AAEL022327	28,7766775167326	-0,329377731676021	0,494918248550874	0,510520017515432
AAEL021694	105,14712568993	1,41875778790568	0,534931267354689	0,0423593025726372
AAEL024747	1229,59108351717	0,165356914467256	0,280452754347527	0,788894310751377
AAEL021742	35,1390428645476	0,0260175445788137	0,33771985704373	0,781189517205612
AAEL025856	451,257671983828	0,0331960642069591	0,325828462894392	0,788135568197963
AAEL021755	86,7338678265357	-1,05309419150395	0,4259397953784	0,123881376859799
AAEL021758	30,0186411461165	0,0541065017010964	0,435104147610153	0,697833515847202
AAEL022632	715,043731639541	0,518413143904919	0,254781382378448	0,647472395225546
AAEL024321	521,636198466013	-0,274892815060274	0,258886752239142	0,774062941800911
AAEL021767	182,347242659741	0,20218463836965	0,355601074922375	0,709100317490415
AAEL027301	35,0609665677754	-0,0744134577326291	0,342426613695133	0,765587327731041
AAEL021847	661,820321304428	0,119027800707248	0,174934991188516	0,859857342122515
AAEL021891	22,8918522997748	-0,172157217745544	0,360025226843447	0,71692641315833
AAEL025939	115,363092226808	-0,157201148665487	0,220187889034736	0,833731821094382
AAEL021894	3780,13852557082	0,299164157357676	0,232196877143229	0,792023977844916
AAEL025383	21,1514042453869	-0,324697186605016	0,457448829429138	0,544656499348761
AAEL021915	125,998590591245	1,34618909966265	0,398998911156118	0,0358362032867235
AAEL021923	178,225231531501	-0,177724931363754	0,465828516880684	0,614367131040209
AAEL021993	0,355200666148346	0,0465287792891869	0,542079437305164	0,61247676159308
AAEL022169	216,165753848991	0,3338951474823	0,256723469441651	0,753412762623286
AAEL027987	18,3856474992207	0,0667400392657316	0,445540093808965	0,685409420973089
AAEL022013	129,214086919619	-0,317240126892858	0,380955703312071	0,621936542029914
AAEL025680	1559,04958741302	-0,642666655613365	0,354287024838669	0,407029457466603
AAEL022056	52,6256803960789	-0,219014006491471	0,485163880797024	0,578104953405129
AAEL024516	225,741118251914	-0,237337498665897	0,276028055089909	0,770346276472053
AAEL022318	29,4053161698769	-0,297416361529679	0,367081984860252	0,652564747626024
AAEL022078	127,484232374147	0,233402894106273	0,382403547666648	0,668916783815329
AAEL027948	15,660278806453	-0,350069593087791	0,513634138712414	0,482732174206992
AAEL022155	68,2564082258198	3,02742914236328	0,893320959901018	0,00133415729016664
AAEL022278	14,5778355735771	-0,411850412954098	0,56559617758491	0,417445243266545
AAEL022406	248,752108120842	0,71368800756028	0,367299702285516	0,346210810682015
AAEL022410	26,7305049625841	-0,96415076586431	0,493859456268113	0,163272994874766
AAEL022415	141,169769926305	0,235385316168418	0,253555672498608	0,791847587707852
AAEL027130	21,9960871428107	0,869079467906031	0,685964957609474	0,19227259444202
AAEL022508	29,062783749604	-0,115299669629522	0,45764675106475	0,656164134864138
AAEL027028	208,004308328167	3,41568517632551	0,359782587771985	6,9069015377448e-13
AAEL026022	17,6694741544292	-0,466480313300912	0,687928466609973	0,343447914370651
AAEL023712	304,878913367449	-0,230855564526623	0,326541840281505	0,724921608315812
AAEL022623	25,7707100274226	0,909460953644811	0,51744768369613	0,186720080462186
AAEL022651	37,6185493239059	-0,850292869931177	0,387924540270899	0,235204298247578
AAEL023762	121,875257796427	-0,08817304336777	0,283613085182653	0,804960102840923
AAEL022749	21,6381681886181	-0,276058883090099	0,394572664100881	0,63346596061569
AAEL027643	38,731475934123	0,246181636079924	0,39958534770633	0,646517125243611
AAEL022827	295,17771138949	0,606954717267415	0,22638492305936	0,606209069172448
AAEL022893	135,322956422715	-0,33556439228937	0,411247934024589	0,579207698325843
AAEL022923	97,6602949039483	-0,313031699970216	0,360240047570253	0,651246200658149
AAEL022981	30,4044971269627	-0,916059747568745	0,524858679508962	0,182884146554587
AAEL022991	44,2233815367973	-0,145026877466194	0,415130392988158	0,678570803942119
AAEL023074	9,94084032806128	-0,320253446440122	0,508332063549391	0,504560873445732
AAEL023099	17,5712589023206	-0,18665186343009	0,454555939906264	0,62111936124454
AAEL025187	797,777828864116	1,3436303440384	0,44270697448826	0,043029511802778
AAEL023176	40,629565575305	-0,0373177650720765	0,305269812765359	0,80142806349886
AAEL027984	30,4029508753767	-0,205354743204885	0,367262948182033	0,696209439271427
AAEL023294	7092,92521103753	0,316715092765482	0,188973727923383	0,825576926989027
AAEL023412	74,8794126359803	-0,010022618012234	0,322394605387775	0,796114589429482
AAEL023468	60,4567468882878	-0,199647216261657	0,427362725293899	0,642482554614258
AAEL023558	271,639288625868	-1,0329403218055	0,411091800123007	0,133407344118346
AAEL023576	199,734353948969	0,624621306571056	0,297796772664907	0,481619812233123
AAEL023604	78,1681231141377	-0,868458323643045	0,371006774951468	0,22984417954297
AAEL023795	18,4485086895937	0,131271255358558	0,432752982107887	0,669412011207145
AAEL023647	353,181549853802	-0,193786727846401	0,336906567122933	0,730148984939247
AAEL023702	220,019198330702	-0,0493500727775144	0,344567150100867	0,769774971175016
AAEL023741	55,7268174706809	-0,337904624231446	0,456834812679437	0,53708838124034
AAEL023742	18,8263810803425	0,592333649295929	0,719857085993659	0,284531988926294
AAEL027720	17,688061827497	0,124910074357963	0,468840988514822	0,641172816854212
AAEL023749	176,23837326296	0,732509647933342	0,321673435484096	0,362169317661348
AAEL023941	247,148180524163	1,31591488923793	0,335736576457856	0,0322345977966038
AAEL024051	45,4039211040486	-0,0598393102062031	0,43697902431659	0,694263274719048
AAEL025205	28,7147155167608	3,00558659153134	0,93621891671378	0,00179465772885948
AAEL024089	24,3255133487803	0,0228291114693205	0,443361080439479	0,702263284392718
AAEL024101	96,6975226797856	-0,145177785320104	0,413525949654825	0,680505430063951
AAEL024180	32,1260301058764	0,0670474894258906	0,368299143822065	0,746495320419629
AAEL024254	23,051503313926	-0,422481303603032	0,560229495208723	0,413940643979046
AAEL024286	26,9329522073365	-0,595818780848782	0,640763116018963	0,297736473944669
AAEL024298	77,0097784225694	-0,558700426577907	0,323948397667113	0,513094152622861
AAEL027600	33,0502791370846	-0,254621757939747	0,359654704137727	0,68162932506088
AAEL024387	2911,97099677062	-0,900270642874066	0,305409348641584	0,223626883521071
AAEL024393	25,000014667491	0,668483925295875	0,596284696185208	0,281662941127139
AAEL024451	156,168498239812	1,20095514356378	0,405587439291881	0,0732031491685694
AAEL024494	49,6005118303922	0,301391383832695	0,356223491316392	0,661400874207997
AAEL024696	48,9922735884897	-0,365174063091677	0,421459562254047	0,553595138609492
AAEL024722	45,6836054699144	-0,374745454868934	0,390782652206872	0,575773541357011
AAEL024761	47,0588698447229	-0,220362900187305	0,456584153691475	0,59985461480972
AAEL024775	147,113241843711	-0,0250322795097604	0,30320669005405	0,805011884586736
AAEL026967	1829,587087629	0,31635569268863	0,24497827229238	0,772813841707693
AAEL024815	40,7534087804647	-0,486804526649591	0,355531588681463	0,535390414686595
AAEL024871	112,314508519595	-0,593947438317364	0,339812311793205	0,463251169114525
AAEL025133	395,137196655108	-0,711366282165575	0,433373307382737	0,309184339551534
AAEL025151	68,6394492848813	-0,0972180589940431	0,335994509155024	0,764059200292829
AAEL026623	20,6732332774995	0,172046282570522	0,401100584610285	0,679973963158761
AAEL025314	20,9886858968515	-0,332238109129903	0,444381476656419	0,552373022027156
AAEL025336	24,2181553951685	-0,32899819964971	0,404734421266974	0,588806398166334
AAEL026650	174,337091116844	-0,223455976119166	0,267008598941701	0,783595894351163
AAEL025379	369,86018054132	0,156437488106224	0,240326042273579	0,820646816668404
AAEL025421	92,6764351916659	-0,359594248237456	0,391907625190245	0,583569889598942
AAEL025466	50,4743993853951	-0,965365843461956	0,504488537107121	0,162374217499296
AAEL025684	29,2181124210755	0,137618611912846	0,392221695389614	0,701269832339666
AAEL026536	101,033865154126	-0,416357753800951	0,285021720889621	0,676205660511067
AAEL025779	83,2240340489508	-0,107489304552698	0,375438343299426	0,727953104644641
AAEL026904	1525,54560624847	0,10367775185836	0,254899468239605	0,820887850561384
AAEL025999	2231,4435757834	0,0701955108869948	0,356051458737647	0,754955234215836
AAEL026150	43,5211947426172	-0,097683136277701	0,339034124941442	0,760481639650183
AAEL026159	284,331662875361	-0,600650008317044	0,304327094805297	0,497872595632256
AAEL026177	43,0221242193438	1,70688282478322	0,728052844921272	0,0305293294864506
AAEL026380	242,637849936832	0,21268678043775	0,28802368983386	0,767753715630059
AAEL026634	1497,33022685747	-0,520126467323628	0,263572070562016	0,629669234148976
AAEL026895	277,786968876279	0,60941423494385	0,21173841066213	0,636013011043037
AAEL027396	543,998609729692	-0,124095789508657	0,215056479276614	0,841948956442079
AAEL027008	98,1332888195984	-0,368399753755184	0,37147941067047	0,598034276663828
AAEL027046	127,55988695263	-0,052085740025102	0,2721777207157	0,819409688379413
AAEL027184	56,1856282580006	-0,550205828547314	0,402295787440695	0,439939345571881
AAEL027335	560,093306559604	-0,352614098256209	0,348816493014537	0,638859338484306
AAEL027715	21,8730642252043	-0,355926142247579	0,44661329897813	0,534996877989009
AAEL027973	221,293884929127	0,111994616999709	0,227874620816733	0,8362777758408
AAEL028215	167,927437921727	-0,103335377394455	0,228606226977625	0,837205788462805
AAEL028022	73,5686991100006	-0,582143017725374	0,337243188619907	0,475836640395796
AAEL028862	313,283131535895	0,232468028886506	0,430041050205116	0,620116135341984
AAEL028739	16,2814393642042	-1,79650169259366	1,37715706135473	0,0648610636550346
